tree
version=v4
num_class=1
num_tree_per_iteration=1
label_index=0
max_feature_idx=68
objective=binary sigmoid:1
feature_names=Column_0 Column_1 Column_2 Column_3 Column_4 Column_5 Column_6 Column_7 Column_8 Column_9 Column_10 Column_11 Column_12 Column_13 Column_14 Column_15 Column_16 Column_17 Column_18 Column_19 Column_20 Column_21 Column_22 Column_23 Column_24 Column_25 Column_26 Column_27 Column_28 Column_29 Column_30 Column_31 Column_32 Column_33 Column_34 Column_35 Column_36 Column_37 Column_38 Column_39 Column_40 Column_41 Column_42 Column_43 Column_44 Column_45 Column_46 Column_47 Column_48 Column_49 Column_50 Column_51 Column_52 Column_53 Column_54 Column_55 Column_56 Column_57 Column_58 Column_59 Column_60 Column_61 Column_62 Column_63 Column_64 Column_65 Column_66 Column_67 Column_68
feature_infos=[0.3333333432674408:336] [0.3333333432674408:12] [1:5] [0.3333333432674408:1285.6666259765625] [0.0027173913549631834:2] [0:1] [0:736] [0:813] [0:206.66667175292969] [0:1079] [1:2] [0.20689655840396881:230] [0:1] [0:1] [0.10853985697031021:23.409765243530273] [0:9.559722900390625] [0:2.2245702743530273] [0.00086893513798713684:0.99371588230133057] [0.00085803942056372762:0.99902480840682983] [0.0009152420680038631:0.99332702159881592] [0.00085803942056372762:0.99905753135681152] [0.069869920611381531:0.99943888187408447] [0.0008778013288974762:0.99582791328430176] [0.00084575643995776772:0.99472630023956299] [0.00092586869141086936:0.99597734212875366] [0.069715835154056549:0.9963722825050354] [1.9455832443782128e-05:0.99557089805603027] [8.0112249634112231e-06:0.99911469221115112] [1.4877989087835886e-05:0.99486535787582397] [0.06536749005317688:0.99881237745285034] [0.00081704684998840094:0.99729245901107788] [0.00068631937028840184:0.99277728796005249] [0.00081704684998840094:0.99767279624938965] [0.064658395946025848:0.99326097965240479] [0.0013728630729019642:0.99855345487594604] [0.0011603961465880275:0.99900662899017334] [0.0012911449884995818:0.99849265813827515] [0.064545534551143646:0.99937349557876587] [0.0008308000979013741:0.99996340274810791] [-0.016299232840538025:0.27312231063842773] [0.021422695368528366:0.39662343263626099] [0.014004096388816833:0.52571952342987061] [0.012244179844856262:0.61878496408462524] [0.011788684874773026:0.76856034994125366] [0.010643605142831802:0.72686493396759033] [-0.35783752799034119:0.82238095998764038] [-0.13986162841320038:0.90728151798248291] [-0.045592710375785828:0.94214212894439697] [-0.54495495557785034:0.24392011761665344] [-0.46942317485809326:0.29012987017631531] [-0.30070480704307556:0.34854093194007874] [-0.8218265175819397:0.35784703493118286] [-0.79348605871200562:0.5239940881729126] [-0.76840311288833618:0.5740964412689209] [-0.15482039749622345:0.91189897060394287] [-0.46882593631744385:0.27871313691139221] [-0.78299355506896973:0.5548558235168457] [0:1] [0:0.9660000205039978] [0:1] [0:1] [0:0.98040002584457397] [0:1] none [0:1] [0:0.87120002508163452] none none [7.0710678100585938:1337.1051025390625]
tree_sizes=765 741 838 806 677 658 823 838 724 834 821 821 812 842 831 829 845 656 814 828 821 808 814 763 643 655 834 749 750 820 820 827 804 819 728 813 818 796 817 834 836 834 770 803 851 742 806 828 828 819 810 800 835 829 822 737 826 821 838 826 817 845 818 791 822 820 826 844 835 846 848 797 843 822 819 822 827 825 802 812 775 823 828 810 834 828 813 810 831 793 841 839 814 810 809 729 808 842 802 795 821 787 820 860 826 815 833 798 843 801 804 821 793 828 787 781 801 789 811 834 796 727 804 809 745 808 832 820 801 811 818 824 811 805 812 783 803 801 787 806 784 830 841 818 778 826 818 819 795 798 845 813 805 810 793 780 817 812 798 799 728 787 826 807 746 797 816 832 779 824 816 828 801 822 804 816 799 834 783 786 803 815 801 792 782 784 783 817 807 818 807 803 788 790 813 795 796 806 796 792 790 802 798 790 805 819 799 783 792 805 792 805 811 715 797 799 787 801 801 785 793 729 808 803 786 810 784 783 812 782 831 784 792 802 789 815 823 786 780 808 797 781 805 785 782 815 803 784 786 781 786 797 786 808 809 794 782 796 807 785 796 790 729 798 804 796 809 811 797 807 787 795 792 785 796 789 784 782 783 805 795 788 794 782 721 795 807 780 804 786 808 796 810 783 800 798 784 783 787 781

Tree=0
num_leaves=6
num_cat=0
split_feature=0 30 47 61 43
split_gain=47.3548 7.08882 3.40225 1.12219 0.336749
threshold=2.1666666269302373 0.15509434044361117 0.085297085344791426 1.0000000180025095e-35 0.181377649307251
decision_type=2 2 2 2 2
left_child=1 3 -3 4 -1
right_child=-2 2 -4 -5 -6
leaf_value=-0.86681067461078543 -0.83029402581405942 -0.86681067461078543 -0.89282681969553379 -0.85867089395538776 -0.87244684997881761
leaf_weight=2.0835068821907026 9.7924823462963086 2.9169096350669887 28.335693597793579 3.1252603232860565 3.9586630761623383
leaf_count=10 47 14 136 15 19
internal_value=-0.868961 -0.884904 -0.890364 -0.866811 -0.869768
internal_weight=50.2125 40.42 31.2526 9.16743 6.04217
internal_count=241 194 150 44 29
is_linear=0
shrinkage=1


Tree=1
num_leaves=6
num_cat=0
split_feature=0 47 30 57 38
split_gain=35.5421 8.61065 6.12117 1.4182 0.176594
threshold=3.5000000000000004 0.085297085344791426 0.14627855271101001 0.32060000300407415 0.11142597720026971
decision_type=2 2 2 2 2
left_child=1 -1 3 -3 -4
right_child=-2 2 4 -5 -6
leaf_value=0.0086085889169090664 0.036853366759532984 -0.0051660487198790569 0 0.0078535950158164398 -0.025015585834690861
leaf_weight=4.1728832572698584 7.3997114598751059 4.5841678529977781 2.8856937587261227 4.3835157155990601 23.116026073694229
leaf_count=20 35 22 14 21 112
internal_value=0 -0.0130399 -0.0182973 0 -0.0238999
internal_weight=46.542 39.1423 34.9694 8.96768 26.0017
internal_count=224 189 169 43 126
is_linear=0
shrinkage=0.03


Tree=2
num_leaves=7
num_cat=0
split_feature=12 0 60 68 68 17
split_gain=37.0783 9.44833 3.06663 2.48073 1.6972 0.367458
threshold=0.30952382087707525 1.1666666865348818 0.0030000000260770325 752.01473999023449 606.43356323242199 0.39848691225051885
decision_type=2 2 2 8 8 2
left_child=4 2 3 -2 5 -1
right_child=1 -3 -4 -5 -6 -7
leaf_value=0.0020148657310977941 0.017254219713101416 0.037068391937335923 -0.008456809634375546 0 -0.022800549657121839 -0.0043114085782905839
leaf_weight=2.258839517831805 3.129177540540697 11.064134478569029 5.1564991325139999 3.5217663645744324 18.023731455206871 5.1141329109668732
leaf_count=11 15 52 25 17 88 25
internal_value=0.00137764 0.0249362 0 0.0100327 -0.0191944 0
internal_weight=48.2683 22.8716 11.8074 6.65094 25.3967 7.37297
internal_count=233 109 57 32 124 36
is_linear=0
shrinkage=0.03


Tree=3
num_leaves=7
num_cat=0
split_feature=12 4 54 59 68 1
split_gain=31.7987 9.61067 2.46729 0.567755 0.675879 0.34384
threshold=0.36666667461395269 0.0079052620567381399 0.082879345864057555 0.10720000043511392 752.01473999023449 0.83333334326744091
decision_type=2 10 2 2 8 2
left_child=2 3 -1 4 -2 -3
right_child=1 5 -4 -5 -6 -7
leaf_value=0 0.0072662276528241273 0 -0.021645497044056577 -0.0054044820230332762 0 0.035463363347651856
leaf_weight=2.0579789280891445 3.9566935151815432 2.0811478942632666 22.553474992513657 3.0915762931108475 2.7043320387601852 9.5175900459289533
leaf_count=10 19 10 111 15 13 44
internal_value=0 0.0222975 -0.0194039 0 0.00277819 0.0334984
internal_weight=45.9628 21.3513 24.6115 9.7526 6.66103 11.5987
internal_count=222 101 121 47 32 54
is_linear=0
shrinkage=0.03


Tree=4
num_leaves=5
num_cat=0
split_feature=0 61 54 30
split_gain=46.0673 8.60728 7.05402 2.49845
threshold=2.1666666269302373 1.0000000180025095e-35 0.069159060716629042 0.30031621456146246
decision_type=2 2 2 2
left_child=1 2 -1 -3
right_child=-2 3 -4 -5
leaf_value=0.0041849670605427674 0.038730889528583931 0.013571237545579725 -0.024463099848828423 -0.0029344215386709464
leaf_weight=2.3030994683504131 11.588171929121016 3.9788969755172721 27.945360973477364 3.8452588766813278
leaf_count=11 53 19 138 19
internal_value=0.00181759 -0.0138892 -0.0202933 0.00499789
internal_weight=49.6608 38.0726 30.2485 7.82416
internal_count=240 187 149 38
is_linear=0
shrinkage=0.03


Tree=5
num_leaves=5
num_cat=0
split_feature=0 54 68 57
split_gain=46.4263 9.1153 4.76497 0.305613
threshold=2.5000000000000004 0.069159060716629042 125.49837112426759 0.88300001621246349
decision_type=2 2 8 2
left_child=1 -1 -3 -4
right_child=-2 2 3 -5
leaf_value=0.0081441997203307893 0.036578643579095467 0 -0.026972815139870668 -2.3890226414174583e-05
leaf_weight=2.5200584530830374 10.222746953368185 3.9049890190362921 26.692107588052753 5.0420463681220999
leaf_count=12 46 19 133 25
internal_value=-0.000742101 -0.0175054 -0.0220208 -0.0251604
internal_weight=48.3819 38.1592 35.6391 31.7342
internal_count=235 189 177 158
is_linear=0
shrinkage=0.03


Tree=6
num_leaves=7
num_cat=0
split_feature=12 3 30 51 60 68
split_gain=35.6896 9.52993 3.20717 1.01017 0.585171 1.56308
threshold=0.50757575035095226 1.8333333134651186 0.13510000705718997 -0.4306392222642898 0.00059999998484272521 752.01473999023449
decision_type=2 2 2 2 2 8
left_child=2 4 -1 -4 5 -2
right_child=1 -3 3 -5 -6 -7
leaf_value=0 0.011388288515055429 0.03718931116338646 -0.02341817497981926 0 -0.0046712526193298277 -0.0017221847377819832
leaf_weight=2.4657330065965679 2.3189721554517764 9.6502905786037427 21.574730008840568 3.2494608014821962 3.6660546958446503 2.6576624065637589
leaf_count=12 11 43 109 16 18 13
internal_value=0 0.0256402 -0.0190414 -0.0217056 0 0.00390563
internal_weight=45.5829 18.293 27.2899 24.8242 8.64269 4.97663
internal_count=222 85 137 125 42 24
is_linear=0
shrinkage=0.03


Tree=7
num_leaves=7
num_cat=0
split_feature=14 4 32 51 34 61
split_gain=38.0715 11.7685 4.16632 5.23182 0.496257 0.0864335
threshold=7.1417174339294442 0.0055944493506103763 0.15498365461826327 -0.4306392222642898 0.13194701820611957 0.0022000001044943933
decision_type=2 10 2 2 2 2
left_child=1 4 -2 5 -1 -4
right_child=2 -3 3 -5 -6 -7
leaf_value=0.002927725043741258 0.00076927139757935797 0.039401594131191583 -0.025312525039176467 0 -0.0047885734676494495 0
leaf_weight=3.3174699246883419 3.2958891242742565 11.232986748218535 21.917444586753856 4.3090410232543901 4.4994975626468658 2.0046402215957633
leaf_count=16 16 50 112 21 22 10
internal_value=0.000702379 0.0277512 -0.0169438 -0.0202414 0 -0.0245065
internal_weight=50.577 19.05 31.527 28.2311 7.81697 23.9221
internal_count=247 88 159 143 38 122
is_linear=0
shrinkage=0.03


Tree=8
num_leaves=6
num_cat=0
split_feature=12 4 31 51 60
split_gain=30.6054 10.5368 1.72326 1.80753 1.24891
threshold=0.50757575035095226 0.0055944493506103763 0.15461797267198565 -0.41610644757747645 0.00059999998484272521
decision_type=2 10 2 2 2
left_child=2 4 -1 -4 -2
right_child=1 -3 3 -5 -6
leaf_value=0 0.0043805239215078699 0.033692659849098076 -0.022597495077236147 0 -0.0076257455376249964
leaf_weight=3.4047863930463818 3.536096006631853 12.361007213592528 19.025149464607246 3.6140468120574907 4.8623711615800858
leaf_count=17 17 55 98 18 24
internal_value=0 0.0227364 -0.0179735 -0.0201063 0
internal_weight=46.8035 20.7595 26.044 22.6392 8.39847
internal_count=229 96 133 116 41
is_linear=0
shrinkage=0.03


Tree=9
num_leaves=7
num_cat=0
split_feature=0 61 54 14 32 58
split_gain=34.0041 5.8118 5.22823 2.82708 1.78387 0.978577
threshold=2.1666666269302373 1.0000000180025095e-35 0.069159060716629042 12.842658996582033 0.37618413567543035 1.0000000180025095e-35
decision_type=2 2 2 2 2 2
left_child=1 2 -1 -2 5 -3
right_child=3 4 -4 -5 -6 -7
leaf_value=0.0023442003223926502 0.03531598230660609 0.013627182352276864 -0.022789755735588151 0 -0.0041915342905784001 0
leaf_weight=2.119884297251704 9.5147319436073285 2.3442926257848722 25.877826288342476 2.1237418651580802 3.5626955926418304 2.6677739769220352
leaf_count=10 41 11 133 10 18 13
internal_value=0 -0.013753 -0.0191916 0.0317368 0.00154639 0.00969702
internal_weight=48.2109 36.5725 27.9977 11.6385 8.57476 5.01207
internal_count=236 185 143 51 42 24
is_linear=0
shrinkage=0.03


Tree=10
num_leaves=7
num_cat=0
split_feature=12 4 31 60 47 68
split_gain=35.215 11.8909 2.56919 1.75335 1.48181 1.30069
threshold=0.36666667461395269 0.0055944493506103763 0.12636836245656016 0.00059999998484272521 0.13558906316757205 1.0000000180025095e-35
decision_type=2 10 2 2 2 10
left_child=2 3 -1 -2 -4 -3
right_child=1 5 4 -5 -6 -7
leaf_value=0 0.0052422581388029401 0 0 -0.0089811638151281164 -0.023241342272116987 0.037817156708377153
leaf_weight=1.9941779971122766 4.5560099929571169 3.0953813642263404 2.9766976535320309 4.60422083735466 20.68643493950367 11.460923850536345
leaf_count=10 22 14 15 23 109 50
internal_value=0.000969763 0.0236257 -0.0190423 0 -0.0212786 0.0346727
internal_weight=49.3738 23.7165 25.6573 9.16023 23.6631 14.5563
internal_count=243 109 134 45 124 64
is_linear=0
shrinkage=0.03


Tree=11
num_leaves=7
num_cat=0
split_feature=0 58 68 60 14 26
split_gain=30.012 7.86686 4.17182 1.99501 0.724872 0.553666
threshold=2.1666666269302373 0.00059999998484272521 752.01473999023449 0.31399999558925634 8.2942690849304217 0.16030008345842364
decision_type=2 2 8 2 2 2
left_child=1 2 3 -1 -2 -4
right_child=4 -3 5 -5 -6 -7
leaf_value=0.018062070549878507 0.035462522600906703 -0.020081628140834459 0 0 0 -0.0085230914897747763
leaf_weight=5.4079767465591457 9.6917455941438657 17.08544610440731 2.2371235936880094 2.3796495795249939 2.1284519433975211 6.3655160665512085
leaf_count=26 41 89 11 12 10 33
internal_value=0.00448176 -0.00960354 0.00251604 0.0134778 0.0332419 -0.00609267
internal_weight=45.2959 33.4757 16.3903 7.78763 11.8202 8.60264
internal_count=222 171 82 38 51 44
is_linear=0
shrinkage=0.03


Tree=12
num_leaves=7
num_cat=0
split_feature=12 0 60 68 47 31
split_gain=30.5677 8.711 1.07252 1.24716 0.974652 0.522821
threshold=0.30952382087707525 0.83333334326744091 0.00059999998484272521 697.16046142578136 0.16693903505802157 0.15461797267198565
decision_type=2 2 2 8 2 2
left_child=4 2 3 -2 -1 -6
right_child=1 -3 -4 -5 5 -7
leaf_value=0 0.011058373146842859 0.032590008699928209 -0.0063280430058499778 0 0 -0.021485940979925396
leaf_weight=3.1121834963560131 2.3646123260259646 13.134740352630613 4.3759043514728546 2.851718008518219 2.5582637786865261 16.565656110644341
leaf_count=16 11 57 22 14 13 89
internal_value=0.00157883 0.0226109 0 0.00506003 -0.018402 -0.0201231
internal_weight=44.9631 22.727 9.59223 5.21633 22.2361 19.1239
internal_count=222 104 47 25 118 102
is_linear=0
shrinkage=0.03


Tree=13
num_leaves=7
num_cat=0
split_feature=12 4 30 51 60 18
split_gain=27.4672 8.83958 5.73398 2.15362 0.82841 0.414821
threshold=0.50757575035095226 0.0055944493506103763 0.13510000705718997 -0.41610644757747645 0.00059999998484272521 0.20249177515506747
decision_type=2 10 2 2 2 2
left_child=2 4 -1 -4 5 -2
right_child=1 -3 3 -5 -6 -7
leaf_value=0.0037339910198079295 0.0072068116626908992 0.033831073832215029 -0.022280869498494383 0 -0.0058701167674840857 0
leaf_weight=3.7224247902631786 2.1316666752100009 11.115137204527853 21.174743324518211 3.3721219003200487 4.1856049448251724 2.0579636693000793
leaf_count=18 10 47 114 17 21 10
internal_value=0.00101787 0.0234462 -0.0149635 -0.0197958 0 0.00425379
internal_weight=47.7597 19.4904 28.2693 24.5469 8.37524 4.18963
internal_count=237 88 149 131 41 20
is_linear=0
shrinkage=0.03


Tree=14
num_leaves=7
num_cat=0
split_feature=0 68 54 60 57 32
split_gain=24.9933 7.27982 5.0235 3.01017 1.09741 0.625939
threshold=3.5000000000000004 385.15440368652349 0.069159060716629042 0.036400001496076591 0.97159999608993541 0.37618413567543035
decision_type=2 8 2 2 2 2
left_child=1 3 -3 5 -4 -1
right_child=-2 2 4 -5 -6 -7
leaf_value=0.01539173734590546 0.029620176772207005 0.0024394317451486452 -0.023343982998914218 -0.0049029455399666215 0 0
leaf_weight=3.4611364156007749 8.666588217020033 2.1028303653001812 22.729961514472965 4.6826876550912857 2.2026145011186591 2.905934676527977
leaf_count=16 36 10 121 24 11 15
internal_value=0 -0.0112786 -0.0182973 0.00357794 -0.0219615 0.0126659
internal_weight=46.7518 38.0852 27.0354 11.0498 24.9326 6.36707
internal_count=233 197 142 55 132 31
is_linear=0
shrinkage=0.03


Tree=15
num_leaves=7
num_cat=0
split_feature=0 54 30 57 14 38
split_gain=29.1767 6.78692 4.4904 1.44554 0.538417 0.224674
threshold=2.1666666269302373 0.069159060716629042 0.14627855271101001 0.1564000025391579 13.058030128479006 0.11142597720026971
decision_type=2 2 2 2 2 2
left_child=1 -1 3 -3 -2 -4
right_child=4 2 5 -5 -6 -7
leaf_value=0.008423158901514894 0.032384470441097282 -0.0051129044235901601 0 0.0083081050272565786 0 -0.02177495201303856
leaf_weight=2.9931124299764624 10.151492282748221 3.8363673090934745 2.8549264371395138 3.6078915446996689 2.1324689388275138 22.122613981366158
leaf_count=14 42 19 15 17 10 120
internal_value=0.001821 -0.0113019 -0.0160935 0 0.0304409 -0.0207284
internal_weight=47.6989 35.4149 32.4218 7.44426 12.284 24.9775
internal_count=237 185 171 36 52 135
is_linear=0
shrinkage=0.03


Tree=16
num_leaves=7
num_cat=0
split_feature=0 68 54 60 31 56
split_gain=28.8971 7.14133 6.09029 2.71499 0.801977 0.148571
threshold=2.1666666269302373 376.21420288085943 0.069159060716629042 0.0061999999452382335 0.2714486569166184 -0.36945162713527674
decision_type=2 8 2 2 2 2
left_child=1 3 -3 4 -1 -5
right_child=-2 2 -4 5 -6 -7
leaf_value=0.015416428312704265 0.030537283341047203 0.0038006115781821412 -0.022528675265570525 -0.0053736792976666926 0 0
leaf_weight=3.4535159915685636 12.129728361964224 2.3598528653383282 23.506688877940178 3.2422934174537659 2.4558587819337845 1.9530103206634519
leaf_count=16 51 11 128 17 13 10
internal_value=0.00177466 -0.0108768 -0.0180638 0.00364794 0.0124744 -0.00404541
internal_weight=49.1009 36.9712 25.8665 11.1047 5.90937 5.1953
internal_count=246 195 139 56 29 27
is_linear=0
shrinkage=0.03


Tree=17
num_leaves=5
num_cat=0
split_feature=0 47 20 14
split_gain=24.9107 5.70473 4.35485 1.16098
threshold=2.1666666269302373 0.087287481874227538 0.028848932124674324 14.235917091369631
decision_type=2 2 2 2
left_child=1 -1 -3 -4
right_child=-2 2 3 -5
leaf_value=0.0063155613889724392 0.028700475314307586 0.0019456893986005434 -0.020494940833611801 0
leaf_weight=3.5735883712768546 10.290105730295179 2.9031119942665127 26.234046489000324 1.9968402534723271
leaf_count=17 43 14 143 10
internal_value=0.000309338 -0.0113028 -0.0158275 -0.0192555
internal_weight=44.9977 34.7076 31.134 28.2309
internal_count=227 184 167 153
is_linear=0
shrinkage=0.03


Tree=18
num_leaves=7
num_cat=0
split_feature=12 4 32 51 59 68
split_gain=22.4477 5.74107 3.21486 2.35079 0.357984 0.63534
threshold=0.50757575035095226 0.0055944493506103763 0.19966991245746615 -0.41610644757747645 0.10720000043511392 752.01473999023449
decision_type=2 10 2 2 2 8
left_child=2 4 -1 -4 5 -2
right_child=1 -3 3 -5 -6 -7
leaf_value=0 0.0071922882800614339 0.028693386746545226 -0.021121684441155919 0 -0.0040005815125697605 0
leaf_weight=3.612526714801791 3.3474934399127978 11.459372460842131 18.52053543925286 3.104387447237964 2.7175010144710541 2.0022130757570267
leaf_count=18 16 48 105 16 14 10
internal_value=0.000477551 0.020576 -0.0147964 -0.0183148 0 0.00278021
internal_weight=44.764 19.5266 25.2374 21.6249 8.06721 5.34971
internal_count=227 88 139 121 40 26
is_linear=0
shrinkage=0.03


Tree=19
num_leaves=7
num_cat=0
split_feature=12 58 60 68 30 51
split_gain=20.8316 7.14046 6.26812 1.93061 1.65937 1.96532
threshold=0.36666667461395269 0.016199999488890175 0.31399999558925634 1.0000000180025095e-35 0.14627855271101001 -0.41610644757747645
decision_type=2 2 2 10 2 2
left_child=4 2 3 -2 -1 -6
right_child=1 -3 -4 -5 5 -7
leaf_value=0 0 -0.0026785784017297472 -0.00067387645089215121 0.034559600998457604 -0.018469106905939156 0
leaf_weight=2.002304375171664 5.2427949309349158 3.7511537671089163 2.3643436431884757 12.904461681842802 16.522579163312919 3.0622371733188585
leaf_count=10 24 19 12 55 95 16
internal_value=0.00351915 0.0199636 0.0255917 0.030169 -0.0135329 -0.0156848
internal_weight=45.8499 24.2628 20.5116 18.1473 21.5871 19.5848
internal_count=231 110 91 79 121 111
is_linear=0
shrinkage=0.03


Tree=20
num_leaves=7
num_cat=0
split_feature=0 31 14 47 58 39
split_gain=27.432 6.16043 5.47967 2.28431 1.10729 0.785782
threshold=1.8333333134651186 0.14182729274034503 13.221588611602785 0.085297085344791426 0.020399999804794792 0.081958215683698668
decision_type=2 2 2 2 2 2
left_child=1 4 -2 -3 5 -1
right_child=2 3 -4 -5 -6 -7
leaf_value=0.012236445862143831 0.032970524250837165 0 0 -0.020543382866833933 -0.001274506692891709 0
leaf_weight=2.6066309660673133 11.047146692872046 2.0572792738676098 2.4331801384687415 23.607591435313225 1.873968571424484 2.6216062158346176
leaf_count=12 45 10 12 132 10 13
internal_value=0.00089671 -0.0125968 0.0276473 -0.0184402 0.00344626 0.00880418
internal_weight=46.2474 32.7671 13.4803 25.6649 7.10221 5.22824
internal_count=234 177 57 142 35 25
is_linear=0
shrinkage=0.03


Tree=21
num_leaves=7
num_cat=0
split_feature=12 4 52 30 61 60
split_gain=21.5921 6.10169 1.98018 1.93154 0.934065 0.667474
threshold=0.50757575035095226 0.0055944493506103763 -0.38562110066413874 0.13510000705718997 0.0014000000082887711 0.0030000000260770325
decision_type=2 10 2 2 2 2
left_child=2 5 3 -1 -5 -2
right_child=1 -3 -4 4 -6 -7
leaf_value=0 0.0034978571473910291 0.026986995148451386 0 -0.022101313414256449 0 -0.0054887907418348873
leaf_weight=2.375761464238173 4.3977405279874819 12.036377459764479 3.9606240242719641 17.0980858206749 2.391945779323577 4.092766672372818
leaf_count=12 21 50 21 100 13 21
internal_value=0 0.0185969 -0.0157395 -0.018288 -0.0205022 0
internal_weight=46.3533 20.5269 25.8264 21.8658 19.49 8.49051
internal_count=238 92 146 125 113 42
is_linear=0
shrinkage=0.03


Tree=22
num_leaves=7
num_cat=0
split_feature=12 60 58 48 31 68
split_gain=20.4073 5.68858 6.35316 2.9034 1.13859 0.0382352
threshold=0.30952382087707525 0.1418000012636185 0.045199999585747726 0.13498388230800631 0.15461797267198565 262.56336975097662
decision_type=2 2 2 2 2 10
left_child=4 2 3 -2 -1 -3
right_child=1 5 -4 -5 -6 -7
leaf_value=0 0.03099804430386777 0 -0.0021369608726226064 0 -0.018398884726864753 -0.0025453750951915685
leaf_weight=2.8488438129425075 14.175595119595537 1.9676698893308628 2.1091315001249304 2.6480306386947623 18.098144963383675 2.2681700587272644
leaf_count=15 61 10 11 12 106 12
internal_value=0 0.0172586 0.0227346 0.0277237 -0.0165603 -0.00177937
internal_weight=44.1156 23.1686 18.9328 16.8236 20.947 4.23584
internal_count=227 106 84 73 121 22
is_linear=0
shrinkage=0.03


Tree=23
num_leaves=6
num_cat=0
split_feature=0 54 68 4 46
split_gain=18.3968 5.94545 5.84477 1.33858 0.813297
threshold=3.5000000000000004 0.069159060716629042 376.21420288085943 0.0050959466025233277 0.20967218279838565
decision_type=2 2 8 8 2
left_child=1 -1 4 -4 -3
right_child=-2 2 3 -5 -6
leaf_value=0.0083873656438799796 0.025924323041402273 -0.0017142342410472917 0 -0.021690920185133671 0.0068440098428599614
leaf_weight=3.4876621663570395 9.2030759155750257 3.4822851717472094 2.1214640140533474 20.840508058667183 5.3164497911930084
leaf_count=16 37 18 12 119 27
internal_value=0.000558548 -0.00900393 -0.0139016 -0.0200914 0.00115509
internal_weight=44.4514 35.2484 31.7607 22.962 8.79873
internal_count=229 192 176 131 45
is_linear=0
shrinkage=0.03


Tree=24
num_leaves=5
num_cat=0
split_feature=12 68 47 0
split_gain=20.709 6.70652 3.07078 1.70293
threshold=0.30952382087707525 752.01473999023449 0.16693903505802157 1.8333333134651186
decision_type=2 8 2 2
left_child=2 -2 -1 -3
right_child=1 3 -4 -5
leaf_value=0 0.025745328852608204 -0.0079495080257326739 -0.019918786139174853 0.0063408074694575219
leaf_weight=3.3341134041547802 15.094349905848505 6.0221485495567304 17.318144500255585 2.9364591538906097
leaf_count=18 66 31 103 12
internal_value=0.000789891 0.0176408 -0.0162308 0
internal_weight=44.7052 24.053 20.6523 8.95861
internal_count=230 109 121 43
is_linear=0
shrinkage=0.03


Tree=25
num_leaves=5
num_cat=0
split_feature=0 54 24 57
split_gain=19.6035 5.84567 4.64596 1.50436
threshold=2.1666666269302373 0.069159060716629042 0.021322838962078098 0.99360001087188732
decision_type=2 2 2 2
left_child=1 -1 -3 -4
right_child=-2 2 3 -5
leaf_value=0.007883957245422131 0.024976593362016845 0.0027943537766590833 -0.019891640586741224 0
leaf_weight=3.0601458102464667 11.410607546567915 3.2035460174083736 25.879185721278194 1.7254705280065525
leaf_count=14 47 15 148 9
internal_value=0.000717876 -0.00991787 -0.014655 -0.0184802
internal_weight=45.279 33.8683 30.8082 27.6047
internal_count=233 186 172 157
is_linear=0
shrinkage=0.03


Tree=26
num_leaves=7
num_cat=0
split_feature=12 60 68 47 31 37
split_gain=15.7596 5.61748 3.92602 2.23594 0.421758 0.176091
threshold=0.30952382087707525 0.31399999558925634 752.01473999023449 0.16693903505802157 0.15461797267198565 0.75822770595550548
decision_type=2 2 8 2 2 2
left_child=3 2 -2 -1 -5 -4
right_child=1 -3 5 4 -6 -7
leaf_value=0 0.026918512505927663 -0.0034595116476058424 -0.0014665194216571642 0 -0.018030745076555887 0.0030671824154578425
leaf_weight=3.5028103441000011 13.26465348899365 3.2925798296928397 4.5726860165595991 2.550242647528651 15.223220229148863 3.5146707594394684
leaf_count=19 57 17 22 14 94 16
internal_value=0.000967891 0.0155968 0.0206153 -0.0136276 -0.0167806 0
internal_weight=45.9209 24.6446 21.352 21.2763 17.7735 8.08736
internal_count=239 112 95 127 108 38
is_linear=0
shrinkage=0.03


Tree=27
num_leaves=6
num_cat=0
split_feature=0 54 68 54 43
split_gain=18.5827 4.26479 4.72186 1.59373 1.13896
threshold=2.1666666269302373 0.069159060716629042 313.60475158691412 0.56555533409118663 0.16046787053346637
decision_type=2 2 8 2 2
left_child=1 -1 3 -3 -4
right_child=-2 2 4 -5 -6
leaf_value=0.0055820495357547456 0.024349754590410035 -0.0040277223930233917 0 0.0096266180717893522 -0.021200470578309295
leaf_weight=2.437055140733718 10.669103637337683 6.0100789964199084 3.0572877377271679 2.67514768242836 19.357615947723389
leaf_count=11 44 32 16 13 116
internal_value=3.98935e-05 -0.0101321 -0.0138819 0 -0.0193764
internal_weight=44.2063 33.5372 31.1001 8.68523 22.4149
internal_count=232 188 177 45 132
is_linear=0
shrinkage=0.03


Tree=28
num_leaves=6
num_cat=0
split_feature=9 54 68 46 14
split_gain=15.1808 7.63937 4.60331 0.547967 0.206633
threshold=4.1666667461395273 0.070939652621746077 376.21420288085943 0.20967218279838565 15.311172962188722
decision_type=2 2 8 2 2
left_child=1 -1 3 -3 -4
right_child=-2 2 4 -5 -6
leaf_value=0.0098195362834716162 0.022192421621840111 -0.0031651721595035921 -0.02160468168904469 0.0047885856154588451 0
leaf_weight=3.5713646858930579 7.9341662526130667 4.0115327686071378 21.55738934874535 5.3855136334896088 1.6670031547546376
leaf_count=16 32 21 129 28 8
internal_value=-0.000268627 -0.0102298 -0.0156214 0 -0.0209224
internal_weight=44.127 36.1928 32.6214 9.39705 23.2244
internal_count=234 202 186 49 137
is_linear=0
shrinkage=0.03


Tree=29
num_leaves=7
num_cat=0
split_feature=0 68 14 51 30 58
split_gain=16.9434 5.44404 3.82469 2.25167 0.767215 0.658259
threshold=1.8333333134651186 376.21420288085943 13.221588611602785 -0.40207976102828974 0.30031621456146246 0.00059999998484272521
decision_type=2 8 2 2 2 2
left_child=1 4 -2 -3 5 -1
right_child=2 3 -4 -5 -6 -7
leaf_value=0.010420662097678418 0.026600603641870404 -0.020127872907485276 0 0 -4.6948993849128481e-05 0
leaf_weight=2.9130553305149096 10.15684127807617 17.732685327529911 2.3518690466880789 3.9813404083251944 5.3580181002616882 2.0049441754817963
leaf_count=13 41 108 12 21 30 10
internal_value=4.20063e-05 -0.0102697 0.0219255 -0.0170403 0.00242605 0.00736772
internal_weight=44.4988 31.99 12.5087 21.714 10.276 4.918
internal_count=235 182 53 129 53 23
is_linear=0
shrinkage=0.03


Tree=30
num_leaves=7
num_cat=0
split_feature=12 4 30 46 60 51
split_gain=19.9851 5.03606 2.47528 0.896564 0.702612 0.421867
threshold=0.50757575035095226 0.0055944493506103763 0.13510000705718997 0.081586226820945754 0.00059999998484272521 -0.4306392222642898
decision_type=2 10 2 2 2 2
left_child=2 4 -1 -4 -2 -5
right_child=1 -3 3 5 -6 -7
leaf_value=0 0.0044148364623327122 0.02674688217232072 0 -0.018911397231559823 -0.0051474085404831704 0
leaf_weight=2.1764375120401409 3.4089880436658886 13.148343116044996 2.0653963685035732 16.66405579447747 4.0021803826093674 2.5341221988201097
leaf_count=11 16 54 11 106 21 14
internal_value=0.00173736 0.019839 -0.0135303 -0.0163423 0 -0.0177087
internal_weight=43.9995 20.5595 23.44 21.2636 7.41117 19.1982
internal_count=233 91 142 131 37 120
is_linear=0
shrinkage=0.03


Tree=31
num_leaves=7
num_cat=0
split_feature=0 54 61 14 54 43
split_gain=17.2383 3.98993 2.80649 1.84763 1.44524 1.40153
threshold=1.8333333134651186 0.069159060716629042 1.0000000180025095e-35 8.2942690849304217 0.56555533409118663 0.15714317560195926
decision_type=2 2 2 2 2 2
left_child=1 -1 5 -2 -4 -3
right_child=3 2 4 -5 -6 -7
leaf_value=0.0041789118473950695 0.025313660461790264 0 -0.0057314145697578197 0 0.0081718470017394761 -0.020424427887353845
leaf_weight=2.8304547667503384 9.4526626914739591 1.8759839534759581 4.2818128019571295 2.6819313317537299 2.4525896906852722 18.446215361356735
leaf_count=13 38 10 23 13 12 114
internal_value=0 -0.0108694 -0.0147657 0.0220911 0 -0.0187016
internal_weight=42.0217 29.8871 27.0566 12.1346 6.7344 20.3222
internal_count=223 172 159 51 35 124
is_linear=0
shrinkage=0.03


Tree=32
num_leaves=7
num_cat=0
split_feature=12 58 60 48 47 31
split_gain=15.1588 4.76635 2.93776 2.66883 1.79288 2.41222
threshold=0.36666667461395269 0.016199999488890175 0.31399999558925634 0.13498388230800631 0.16693903505802157 0.15461797267198565
decision_type=2 2 2 2 2 2
left_child=4 2 3 -2 -1 -6
right_child=1 -3 -4 -5 5 -7
leaf_value=0 0.026896186564191814 -0.0013458849635352031 0 0 0 -0.018757400906704039
leaf_weight=3.7567977309227016 14.868692025542268 4.0342974811792365 2.1716544628143302 2.6488415598869315 2.7450409978628185 15.189614608883856
leaf_count=21 64 21 11 12 15 100
internal_value=0.00144127 0.0160432 0.0208804 0.0238009 -0.0126585 -0.0154774
internal_weight=45.4149 23.7235 19.6892 17.5175 21.6915 17.9347
internal_count=244 108 87 76 136 115
is_linear=0
shrinkage=0.03


Tree=33
num_leaves=7
num_cat=0
split_feature=12 0 47 62 34 19
split_gain=13.3757 5.20594 2.26215 0.567745 0.292086 0.0317503
threshold=0.36666667461395269 1.1666666865348818 0.16693903505802157 0.015399999916553499 0.16196272522211078 0.61943620443344127
decision_type=2 2 2 2 2 2
left_child=2 3 5 -2 -5 -1
right_child=1 -3 -4 4 -6 -7
leaf_value=0.0015562754195858398 -0.0051361850792352266 0.022940627501967677 -0.016727509223723177 0.0055629651255496232 0 0
leaf_weight=1.7982540130615263 4.7768279910087603 11.409752190113066 16.775580421090126 2.4094168841838837 3.4192472547292709 1.7259680926799772
leaf_count=10 25 47 108 11 17 10
internal_value=0 0.0143384 -0.0134191 0 0.00276658 0
internal_weight=42.315 22.0152 20.2998 10.6055 5.82866 3.52422
internal_count=228 100 128 53 28 20
is_linear=0
shrinkage=0.03


Tree=34
num_leaves=6
num_cat=0
split_feature=12 58 30 68 54
split_gain=13.3465 4.8314 3.30556 1.9806 1.04407
threshold=0.50757575035095226 0.016199999488890175 0.13510000705718997 752.01473999023449 0.091139044612646117
decision_type=2 2 2 8 2
left_child=2 3 -1 -2 -4
right_child=1 -3 4 -5 -6
leaf_value=0.0013902023536228139 0.024699910030529858 -0.0021677221183336631 0 0 -0.01819684000782917
leaf_weight=3.1512628346681621 11.163947254419332 3.5216594338417044 2.0009100586175945 5.1676372438669196 17.350923731923103
leaf_count=16 47 18 11 24 113
internal_value=0 0.0151418 -0.0126087 0.0205587 -0.0166294
internal_weight=42.3563 19.8532 22.5031 16.3316 19.3518
internal_count=229 89 140 71 124
is_linear=0
shrinkage=0.03


Tree=35
num_leaves=7
num_cat=0
split_feature=0 68 44 58 30 4
split_gain=12.3421 4.89039 1.36806 1.12098 0.648787 0.474566
threshold=2.1666666269302373 697.16046142578136 0.65173587203025829 0.003199999919161201 0.31507937610149389 0.016200970858335498
decision_type=2 8 2 2 2 10
left_child=1 3 -3 4 -1 -2
right_child=5 2 -4 -5 -6 -7
leaf_value=0.010331530671041242 0 -0.01885175689289649 0 -0.002716467199023782 0 0.020531395174595214
leaf_weight=3.9677839279174822 2.2113478481769553 16.237803801894191 1.6195543557405461 6.3925044238567352 3.5016440749168396 8.5604077279567701
leaf_count=18 10 103 8 36 20 35
internal_value=0 -0.00943157 -0.0170449 0.000894635 0.00720558 0.0188706
internal_weight=42.491 31.7193 17.8574 13.8619 7.46943 10.7718
internal_count=230 185 111 74 38 45
is_linear=0
shrinkage=0.03


Tree=36
num_leaves=7
num_cat=0
split_feature=58 30 60 54 62 2
split_gain=13.7636 8.09278 2.6178 1.87753 1.08058 0.947836
threshold=0.011799999978393318 0.3257004469633103 0.19040000438690188 0.069159060716629042 0.37680000066757208 1.4670542478561404
decision_type=2 2 2 2 2 2
left_child=1 2 5 -3 -2 -1
right_child=4 3 -4 -5 -6 -7
leaf_value=0.027490507271090783 -0.017342908296276639 0.0049622176692259981 0 -0.0087979874271961727 0 0
leaf_weight=12.340626642107969 13.032729700207708 2.2926227003335944 1.9151337593793858 9.3816868066787702 1.7032409906387318 3.4707521945238105
leaf_count=54 84 10 10 57 9 16
internal_value=0.00115297 0.0128481 0.0222078 -0.00228479 -0.0155161 0.0249211
internal_weight=44.1368 29.4008 17.7265 11.6743 14.736 15.8114
internal_count=240 147 80 67 93 70
is_linear=0
shrinkage=0.03


Tree=37
num_leaves=7
num_cat=0
split_feature=12 60 68 51 31 9
split_gain=15.8569 4.40435 4.49215 0.688284 0.830429 0.0596066
threshold=0.36666667461395269 0.077600002288818373 752.01473999023449 -0.40207976102828974 0.15461797267198565 0.5000000149011613
decision_type=2 2 8 2 2 2
left_child=3 2 -2 4 -1 -3
right_child=1 5 -4 -5 -6 -7
leaf_value=0 0.025967700532020306 -0.002651148957820241 0 0 -0.018899572890393863 0
leaf_weight=2.2923628985881868 11.421326577663427 2.288364276289939 6.6533407568931571 2.3088844567537299 15.664842978119848 2.1482788473367691
leaf_count=13 48 12 32 13 107 10
internal_value=0 0.0141078 0.0192486 -0.016054 -0.0173543 -0.00150557
internal_weight=42.7774 22.5113 18.0747 20.2661 17.9572 4.43664
internal_count=235 102 80 133 120 22
is_linear=0
shrinkage=0.03


Tree=38
num_leaves=7
num_cat=0
split_feature=0 68 60 24 14 42
split_gain=14.0995 4.79809 4.10846 1.21204 0.976404 0.234608
threshold=2.1666666269302373 752.01473999023449 0.0030000000260770325 0.60883086919784557 8.2942690849304217 0.55946046113967907
decision_type=2 8 2 2 2 2
left_child=1 2 3 -1 -2 -3
right_child=4 5 -4 -5 -6 -7
leaf_value=0.015975284749089557 0.023368848372495407 -0.017388094523071673 -0.0073536951782390792 0 0 0
leaf_weight=5.0971172153949755 9.6078324168920499 14.554498285055162 7.8382279723882675 2.1398255228996277 2.3971833288669577 1.569404050707816
leaf_count=24 39 95 44 13 11 8
internal_value=0.00109031 -0.008424 0.00107757 0.0126587 0.0211347 -0.0166162
internal_weight=43.2041 31.1991 15.0752 7.23694 12.005 16.1239
internal_count=234 184 81 37 50 103
is_linear=0
shrinkage=0.03


Tree=39
num_leaves=7
num_cat=0
split_feature=58 0 56 54 57 68
split_gain=11.9371 7.45265 1.44393 1.25779 1.69205 0.356466
threshold=0.011799999978393318 0.83333334326744091 -0.53247612714767445 0.069159060716629042 0.17520000040531161 150.08340454101565
decision_type=2 2 2 2 2 8
left_child=1 3 -3 -1 -5 -2
right_child=5 2 -4 4 -6 -7
leaf_value=0.0045562949040830096 0 0 0.024297727496010224 -0.01140971054906125 0.00046179521305386923 -0.017030275084898426
leaf_weight=2.6679235547781053 1.6003506183624239 1.9008595794439305 11.204515799880026 8.5681390315294248 4.8557595163583747 12.493780910968781
leaf_count=12 9 10 48 51 27 82
internal_value=0 0.0107626 0.0220356 -0.00104546 -0.00619012 -0.0160453
internal_weight=43.2913 29.1972 13.1054 16.0918 13.4239 14.0941
internal_count=239 148 58 90 78 91
is_linear=0
shrinkage=0.03


Tree=40
num_leaves=7
num_cat=0
split_feature=12 4 30 47 59 38
split_gain=11.7643 3.18491 2.77125 1.98479 0.173717 0.24501
threshold=0.50757575035095226 0.0055944493506103763 0.13510000705718997 0.16693903505802157 0.10720000043511392 0.15038478374481204
decision_type=2 10 2 2 2 2
left_child=2 4 -1 -4 5 -2
right_child=1 -3 3 -5 -6 -7
leaf_value=0.0013756893285210713 0.0044564178767200289 0.02084482753232593 0 -0.017498458090510632 -0.0029970256431381408 0
leaf_weight=3.1341205388307598 3.3553761690855053 11.771716088056563 3.8958505541086224 16.955821126699448 2.426994189620018 2.2048798054456711
leaf_count=16 16 49 22 117 13 11
internal_value=0.000266862 0.0148851 -0.0108463 -0.0144786 0 0.00169536
internal_weight=43.7448 19.759 23.9858 20.8517 7.98725 5.56026
internal_count=244 89 155 139 40 27
is_linear=0
shrinkage=0.03


Tree=41
num_leaves=7
num_cat=0
split_feature=0 54 68 47 43 19
split_gain=11.9436 5.21506 4.14062 0.711279 0.617305 0.110584
threshold=2.1666666269302373 0.069159060716629042 376.21420288085943 0.73610010743141185 0.16046787053346637 0.57748931646347057
decision_type=2 2 8 2 2 2
left_child=1 -1 3 -3 -4 -2
right_child=5 2 4 -5 -6 -7
leaf_value=0.0083371478545810878 0.021334239017563306 -0.0023724522587654745 0 0.0063777115960615832 -0.01978452096641025 0
leaf_weight=3.37527211010456 8.7351951599121076 6.1629127860069293 2.3764383196830776 3.501539945602417 16.585242331027985 2.2085533291101447
leaf_count=15 36 34 13 18 112 10
internal_value=0.000855215 -0.0074962 -0.0125915 0 -0.0184425 0.0200599
internal_weight=42.9452 32.0014 28.6261 9.66445 18.9617 10.9437
internal_count=238 192 177 52 125 46
is_linear=0
shrinkage=0.03


Tree=42
num_leaves=6
num_cat=0
split_feature=30 68 60 47 0
split_gain=12.4959 4.95525 5.31926 3.75328 0.873991
threshold=0.3257004469633103 697.16046142578136 0.077600002288818373 0.090125467628240599 2.5000000000000004
decision_type=2 8 2 2 2
left_child=1 2 -1 -2 -3
right_child=3 4 -4 -5 -6
leaf_value=0.027329408784159005 0.0023349409651628977 -0.0062862611785431573 -0.00026115753583222764 -0.016748938638070445 0.003691849338332383
leaf_weight=11.937742784619333 3.5110919028520611 5.5320144742727262 2.8493378758430472 16.739309176802635 2.6790225207805634
leaf_count=51 17 32 15 114 11
internal_value=0.00129681 0.0147087 0.0216318 -0.0117786 0
internal_weight=43.2485 22.9981 14.7871 20.2504 8.21104
internal_count=240 109 66 131 43
is_linear=0
shrinkage=0.03


Tree=43
num_leaves=7
num_cat=0
split_feature=12 60 58 48 19 61
split_gain=14.106 3.46084 3.06759 1.86391 1.14186 0.475421
threshold=0.30952382087707525 0.31399999558925634 0.045199999585747726 0.13498388230800631 0.23182993382215503 0.0018000000272877517
decision_type=2 2 2 2 2 2
left_child=4 2 3 -2 -1 -6
right_child=1 -3 -4 -5 5 -7
leaf_value=0 0.024817828974506892 -0.00021293315216514241 0 0 -0.015914072594853248 0
leaf_weight=2.6644019037485149 15.995080694556245 2.8476703464984885 1.9261299073696125 2.4267832040786734 13.43580015003681 2.4738395661115637
leaf_count=18 69 15 11 11 94 15
internal_value=0.00216563 0.0159627 0.0195277 0.0224569 -0.0125211 -0.0145795
internal_weight=41.7697 23.1957 20.348 18.4219 18.574 15.9096
internal_count=233 106 91 80 127 109
is_linear=0
shrinkage=0.03


Tree=44
num_leaves=7
num_cat=0
split_feature=0 61 47 14 60 37
split_gain=12.2079 3.61861 3.2027 2.55798 0.991227 0.96517
threshold=1.8333333134651186 1.0000000180025095e-35 0.085297085344791426 13.609868049621584 0.0061999999452382335 0.86705854535102855
decision_type=2 2 2 2 2 2
left_child=1 2 -1 -2 -3 -4
right_child=3 4 5 -5 -6 -7
leaf_value=0.00085209694657642325 0.022577403698405031 0.0085706066733056471 -0.018719962319718474 0 -0.00071458778167801955 0
leaf_weight=3.1512102484703126 11.386673942208288 3.9047087132930747 16.685692258179191 2.0533928573131552 3.8837055712938309 2.2719266936182967
leaf_count=15 48 19 113 11 21 15
internal_value=0.00138356 -0.00789958 -0.0132182 0.0191538 0.00276869 -0.0171156
internal_weight=43.3373 29.8972 22.1088 13.4401 7.78841 18.9576
internal_count=242 183 143 59 40 128
is_linear=0
shrinkage=0.03


Tree=45
num_leaves=6
num_cat=0
split_feature=0 47 43 14 61
split_gain=10.9665 3.89501 2.6844 2.16088 0.82081
threshold=1.8333333134651186 0.085297085344791426 0.15180068463087085 13.221588611602785 1.0000000180025095e-35
decision_type=2 2 2 2 2
left_child=1 -1 -3 -2 -4
right_child=3 2 4 -5 -6
leaf_value=0.0054517365462427841 0.022153346579404834 0.00086502749643608179 -0.017637798286387694 0 0
leaf_weight=4.2405476868152645 9.8919341117143613 2.4373623728752163 16.875548675656322 1.9325468689203251 5.5667016208171836
leaf_count=20 41 12 116 10 30
internal_value=0.00125982 -0.00738428 -0.0122281 0.0189262 -0.0153278
internal_weight=40.9446 29.1202 24.8796 11.8245 22.4423
internal_count=229 178 158 51 146
is_linear=0
shrinkage=0.03


Tree=46
num_leaves=7
num_cat=0
split_feature=12 58 30 54 68 51
split_gain=14.2662 3.04986 2.17187 1.36281 1.24204 0.0476806
threshold=0.50757575035095226 0.016199999488890175 0.13510000705718997 0.079683117568492903 752.01473999023449 -0.40207976102828974
decision_type=2 2 2 2 8 2
left_child=2 4 -1 -4 -2 -5
right_child=1 -3 3 5 -6 -7
leaf_value=0.00032482664065913545 0.024794275636342344 0 0 -0.01664230100168335 0 0
leaf_weight=2.5922811925411251 12.048409745097166 3.0646447241306296 2.3854143917560604 14.605282932519918 6.0647993236780158 1.9713855385780288
leaf_count=13 51 16 13 107 28 12
internal_value=0.00290202 0.017631 -0.0106694 -0.0138373 0.0210327 -0.0159627
internal_weight=42.7322 21.1779 21.5544 18.9621 18.1132 16.5767
internal_count=240 95 145 132 79 119
is_linear=0
shrinkage=0.03


Tree=47
num_leaves=7
num_cat=0
split_feature=12 0 30 51 34 48
split_gain=9.2568 4.5457 2.77575 1.93971 0.385763 0.14134
threshold=0.50757575035095226 0.83333334326744091 0.13510000705718997 -0.4306392222642898 0.13194701820611957 -1.0000000180025095e-35
decision_type=2 2 2 2 2 2
left_child=2 4 -1 -4 5 -2
right_child=1 -3 3 -5 -6 -7
leaf_value=0.0013923109741825032 0.0035292936826434806 0.020691369562610064 -0.017696632629394176 0 -0.0045941796721325557 0
leaf_weight=2.9903433620929745 2.2232282757759094 9.8724366724491102 15.969659022986892 3.8657998144626591 5.2626402676105499 1.9709773212671295
leaf_count=15 10 41 117 22 27 10
internal_value=0 0.0122718 -0.0109198 -0.0146315 0 0.00132835
internal_weight=42.1551 19.3293 22.8258 19.8355 9.45685 4.19421
internal_count=242 88 154 139 47 20
is_linear=0
shrinkage=0.03


Tree=48
num_leaves=7
num_cat=0
split_feature=0 58 28 68 68 51
split_gain=10.8724 3.90661 1.87428 0.871991 0.621786 0.335049
threshold=2.1666666269302373 0.00059999998484272521 0.520310938358307 447.37623596191412 128.25518417358401 -0.40076288580894465
decision_type=2 2 2 10 8 2
left_child=1 2 3 -1 -3 -4
right_child=-2 4 5 -5 -6 -7
leaf_value=0.010731104371204871 0.019276731292342839 0 -0.0071484662649364808 0 -0.016496298919368189 0
leaf_weight=7.7828893065452629 10.908386588096617 2.1658082902431461 4.4225910976529121 2.9266630858182907 12.516503743827343 1.7935286015272129
leaf_count=39 47 12 31 17 88 10
internal_value=0.000952734 -0.00704219 0.000657285 0.00780945 -0.0150192 -0.00518203
internal_weight=42.5164 31.608 16.9257 10.7096 14.6823 6.21612
internal_count=244 197 97 56 100 41
is_linear=0
shrinkage=0.03


Tree=49
num_leaves=7
num_cat=0
split_feature=58 28 60 62 47 17
split_gain=12.6452 5.90723 4.08104 0.983061 0.801602 0.0995819
threshold=0.011799999978393318 0.520310938358307 0.31399999558925634 0.37680000066757208 0.13558906316757205 0.79209938645362865
decision_type=2 2 2 2 2 2
left_child=1 2 5 -2 -3 -1
right_child=3 4 -4 -5 -6 -7
leaf_value=0.025793507547755463 -0.015477171584525837 0.001288365729236208 0 0 -0.0071317233593469771 0
leaf_weight=15.074693024158487 11.555126450955866 3.3650330305099478 3.2560457661747924 1.5944965481758107 4.5050820559263229 2.1643114238977423
leaf_count=66 83 18 19 9 33 10
internal_value=0.00323671 0.0141133 0.0205832 -0.013595 -0.00146766 0.024681
internal_weight=41.5148 28.3652 20.4951 13.1496 7.87012 17.239
internal_count=238 146 95 92 51 76
is_linear=0
shrinkage=0.03


Tree=50
num_leaves=7
num_cat=0
split_feature=0 68 60 43 44 26
split_gain=11.0069 4.60446 4.091 1.38334 1.05408 0.65922
threshold=3.5000000000000004 697.16046142578136 0.0030000000260770325 0.15714317560195926 0.65886381268501293 0.63109806180000316
decision_type=2 8 2 2 2 2
left_child=1 2 5 -3 -5 -1
right_child=-2 3 -4 4 -6 -7
leaf_value=0.015314836908163746 0.019410163693434783 0 -0.0068832457609705449 -0.01889827883551987 0 0
leaf_weight=4.9771402478218061 9.2464435398578626 1.6059726178646112 7.5322609469294548 14.988264396786692 1.898413062095641 1.8172259628772733
leaf_count=23 39 9 44 106 10 12
internal_value=0 -0.00787431 0.00167516 -0.0153697 -0.0172233 0.0131848
internal_weight=42.0657 32.8193 14.3266 18.4927 16.8867 6.79437
internal_count=243 204 79 125 116 35
is_linear=0
shrinkage=0.03


Tree=51
num_leaves=7
num_cat=0
split_feature=58 28 60 62 32 47
split_gain=9.29019 7.32386 2.78259 1.82984 1.32291 0.614766
threshold=0.011799999978393318 0.520310938358307 0.31399999558925634 0.55140000581741344 0.35494966804981237 0.096516769379377379
decision_type=2 2 2 2 2 2
left_child=1 2 4 -2 -1 -3
right_child=3 5 -4 -5 -6 -7
leaf_value=0.024820563631422071 -0.015401966774519322 0 0 0 0 -0.0079379367183351045
leaf_weight=14.371176674962053 11.455052882432936 3.0801603198051444 2.8718719929456702 1.5860308930277813 2.7789498418569556 4.8359343260526657
leaf_count=63 82 16 17 9 14 34
internal_value=0.00193453 0.0116049 0.0194172 -0.0122236 0.0225644 -0.00461473
internal_weight=40.9792 27.9381 20.022 13.0411 17.1501 7.91609
internal_count=235 144 94 91 77 50
is_linear=0
shrinkage=0.03


Tree=52
num_leaves=7
num_cat=0
split_feature=12 32 0 54 68 60
split_gain=11.448 3.1284 2.36181 1.62855 0.30653 0.226054
threshold=0.50757575035095226 0.19966991245746615 0.83333334326744091 0.079683117568492903 118.10935974121095 0.00059999998484272521
decision_type=2 2 2 2 10 2
left_child=1 4 5 -3 -1 -2
right_child=2 3 -4 -5 -6 -7
leaf_value=0 0.0029575578992860987 0 0.020262628798668553 -0.01772610318066966 0.0049223360602228695 -0.002322161947789933
leaf_weight=1.8606949523091341 4.805604428052904 2.3621693179011372 10.563596650958059 16.237096801400185 2.3757890909910202 3.7121668308973312
leaf_count=11 22 13 45 123 11 20
internal_value=0.000131059 -0.0110189 0.0147386 -0.0153952 0.00129786 0
internal_weight=41.9171 22.8358 19.0814 18.5993 4.23648 8.51777
internal_count=245 158 87 136 22 42
is_linear=0
shrinkage=0.03


Tree=53
num_leaves=7
num_cat=0
split_feature=58 1 44 68 60 29
split_gain=9.26448 5.00138 1.15665 1.01603 1.66821 0.457246
threshold=0.011799999978393318 0.83333334326744091 0.4427540004253388 752.01473999023449 0.0061999999452382335 0.86241281032562267
decision_type=2 2 2 8 2 2
left_child=1 3 -2 4 -1 -5
right_child=2 -3 -4 5 -6 -7
leaf_value=0.011092081906992738 -0.01559194176823334 0.020037372371973245 0 -0.0079564743843216733 -0.0017096923664677293 0
leaf_weight=4.1542006954550796 11.75251219421625 11.42181286215782 1.4103998318314541 6.487961031496523 4.4063644632697105 1.5518430098891256
leaf_count=20 86 51 8 41 26 9
internal_value=0.000413298 0.0103836 -0.0135412 0 0.00389908 -0.00592012
internal_weight=41.1851 28.0222 13.1629 16.6004 8.56057 8.0398
internal_count=241 147 94 96 46 50
is_linear=0
shrinkage=0.03


Tree=54
num_leaves=7
num_cat=0
split_feature=68 47 5 58 30 45
split_gain=9.27993 5.01244 2.91647 2.3003 0.695872 0.527147
threshold=385.15440368652349 0.10819666460156442 0.73926940560340892 0.011799999978393318 0.3257004469633103 0.068887352943420424
decision_type=8 2 2 2 2 2
left_child=3 5 -3 4 -1 -2
right_child=1 2 -4 -5 -6 -7
leaf_value=0.022116699843682069 0.0080549251369390652 -0.017922080855176228 0.00091300648658441269 0 0 0
leaf_weight=10.071659132838251 4.8813848346471813 15.66433645039797 1.3102143555879582 3.0566194206476203 3.5037809759378424 2.8644313216209412
leaf_count=44 22 114 6 18 19 15
internal_value=0.00271109 -0.00680517 -0.0144444 0.0163524 0.0197455 0.00526062
internal_weight=41.3524 24.7204 16.9746 16.6321 13.5754 7.74582
internal_count=238 157 120 81 63 37
is_linear=0
shrinkage=0.03


Tree=55
num_leaves=6
num_cat=0
split_feature=4 30 54 44 47
split_gain=7.84764 3.46394 3.36449 1.74674 0.223648
threshold=0.0079052620567381399 0.3257004469633103 0.069159060716629042 0.093806218355894103 0.10819666460156442
decision_type=10 2 2 2 2
left_child=2 -2 -1 -4 -3
right_child=1 4 3 -5 -6
leaf_value=0.0038583561332659138 0.018366662289515064 0 0 -0.016636484781968573 -0.0039468853382923315
leaf_weight=2.2254966944456127 11.154240801930429 2.1694686710834494 3.0430463850498226 16.95966263115406 2.9711648374795914
leaf_count=10 50 10 19 119 21
internal_value=0 0.0123634 -0.00971796 -0.0140108 -0.000227071
internal_weight=38.5231 16.2949 22.2282 20.0027 5.14063
internal_count=229 81 148 138 31
is_linear=0
shrinkage=0.03


Tree=56
num_leaves=7
num_cat=0
split_feature=0 68 60 46 52 4
split_gain=8.2318 4.39717 2.68063 0.759655 0.595092 0.536546
threshold=2.1666666269302373 752.01473999023449 0.0030000000260770325 0.067703194916248335 -0.35618743300437922 0.005215203622356058
decision_type=2 8 2 2 2 8
left_child=1 2 -1 -3 -4 -5
right_child=-2 3 4 5 -6 -7
leaf_value=0.012004385590978502 0.017721644150680178 0 -0.0071193309985265914 0 0 -0.01623248262362828
leaf_weight=7.1353852748870867 10.910972341895102 1.7213046550750721 5.1195802539587021 1.568849988281724 1.8158407211303709 12.379537165164948
leaf_count=37 48 8 32 12 10 92
internal_value=0.00207897 -0.00516536 0.00345592 -0.0135748 -0.00369126 -0.0150356
internal_weight=40.6515 29.7405 14.0708 15.6697 6.93542 13.9484
internal_count=239 191 79 112 42 104
is_linear=0
shrinkage=0.03


Tree=57
num_leaves=7
num_cat=0
split_feature=0 54 68 19 54 43
split_gain=7.0774 3.09708 2.44262 1.017 0.527059 0.217162
threshold=1.8333333134651186 0.069159060716629042 376.21420288085943 0.57748931646347057 0.36973252892494207 0.15180068463087085
decision_type=2 2 8 2 2 2
left_child=1 -1 4 -2 -3 -4
right_child=3 2 5 -5 -6 -7
leaf_value=0.0045131414542660493 0.016523454213681409 -0.0028733068510959506 0 0 0.0052099182249470584 -0.01698550054751782
leaf_weight=2.5039444714784649 8.2334254458546621 4.7998080700635937 1.6478319764137292 2.2615782916545859 2.9744085073471069 15.071387872099875
leaf_count=11 37 28 9 11 15 114
internal_value=0 -0.0078962 -0.0118449 0.0140797 0 -0.0162296
internal_weight=37.4924 26.9974 24.4934 10.495 7.77422 16.7192
internal_count=225 177 166 48 43 123
is_linear=0
shrinkage=0.03


Tree=58
num_leaves=7
num_cat=0
split_feature=4 68 56 57 9 47
split_gain=9.03398 3.28497 2.4883 2.32081 0.284106 0.218376
threshold=0.0079052620567381399 984.45333862304699 -0.38683703541755671 0.87619999051094066 2.1666666269302373 0.087287481874227538
decision_type=10 8 2 2 2 2
left_child=2 -2 3 -1 -3 -4
right_child=1 4 5 -5 -6 -7
leaf_value=-0.017185294780477416 0.019956708191235732 -0.0042158463603169409 0.0040495687374027187 0 0.0014055057781790659 0
leaf_weight=13.156599521636968 11.640094563364984 2.9318242594599715 2.1658751964569083 3.3539939299225798 3.0874328315258026 4.291969396173954
leaf_count=96 53 19 10 21 14 27
internal_value=0.000945416 0.0143077 -0.00873189 -0.0133859 0 0.000424771
internal_weight=40.6278 17.6594 22.9684 16.5106 6.01926 6.45784
internal_count=240 86 154 117 33 37
is_linear=0
shrinkage=0.03


Tree=59
num_leaves=7
num_cat=0
split_feature=0 31 60 68 14 25
split_gain=8.51385 3.20838 1.43072 1.29936 1.11617 0.628976
threshold=1.8333333134651186 0.25995960831642156 1.0000000180025095e-35 1.0000000180025095e-35 8.2942690849304217 0.93361341953277599
decision_type=2 2 2 10 2 2
left_child=1 2 3 -1 -2 -3
right_child=4 5 -4 -5 -6 -7
leaf_value=0 0.018996433582286521 -0.014624219409980771 -0.0037473602590979648 0.012751772800498494 0 0
leaf_weight=3.249222896993162 8.879941523075102 14.753449566662313 4.2773592248558998 4.0639608651399612 2.704520806670188 1.2976148426532734
leaf_count=19 39 109 25 18 14 9
internal_value=0.000583504 -0.00704961 0.00118534 0.00803402 0.0164045 -0.0134717
internal_weight=39.2261 27.6416 11.5905 7.31318 11.5845 16.0511
internal_count=233 180 62 37 53 118
is_linear=0
shrinkage=0.03


Tree=60
num_leaves=7
num_cat=0
split_feature=12 30 52 60 68 4
split_gain=9.08305 1.55248 1.60375 1.41047 1.26484 0.0582111
threshold=0.50757575035095226 0.13510000705718997 -0.37571489810943598 0.31399999558925634 752.01473999023449 0.018191121518611911
decision_type=2 2 2 2 8 10
left_child=1 -1 -3 4 -2 -6
right_child=3 2 -4 -5 5 -7
leaf_value=0 0.019866334099008075 -0.014878314342921526 0 0 -0.00039866101701849005 0.0020235268784427446
leaf_weight=2.1809379607439068 10.763676390051847 14.150245584547523 2.8394364565610859 1.9172618836164463 3.4080505222082129 2.2742753624916077
leaf_count=11 48 112 18 10 17 10
internal_value=0.00157363 -0.00926757 -0.0120249 0.014284 0.0163348 0
internal_weight=37.5339 19.1706 16.9897 18.3633 16.446 5.68233
internal_count=226 141 130 85 75 27
is_linear=0
shrinkage=0.03


Tree=61
num_leaves=7
num_cat=0
split_feature=12 4 30 52 61 60
split_gain=7.79005 3.01196 2.31079 0.760908 0.602248 0.277545
threshold=0.50757575035095226 0.0055944493506103763 0.13510000705718997 -0.37571489810943598 0.0014000000082887711 0.00059999998484272521
decision_type=2 10 2 2 2 2
left_child=2 5 -1 4 -4 -2
right_child=1 -3 3 -5 -6 -7
leaf_value=0.001232689260836326 0.0015290024997669073 0.018093432351228591 -0.016331912530465446 0 0 -0.0039824700367938858
leaf_weight=3.088810250163081 3.9345942288637188 12.011277750134466 11.817106708884241 2.8416749387979481 2.3691637217998514 3.6956086456775665
leaf_count=16 18 53 99 18 15 21
internal_value=0.000579683 0.0123146 -0.00917029 -0.0130352 -0.0147714 0
internal_weight=39.7582 19.6415 20.1168 17.0279 14.1863 7.6302
internal_count=240 92 148 132 114 39
is_linear=0
shrinkage=0.03


Tree=62
num_leaves=7
num_cat=0
split_feature=58 0 51 40 51 56
split_gain=7.03687 5.60509 1.46825 0.990749 0.660248 0.265546
threshold=0.009599999990314247 0.83333334326744091 -0.41610644757747645 0.062682796269655242 -0.3978706151247024 -0.54589617252349842
decision_type=2 2 2 2 2 2
left_child=1 3 -2 -1 -5 -3
right_child=2 5 -4 4 -6 -7
leaf_value=0.0025856133566005243 -0.015227176373644295 0 0 -0.0091970899502450704 0 0.019944298058438729
leaf_weight=3.3009201437234905 10.252623267471789 1.7876314595341671 1.2595224380493153 7.2015275135636303 2.78109034895897 10.575006827712057
leaf_count=19 81 10 7 48 14 48
internal_value=0 0.00911053 -0.0125245 -0.00157885 -0.00656331 0.0188492
internal_weight=37.1583 25.6462 11.5121 13.2835 9.98262 12.3626
internal_count=227 139 88 81 62 58
is_linear=0
shrinkage=0.03


Tree=63
num_leaves=7
num_cat=0
split_feature=58 30 62 26 9 42
split_gain=5.84768 5.01404 1.99071 0.612643 0.549809 0.297812
threshold=0.009599999990314247 0.3257004469633103 0.55140000581741344 0.016218227334320549 2.1666666269302373 0.48570363223552709
decision_type=2 2 2 2 2 2
left_child=1 3 -2 -1 -3 -5
right_child=2 4 -4 5 -6 -7
leaf_value=0 -0.014622875391557396 -0.006170295837418756 0 0.019210428972129687 0 0
leaf_weight=1.7801619321107889 11.041788876056669 7.6332591548562032 1.7404079735279072 10.894043132662771 1.9125457406044004 2.5196195244789115
leaf_count=9 87 54 10 51 9 12
internal_value=0 0.00857633 -0.0109019 0.0165388 -0.00300514 0.0178292
internal_weight=37.5218 24.7396 12.7822 15.1938 9.5458 13.4137
internal_count=232 135 97 72 63 63
is_linear=0
shrinkage=0.03


Tree=64
num_leaves=7
num_cat=0
split_feature=68 60 11 30 1 44
split_gain=8.37759 5.98285 2.83043 2.18112 0.982339 0.459322
threshold=697.16046142578136 0.077600002288818373 5.6070852279663095 0.37630313634872442 1.8333333134651186 0.65173587203025829
decision_type=8 2 2 2 2 2
left_child=1 3 4 -1 5 -2
right_child=2 -3 -4 -5 -6 -7
leaf_value=0.023419129967057639 -0.01673205967757227 -0.0032713514147443739 0.0021571722451532971 0 0 0
leaf_weight=12.032113134860994 13.111869655549532 6.1365484818816176 2.9800848811864844 3.1617197394371024 1.6326419711112965 1.3716285079717625
leaf_count=54 102 38 17 21 7 7
internal_value=0.00104328 0.0125171 -0.00960797 0.0200427 -0.0140739 -0.0157287
internal_weight=40.4266 21.3304 19.0962 15.1938 16.1161 14.4835
internal_count=246 113 133 75 116 109
is_linear=0
shrinkage=0.03


Tree=65
num_leaves=7
num_cat=0
split_feature=0 68 43 43 60 14
split_gain=7.8751 3.62965 1.7268 1.25195 1.22246 0.805749
threshold=1.8333333134651186 376.21420288085943 0.15180068463087085 0.70417925715446483 0.0061999999452382335 13.221588611602785
decision_type=2 8 2 2 2 2
left_child=1 4 -3 -4 -1 -2
right_child=5 2 3 -5 -6 -7
leaf_value=0.0092187143406465052 0.01785009363702586 0 -0.017489549036818309 0 -0.0012856751198903158 0
leaf_weight=4.6941260546445864 9.4963555186986905 1.8756188005208994 14.216539680957792 1.569714955985545 4.2626475840806961 1.9789940565824498
leaf_count=24 43 10 113 8 26 11
internal_value=0.000806814 -0.00667595 -0.0130717 -0.0156067 0.00301337 0.0159842
internal_weight=38.094 26.6186 17.6619 15.7863 8.95677 11.4753
internal_count=235 181 131 121 50 54
is_linear=0
shrinkage=0.03


Tree=66
num_leaves=7
num_cat=0
split_feature=68 60 11 4 54 4
split_gain=6.31112 4.42644 1.89688 1.33969 1.25678 0.73886
threshold=697.16046142578136 0.077600002288818373 5.6070852279663095 0.0088907959870994108 0.069159060716629042 0.0050959466025233277
decision_type=8 2 2 8 2 8
left_child=1 3 4 -1 -2 -6
right_child=2 -3 -4 -5 5 -7
leaf_value=0 0 -0.0018743186035666587 0.0013078868309849699 0.020160654305761822 0 -0.014820848991108783
leaf_weight=1.1969999521970756 1.7704576402902663 5.7835400551557532 2.7432953417301169 12.598848767578602 1.2547821924090357 13.623377323150635
leaf_count=7 8 35 16 62 10 102
internal_value=0.00126895 0.0117031 -0.00762214 0.0183122 -0.0112837 -0.0134852
internal_weight=38.9713 19.5794 19.3919 13.7958 16.6486 14.8782
internal_count=240 104 136 69 120 112
is_linear=0
shrinkage=0.03


Tree=67
num_leaves=7
num_cat=0
split_feature=0 54 68 14 55 42
split_gain=6.86903 2.897 3.58796 1.65584 0.784155 0.536814
threshold=1.8333333134651186 0.069159060716629042 313.60475158691412 13.609868049621584 0.042975252494215972 0.18874773383140567
decision_type=2 2 8 2 2 2
left_child=1 -1 4 -2 -3 -4
right_child=3 2 5 -5 -6 -7
leaf_value=0.0056174929977703169 0.017909964615189598 0.0068900364463955043 0 0 -0.0017311757301506951 -0.016985238774499863
leaf_weight=2.265842184424403 9.9655405580997449 4.2894967496395138 1.4689709767699266 1.8407642170786847 3.4566403478384018 15.079392202198504
leaf_count=10 46 22 11 10 20 117
internal_value=0.000992807 -0.0059991 -0.0101542 0.0150116 0.000854233 -0.0159479
internal_weight=38.3666 26.5603 24.2945 11.8063 7.74614 16.5484
internal_count=236 180 170 56 42 128
is_linear=0
shrinkage=0.03


Tree=68
num_leaves=7
num_cat=0
split_feature=58 1 62 60 38 32
split_gain=5.23605 4.37519 1.47116 0.67463 1.06809 0.21612
threshold=0.011799999978393318 0.83333334326744091 0.55140000581741344 0.0030000000260770325 0.11142597720026971 0.79242023825645458
decision_type=2 2 2 2 2 2
left_child=1 3 -2 4 -1 -5
right_child=2 -3 -4 5 -6 -7
leaf_value=0.009464109580912242 -0.012008492605460743 0.019304005250056752 0 -0.0065000926628672826 -7.3349984048702804e-06 0
leaf_weight=2.6801750361919456 8.7956535443663579 10.775740705430506 1.2523948103189457 4.8444566354155532 7.8672579750418663 1.274970971047878
leaf_count=11 71 51 7 33 48 9
internal_value=0.00317327 0.0100799 -0.00831578 0 0.00291401 -0.00518099
internal_weight=37.4906 27.4426 10.048 16.6669 10.5474 6.11943
internal_count=230 152 78 101 59 42
is_linear=0
shrinkage=0.03


Tree=69
num_leaves=7
num_cat=0
split_feature=58 30 62 60 50 49
split_gain=5.99592 4.13432 1.40901 1.37937 0.447315 0.404596
threshold=0.011799999978393318 0.3257004469633103 0.37680000066757208 0.19040000438690188 0.14968683570623401 0.094472233206033721
decision_type=2 2 2 2 2 2
left_child=1 3 -2 -1 5 -3
right_child=2 4 -4 -5 -6 -7
leaf_value=0.01899943245990229 -0.012471557719925735 -0.00011313603009828175 0 0 -0.0053198430673930498 0.005465828642412511
leaf_weight=15.036264874041086 9.2458190619945508 3.3079144507646543 1.4495963007211674 2.1072524785995475 4.3742210045456886 2.2463077306747437
leaf_count=70 76 25 8 12 30 11
internal_value=0.00293114 0.0104925 -0.00913073 0.0169475 -0.000553881 0.000349141
internal_weight=37.7674 27.072 10.6954 17.1435 9.92844 5.55422
internal_count=232 148 84 82 66 36
is_linear=0
shrinkage=0.03


Tree=70
num_leaves=7
num_cat=0
split_feature=4 68 54 57 11 53
split_gain=5.72928 3.65135 2.11868 1.95188 0.865847 0.306237
threshold=0.0079052620567381399 984.45333862304699 0.079683117568492903 0.87619999051094066 7.5000000000000009 -0.25670632719993586
decision_type=10 8 2 2 2 2
left_child=2 -2 -1 5 -3 -4
right_child=1 4 3 -5 -6 -7
leaf_value=0.0018322474081625233 0.018453552289807058 -0.007004432843078748 -0.015544242384730423 0 0.0027799435702958609 0
leaf_weight=4.0706957727670696 10.672957397997381 4.0177845880389205 12.094333611428739 2.9413321837782851 2.0251865833997726 1.501483105123042
leaf_count=20 51 28 97 18 9 9
internal_value=0.000978547 0.0118556 -0.00687483 -0.0111619 -0.000296534 -0.0146481
internal_weight=37.3238 16.7159 20.6078 16.5371 6.04297 13.5958
internal_count=232 88 144 124 37 106
is_linear=0
shrinkage=0.03


Tree=71
num_leaves=7
num_cat=0
split_feature=58 28 30 47 36 47
split_gain=8.12714 4.79626 2.18211 1.12074 0.470813 0.407051
threshold=0.011799999978393318 0.520310938358307 0.3257004469633103 0.16693903505802157 0.068459115922451033 0.13558906316757205
decision_type=2 2 2 2 2 2
left_child=1 2 4 -2 -1 -3
right_child=3 5 -4 -5 -6 -7
leaf_value=0 0 0 0 -0.013310644928336109 0.022895921960440713 -0.005561547465570419
leaf_weight=1.9934296905994475 1.0977115929126728 2.8568041548132888 3.95873238146305 10.09210819005966 12.480897068977354 3.8258853629231453
leaf_count=10 6 17 24 86 58 31
internal_value=0.00285988 0.0121009 0.0181799 -0.0109724 0.0215456 -0.00191688
internal_weight=36.3056 25.1157 18.4331 11.1898 14.4743 6.68269
internal_count=232 140 92 92 68 48
is_linear=0
shrinkage=0.03


Tree=72
num_leaves=7
num_cat=0
split_feature=4 68 51 55 11 39
split_gain=5.99258 2.81384 0.9966 1.28073 0.614185 0.00506171
threshold=0.0079052620567381399 917.62997436523449 -0.3978706151247024 -0.15479367971420285 5.6070852279663095 0.19289850443601611
decision_type=10 8 2 2 2 2
left_child=2 -2 3 -1 -3 -4
right_child=1 4 5 -5 -6 -7
leaf_value=0 0.015934935248569159 -0.0059663500133508495 0.00061885749883614036 -0.015102001301198917 0.0019322236580403837 0
leaf_weight=3.3322509080171612 8.8520354628562892 4.2455232813954362 1.8948420882225065 12.753377482295035 2.2587028294801712 1.84240086376667
leaf_count=23 42 28 10 100 11 10
internal_value=-0.000152798 0.00942957 -0.0102606 -0.0124398 -7.92053e-05 0
internal_weight=35.1791 15.3563 19.8229 16.0856 6.50423 3.73724
internal_count=224 81 143 123 39 20
is_linear=0
shrinkage=0.03


Tree=73
num_leaves=7
num_cat=0
split_feature=58 26 60 42 54 30
split_gain=6.27825 4.86657 3.49653 1.03166 0.441943 0.260715
threshold=0.011799999978393318 0.52387118339538585 0.31399999558925634 0.38010960817337042 0.070939652621746077 0.3257004469633103
decision_type=2 2 2 2 2 2
left_child=1 2 5 -2 -3 -1
right_child=3 4 -4 -5 -6 -7
leaf_value=0.021308436435087032 -0.012945404745127299 0 -2.4994742467442787e-05 0 -0.0063787231128072733 0
leaf_weight=14.003390744328508 9.7634994685649854 1.670548990368842 3.0177098512649527 1.1700546145439137 5.2090626880526543 2.3889367654919615
leaf_count=65 83 8 19 7 41 12
internal_value=0.00139193 0.00961997 0.0159875 -0.0106706 -0.00361904 0.0201012
internal_weight=37.2232 26.2896 19.41 10.9336 6.87961 16.3923
internal_count=235 145 96 90 49 77
is_linear=0
shrinkage=0.03


Tree=74
num_leaves=7
num_cat=0
split_feature=68 60 0 6 4 58
split_gain=6.83364 4.02375 2.87228 2.29647 1.548 0.784186
threshold=667.86233520507824 0.31399999558925634 2.5000000000000004 192.00000000000003 0.0050959466025233277 0.011799999978393318
decision_type=8 2 2 2 8 2
left_child=1 3 4 5 -2 -1
right_child=2 -3 -4 -5 -6 -7
leaf_value=0.022018665853928691 0 -0.0026068639397729188 0.0024169204692577133 0 -0.016211800431389003 0
leaf_weight=10.841216444969179 1.4471439570188529 3.9588531777262679 3.1618877202272406 1.6320746988058079 13.782880231738091 2.6032956391572943
leaf_count=52 11 25 14 10 112 17
internal_value=0.000297855 0.0114478 -0.00909647 0.0170989 -0.0138754 0.0200221
internal_weight=37.4274 19.0354 18.3919 15.0766 15.23 13.4445
internal_count=241 104 137 79 123 69
is_linear=0
shrinkage=0.03


Tree=75
num_leaves=7
num_cat=0
split_feature=58 26 60 62 32 51
split_gain=5.74509 4.0358 2.48937 1.39601 0.987441 0.56823
threshold=0.011799999978393318 0.52387118339538585 0.31399999558925634 0.55140000581741344 0.35494966804981237 -0.39158758521080012
decision_type=2 2 2 2 2 2
left_child=1 2 4 -2 -1 -3
right_child=3 5 -4 -5 -6 -7
leaf_value=0.021168649585605648 -0.011985387671209794 -0.0058890520618084764 0 0 0 0.00057765113500551598
leaf_weight=14.545864716172227 9.0215926095843297 5.7570265755057335 3.0094909146428099 1.3726934790611256 2.5273693799972525 1.6682417690753926
leaf_count=68 79 44 19 8 13 9
internal_value=0.0034867 0.0106783 0.0161746 -0.00850734 0.0193249 -0.00149517
internal_weight=37.9023 27.508 20.0827 10.3943 17.0732 7.42527
internal_count=240 153 100 87 81 53
is_linear=0
shrinkage=0.03


Tree=76
num_leaves=7
num_cat=0
split_feature=68 60 11 30 51 49
split_gain=4.92208 3.72875 2.64497 2.18436 0.725989 0.14016
threshold=697.16046142578136 0.077600002288818373 5.6070852279663095 0.35304744541645056 -0.40207976102828974 0.048165421932935722
decision_type=8 2 2 2 2 2
left_child=1 3 4 -1 -2 -3
right_child=2 5 -4 -5 -6 -7
leaf_value=0.020079210722265307 -0.014472012695092294 0 0.0031165289359462965 0 0 -0.0035871396619351179
leaf_weight=10.635260045528414 10.674135081470013 1.7114862054586399 3.0604096278548232 3.5534778833389273 3.2805299460887918 4.0820009335875511
leaf_count=50 89 11 18 23 18 26
internal_value=0.000988937 0.0100907 -0.00725761 0.0162071 -0.0123887 -0.0018671
internal_weight=36.9973 19.9822 17.0151 14.1887 13.9547 5.79349
internal_count=235 110 125 73 107 37
is_linear=0
shrinkage=0.03


Tree=77
num_leaves=7
num_cat=0
split_feature=0 68 51 58 37 60
split_gain=4.80517 1.87579 1.69373 1.31185 0.688515 0.648072
threshold=1.8333333134651186 376.21420288085943 -0.40207976102828974 0.009599999990314247 0.92703926563262951 0.0061999999452382335
decision_type=2 8 2 2 2 2
left_child=1 5 4 -2 -3 -1
right_child=3 2 -4 -5 -6 -7
leaf_value=0.0064389785373939164 0.015669159343099929 -0.015023015126111186 0 0 0 -0.00068487731830396323
leaf_weight=4.6328020095825213 9.3966886103153211 10.359800137579439 4.043547496199607 1.6217944994568814 1.2150100022554386 4.662849634885788
leaf_count=24 45 91 23 11 9 28
internal_value=0.00104438 -0.00476608 -0.0097813 0.0130539 -0.0135742 0.00125303
internal_weight=35.9325 24.914 15.6184 11.0185 11.5748 9.29565
internal_count=231 175 123 56 100 52
is_linear=0
shrinkage=0.03


Tree=78
num_leaves=7
num_cat=0
split_feature=68 51 24 58 30 0
split_gain=5.2593 1.87662 1.84082 0.792431 0.910436 0.656279
threshold=697.16046142578136 -0.40207976102828974 0.63725516200065624 0.016199999488890175 0.3257004469633103 2.1666666269302373
decision_type=8 2 2 2 2 2
left_child=2 5 3 4 -1 -2
right_child=1 -3 -4 -5 -6 -7
leaf_value=0.01739408912049881 -0.014087347760636226 0.00048157997950758701 0 0 0 0
leaf_weight=10.099183678627019 10.786628022789953 2.7679988443851462 3.7889899164438239 2.9080744683742514 3.1828629299998275 1.8471464961767186
leaf_count=49 96 15 27 17 18 9
internal_value=0.000390982 -0.00853064 0.00982138 0.0131785 0.0150332 -0.0124965
internal_weight=35.3809 15.4018 19.9791 16.1901 13.282 12.6338
internal_count=231 120 111 84 67 105
is_linear=0
shrinkage=0.03


Tree=79
num_leaves=7
num_cat=0
split_feature=68 60 11 47 4 58
split_gain=5.92128 3.35912 2.62655 1.42129 1.48508 1.12565
threshold=464.86520385742193 0.34340000152587896 7.5000000000000009 0.073408186435699477 0.0050959466025233277 0.011799999978393318
decision_type=8 2 2 2 8 2
left_child=1 5 3 -2 -5 -1
right_child=2 -3 -4 4 -6 -7
leaf_value=0.017917283156414384 0 -0.0024879686900337191 0.0027699063460951989 0 -0.016885061678872298 0
leaf_weight=12.047176450490953 1.7145573049783767 3.0558261126279822 2.5466006621718398 1.6267105862498308 14.868764147162436 2.5853832662105551
leaf_count=60 8 19 13 13 118 17
internal_value=0 0.0106191 -0.00847067 -0.0125942 -0.0147362 0.015691
internal_weight=38.445 17.6884 20.7566 18.21 16.4955 14.6326
internal_count=248 96 152 139 131 77
is_linear=0
shrinkage=0.03


Tree=80
num_leaves=7
num_cat=0
split_feature=12 60 68 30 54 54
split_gain=4.83236 1.67391 1.75442 1.55088 0.321642 0.348565
threshold=0.50757575035095226 0.31399999558925634 752.01473999023449 0.13510000705718997 0.078619293868541731 0.76592186093330394
decision_type=2 2 8 2 2 2
left_child=3 2 -2 -1 -5 -6
right_child=1 -3 -4 4 5 -7
leaf_value=0 0.016516801145758986 0 0 0 -0.013424572703902817 0
leaf_weight=2.563361048698428 10.325027048587799 2.0412823632359496 5.1290191113948831 1.3900108262896527 11.578405410051344 1.6507029011845578
leaf_count=14 50 12 26 8 103 14
internal_value=0 0.00945742 0.0124821 -0.00833817 -0.0115525 -0.0124059
internal_weight=34.6778 17.4953 15.454 17.1825 14.6191 13.2291
internal_count=227 88 76 139 125 117
is_linear=0
shrinkage=0.03


Tree=81
num_leaves=7
num_cat=0
split_feature=68 60 58 0 28 44
split_gain=4.72548 5.37824 1.9791 1.72752 0.8196 0.767362
threshold=752.01473999023449 0.077600002288818373 0.045199999585747726 2.1666666269302373 0.68654808402061474 0.062766630202531828
decision_type=8 2 2 2 2 2
left_child=1 2 4 5 -1 -2
right_child=3 -3 -4 -5 -6 -7
leaf_value=0.02122603222716828 0 -0.0046745745503476831 0 0.0004699648520539992 0 -0.013077303717112999
leaf_weight=11.511528469622137 0.90160115063190716 5.9608343541622153 1.7259276956319798 3.013310730457305 1.5718365982174862 12.369452469050882
leaf_count=55 5 39 13 14 10 109
internal_value=0.000494321 0.00933508 0.0170038 -0.00776057 0.0196954 -0.0116066
internal_weight=37.0545 20.7701 14.8093 16.2844 13.0834 13.2711
internal_count=245 117 78 128 65 114
is_linear=0
shrinkage=0.03


Tree=82
num_leaves=7
num_cat=0
split_feature=0 31 51 23 17 58
split_gain=4.39486 2.44404 2.4387 0.932504 0.666977 0.571231
threshold=1.8333333134651186 0.14182729274034503 -0.4306392222642898 0.91513192653656017 0.68966230750083934 0.0042000000830739745
decision_type=2 2 2 2 2 2
left_child=1 5 3 -3 -2 -1
right_child=4 2 -4 -5 -6 -7
leaf_value=0.0075249236352544265 0.015029190672672534 -0.015061740938505855 0.00073726614181934737 0 0 0
leaf_weight=4.6011231094598797 8.6955415457487089 13.758255168795587 4.8958741649985305 1.0365667939186085 2.1539153307676306 2.3354432880878448
leaf_count=21 45 115 28 9 11 15
internal_value=0.00174151 -0.00360783 -0.00892253 -0.0135471 0.0131814 0.00429668
internal_weight=37.4767 26.6273 19.6907 14.7948 10.8495 6.93657
internal_count=244 188 152 124 56 36
is_linear=0
shrinkage=0.03


Tree=83
num_leaves=7
num_cat=0
split_feature=12 58 68 48 62 68
split_gain=6.03501 2.0803 1.5485 1.18343 0.609296 0.250243
threshold=0.50757575035095226 0.016199999488890175 505.51928710937506 0.12942958623170855 0.99939998984336864 247.4860534667969
decision_type=2 2 8 2 2 10
left_child=2 3 5 -2 -4 -1
right_child=1 -3 4 -5 -6 -7
leaf_value=-0.00094072327375155113 0.017387721683845222 0 -0.013414816693612611 0 0 0.0039811244647901829
leaf_weight=3.2002766132354763 13.146504417061808 2.8241166025400153 9.1461445689201319 2.3355450481176367 1.1929323226213462 3.4729226604104042
leaf_count=21 64 17 89 11 8 21
internal_value=0.00171018 0.0119772 -0.00746049 0.0152586 -0.0119349 0
internal_weight=35.3184 18.3062 17.0123 15.482 10.3391 6.6732
internal_count=231 92 139 75 97 42
is_linear=0
shrinkage=0.03


Tree=84
num_leaves=7
num_cat=0
split_feature=58 0 62 14 60 29
split_gain=5.60234 3.3504 1.27005 0.832176 0.547434 0.694535
threshold=0.011799999978393318 0.83333334326744091 0.55140000581741344 13.604084968566896 0.0030000000260770325 0.45936143398284918
decision_type=2 2 2 2 2 2
left_child=1 4 -2 -3 5 -1
right_child=2 3 -4 -5 -6 -7
leaf_value=0.0066544548644638648 -0.013271871518487577 0.018152704001022341 0 0 -0.0052306789763490588 -0.00058747673829661002
leaf_weight=5.7876650542020815 8.7499456703662855 10.39732141792774 1.2248564362525929 2.2392809242010108 5.1454677879810324 2.420803427696228
leaf_count=33 78 53 8 13 37 14
internal_value=0.00127338 0.00906428 -0.0103979 0.0162431 0 0.00207384
internal_weight=35.9653 25.9905 9.9748 12.6366 13.3539 8.20847
internal_count=236 150 86 66 84 47
is_linear=0
shrinkage=0.03


Tree=85
num_leaves=7
num_cat=0
split_feature=0 54 48 14 68 30
split_gain=5.04286 2.60316 2.02673 0.710588 0.573396 0.0953604
threshold=1.8333333134651186 0.069159060716629042 -0.19895818084478376 8.2942690849304217 313.60475158691412 0.84942904114723217
decision_type=2 2 2 2 8 2
left_child=1 -1 4 -2 -3 -4
right_child=3 2 5 -5 -6 -7
leaf_value=0.0044407435504104868 0.015025024772449744 0.0053912121169758876 -0.015523815844475725 0 -0.0030325856226631654 0
leaf_weight=3.0863759070634869 7.7020259201526624 3.1375204771757152 11.480243124067782 2.4311260730028152 4.5936984419822693 2.064389891922473
leaf_count=14 39 16 92 13 40 18
internal_value=0 -0.00586462 -0.0102199 0.0129123 0 -0.0147042
internal_weight=34.4954 24.3622 21.2759 10.1332 7.73122 13.5446
internal_count=232 180 166 52 56 110
is_linear=0
shrinkage=0.03


Tree=86
num_leaves=7
num_cat=0
split_feature=12 60 68 19 38 4
split_gain=4.09275 1.76902 2.11105 0.939168 0.704446 0.477765
threshold=0.30952382087707525 0.0030000000260770325 1.0000000180025095e-35 0.2999271303415299 0.27354599535465246 0.011484991759061815
decision_type=2 2 10 2 2 10
left_child=3 2 -2 -1 -5 -3
right_child=1 5 -4 4 -6 -7
leaf_value=0 0 -0.0052292334278993937 0.016588499525759973 0 -0.013003690000662262 0.0018777259022246479
leaf_weight=3.229911357164382 4.6599083840847042 4.1552721187472335 9.301423713564871 2.0063201710581771 9.7725673243403417 2.1713381633162498
leaf_count=27 24 25 45 17 86 11
internal_value=0 0.0077502 0.0119319 -0.00863378 -0.0111538 0
internal_weight=35.2967 20.2879 13.9613 15.0088 11.7789 6.32661
internal_count=235 105 69 130 103 36
is_linear=0
shrinkage=0.03


Tree=87
num_leaves=7
num_cat=0
split_feature=0 51 31 11 68 48
split_gain=5.5554 3.07077 1.95961 0.780972 0.31718 0.110866
threshold=2.1666666269302373 -0.4306392222642898 0.15461797267198565 2.8611940145492558 102.1502151489258 -0.19895818084478376
decision_type=2 2 2 2 8 2
left_child=1 2 5 -3 -4 -1
right_child=-2 3 4 -5 -6 -7
leaf_value=0.002790579425188934 0.014469873801278345 0.008211073848694914 0 0 -0.015684798242789833 0
leaf_weight=2.8130746632814407 9.6188479363918287 4.5496378168463734 1.2022883966565103 2.6740528270602226 12.217248365283012 2.1071498468518284
leaf_count=14 49 24 7 16 113 14
internal_value=0.000927812 -0.00511653 -0.01098 0.00401816 -0.0148726 0
internal_weight=35.1823 25.5635 18.3398 7.22369 13.4195 4.92022
internal_count=237 188 148 40 120 28
is_linear=0
shrinkage=0.03


Tree=88
num_leaves=7
num_cat=0
split_feature=12 0 47 55 68 60
split_gain=4.5086 1.74181 0.589948 0.382489 0.198739 0.662441
threshold=0.30952382087707525 1.1666666865348818 0.096516769379377379 0.13327334821224215 752.01473999023449 0.00059999998484272521
decision_type=2 2 2 2 8 2
left_child=2 4 -1 -3 5 -2
right_child=1 3 -4 -5 -6 -7
leaf_value=0 0.0068201609134346079 0.014385792670132104 -0.011355017317462347 0 -0.0034651241416726762 -0.00091930946416634456
leaf_weight=0.99712672084569831 2.9197301566600808 7.4120490700006467 12.469380103051661 2.4952246844768524 3.5725891292095193 3.1798780113458633
leaf_count=6 12 38 118 12 23 18
internal_value=0 0.00756223 -0.0100415 0.0127953 0 0.000993704
internal_weight=33.046 19.5795 13.4665 9.90727 9.6722 6.09961
internal_count=227 103 124 50 53 30
is_linear=0
shrinkage=0.03


Tree=89
num_leaves=7
num_cat=0
split_feature=26 58 2 11 46 51
split_gain=4.45341 3.99599 1.61214 1.33776 0.55156 0.0844038
threshold=0.52387118339538585 0.011799999978393318 1.9959999918937685 0.91111111640930187 0.07509393617510797 -0.53983652591705311
decision_type=2 2 2 2 2 2
left_child=1 2 3 -1 -2 -3
right_child=4 5 -4 -5 -6 -7
leaf_value=0 0 -0.0055713451259112538 0 0.017579136456374825 -0.011677691969015689 0
leaf_weight=2.3757243603468039 1.400011971592902 3.9112484529614449 2.0670986026525489 15.268652163445948 9.0018575116991979 1.1786077469587315
leaf_count=13 7 35 13 77 87 8
internal_value=0 0.00741454 0.0131704 0.0154569 -0.0101331 -0.00485607
internal_weight=35.2032 24.8013 19.7115 17.6444 10.4019 5.08986
internal_count=240 146 103 90 94 43
is_linear=0
shrinkage=0.03


Tree=90
num_leaves=7
num_cat=0
split_feature=1 54 48 29 56 61
split_gain=3.89887 3.03759 1.9196 0.914029 0.498441 0.414041
threshold=0.83333334326744091 0.069159060716629042 -0.19895818084478376 0.52972489595413219 -0.55636668205261219 1.0000000180025095e-35
decision_type=2 2 2 2 2 2
left_child=1 -1 5 -2 -5 -3
right_child=3 2 -4 4 -6 -7
leaf_value=0.0059284741503795573 0 -0.0021667727622001203 -0.014613372921562034 0 0.014441326598366794 0.0050257799457412832
leaf_weight=2.9635137468576458 1.4740444049239148 4.7565393894910839 12.844260044395922 1.7593601420521725 8.7533988654613477 2.0100982040166855
leaf_count=13 14 39 99 11 46 9
internal_value=0.000276615 -0.00517559 -0.0103153 0.0109574 0.0129921 0
internal_weight=34.5612 22.5744 19.6109 11.9868 10.5128 6.76664
internal_count=231 160 147 71 57 48
is_linear=0
shrinkage=0.03


Tree=91
num_leaves=7
num_cat=0
split_feature=1 58 54 61 46 57
split_gain=4.50315 2.69119 2.32053 2.0869 0.890274 0.667972
threshold=0.83333334326744091 0.009599999990314247 0.069159060716629042 1.0000000180025095e-35 0.20967218279838565 0.99900001287460338
decision_type=2 2 2 2 2 2
left_child=2 -2 -1 5 -5 -4
right_child=1 -3 3 4 -6 -7
leaf_value=0.0052311800145962992 0.017244814514083631 0 -0.014761075311138478 -0.0032296589796278752 0.0070743002644262842 0
leaf_weight=3.3411438763141659 11.356198988854883 2.9314010217785826 11.41714271903038 3.3661985397338858 3.2244662567973137 1.1610842794179923
leaf_count=15 58 26 100 21 16 7
internal_value=0.00269491 0.0127187 -0.00377705 -0.00865929 0 -0.0134186
internal_weight=36.7976 14.2876 22.51 19.1689 6.59066 12.5782
internal_count=243 84 159 144 37 107
is_linear=0
shrinkage=0.03


Tree=92
num_leaves=7
num_cat=0
split_feature=0 58 68 60 54 51
split_gain=4.54771 2.30888 0.744476 0.649565 0.514822 0.364787
threshold=3.5000000000000004 0.00059999998484272521 667.86233520507824 0.026600000448524955 0.069159060716629042 -0.40721872448921198
decision_type=2 2 8 2 2 2
left_child=1 2 3 -1 -4 -3
right_child=-2 5 4 -5 -6 -7
leaf_value=0.0087181703087019797 0.013000244949237962 -0.013265915667604693 0 0 -0.0057546528577581135 0
leaf_weight=5.0857447758317056 7.7150081396102896 9.9181768819689733 1.7800812572240809 2.8840033188462257 7.2533503845334053 1.4363499954342831
leaf_count=24 41 94 8 17 56 9
internal_value=0 -0.00535267 0 0.00559242 -0.00238231 -0.0121973
internal_weight=36.0727 28.3577 17.0032 7.96975 9.03343 11.3545
internal_count=249 208 105 41 64 103
is_linear=0
shrinkage=0.03


Tree=93
num_leaves=7
num_cat=0
split_feature=12 60 53 48 47 30
split_gain=2.52137 2.74362 1.44805 0.976443 0.879443 0.738104
threshold=0.30952382087707525 0.016400000080466274 -0.49311269819736475 0.13498388230800631 0.16693903505802157 0.14627855271101001
decision_type=2 2 2 2 2 2
left_child=4 2 -2 -4 -1 -6
right_child=1 -3 3 -5 5 -7
leaf_value=0 0 -0.0020420292518863073 0.017337059048407277 0 0 -0.010544203359470582
leaf_weight=2.6588482409715644 1.7094584852457053 5.8392817229032508 10.521721348166464 1.9042140990495688 1.3190805688500393 9.4432492926716787
leaf_count=18 11 36 51 10 7 96
internal_value=0.000674037 0.00726721 0.0128515 0.0153579 -0.00548998 -0.00849244
internal_weight=33.3959 19.9747 14.1354 12.4259 13.4212 10.7623
internal_count=229 108 72 61 121 103
is_linear=0
shrinkage=0.03


Tree=94
num_leaves=7
num_cat=0
split_feature=58 0 40 68 19 50
split_gain=4.23115 2.07995 1.17012 1.03977 0.445072 0.31024
threshold=0.005799999926239253 1.5000000000000002 0.23119510710239413 697.16046142578136 0.60617581009864818 0.24566179513931277
decision_type=2 2 2 8 2 2
left_child=1 3 5 4 -1 -2
right_child=2 -3 -4 -5 -6 -7
leaf_value=0.0074190289858819761 -0.012658538809463044 0.014683384330316594 0 -0.0053935054129782261 0 0
leaf_weight=5.1718035042285928 8.3884458020329458 8.948741063475607 1.0988114476203907 7.231816992163659 1.9793281927704809 1.0951933860778797
leaf_count=26 80 46 6 55 13 10
internal_value=0.000668208 0.008149 -0.0088559 0 0.00503338 -0.0117005
internal_weight=33.9141 23.3317 10.5825 14.3829 7.15113 9.48364
internal_count=236 140 96 94 39 90
is_linear=0
shrinkage=0.03


Tree=95
num_leaves=6
num_cat=0
split_feature=30 58 60 44 2
split_gain=4.44727 3.1575 2.55723 2.1229 0.452141
threshold=0.3257004469633103 0.045199999585747726 0.026600000448524955 0.61688560247421276 1.4670542478561404
decision_type=2 2 2 2 2
left_child=1 2 4 -2 -1
right_child=3 -3 -4 -5 -6
leaf_value=0.019043122467145863 -0.013399997280712237 -0.0036804148847924454 0 0.0006684523713731069 0
leaf_weight=10.234776906669142 11.960310451686381 3.0216327086091033 3.2899985089898101 3.0028373152017585 2.3728062659502021
leaf_count=51 109 25 20 15 13
internal_value=0 0.00824127 0.0133702 -0.00903637 0.0175094
internal_weight=33.8824 18.9192 15.8976 14.9631 12.6076
internal_count=233 109 84 124 64
is_linear=0
shrinkage=0.03


Tree=96
num_leaves=7
num_cat=0
split_feature=58 30 60 62 47 49
split_gain=4.83594 2.26825 1.44243 0.777143 0.774844 0.23371
threshold=0.011799999978393318 0.3257004469633103 0.31399999558925634 0.61460000276565563 0.16693903505802157 0.14659953117370608
decision_type=2 2 2 2 2 2
left_child=1 2 -1 -2 5 -3
right_child=3 4 -4 -5 -6 -7
leaf_value=0.017554603913089356 -0.01017752453723646 0.0057592146957256719 0 0 -0.0057966160383877852 0
leaf_weight=12.844720415771009 7.8146912306547147 3.0762300267815572 1.8116298839449871 1.0834907218813894 4.1061993911862373 1.5966717600822447
leaf_count=67 76 16 11 7 40 11
internal_value=0.00341539 0.01052 0.0152601 -0.00778672 0 0.0039018
internal_weight=32.3336 23.4355 14.6564 8.89818 8.7791 4.6729
internal_count=228 145 78 83 67 27
is_linear=0
shrinkage=0.03


Tree=97
num_leaves=7
num_cat=0
split_feature=58 60 68 68 26 5
split_gain=4.04467 2.21452 2.78143 0.354797 0.26065 0.0842172
threshold=0.011799999978393318 0.16399999707937243 1.0000000180025095e-35 125.49837112426759 0.14372427761554721 0.044748857617378242
decision_type=2 2 10 8 2 2
left_child=1 2 4 -2 -1 -3
right_child=3 5 -4 -5 -6 -7
leaf_value=0.0017777342068649475 0 -0.0027642512590415635 0.017146041957399296 -0.010485481013621631 -0.0035591882672850435 0
leaf_weight=2.5572513192892137 1.2728184163570375 3.514378882944583 12.175231657922266 7.5919757410883912 5.3854344636201859 1.2963072434067724
leaf_count=12 8 27 64 76 36 8
internal_value=0.000755203 0.00766166 0.0115473 -0.00925206 0 -0.00136186
internal_weight=33.7934 24.9286 20.1179 8.86479 7.94269 4.81069
internal_count=231 147 112 84 48 35
is_linear=0
shrinkage=0.03


Tree=98
num_leaves=7
num_cat=0
split_feature=58 28 35 47 47 23
split_gain=4.7779 2.83878 1.21586 0.297282 0.251918 0.0998238
threshold=0.011799999978393318 0.520310938358307 0.36522072553634649 0.207353450357914 0.13558906316757205 0.86594930291175853
decision_type=2 2 2 2 2 2
left_child=1 2 -1 -2 -3 -5
right_child=3 4 -4 5 -6 -7
leaf_value=0 0 0 0.017136805195688415 -0.011202833719870086 -0.0043838043326003421 0
leaf_weight=7.905012480914599 1.0031049996614445 3.1959020569920531 10.976641714572905 7.3599818944931013 3.3700188770890236 0.89396378397941578
leaf_count=43 6 20 58 74 31 9
internal_value=0.00118234 0.00846703 0.013244 -0.00972525 -0.00135053 -0.0106974
internal_weight=34.7046 25.4476 18.8817 9.25705 6.56592 8.25395
internal_count=241 152 101 89 51 83
is_linear=0
shrinkage=0.03


Tree=99
num_leaves=7
num_cat=0
split_feature=32 47 58 60 52 23
split_gain=3.82648 2.71281 1.68855 1.14096 0.579435 0.13646
threshold=0.19966991245746615 0.090125467628240599 0.045199999585747726 0.21280000358819964 -0.37571489810943598 0.67117682099342357
decision_type=2 2 2 2 2 2
left_child=2 5 3 -1 -3 -2
right_child=1 4 -4 -5 -6 -7
leaf_value=0.015294064637647434 0 -0.013875693484696892 0 0 0 0.0044909525281619346
leaf_weight=10.56193581223488 1.8414335101842905 10.82624375075102 1.6039381325244892 1.7516424953937519 2.6618496924638704 2.7349615097045898
leaf_count=55 10 106 12 10 19 15
internal_value=0 -0.00648645 0.00972723 0.0130202 -0.0121866 0.00303236
internal_weight=31.982 18.0645 13.9175 12.3136 13.4881 4.5764
internal_count=227 150 77 65 125 25
is_linear=0
shrinkage=0.03


Tree=100
num_leaves=7
num_cat=0
split_feature=68 60 6 0 54 4
split_gain=4.73942 2.78268 1.88031 1.6495 1.01017 0.694192
threshold=697.16046142578136 0.31399999558925634 192.00000000000003 2.1666666269302373 0.06128505431115628 0.0050959466025233277
decision_type=8 2 2 2 2 8
left_child=1 2 -1 4 -2 -6
right_child=3 -3 -4 -5 5 -7
leaf_value=0.017797469896734718 0 -0.0010493532029538905 0 0.00075836828835002023 0 -0.014329160485487304
leaf_weight=13.969382941722872 0.48190909624099632 3.3746912702918044 1.5115356221795071 3.7527747899293891 1.273979350924489 9.7477396801114082
leaf_count=78 2 23 10 18 12 95
internal_value=0.00206991 0.0108714 0.0152167 -0.00642973 -0.0108271 -0.0127735
internal_weight=34.112 18.8556 15.4809 15.2564 11.5036 11.0217
internal_count=238 111 88 127 109 107
is_linear=0
shrinkage=0.03


Tree=101
num_leaves=7
num_cat=0
split_feature=12 60 68 47 30 25
split_gain=4.25791 1.38484 1.39278 1.02065 0.781774 0.0659372
threshold=0.30952382087707525 0.31399999558925634 752.01473999023449 0.16693903505802157 0.13510000705718997 0.92418843507766735
decision_type=2 2 8 2 2 2
left_child=3 2 -2 -1 -5 -6
right_child=1 -3 -4 4 5 -7
leaf_value=0 0.016237065882883338 0 0 0 -0.011950379319382977 0
leaf_weight=2.800276391208171 10.331948608160024 2.3292381465435019 6.9676432609558097 1.3688701167702664 9.3298499956726992 0.92594127357006151
leaf_count=20 54 15 38 8 99 9
internal_value=0.00156135 0.00982571 0.0122653 -0.00664653 -0.00961121 -0.0115479
internal_weight=34.0538 19.6288 17.2996 14.4249 11.6247 10.2558
internal_count=243 107 92 136 116 108
is_linear=0
shrinkage=0.03


Tree=102
num_leaves=7
num_cat=0
split_feature=58 1 62 44 14 24
split_gain=3.11545 2.83561 0.82784 0.476391 0.478583 0.105148
threshold=0.011799999978393318 0.83333334326744091 0.55140000581741344 0.095870967954397215 1.3474708795547488 0.89520069956779491
decision_type=2 2 2 2 2 2
left_child=1 3 5 -1 -5 -2
right_child=2 -3 -4 4 -6 -7
leaf_value=0.0016470027717787477 -0.011656567824218611 0.013742881244083101 0 0 -0.0064849418164029662 0
leaf_weight=2.5437633544206646 7.6404328197240812 10.085664041340349 1.1712628826498974 1.3032782226800907 9.7524558678269369 0.90402502566575993
leaf_count=15 76 56 8 6 71 9
internal_value=0 0.00608359 -0.00888726 -0.000470696 -0.00435833 -0.0111422
internal_weight=33.4009 23.6852 9.71572 13.5995 11.0557 8.54446
internal_count=241 148 93 92 77 85
is_linear=0
shrinkage=0.03


Tree=103
num_leaves=7
num_cat=0
split_feature=0 58 54 68 32 42
split_gain=3.2326 3.2447 2.43173 1.40244 0.556247 0.108386
threshold=0.83333334326744091 0.009599999990314247 0.069159060716629042 313.60475158691412 0.82274550199508678 0.23753813654184344
decision_type=2 2 2 8 2 2
left_child=2 -2 -1 5 -5 -4
right_child=1 -3 3 4 -6 -7
leaf_value=0.0046790154150220288 0.015555998327870064 -0.0024853284174187287 0.0027103583348560378 -0.014862210526370269 0 -0.00083950024695825026
leaf_weight=2.8722117096185711 10.783936142921446 3.3694473654031745 1.937177881598475 9.9090323373675329 1.5672799199819554 3.9857765287160873
leaf_count=13 60 34 10 87 17 25
internal_value=0.00048694 0.00952609 -0.00490413 -0.00980626 -0.0134705 0
internal_weight=34.4249 14.1534 20.2715 17.3993 11.4763 5.92295
internal_count=246 94 152 139 104 35
is_linear=0
shrinkage=0.03


Tree=104
num_leaves=7
num_cat=0
split_feature=58 0 47 54 57 19
split_gain=2.93633 2.96442 0.98511 0.470006 0.56967 0.245756
threshold=0.005799999926239253 0.83333334326744091 0.19407196342945102 0.069159060716629042 0.1564000025391579 0.69315171241760265
decision_type=2 2 2 2 2 2
left_child=1 3 -2 -1 -5 -3
right_child=2 5 -4 4 -6 -7
leaf_value=0.0016282773917530976 0 0.01559166634107767 -0.01026792719269074 -0.0075826965641372507 0 0
leaf_weight=2.4439001381397274 1.0751329362392414 8.0691076368093473 9.2067100368440133 5.7558365613222104 4.2727403491735458 2.1495904400944701
leaf_count=11 6 44 92 45 27 12
internal_value=0.000232341 0.00678876 -0.00749183 -0.000377443 -0.00443088 0.0143637
internal_weight=32.973 22.6912 10.2818 12.4725 10.0286 10.2187
internal_count=237 139 98 83 72 56
is_linear=0
shrinkage=0.03


Tree=105
num_leaves=7
num_cat=0
split_feature=68 51 60 9 40 53
split_gain=2.6051 2.08564 1.36757 0.932204 0.325083 0.159919
threshold=529.38558959960949 -0.3978706151247024 0.31399999558925634 4.6666667461395273 0.042804293334484107 -0.44541835784912104
decision_type=8 2 2 2 2 2
left_child=2 3 5 4 -2 -1
right_child=1 -3 -4 -5 -6 -7
leaf_value=0 0 0.001505936349162323 -9.7866281008448971e-06 0 -0.01451503881105985 0.011564746706047147
leaf_weight=2.4115048125386229 1.2254721671342874 3.6930930912494651 3.0081254914402953 1.0376189053058613 10.601122096180914 7.6198133677244213
leaf_count=16 8 19 21 5 105 43
internal_value=0 -0.00716348 0.0065279 -0.0118466 -0.0136181 0.0105099
internal_weight=29.5967 16.5573 13.0394 12.8642 11.8266 10.0313
internal_count=217 137 80 118 113 59
is_linear=0
shrinkage=0.03


Tree=106
num_leaves=7
num_cat=0
split_feature=1 54 68 43 56 55
split_gain=2.22765 1.47803 1.48804 1.03751 0.813575 0.401266
threshold=0.83333334326744091 0.069159060716629042 262.56336975097662 0.14653412997722629 -0.55636668205261219 -1.0000000180025095e-35
decision_type=2 2 8 2 2 2
left_child=1 -1 5 -4 -2 -3
right_child=4 2 3 -5 -6 -7
leaf_value=0.0023607389712646488 0 0.0050241046092108768 0 -0.014087293041529133 0.010601407910828052 -0.0018423460663477497
leaf_weight=2.8662636876106324 2.2590890973806372 2.5831852704286575 1.2948377951979626 10.91012357547879 8.8537383861839754 2.8214582875371006
leaf_count=13 17 13 7 105 57 18
internal_value=0 -0.00450364 -0.00824446 -0.0120344 0.0081045 0
internal_weight=31.5887 20.4759 17.6096 12.205 11.1128 5.40464
internal_count=230 156 143 112 74 31
is_linear=0
shrinkage=0.03


Tree=107
num_leaves=7
num_cat=0
split_feature=12 58 31 62 48 60
split_gain=3.23964 1.39871 1.18575 1.04289 0.950742 0.906716
threshold=0.50757575035095226 0.053400000557303436 0.12636836245656016 0.9650000035762788 0.13498388230800631 0.10199999809265138
decision_type=2 2 2 2 2 2
left_child=2 4 -1 -4 5 -2
right_child=1 -3 3 -5 -6 -7
leaf_value=0 0.014702252091930974 -0.00011807779002081288 -0.012027133822847336 0 0 0
leaf_weight=1.9935411065816904 10.928256660699846 1.6831587329506863 13.007367908954617 1.3813417479395873 2.3017254024744025 2.1451059877872458
leaf_count=12 57 12 130 9 12 12
internal_value=0 0.0076738 -0.00707957 -0.00989819 0.0106017 0.0126765
internal_weight=33.4405 17.0582 16.3823 14.3887 15.3751 13.0734
internal_count=244 93 151 139 81 69
is_linear=0
shrinkage=0.03


Tree=108
num_leaves=7
num_cat=0
split_feature=68 60 46 0 4 56
split_gain=2.58875 2.03048 1.61881 1.00875 0.294749 0.193357
threshold=667.86233520507824 0.0030000000260770325 0.067703194916248335 3.1666666269302373 0.018191121518611911 -0.36144161224365229
decision_type=8 2 2 2 10 2
left_child=1 -1 -2 -4 5 -3
right_child=2 4 3 -5 -6 -7
leaf_value=0.012640755600209348 0.0010503129628815146 -0.0056908534474717576 -0.012914889147099049 0 0.00016421576814162688 0
leaf_weight=8.7933400794863754 2.1460057795047751 3.5651300400495525 11.016418259590862 1.304763689637183 1.6923256665468214 2.0371251031756397
leaf_count=50 10 26 110 6 10 13
internal_value=0 0.00671365 -0.00686771 -0.0107875 -0.00013974 -0.00412356
internal_weight=30.5551 16.0879 14.4672 12.3212 7.29458 5.60226
internal_count=225 99 126 116 49 39
is_linear=0
shrinkage=0.03


Tree=109
num_leaves=7
num_cat=0
split_feature=68 26 6 9 68 55
split_gain=2.19983 1.30254 1.10145 0.781149 0.593366 0.225065
threshold=752.01473999023449 0.14372427761554721 192.00000000000003 4.6666667461395273 50.487812042236335 0.14269554615020755
decision_type=8 2 2 2 10 2
left_child=2 -2 4 -3 -1 -6
right_child=1 3 -4 -5 5 -7
leaf_value=0 0.0007471797866070815 -0.011155565375145244 0 0 0.01210916171968044 0
leaf_weight=2.530380196869376 3.9032531380653372 9.7242256775498372 1.8376054391264904 1.0475803017616261 11.319844782352446 1.6534133553504933
leaf_count=16 22 96 13 5 71 11
internal_value=0.000361048 -0.00487765 0.00715133 -0.00918286 0.00967965 0.011281
internal_weight=32.0163 14.6751 17.3412 10.7718 15.5036 12.9733
internal_count=234 123 111 101 98 82
is_linear=0
shrinkage=0.03


Tree=110
num_leaves=7
num_cat=0
split_feature=51 24 28 35 48 17
split_gain=2.3202 1.49061 1.26617 1.28435 0.763115 0.366195
threshold=-0.51844158768653859 0.23973467200994494 0.81790655851364147 0.1045847423374653 0.13498388230800631 0.16936624795198443
decision_type=2 2 2 2 2 2
left_child=1 -1 3 -2 -5 -3
right_child=2 5 -4 4 -6 -7
leaf_value=0.00073485558588063315 0 0 0 0.014970236092440104 0 -0.010968335030795019
leaf_weight=6.8207621872425106 1.6626411564648176 1.2217480912804592 2.2853977121412745 10.33503035455942 2.0079524815082541 8.2099957466125471
leaf_count=41 10 11 20 59 11 81
internal_value=0.000603543 -0.00448765 0.00773986 0.0106338 0.0131616 -0.00978671
internal_weight=32.5435 16.2525 16.291 14.0056 12.343 9.43174
internal_count=233 133 100 80 70 92
is_linear=0
shrinkage=0.03


Tree=111
num_leaves=7
num_cat=0
split_feature=1 58 54 54 52 17
split_gain=1.99323 2.22223 1.52257 0.745015 0.364192 0.252993
threshold=0.83333334326744091 0.009599999990314247 0.069159060716629042 0.66878628730773937 -0.35618743300437922 0.67644217610359203
decision_type=2 2 2 2 2 2
left_child=2 5 -1 4 -4 -2
right_child=1 -3 3 -5 -6 -7
leaf_value=0.0029113937784192349 0.014550444366710061 -0.0017041089605447366 -0.011740358514404794 0 0 0
leaf_weight=2.1590704172849717 6.3906726688146573 2.3767022974789134 10.17644495144487 3.938022192567586 2.1807304173707918 1.9392581731081007
leaf_count=10 36 26 89 32 14 10
internal_value=0 0.00785738 -0.00425641 -0.00823394 -0.0104752 0.0133002
internal_weight=29.1609 10.7066 18.4543 16.2952 12.3572 8.32993
internal_count=217 72 145 135 103 46
is_linear=0
shrinkage=0.03


Tree=112
num_leaves=7
num_cat=0
split_feature=30 68 60 54 37 45
split_gain=2.51139 1.86606 1.5587 1.26103 0.299489 0.140397
threshold=0.3257004469633103 667.86233520507824 0.11800000071525575 0.069159060716629042 0.86705854535102855 0.071773942559957518
decision_type=2 8 2 2 2 2
left_child=1 2 -1 -2 -5 -3
right_child=3 5 -4 4 -6 -7
leaf_value=0.014246041084657135 0 0 0 -0.012227495826731877 0 -0.003193914752554314
leaf_weight=8.733353599905973 2.0971542447805396 1.2338318973779667 2.1138330474495879 9.514085151255129 1.4555660746991623 5.0819561183452606
leaf_count=47 10 7 13 94 13 38
internal_value=0 0.00524459 0.0107275 -0.0080992 -0.0112374 -0.00129815
internal_weight=30.2298 17.163 10.8472 13.0668 10.9697 6.31579
internal_count=222 105 60 117 107 45
is_linear=0
shrinkage=0.03


Tree=113
num_leaves=7
num_cat=0
split_feature=68 11 4 54 47 54
split_gain=3.35575 1.77993 1.296 0.817229 0.27028 0.589315
threshold=667.86233520507824 5.6070852279663095 0.0055944493506103763 0.069159060716629042 0.1530069634318352 0.76592186093330394
decision_type=8 2 10 2 2 2
left_child=2 3 4 -2 -1 -6
right_child=1 -3 -4 -5 5 -7
leaf_value=0.002623618532947714 0 0.00067969388866813516 0.011932215702129424 -0.013564040372269891 -0.0067368682285075237 0
leaf_weight=2.3331083357334155 1.5159122049808491 2.5069787651300421 7.8925368413329116 11.582110065966843 5.1754227429628372 1.8362104073166845
leaf_count=12 7 17 46 113 38 10
internal_value=0 -0.00800088 0.00712082 -0.0118349 0 -0.00305104
internal_weight=32.8423 15.605 17.2373 13.098 9.34474 7.01163
internal_count=243 137 106 120 60 48
is_linear=0
shrinkage=0.03


Tree=114
num_leaves=7
num_cat=0
split_feature=32 58 56 43 55 34
split_gain=2.93097 1.58165 1.0569 0.845044 0.790838 0.47739
threshold=0.27426053583621984 0.00059999998484272521 -0.36945162713527674 0.70417925715446483 0.14269554615020755 0.078262127935886397
decision_type=2 2 2 2 2 2
left_child=1 4 3 -2 5 -1
right_child=2 -3 -4 -5 -6 -7
leaf_value=0 -0.011243936162221871 0 0 0 0 0.015548915508860717
leaf_weight=1.6590209752321268 10.211356330662962 3.9186405576765528 3.7947805710136882 0.9658573120832451 2.0478670671582213 8.040120027959345
leaf_count=9 108 29 24 5 11 42
internal_value=0.000236332 0.00836672 -0.00581185 -0.00920581 0.0121685 0.0141279
internal_weight=30.6376 15.6656 14.972 11.1772 11.747 9.69914
internal_count=228 91 137 113 62 51
is_linear=0
shrinkage=0.03


Tree=115
num_leaves=7
num_cat=0
split_feature=62 0 5 61 43 55
split_gain=1.85057 0.980833 0.862817 0.569 0.438984 0.319497
threshold=0.0033999999286606912 0.83333334326744091 0.73926940560340892 0.0014000000082887711 0.13800700753927234 0.14269554615020755
decision_type=2 2 2 2 2 2
left_child=2 -2 3 4 -1 -3
right_child=1 5 -4 -5 -6 -7
leaf_value=0 0 0.011391532846417543 0 0 -0.011454146573587577 0
leaf_weight=1.3587950691580797 10.956463996320965 5.9251595288515082 1.2444966882467259 1.7137951478362072 8.6967473775148374 1.9288767576217649
leaf_count=8 70 35 8 11 94 10
internal_value=0 0.00557754 -0.00578147 -0.00842658 -0.0101296 0.00998209
internal_weight=31.8243 18.8105 13.0138 11.7693 10.0555 7.85404
internal_count=236 115 121 113 102 45
is_linear=0
shrinkage=0.03


Tree=116
num_leaves=7
num_cat=0
split_feature=58 28 62 55 48 54
split_gain=3.11828 3.04 1.26688 1.21899 0.467778 0.257849
threshold=0.011799999978393318 0.53557017445564281 0.55140000581741344 0.14269554615020755 -0.34321959316730494 0.08475163578987123
decision_type=2 2 2 2 2 2
left_child=1 3 -2 4 -1 -3
right_child=2 5 -4 -5 -6 -7
leaf_value=0 -0.011100651287773742 0 0 0 0.016134565688805849 -0.0049625389267223064
leaf_weight=1.6748149991035521 7.4069507382810098 2.2309794500470153 1.2285670414566991 2.3911107182502738 13.103233605623247 3.70474499091506
leaf_count=11 84 13 8 12 74 38
internal_value=0.00123822 0.00750709 -0.00734283 0.0128643 0.0150246 -0.00257227
internal_weight=31.7404 23.1049 8.63552 17.1692 14.778 5.93572
internal_count=240 148 92 97 85 51
is_linear=0
shrinkage=0.03


Tree=117
num_leaves=7
num_cat=0
split_feature=12 55 53 60 51 33
split_gain=2.39448 1.15498 1.09114 1.28188 0.86136 0.374726
threshold=0.30952382087707525 0.14269554615020755 -0.49311269819736475 0.31399999558925634 -0.41610644757747645 0.23355001211166385
decision_type=2 2 2 2 2 2
left_child=4 2 -2 -4 5 -1
right_child=1 -3 3 -5 -6 -7
leaf_value=0 0 0 0.014471681763848979 0 0 -0.010298195083594213
leaf_weight=1.214739460498097 2.4689852297306105 3.9776964262127867 11.636851690709589 1.9446961581707007 2.0310043171048155 8.0504306890070421
leaf_count=13 16 22 63 13 14 89
internal_value=0.000269301 0.00672044 0.00958973 0.0119681 -0.00613604 -0.00904765
internal_weight=31.3244 20.0282 16.0505 13.5815 11.2962 9.26517
internal_count=230 114 92 76 116 102
is_linear=0
shrinkage=0.03


Tree=118
num_leaves=7
num_cat=0
split_feature=62 33 31 5 14 59
split_gain=2.61081 1.34794 1.03023 0.692718 0.596964 0.0985937
threshold=0.0010000000183936211 0.63803189992904674 0.12636836245656016 0.70273971557617199 13.089718341827394 0.1176000013947487
decision_type=2 2 2 2 2 2
left_child=2 5 -1 -4 -3 -2
right_child=1 4 3 -5 -6 -7
leaf_value=0 0.00014036178462208227 0.012960629514538535 -0.011733006589871947 0 0 -0.0026684223464043207
leaf_weight=2.0289172306656864 6.3382419049739855 8.0480419397354108 9.0255159921944106 0.86043687909841615 1.6981850713491429 2.4166431576013565
leaf_count=13 38 49 96 6 10 17
internal_value=0 0.00670484 -0.00698251 -0.0100178 0.0112394 0
internal_weight=30.416 18.5011 11.9149 9.88595 9.74623 8.75489
internal_count=229 114 115 102 59 55
is_linear=0
shrinkage=0.03


Tree=119
num_leaves=7
num_cat=0
split_feature=30 60 53 47 1 33
split_gain=2.16278 1.31502 1.35918 1.28811 0.287008 0.218705
threshold=0.3257004469633103 0.0030000000260770325 -0.49601510167121882 0.090125467628240599 0.83333334326744091 0.76619550585746776
decision_type=2 2 2 2 2 2
left_child=1 2 -1 -2 -3 -5
right_child=3 4 -4 5 -6 -7
leaf_value=0 0.00013305856372635815 -0.0044169072958742082 0.013546425241946112 -0.010878833569509186 0.00047374025936246819 0
leaf_weight=2.8876304067671308 3.2829405888915053 3.1081016808748236 9.2942970544099843 8.3235696293413621 1.4957859963178632 2.0468062944710246
leaf_count=20 19 22 51 90 8 18
internal_value=0 0.00650611 0.0102211 -0.00586155 0 -0.00983842
internal_weight=30.4391 16.7858 12.1819 13.6533 4.60389 10.3704
internal_count=228 101 71 127 30 108
is_linear=0
shrinkage=0.03


Tree=120
num_leaves=7
num_cat=0
split_feature=68 60 3 44 58 28
split_gain=2.75899 2.03669 1.02153 0.791566 0.680794 0.320694
threshold=752.01473999023449 0.34340000152587896 3.5000000000000004 0.069357667118310942 0.011799999978393318 0.7287612557411195
decision_type=8 2 2 2 2 2
left_child=1 4 3 -2 5 -1
right_child=2 -3 -4 -5 -6 -7
leaf_value=0.014760107482431402 0 -0.0014184875722438536 0 -0.011668791577658514 0 0
leaf_weight=8.9445650577545219 1.1490256637334813 3.5369693934917441 3.036697342991828 9.7907280549406988 2.9710097461938849 1.502663031220435
leaf_count=51 6 26 16 102 22 10
internal_value=0 0.00725848 -0.00665827 -0.00972971 0.0117368 0.0137016
internal_weight=30.9317 16.9552 13.9765 10.9398 13.4182 10.4472
internal_count=233 109 124 108 83 61
is_linear=0
shrinkage=0.03


Tree=121
num_leaves=6
num_cat=0
split_feature=12 51 32 61 28
split_gain=2.6774 1.0047 0.732341 0.472564 0.293683
threshold=0.30952382087707525 -0.41610644757747645 0.34145653247833258 0.0018000000272877517 0.01563517423346639
decision_type=2 2 2 2 2
left_child=1 3 4 -1 -2
right_child=2 -3 -4 -5 -6
leaf_value=-0.010158838921609566 0 6.6449983337946457e-05 0 0 0.011600651758394207
leaf_weight=7.8950316496193427 2.1615253984928158 2.3637118190526953 4.2480610013008109 1.9781159460544584 11.865985251963137
leaf_count=99 12 16 26 15 69
internal_value=0.00176955 -0.00482328 0.00845052 -0.00845745 0.0105578
internal_weight=30.5124 12.2369 18.2756 9.87315 14.0275
internal_count=237 130 107 114 81
is_linear=0
shrinkage=0.03


Tree=122
num_leaves=7
num_cat=0
split_feature=58 28 60 62 19 46
split_gain=2.4313 2.5314 1.78306 1.05652 0.548753 0.213673
threshold=0.011799999978393318 0.520310938358307 0.026600000448524955 0.55140000581741344 0.80731388926506054 0.081586226820945754
decision_type=2 2 2 2 2 2
left_child=1 2 4 -2 -1 -3
right_child=3 5 -4 -5 -6 -7
leaf_value=0.016746081692517137 -0.0095415811272179397 0 0 0 0 -0.0043626313000891996
leaf_weight=11.244605086743841 7.4724056646227819 2.1610677391290656 4.2733945697545996 1.1761765778064726 1.7319313585758198 3.4773492068052292
leaf_count=62 83 13 28 7 9 38
internal_value=0.00152537 0.00707224 0.0119002 -0.00585757 0.0154207 -0.00202619
internal_weight=31.5369 22.8883 17.2499 8.64858 12.9765 5.63842
internal_count=240 150 99 90 71 51
is_linear=0
shrinkage=0.03


Tree=123
num_leaves=7
num_cat=0
split_feature=68 60 6 54 0 68
split_gain=2.4614 1.94851 1.59697 1.30014 0.8394 0.324951
threshold=697.16046142578136 0.31399999558925634 192.00000000000003 0.069159060716629042 3.1666666269302373 50.487812042236335
decision_type=8 2 2 2 2 10
left_child=1 2 5 -2 -5 -1
right_child=3 -3 -4 4 -6 -7
leaf_value=0 0.00057018456635103221 -0.0012538419195666668 0 -0.011672469832371291 0 0.015714918057872489
leaf_weight=2.4106782972812715 2.4122401475906363 3.4138008579611769 1.2275824099779118 10.080666113644837 1.566108614206313 9.6922906786203367
leaf_count=15 11 23 9 109 8 60
internal_value=0 0.00723745 0.0115891 -0.00581798 -0.00956504 0.0143803
internal_weight=30.8034 16.7444 13.3306 14.059 11.6468 12.103
internal_count=235 107 84 128 117 75
is_linear=0
shrinkage=0.03


Tree=124
num_leaves=6
num_cat=0
split_feature=0 54 48 58 68
split_gain=2.76647 1.63433 1.69188 0.991588 0.162073
threshold=1.5000000000000002 0.069159060716629042 -0.19895818084478376 0.005799999926239253 313.60475158691412
decision_type=2 2 2 2 8
left_child=1 -1 4 -2 -3
right_child=3 2 -4 -5 -6
leaf_value=0.00281172742723276 0.012300725160173824 0.0033989127623330435 -0.012705536891579156 0 -0.0002939827269393616
leaf_weight=2.5910908579826417 7.6058021858334524 2.5212084874510827 12.377442777156825 1.775770094245672 4.0331449545919895
leaf_count=12 44 13 110 19 39
internal_value=0 -0.00477373 -0.00849876 0.00956031 0
internal_weight=30.9045 21.5229 18.9318 9.38157 6.55435
internal_count=237 174 162 63 52
is_linear=0
shrinkage=0.03


Tree=125
num_leaves=7
num_cat=0
split_feature=58 34 19 35 62 38
split_gain=1.8549 1.56857 1.55354 1.24949 0.960463 0.196617
threshold=0.00059999998484272521 0.77916738390922557 0.82340154051780712 0.32889331877231603 0.83859997987747203 0.86325907707214367
decision_type=2 2 2 2 2 2
left_child=1 2 3 -1 5 -2
right_child=4 -3 -4 -5 -6 -7
leaf_value=0 -0.0097326633358903302 -0.0015878749938661489 0 0.016486078149852253 0 0
leaf_weight=7.0412796586752036 7.4652083814144117 2.7277263179421416 2.2834799438714972 8.250600725412367 1.3023563809692849 1.332371726632118
leaf_count=42 79 23 15 51 8 15
internal_value=0.000199303 0.0059088 0.00940205 0.0123151 -0.00552253 -0.00886549
internal_weight=30.403 20.3031 17.5754 15.2919 10.0999 8.79758
internal_count=233 131 108 93 102 94
is_linear=0
shrinkage=0.03


Tree=126
num_leaves=7
num_cat=0
split_feature=58 62 0 50 22 34
split_gain=2.74313 1.39961 1.32345 0.522155 0.03004 0.343193
threshold=1.0000000180025095e-35 0.83859997987747203 0.83333334326744091 0.25274411588907247 0.030558655038475994 0.52002966403961193
decision_type=2 2 2 2 2 2
left_child=2 3 4 -2 -1 -6
right_child=1 -3 -4 -5 5 -7
leaf_value=0.00057847015811243242 -0.0120111906604681 0.00061167493613783325 0.012173081365590288 0 -0.0048563086498130724 0
leaf_weight=1.9273586422205031 9.1787518262863141 1.246792510151862 7.6700238585472098 1.5293036364018906 4.0740248709917051 4.6914408802986145
leaf_count=9 95 7 46 13 30 36
internal_value=0 -0.00688758 0.00709389 -0.0105319 0 -0.00110817
internal_weight=30.3177 11.9548 18.3628 10.7081 10.6928 8.76547
internal_count=236 115 121 108 75 66
is_linear=0
shrinkage=0.03


Tree=127
num_leaves=7
num_cat=0
split_feature=58 0 47 50 14 51
split_gain=2.35063 1.55241 0.701297 0.380047 0.152966 0.147381
threshold=0.005799999926239253 0.83333334326744091 0.16693903505802157 0.25274411588907247 1.9360833168029787 -0.3978706151247024
decision_type=2 2 2 2 2 2
left_child=1 5 -2 4 -4 -1
right_child=2 -3 3 -5 -6 -7
leaf_value=-0.0018992193481813036 0 0.013228195429889896 0 0 -0.0094880502862801433 0.0022013842605846132
leaf_weight=8.4784204326570052 1.0670452415943135 9.8011168465018255 0.95203955471515467 0.93966242298483837 6.3410593941807747 3.6172266304492977
leaf_count=65 6 59 6 9 76 19
internal_value=0.00275359 0.00805145 -0.00432007 -0.00737377 -0.00878101 0
internal_weight=31.1966 21.8968 9.29981 8.23276 7.2931 12.0956
internal_count=240 143 97 91 82 84
is_linear=0
shrinkage=0.03


Tree=128
num_leaves=7
num_cat=0
split_feature=19 58 12 39 19 68
split_gain=2.30376 1.90776 1.1739 0.927138 0.340528 0.185457
threshold=0.43198791146278387 1.0000000180025095e-35 0.30952382087707525 0.18763877451419833 0.12348658964037897 505.51928710937506
decision_type=2 2 2 2 2 10
left_child=1 3 -2 5 -3 -1
right_child=2 4 -4 -5 -6 -7
leaf_value=0.014461222823526737 -0.010635422590617694 0 0 0 -0.0048531440747049499 0
leaf_weight=8.1955737397074753 7.9781277328729612 2.8429248481988898 4.1824352741241455 2.0094652473926535 3.4145152494311333 1.8186572566628445
leaf_count=49 86 19 25 12 34 12
internal_value=0 0.00622624 -0.00663994 0.0112832 -0.00076351 0.0134827
internal_weight=30.4417 18.2811 12.1606 12.0237 6.25744 10.0142
internal_count=237 126 111 73 53 61
is_linear=0
shrinkage=0.03


Tree=129
num_leaves=7
num_cat=0
split_feature=58 32 28 62 38 51
split_gain=2.42678 1.96567 1.20451 0.905678 0.365832 0.0560218
threshold=1.0000000180025095e-35 0.60815632343292247 0.520310938358307 0.83859997987747203 0.86325907707214367 -0.40076288580894465
decision_type=2 2 2 2 2 2
left_child=1 2 -1 4 -2 -3
right_child=3 5 -4 -5 -6 -7
leaf_value=0.014137923609481169 -0.0098358782804409441 -0.0022512851360936754 0 0 0 0
leaf_weight=12.303121842443948 8.0952786505222303 2.5493609085679059 2.0713990814983836 1.480844810605048 1.6884562484920014 1.1975577026605595
leaf_count=69 80 27 16 10 18 8
internal_value=0.00100964 0.00758525 0.0117652 -0.0053395 -0.00847617 -0.000979317
internal_weight=29.386 18.1214 14.3745 11.2646 9.78373 3.74692
internal_count=228 120 85 108 98 35
is_linear=0
shrinkage=0.03


Tree=130
num_leaves=7
num_cat=0
split_feature=68 60 11 31 4 53
split_gain=1.41853 2.57152 1.15472 0.494347 0.366707 0.192417
threshold=697.16046142578136 0.0030000000260770325 5.6070852279663095 0.073563203215599074 0.0085945865139365214 -0.49601510167121882
decision_type=8 2 2 2 10 2
left_child=1 5 3 -2 -3 -1
right_child=2 4 -4 -5 -6 -7
leaf_value=0 0 -0.0057606532914636147 0.00022402518965778935 -0.010551231825448246 0 0.012741201825301609
leaf_weight=1.4923081099987019 1.5109305679798115 4.692517038434743 2.399212308228015 9.859866086393593 1.3559656739234922 7.7360912375152138
leaf_count=11 9 36 17 102 8 44
internal_value=0 0.00466144 -0.00553199 -0.00909059 -0.0031331 0.0118631
internal_weight=29.0469 15.2769 13.77 11.3708 6.04848 9.2284
internal_count=227 99 128 111 44 55
is_linear=0
shrinkage=0.03


Tree=131
num_leaves=7
num_cat=0
split_feature=32 58 51 42 34 21
split_gain=2.31018 1.46687 1.29663 0.733958 0.691366 0.238367
threshold=0.27426053583621984 0.020399999804794792 -0.41610644757747645 0.46639330685138708 0.078262127935886397 0.92408251762390148
decision_type=2 2 2 2 2 2
left_child=1 4 3 5 -1 -2
right_child=2 -3 -4 -5 -6 -7
leaf_value=0 -0.012273563539074496 -0.00011957967508598537 6.7457735848646002e-05 0 0.012596257652897399 0
leaf_weight=1.9171624034643198 8.1426079161465132 2.4412332884967318 5.0711925849318495 1.0431483536958683 10.98996666818857 0.75716660171747285
leaf_count=11 95 19 32 8 62 9
internal_value=0 0.00740019 -0.00525595 -0.00965203 0.0108731 -0.0115436
internal_weight=30.3625 15.3484 15.0141 9.94292 12.9071 8.89977
internal_count=236 92 144 112 73 104
is_linear=0
shrinkage=0.03


Tree=132
num_leaves=7
num_cat=0
split_feature=0 68 54 61 48 41
split_gain=2.24787 1.82701 1.00112 0.216346 0.703057 0.111344
threshold=3.5000000000000004 697.16046142578136 0.069159060716629042 0.01060000015422702 -0.3183924257755279 0.13520091027021411
decision_type=2 8 2 2 2 2
left_child=1 3 -3 4 -1 -5
right_child=-2 2 -4 5 -6 -7
leaf_value=0 0.0092407246547721381 0 -0.012693988390369714 0 0.0071122426149056988 -0.0028565099706112816
leaf_weight=1.5488271713256825 6.2690849080681792 1.4996420741081227 9.6775727570056898 1.9104670137166966 6.5237015411257806 2.2811483815312386
leaf_count=11 42 7 110 10 43 14
internal_value=0 -0.00435362 -0.0103528 0.000613206 0.00335218 0
internal_weight=29.7104 23.4414 11.1772 12.2641 8.07253 4.19162
internal_count=237 195 117 78 54 24
is_linear=0
shrinkage=0.03


Tree=133
num_leaves=7
num_cat=0
split_feature=68 60 6 24 4 51
split_gain=2.14024 2.96434 1.64049 1.03182 0.539671 0.489673
threshold=752.01473999023449 0.34340000152587896 192.00000000000003 0.12352829426527025 0.0050959466025233277 -0.38627026975154871
decision_type=8 2 2 2 8 2
left_child=1 2 -1 -2 -5 -6
right_child=3 -3 -4 4 5 -7
leaf_value=0.015501625139540514 0 -0.0037328951330446477 0 0 -0.011983781912606867 0
leaf_weight=11.767414864152675 3.0070695988833895 3.554418731480836 1.4956365451216687 1.0786741189658613 7.4510607533156863 1.50478694587946
leaf_count=73 19 26 10 10 87 9
internal_value=6.13084e-05 0.00689586 0.0127037 -0.00531585 -0.00887984 -0.0104385
internal_weight=29.8591 16.8175 13.2631 13.0416 10.0345 8.95585
internal_count=234 109 83 125 106 96
is_linear=0
shrinkage=0.03


Tree=134
num_leaves=7
num_cat=0
split_feature=54 68 0 4 4 54
split_gain=1.48017 2.37503 1.22175 1.40221 0.644639 0.106736
threshold=0.069159060716629042 385.15440368652349 3.1666666269302373 0.0050959466025233277 0.0079052620567381399 0.72662216424942028
decision_type=2 8 2 8 10 2
left_child=-1 4 3 -3 5 -2
right_child=1 2 -4 -5 -6 -7
leaf_value=0.0085100079314994921 -0.0025430899670379828 0 0 -0.014649239468653786 0.0074434567616245362 0
leaf_weight=5.0035530328750637 4.853602699935438 1.3358209468424291 1.9195538163185109 10.937294740229845 5.011592298746109 1.6085149496793745
leaf_count=26 35 12 11 118 31 9
internal_value=0 -0.00262409 -0.00938661 -0.0120445 0.00342257 0
internal_weight=30.6699 25.6664 14.1927 12.2731 11.4737 6.46212
internal_count=242 216 141 130 75 44
is_linear=0
shrinkage=0.03


Tree=135
num_leaves=7
num_cat=0
split_feature=68 60 56 11 6 9
split_gain=2.35614 1.81316 1.22482 0.941549 0.163838 0.143392
threshold=667.86233520507824 0.0061999999452382335 -0.36945162713527674 5.6070852279663095 174.37500000000003 0.5000000149011613
decision_type=8 2 2 2 2 2
left_child=1 4 3 -2 -1 -3
right_child=2 5 -4 -5 -6 -7
leaf_value=0.013104905495857707 -0.012789679386605635 -0.0030046733158462387 0 0 0 0
leaf_weight=6.9166469126939791 7.9996967501938325 4.2946444228291503 2.948599010705947 1.6391744390130041 1.4128238856792448 2.4383953660726547
leaf_count=43 90 31 19 13 9 16
internal_value=0 0.00670263 -0.00663571 -0.0103332 0.0122661 0
internal_weight=27.65 15.0625 12.5875 9.63887 8.32947 6.73304
internal_count=221 99 122 103 52 47
is_linear=0
shrinkage=0.03


Tree=136
num_leaves=7
num_cat=0
split_feature=1 58 47 54 34 50
split_gain=2.27521 1.27596 0.946971 1.29036 0.0545957 0.00696267
threshold=0.83333334326744091 0.01480000000447035 0.096516769379377379 0.56555533409118663 0.76888278126716625 0.14968683570623401
decision_type=2 2 2 2 2 2
left_child=2 -2 5 -4 -5 -1
right_child=1 -3 3 4 -6 -7
leaf_value=0.0007232170310545171 0.011759874747335681 0 -0.011966308383355242 0.0018324027622152103 0 0
leaf_weight=1.980659738183028 8.1581723392009717 1.8981708027422417 8.8449837155640108 4.6338609606027594 1.6884201616048811 1.6712416335940359
leaf_count=10 50 24 86 34 19 11
internal_value=0 0.00824315 -0.00487486 -0.00781518 0 0
internal_weight=28.8755 10.0563 18.8192 15.1673 6.32228 3.6519
internal_count=234 74 160 139 53 21
is_linear=0
shrinkage=0.03


Tree=137
num_leaves=7
num_cat=0
split_feature=58 19 34 35 26 54
split_gain=2.44102 1.43473 0.926328 0.349584 0.265648 0.0763525
threshold=0.011799999978393318 0.60617581009864818 0.80959230661392223 0.36522072553634649 0.79841089248657238 0.069159060716629042
decision_type=2 2 2 2 2 2
left_child=1 2 3 -1 -2 -3
right_child=4 5 -4 -5 -6 -7
leaf_value=0 -0.0083129716284531842 0 0 0.01430161330794873 0 -0.0021423393503313447
leaf_weight=5.981082063168297 5.5026647895574561 1.4405275881290425 1.6662466749548901 8.7531466595828515 1.4240651242434976 4.9723249450325966
leaf_count=35 63 7 13 56 18 39
internal_value=0.000889452 0.00652283 0.0100892 0.0119313 -0.00701192 0
internal_weight=29.7401 22.8133 16.4005 14.7342 6.92673 6.41285
internal_count=231 150 104 91 81 46
is_linear=0
shrinkage=0.03


Tree=138
num_leaves=7
num_cat=0
split_feature=58 35 34 62 50 17
split_gain=1.83825 1.45714 1.19653 0.739777 0.624847 0.455427
threshold=0.0042000000830739745 0.32889331877231603 0.77916738390922557 0.55140000581741344 0.25274411588907247 0.78189149498939525
decision_type=2 2 2 2 2 2
left_child=1 -1 5 4 -2 -3
right_child=3 2 -4 -5 -6 -7
leaf_value=0 -0.01021081896144377 0.014377989760580363 0 0 0 0
leaf_weight=7.3066368289291921 6.7741606496274454 9.1240787357091886 2.6893020942807189 1.2713198997080324 0.96108358725905407 1.7375128082931031
leaf_count=46 81 59 23 9 9 13
internal_value=0.000735601 0.00611873 0.0102342 -0.00523423 -0.00817937 0.0130331
internal_weight=29.8641 20.8575 13.5509 9.00656 7.73524 10.8616
internal_count=240 141 95 99 90 72
is_linear=0
shrinkage=0.03


Tree=139
num_leaves=7
num_cat=0
split_feature=68 0 60 42 24 17
split_gain=1.92915 1.40026 1.29179 0.602942 0.399588 0.133908
threshold=385.15440368652349 1.8333333134651186 0.34340000152587896 0.18874773383140567 0.85718193650245678 0.41641052067279821
decision_type=8 2 2 2 2 2
left_child=2 3 -1 -2 -5 -3
right_child=1 5 -4 4 -6 -7
leaf_value=0.011156944868050097 0 0.0036425792559806689 0 -0.011608168321488635 0 0
leaf_weight=10.210705168545248 1.5293637253344048 2.4715004414319983 1.9282843321561802 8.5905280075967294 1.3526545725762833 1.9078283011913297
leaf_count=64 16 14 13 87 15 12
internal_value=0.000342024 -0.00387164 0.00781802 -0.00863965 -0.010372 0.00176824
internal_weight=27.9909 15.8519 12.139 11.4725 9.94318 4.37933
internal_count=221 144 77 118 102 26
is_linear=0
shrinkage=0.03


Tree=140
num_leaves=7
num_cat=0
split_feature=12 60 47 30 68 51
split_gain=2.01082 0.827673 0.785331 1.07032 0.637668 0.312517
threshold=0.50757575035095226 0.0030000000260770325 0.096516769379377379 0.14627855271101001 752.01473999023449 -0.65429282188415516
decision_type=2 2 2 2 8 2
left_child=2 4 -1 -4 -2 -5
right_child=1 -3 3 5 -6 -7
leaf_value=0 0.011962636993005706 0 0 0 0 -0.012262825377110478
leaf_weight=1.9626563936471946 5.7227241992950413 5.0627032443881044 2.298574171960353 0.65717396885156354 4.2291579172015199 8.8187414593994617
leaf_count=13 35 33 14 8 23 110
internal_value=0 0.0061013 -0.00608372 -0.00853274 0.00916552 -0.0114394
internal_weight=28.7517 15.0146 13.7371 11.7745 9.95188 9.47592
internal_count=236 91 145 132 58 118
is_linear=0
shrinkage=0.03


Tree=141
num_leaves=7
num_cat=0
split_feature=1 47 58 47 2 61
split_gain=1.94953 1.82935 1.56362 0.811082 0.0940798 0.0504786
threshold=0.83333334326744091 0.087287481874227538 0.009599999990314247 0.74526971578598034 1.4313399791717532 0.0014000000082887711
decision_type=2 2 2 2 2 2
left_child=1 -1 4 -3 -2 -5
right_child=2 3 -4 5 -6 -7
leaf_value=0.0031573765463176412 0.013055826873641372 -0.011731145493904497 0 -0.00081095009120323036 0 0.0017730591984262466
leaf_weight=3.9670406207442346 6.1997677162289602 9.7815243601798993 2.6590689979493618 3.3394591547548762 1.30799875408411 1.6607077419757841
leaf_count=20 38 97 32 35 9 9
internal_value=0 -0.00410812 0.00793377 -0.0089664 0.0123646 0
internal_weight=28.9156 18.7487 10.1668 14.7817 7.50777 5.00017
internal_count=240 161 79 141 47 44
is_linear=0
shrinkage=0.03


Tree=142
num_leaves=7
num_cat=0
split_feature=0 54 68 4 48 14
split_gain=1.76114 1.14626 1.53294 1.00316 0.615785 0.417627
threshold=1.8333333134651186 0.069159060716629042 313.60475158691412 0.0050959466025233277 -0.084613129496574388 13.221588611602785
decision_type=2 2 8 8 2 2
left_child=1 -1 4 -4 -3 -2
right_child=5 2 3 -5 -6 -7
leaf_value=0.0030638367908739175 0.010217819807126001 0.0059827985416019795 0 -0.012751172217449005 -0.0020986757609480914 0
leaf_weight=2.8217380642890992 6.8989154994487745 3.9150223731994629 1.582318026572463 10.911640923470259 2.7447486817836788 1.7958657331764696
leaf_count=13 48 22 15 121 20 12
internal_value=0.000489075 -0.00254008 -0.00619145 -0.0105365 0 0.00861796
internal_weight=30.6702 21.9755 19.1537 12.494 6.65977 8.69478
internal_count=251 191 178 136 42 60
is_linear=0
shrinkage=0.03


Tree=143
num_leaves=7
num_cat=0
split_feature=58 0 19 42 46 23
split_gain=2.48826 1.55991 0.699668 0.272498 0.239279 0.17826
threshold=0.011799999978393318 0.83333334326744091 0.81449943780899059 0.27633763849735266 0.081586226820945754 0.89744064211845409
decision_type=2 2 2 2 2 2
left_child=1 3 -3 -1 -5 -2
right_child=5 2 -4 4 -6 -7
leaf_value=0.0022520521424670456 -0.0078933777329779006 0.013653312974938015 0 0 -0.0051480806213758381 0
leaf_weight=3.3579200208187165 6.4409564062952986 8.3952890262007696 1.4750938117504109 3.3100668117403966 4.8230573311448097 0.64108833298087109
leaf_count=22 78 55 8 18 43 8
internal_value=0.00072104 0.00667062 0.0118695 0 -0.0031287 -0.00711162
internal_weight=28.4435 21.3614 9.87038 11.491 8.13312 7.08204
internal_count=232 146 63 83 61 86
is_linear=0
shrinkage=0.03


Tree=144
num_leaves=7
num_cat=0
split_feature=68 6 55 47 0 4
split_gain=1.60447 1.02449 0.808661 0.78417 0.813759 0.638184
threshold=529.38558959960949 192.00000000000003 0.14431183785200122 0.085297085344791426 3.1666666269302373 0.0049020785372704276
decision_type=8 2 2 2 2 8
left_child=1 2 -1 -2 5 -5
right_child=3 -3 -4 4 -6 -7
leaf_value=0.010951649844999462 0 0 0 0 0 -0.011746769652762131
leaf_weight=11.099989321082832 2.6894913762807837 1.4568887166678894 1.2899441495537747 0.98581453412770947 1.0960624217987049 8.6659985333681107
leaf_count=75 13 11 9 10 6 102
internal_value=0 0.00607771 0.00897347 -0.00490185 -0.00782039 -0.0100915
internal_weight=27.2842 13.8468 12.3899 13.4374 10.7479 9.65181
internal_count=226 95 84 131 118 112
is_linear=0
shrinkage=0.03


Tree=145
num_leaves=7
num_cat=0
split_feature=68 60 0 4 52 7
split_gain=2.19169 2.13162 1.21297 1.02651 0.550975 0.547445
threshold=752.01473999023449 0.077600002288818373 3.1666666269302373 0.0050959466025233277 -0.3264156281948089 388.00000000000006
decision_type=8 2 2 8 2 2
left_child=1 5 3 -2 -5 -1
right_child=2 -3 -4 4 -6 -7
leaf_value=0.014269278574042017 0 -0.00058539953442208038 0.0012159119333095844 -0.012748462562757379 0 0
leaf_weight=9.3651600480079669 1.265382580459115 5.0636136494576922 2.0415057688951483 8.2429515160620177 0.86318298801780002 1.553437829017638
leaf_count=59 11 37 11 95 6 11
internal_value=0.000965187 0.00769126 -0.00458561 -0.00870916 -0.0113678 0.0128428
internal_weight=28.3952 15.9822 12.413 10.3715 9.10613 10.9186
internal_count=230 107 123 112 101 70
is_linear=0
shrinkage=0.03


Tree=146
num_leaves=7
num_cat=0
split_feature=58 30 62 60 2 56
split_gain=1.88036 1.49066 0.576901 0.516285 0.373449 0.332423
threshold=0.011799999978393318 0.31507937610149389 0.55140000581741344 0.026600000448524955 1.4670542478561404 -0.37773197889327997
decision_type=2 2 2 2 2 2
left_child=1 3 -2 4 -1 -3
right_child=2 5 -4 -5 -6 -7
leaf_value=0.013433853479724877 -0.0083651853763427927 -0.0041973548251658969 0 0 0 0.0013452203628413152
leaf_weight=8.197629697620874 5.6475382484495631 5.6486310213804245 1.0629448182880876 2.3416811153292647 2.1246678680181494 2.9787805676460248
leaf_count=47 73 54 8 14 13 19
internal_value=0.000813874 0.00604049 -0.00586977 0.0104677 0.0120442 0
internal_weight=28.0019 21.2914 6.71048 12.664 10.3223 8.62741
internal_count=228 147 81 74 60 73
is_linear=0
shrinkage=0.03


Tree=147
num_leaves=7
num_cat=0
split_feature=68 60 11 4 15 26
split_gain=1.39606 2.06273 1.30683 0.33969 0.270946 0.199701
threshold=667.86233520507824 0.0030000000260770325 5.6070852279663095 0.012527989223599436 5.3150601387023935 0.63109806180000316
decision_type=8 2 2 10 2 2
left_child=1 5 4 -3 -2 -1
right_child=2 3 -4 -5 -6 -7
leaf_value=0.012710037745759076 -0.0097604858778711917 -0.0046791552499630216 0.0015633963321504845 0 0 0
leaf_weight=7.5385193005204219 9.1428458169102651 5.1114918999373904 2.5020726434886447 1.2351793423295019 1.1436994895339001 1.4925959929823873
leaf_count=46 100 39 18 8 9 12
internal_value=0 0.005692 -0.00436523 -0.00124007 -0.00882473 0.0118081
internal_weight=28.1664 15.3778 12.7886 6.34667 10.2865 9.03112
internal_count=232 105 127 47 109 58
is_linear=0
shrinkage=0.03


Tree=148
num_leaves=7
num_cat=0
split_feature=58 17 25 35 19 40
split_gain=1.5849 0.936328 0.563005 0.305583 0.292493 0.0309842
threshold=1.0000000180025095e-35 0.52652013301849376 0.8993315100669862 0.36522072553634649 0.12348658964037897 0.27648943662643438
decision_type=2 2 2 2 2 2
left_child=1 3 4 -1 -2 -3
right_child=2 5 -4 -5 -6 -7
leaf_value=0 0 -0.0013778600583202712 0 0.01099745779604506 -0.0087412584594953827 0
leaf_weight=5.4688557386398369 2.6126300171017611 4.6883527487516394 0.85774325951933938 6.344874057918787 7.5011763274669647 1.8366261050105093
leaf_count=36 19 40 8 42 90 10
internal_value=0 0.00550593 -0.0052011 0.00883259 -0.00730732 0
internal_weight=29.3103 18.3387 10.9715 11.8137 10.1138 6.52498
internal_count=245 128 117 78 109 50
is_linear=0
shrinkage=0.03


Tree=149
num_leaves=7
num_cat=0
split_feature=68 60 0 44 44 26
split_gain=1.6142 1.83606 0.99802 0.749745 0.643297 0.593402
threshold=667.86233520507824 0.026600000448524955 3.5000000000000004 0.062766630202531828 0.65886381268501293 0.63109806180000316
decision_type=8 2 2 2 2 2
left_child=1 5 3 -2 -5 -1
right_child=2 -3 -4 4 -6 -7
leaf_value=0.012310670455335243 0 -0.0017060020863455504 0 -0.012493567696625713 0 0
leaf_weight=7.7189112305641192 1.0566128492355336 5.5893826112151137 1.3093244433403004 9.6076057478785497 1.6455491930246342 1.3148260340094564
leaf_count=49 6 42 7 117 10 12
internal_value=0 0.0047012 -0.00620226 -0.00899927 -0.0108057 0.0106313
internal_weight=28.2422 14.6231 13.6191 12.3098 11.2532 9.03374
internal_count=243 103 140 133 127 61
is_linear=0
shrinkage=0.03


Tree=150
num_leaves=7
num_cat=0
split_feature=0 51 47 57 11 68
split_gain=1.29217 1.07887 0.954349 0.330718 0.228481 0.166925
threshold=1.8333333134651186 -0.43886667490005488 0.79380273818969738 0.0028000000165775423 4.9062500000000009 313.60475158691412
decision_type=2 2 2 2 2 8
left_child=1 2 4 -3 -1 -4
right_child=-2 3 5 -5 -6 -7
leaf_value=-0.010836082110634299 0.0076869365112693681 0.0049589482468081229 0.003408112445959783 0 0 -0.00064270596129027712
leaf_weight=7.9114368595182913 7.4010835401713839 4.9191840440034875 2.5088443085551271 1.5259300917387006 1.8080778233706949 1.9572479315102098
leaf_count=90 52 28 14 10 19 22
internal_value=0.000236939 -0.00211388 -0.00655316 0.00205182 -0.00980951 0
internal_weight=28.0318 20.6307 14.1856 6.44511 9.71951 4.46609
internal_count=235 183 145 38 109 36
is_linear=0
shrinkage=0.03


Tree=151
num_leaves=7
num_cat=0
split_feature=58 0 62 17 68 23
split_gain=1.58406 1.6664 0.717499 0.617897 0.220552 0.198371
threshold=0.011799999978393318 0.83333334326744091 0.55140000581741344 0.82969683408737194 697.16046142578136 0.91513192653656017
decision_type=2 2 2 2 8 2
left_child=1 4 5 -3 -1 -2
right_child=2 3 -4 -5 -6 -7
leaf_value=0.00051995347983918398 -0.009042050310225553 0.012907287180560542 0 0 -0.0035468713485730186 0
leaf_weight=6.3748460859060332 6.0500776134431353 8.0237691551446897 1.0810062438249586 1.4532307274639595 5.4264943301677713 0.66435565426945675
leaf_count=37 77 53 8 9 48 8
internal_value=0.00048394 0.005502 -0.00523641 0.0112078 0 -0.00823575
internal_weight=29.0738 21.2783 7.79544 9.477 11.8013 6.71443
internal_count=240 147 93 62 85 85
is_linear=0
shrinkage=0.03


Tree=152
num_leaves=7
num_cat=0
split_feature=68 45 60 11 32 7
split_gain=1.30371 1.33436 1.01739 0.835054 0.144755 0.126886
threshold=385.15440368652349 0.068887352943420424 0.34340000152587896 5.6070852279663095 0.8667925000190736 294.50000000000006
decision_type=8 2 2 2 2 2
left_child=2 -2 5 4 -3 -1
right_child=1 3 -4 -5 -6 -7
leaf_value=0.010638806072463489 0.0028921593551555747 -0.010472152529882305 0 0 0 0
leaf_weight=8.3599119409918803 4.7258548140525845 9.1934474259614909 1.88966455310583 2.309518013149499 0.83821256458759386 1.4002105519175518
leaf_count=54 27 100 14 20 12 10
internal_value=0.000721454 -0.00231687 0.00695818 -0.0073989 -0.00992841 0.00996919
internal_weight=28.7168 17.067 11.6498 12.3412 10.0317 9.76012
internal_count=237 159 78 132 112 64
is_linear=0
shrinkage=0.03


Tree=153
num_leaves=7
num_cat=0
split_feature=58 0 0 19 68 53
split_gain=1.95267 1.14328 0.771992 0.445813 0.257914 0.106802
threshold=1.0000000180025095e-35 0.83333334326744091 4.5000000000000009 0.53518071770668041 752.01473999023449 -0.41436417400836939
decision_type=2 2 2 2 8 2
left_child=1 4 -2 -3 5 -1
right_child=2 3 -4 -5 -6 -7
leaf_value=0 -0.0093151493343902273 0.011812922000631587 0 0 -0.0036760125636936575 0.0030294442088435085
leaf_weight=1.8849473297595976 9.7585665322840196 5.535397306084632 1.0602706000208844 1.8747111037373541 4.7572570405900487 4.0374228358268782
leaf_count=12 106 37 8 12 43 22
internal_value=0 0.0051247 -0.00699854 0.0100734 0 0.00143324
internal_weight=28.9086 18.0897 10.8188 7.41011 10.6796 5.92237
internal_count=240 126 114 49 77 34
is_linear=0
shrinkage=0.03


Tree=154
num_leaves=7
num_cat=0
split_feature=68 60 0 6 6 47
split_gain=1.8783 1.95033 0.913498 0.91198 0.329503 0.263112
threshold=697.16046142578136 0.0030000000260770325 2.1666666269302373 185.75000000000003 264.00000762939459 0.13558906316757205
decision_type=8 2 2 2 2 2
left_child=1 3 4 -1 -2 -3
right_child=2 5 -4 -5 -6 -7
leaf_value=0.013699472116323455 -0.0103979568703336 0 0 0 0 -0.0040441741040494186
leaf_weight=8.3224729225039535 7.8828382380306703 1.3874649852514256 2.8214176148176184 1.2567399814724911 1.4070713631808756 5.2807894088327885
leaf_count=54 96 9 16 9 15 41
internal_value=0 0.00577616 -0.00607021 0.0115632 -0.00921182 -0.000887266
internal_weight=28.3588 16.2475 12.1113 9.57921 9.28991 6.66825
internal_count=240 113 127 63 111 50
is_linear=0
shrinkage=0.03


Tree=155
num_leaves=7
num_cat=0
split_feature=51 26 50 35 25 36
split_gain=1.33467 0.817514 0.788811 0.690492 0.236778 0.110274
threshold=-0.51844158768653859 0.0989883989095688 0.15375538915395739 0.1045847423374653 0.92418843507766735 0.75758782029151928
decision_type=2 2 2 2 2 2
left_child=1 -1 3 -2 -3 -5
right_child=2 4 -4 5 -6 -7
leaf_value=0 0 -0.0086840102915691914 0 0.011712846279855272 0 0
leaf_weight=3.223853804171088 1.3236091285943974 8.2138051278889144 5.3376650474965563 6.0881278887391073 0.89548925310373384 1.9755401313304899
leaf_count=22 8 96 41 38 9 14
internal_value=0 -0.00436069 0.00560415 0.00875623 -0.00779272 0.0108024
internal_weight=27.0581 12.3331 14.7249 9.38728 9.10929 8.06367
internal_count=228 127 101 60 105 52
is_linear=0
shrinkage=0.03


Tree=156
num_leaves=7
num_cat=0
split_feature=58 0 62 22 68 60
split_gain=1.83109 1.19447 0.785009 0.187073 0.0826483 0.274567
threshold=0.011799999978393318 0.83333334326744091 0.55140000581741344 0.88569590449333202 752.01473999023449 0.16399999707937243
decision_type=2 2 2 2 8 2
left_child=1 4 3 -2 5 -1
right_child=2 -3 -4 -5 -6 -7
leaf_value=0.0043377806976137778 -0.0085987156925208912 0.011911066323122492 0 0 -0.001817538322370684 0
leaf_weight=4.5040898472070738 5.820700902491807 8.3321569971740228 1.1581859365105627 0.6648660972714423 4.7058008834719667 1.9840983152389524
leaf_count=23 78 56 8 8 41 15
internal_value=0.00215561 0.00718867 -0.00408813 -0.00779378 0 0.00125099
internal_weight=27.1699 19.5261 7.64375 6.48557 11.194 6.48819
internal_count=229 135 94 86 79 38
is_linear=0
shrinkage=0.03


Tree=157
num_leaves=7
num_cat=0
split_feature=51 68 19 11 32 55
split_gain=1.32997 0.871179 0.81026 0.607655 0.581421 0.30259
threshold=-0.50530260801315297 313.60475158691412 0.47075448930263525 6.5000000000000009 0.033457165583968169 -0.031893096864223473
decision_type=2 8 2 2 2 2
left_child=1 5 4 -3 -2 -1
right_child=2 3 -4 -5 -6 -7
leaf_value=0.0046402271014039671 0 -0.0099604721794966256 0 0 0.01103617035234907 -0.0005218712920875444
leaf_weight=2.4821957871317863 1.6013219654560069 7.2410427890717983 5.6882180273532859 1.2427096813917158 6.9949596859514713 3.099218115210534
leaf_count=14 10 91 44 9 45 23
internal_value=0 -0.00397137 0.00580175 -0.00793431 0.00911977 0
internal_weight=28.3497 14.0652 14.2845 8.48375 8.59628 5.58141
internal_count=236 137 99 100 55 37
is_linear=0
shrinkage=0.03


Tree=158
num_leaves=7
num_cat=0
split_feature=0 58 47 57 55 53
split_gain=1.43528 1.31862 1.06089 0.81629 0.55223 0.276298
threshold=0.83333334326744091 0.009599999990314247 0.085297085344791426 0.65219998359680187 0.14269554615020755 -0.22608545422554013
decision_type=2 2 2 2 2 2
left_child=2 4 -1 5 -2 -4
right_child=1 -3 3 -5 -6 -7
leaf_value=0 0.011092258881329807 -0.001410039951366222 -0.012443493878497382 0 0 0
leaf_weight=2.9871259778738048 7.073724899441002 2.3359100595116606 8.0081995725631696 3.8657052740454665 1.8787696138024328 1.1111465170979489
leaf_count=16 49 32 84 33 11 7
internal_value=0 0.00455392 -0.00572169 -0.00886185 0.00919878 -0.0115254
internal_weight=27.2606 11.2884 15.9722 12.9851 8.95249 9.11935
internal_count=232 92 140 124 60 91
is_linear=0
shrinkage=0.03


Tree=159
num_leaves=7
num_cat=0
split_feature=32 52 60 2 41 36
split_gain=1.52602 1.53964 0.717501 0.612212 0.530847 0.199057
threshold=0.27426053583621984 -0.38562110066413874 0.026600000448524955 1.4670542478561404 0.45105154812335974 0.62718692421913158
decision_type=2 2 2 2 2 2
left_child=2 4 3 -1 -2 -3
right_child=1 5 -4 -5 -6 -7
leaf_value=0.010806092631530647 -0.010954970407413814 0.0040836270565036085 0 0 0 0
leaf_weight=8.4606734141707438 8.6246430240571463 3.3064611218869677 3.1707286909222594 1.705994527786969 0.85287812352180559 1.3389965668320654
leaf_count=56 105 21 22 13 5 13
internal_value=0 -0.0041451 0.00641017 0.00892029 -0.00949881 0.00170845
internal_weight=27.4604 14.123 13.3374 10.1667 9.47752 4.64546
internal_count=235 144 91 69 110 34
is_linear=0
shrinkage=0.03


Tree=160
num_leaves=6
num_cat=0
split_feature=0 47 55 33 48
split_gain=1.1032 1.36575 1.07001 0.0387134 0.0248906
threshold=3.1666666269302373 0.085297085344791426 -0.13564373552799222 0.23355001211166385 -0.3183924257755279
decision_type=2 2 2 2 2
left_child=1 -1 4 -4 -3
right_child=-2 2 3 -5 -6
leaf_value=0.0029353492443658356 0.0069378193228036671 0 0 -0.010476275998489984 0.0013425723891295578
leaf_weight=4.2513140216469827 5.472317896783351 1.6393671371042726 0.87261271476744973 11.433616299182175 2.4280374497175297
leaf_count=22 41 17 12 118 20
internal_value=0 -0.00284655 -0.00716655 -0.010193 0
internal_weight=26.0973 20.6249 16.3736 12.3062 4.0674
internal_count=230 189 167 130 37
is_linear=0
shrinkage=0.03


Tree=161
num_leaves=7
num_cat=0
split_feature=14 60 36 30 53 53
split_gain=1.80348 1.01795 0.91902 0.708488 0.480654 0.349846
threshold=13.089718341827394 0.31399999558925634 0.81128785014152538 0.15509434044361117 -0.49311269819736475 -0.29619155824184412
decision_type=2 2 2 2 2 2
left_child=1 2 4 -2 -1 -5
right_child=3 -3 -4 5 -6 -7
leaf_value=0 0 0 0 -0.0094261486931458 0.012121704997427986 0
leaf_weight=1.2536415047943616 2.2387826554477197 3.2195940874516955 1.6368291899561871 6.9001034833490849 12.133312270045282 0.93001718074083317
leaf_count=10 14 29 15 88 81 7
internal_value=0.00024472 0.00617321 0.00892317 -0.00523081 0.0109801 -0.00815836
internal_weight=28.3123 18.2434 15.0238 10.0689 13.387 7.83012
internal_count=244 135 106 109 91 95
is_linear=0
shrinkage=0.03


Tree=162
num_leaves=7
num_cat=0
split_feature=30 58 54 35 25 56
split_gain=1.22878 1.17216 0.964364 0.343412 0.28901 0.295285
threshold=0.26237995922565466 0.045199999585747726 0.069159060716629042 0.1045847423374653 0.8993315100669862 -0.36945162713527674
decision_type=2 2 2 2 2 2
left_child=1 3 -2 -1 5 -4
right_child=2 -3 4 -5 -6 -7
leaf_value=0 0.00037112260025309299 -0.00075311139166727608 -0.010248860037893959 0.0098176003302493618 0 0
leaf_weight=2.088223215192559 2.4897311776876441 1.9993656165897835 7.1503908447921249 11.307478971779345 1.0288775637745846 2.2883570864796647
leaf_count=13 13 21 92 71 11 17
internal_value=0 0.0052371 -0.00422287 0.00863549 -0.00789447 -0.00888832
internal_weight=28.3524 15.3951 12.9574 13.3957 10.4676 9.43875
internal_count=238 105 133 84 120 109
is_linear=0
shrinkage=0.03


Tree=163
num_leaves=7
num_cat=0
split_feature=62 30 60 19 7 19
split_gain=1.13842 0.97526 0.894964 0.519893 0.161279 0.12664
threshold=0.015399999916553499 0.13510000705718997 0.077600002288818373 0.84375298023223888 22.500000000000004 0.058061653748154647
decision_type=2 2 2 2 2 2
left_child=1 4 3 -2 -1 -3
right_child=2 5 -4 -5 -6 -7
leaf_value=0 0.010513290645206 0 0 0 0.0033133410903562872 -0.0083206132178685124
leaf_weight=1.6085420995950723 8.6332446932792646 0.76349052786826899 4.094514947384595 1.866314224898814 3.6157444715499878 7.711211621761322
leaf_count=11 57 5 32 11 23 103
internal_value=9.97313e-05 -0.00317439 0.00565375 0.00881144 0.000533062 -0.00775901
internal_weight=28.2931 13.699 14.5941 10.4996 5.22429 8.4747
internal_count=242 142 100 68 34 108
is_linear=0
shrinkage=0.03


Tree=164
num_leaves=6
num_cat=0
split_feature=0 54 48 68 47
split_gain=0.808752 1.48499 1.98004 0.495913 0.235514
threshold=3.5000000000000004 0.069159060716629042 -0.19895818084478376 313.60475158691412 0.085297085344791426
decision_type=2 2 2 8 2
left_child=1 -1 3 -3 -4
right_child=-2 2 4 -5 -6
leaf_value=0.0039893708964743521 0.0055964040595792531 0.0055489560865381307 0 -0.0011880235832306325 -0.012700631812868258
leaf_weight=3.0533433407545152 4.5347431078553191 3.8230968266725585 1.4646105170249892 4.663522358983756 11.049392502754925
leaf_count=14 34 21 9 48 113
internal_value=0 -0.00282957 -0.0067235 0 -0.0118911
internal_weight=28.5887 24.054 21.0006 8.48662 12.514
internal_count=239 205 191 69 122
is_linear=0
shrinkage=0.03


Tree=165
num_leaves=7
num_cat=0
split_feature=58 0 17 68 57 54
split_gain=0.998489 1.3489 0.813287 0.296837 0.256352 0.805341
threshold=0.011799999978393318 0.83333334326744091 0.79209938645362865 125.49837112426759 0.1564000025391579 0.069159060716629042
decision_type=2 2 2 8 2 2
left_child=1 4 -3 -2 5 -1
right_child=3 2 -4 -5 -6 -7
leaf_value=0 0 0.011578778226708029 0 -0.0070120008789084651 0 -0.0078004441310395804
leaf_weight=1.4990774095058492 1.0113052949309338 7.5236151665449125 1.326718997210264 5.4905649237334728 4.188899252563715 5.716212522238493
leaf_count=7 7 53 9 79 27 48
internal_value=0 0.00365491 0.00926295 -0.00547409 -0.000188374 -0.00366688
internal_weight=26.7564 20.2545 8.85033 6.50187 11.4042 7.21529
internal_count=230 144 62 86 82 55
is_linear=0
shrinkage=0.03


Tree=166
num_leaves=7
num_cat=0
split_feature=68 60 52 32 53 11
split_gain=1.33404 1.43272 0.724659 0.456763 0.164992 0.0180981
threshold=667.86233520507824 0.31399999558925634 -0.38562110066413874 0.10618803277611734 -0.44541835784912104 2.8611940145492558
decision_type=8 2 2 2 2 2
left_child=1 4 3 -2 -1 -4
right_child=2 -3 5 -5 -6 -7
leaf_value=0 0 -0.00091596034302143402 0.0011419504514938031 -0.0096203353544413589 0.010804205610239041 0
leaf_weight=2.5945764407515517 2.0306883305311185 3.2896403148770323 2.4905561842024317 6.4815415404736996 8.5497257262468356 1.5149473100900648
leaf_count=19 14 26 16 89 58 12
internal_value=0 0.00549779 -0.00453008 -0.00775837 0.00976649 0
internal_weight=26.9517 14.4339 12.5177 8.51223 11.1443 4.0055
internal_count=234 103 131 103 77 28
is_linear=0
shrinkage=0.03


Tree=167
num_leaves=7
num_cat=0
split_feature=68 60 11 6 52 31
split_gain=1.07044 1.65605 0.845858 0.474575 0.430175 0.155685
threshold=50.487812042236335 0.0030000000260770325 3.1000000238418584 128.83333206176761 -0.38562110066413874 0.72432744503021251
decision_type=10 2 2 2 2 2
left_child=2 3 4 -2 -1 -3
right_child=1 5 -4 -5 -6 -7
leaf_value=-0.0094205712298381806 0.012405076832748675 -0.0031023642937209237 0.0001971993512485944 0 0 0
leaf_weight=5.4873311370611182 7.2305974625051004 4.9247760586440554 4.0174178890883914 1.3605855740606783 2.5529020428657558 1.471384812146425
leaf_count=63 51 43 32 12 19 13
internal_value=0.000136519 0.00543281 -0.00320497 0.0109384 -0.00739781 -0.000463969
internal_weight=27.045 14.9873 12.0577 8.59118 8.04023 6.39616
internal_count=233 119 114 63 82 56
is_linear=0
shrinkage=0.03


Tree=168
num_leaves=7
num_cat=0
split_feature=68 60 9 4 51 12
split_gain=1.42463 0.936024 0.72561 1.02433 0.442184 0.320435
threshold=752.01473999023449 0.026600000448524955 5.1666667461395273 0.0050959466025233277 -0.38627026975154871 0.36666667461395269
decision_type=8 2 2 8 2 2
left_child=1 5 3 -2 -5 -1
right_child=2 -3 -4 4 -6 -7
leaf_value=0 0 0 0 -0.011654630666198915 0 0.011021302591123262
leaf_weight=2.3880072943866271 1.0298787280917139 5.5624993219971648 1.2700178921222676 7.7244307920336697 1.468803003430369 6.2870107367634773
leaf_count=21 10 40 7 99 9 43
internal_value=0 0.00591344 -0.00449675 -0.00733368 -0.0102324 0.00951283
internal_weight=25.7306 14.2375 11.4931 10.2231 9.19323 8.67502
internal_count=229 104 125 118 108 64
is_linear=0
shrinkage=0.03


Tree=169
num_leaves=7
num_cat=0
split_feature=51 68 50 54 11 35
split_gain=0.987529 1.05204 1.04236 0.553908 0.510139 0.234128
threshold=-0.51844158768653859 313.60475158691412 0.15126202255487445 0.55302938818931591 6.5000000000000009 0.42143104970455175
decision_type=2 8 2 2 2 2
left_child=1 3 5 -1 -3 -2
right_child=2 4 -4 -5 -6 -7
leaf_value=-0.00071789586818433375 0 -0.0096735204167297528 0 0.0061549537687577965 0 0.010877569503359946
leaf_weight=2.6243541687726983 3.3953397758305055 7.3232049606740475 5.193986050784587 3.2459157705307007 1.1280167885124681 5.3204010538756847
leaf_count=19 20 104 43 20 9 38
internal_value=0 -0.00304075 0.00526942 0.000785433 -0.00793555 0.00925188
internal_weight=28.2312 14.3215 13.9097 5.87027 8.45122 8.71574
internal_count=253 152 101 39 113 58
is_linear=0
shrinkage=0.03


Tree=170
num_leaves=7
num_cat=0
split_feature=32 51 60 2 40 51
split_gain=0.953488 0.942435 0.922995 0.736053 0.224101 0.241568
threshold=0.27426053583621984 -0.4306392222642898 0.026600000448524955 1.4670542478561404 0.24377451837062838 -0.64645934104919422
decision_type=2 2 2 2 2 2
left_child=2 4 3 -1 5 -2
right_child=1 -3 -4 -5 -6 -7
leaf_value=0.011255968753100701 0 0.0012116211373170438 0 0 0 -0.0089839272077340097
leaf_weight=7.6275901943445223 0.58103234693407912 4.8417812399566165 3.8691352754831305 2.3197270706295967 0.76433176919817913 7.0069513246417037
leaf_count=50 7 31 27 16 6 93
internal_value=0.000499086 -0.00234129 0.00557495 0.00887429 -0.00720817 -0.00810452
internal_weight=27.0105 13.1941 13.8165 9.94732 8.35232 7.58798
internal_count=230 137 93 66 106 100
is_linear=0
shrinkage=0.03


Tree=171
num_leaves=7
num_cat=0
split_feature=68 60 52 11 6 9
split_gain=0.840707 1.62513 0.490394 0.42803 0.156893 0.0978693
threshold=697.16046142578136 0.026600000448524955 -0.38562110066413874 5.6070852279663095 174.37500000000003 0.5000000149011613
decision_type=8 2 2 2 2 2
left_child=1 4 3 -2 -1 -3
right_child=2 5 -4 -5 -6 -7
leaf_value=0.01140817150260081 -0.0073160993134345651 -0.0026684423448727532 9.5262458906939532e-05 0 0 0
leaf_weight=8.1672806926071662 6.327117208391428 3.3618196547031394 3.6017713360488397 1.4186287894845007 1.3151273354887951 1.8730323277413843
leaf_count=57 82 27 24 13 9 15
internal_value=0.00127321 0.00557288 -0.00149097 -0.00524769 0.0106824 -0.000680821
internal_weight=26.0648 14.7173 11.3475 7.74575 9.48241 5.23485
internal_count=227 108 119 95 66 42
is_linear=0
shrinkage=0.03


Tree=172
num_leaves=7
num_cat=0
split_feature=54 1 17 30 56 48
split_gain=0.95884 1.08017 0.593208 0.5236 0.303196 0.288263
threshold=0.069159060716629042 0.83333334326744091 0.021675205789506439 0.84942904114723217 -0.52962470054626454 0.13498388230800631
decision_type=2 2 2 2 2 2
left_child=-1 2 -2 -4 -3 -6
right_child=1 4 3 -5 5 -7
leaf_value=0.0061387203756562113 0 0 -0.010369122613561993 0 0.0063024334906987183 0
leaf_weight=4.3921582996845272 1.6915389597415948 2.2260367088019848 11.242253080010412 1.2161937281489361 3.7524524107575408 1.219442371279001
leaf_count=24 10 25 113 16 29 8
internal_value=0 -0.00319801 -0.00727688 -0.00898407 0.000900431 0.0043769
internal_weight=25.7401 21.3479 14.15 12.4584 7.19793 4.97189
internal_count=225 201 139 129 62 37
is_linear=0
shrinkage=0.03


Tree=173
num_leaves=7
num_cat=0
split_feature=58 60 0 68 35 43
split_gain=2.67702 0.950511 0.743136 0.713057 0.0599793 0.0264682
threshold=1.0000000180025095e-35 0.25939999520778662 4.5000000000000009 1.0000000180025095e-35 0.11878597363829614 0.17130509018898013
decision_type=2 2 2 10 2 2
left_child=1 3 4 5 -2 -1
right_child=2 -3 -4 -5 -6 -7
leaf_value=0.0011790541713137992 0 0 0 0.012573774181214187 -0.010295506373806908 -0.0007340672694526229
leaf_weight=1.5637971125543169 0.92305565997957817 2.9513397850096217 0.95711359381675798 7.3999612964689732 7.7212030477821827 4.3744235374033451
leaf_count=9 11 26 8 51 95 34
internal_value=0 0.00690572 -0.00767822 0.00950656 -0.00989213 0
internal_weight=25.8909 16.2895 9.60137 13.3382 8.64426 5.93822
internal_count=234 120 114 94 106 43
is_linear=0
shrinkage=0.03


Tree=174
num_leaves=7
num_cat=0
split_feature=68 6 11 48 26 26
split_gain=1.12501 0.77786 0.594656 0.505657 0.470575 0.432706
threshold=752.01473999023449 192.00000000000003 5.6070852279663095 -0.3183924257755279 0.83013883233070385 0.14372427761554721
decision_type=8 2 2 2 2 2
left_child=1 3 5 -1 -5 -2
right_child=2 -3 -4 4 -6 -7
leaf_value=0 0 0 0.00092930244239127781 0.011413334817714721 0 -0.0075234945503858753
leaf_weight=1.8948344886302937 2.567821338772772 1.5268016681075085 2.3382532708346835 10.433639083057644 1.2397723793983448 7.1700766086578369
leaf_count=14 17 13 18 72 12 91
internal_value=0.00185923 0.00656959 -0.00161959 0.00869825 0.0101623 -0.0054322
internal_weight=27.1712 15.095 12.0762 13.5682 11.6734 9.7379
internal_count=237 111 126 98 84 108
is_linear=0
shrinkage=0.03


Tree=175
num_leaves=7
num_cat=0
split_feature=30 58 51 2 25 51
split_gain=1.22808 1.08915 0.797601 0.591446 0.306382 0.0574013
threshold=0.26237995922565466 0.045199999585747726 -0.4306392222642898 1.4670542478561404 0.91219913959503185 -0.38059848546981806
decision_type=2 2 2 2 2 2
left_child=1 3 4 -1 -2 -4
right_child=2 -3 5 -5 -6 -7
leaf_value=0.010671421584203197 -0.0092211489344758979 -0.00023922519874018655 0.0020329999546363688 0 0 0
leaf_weight=9.3843202888965624 6.5029903426766396 1.8237775452435006 2.4994180202484131 2.3686620965600005 0.77498448267579068 2.4461349844932538
leaf_count=60 90 20 17 16 11 16
internal_value=0 0.00543179 -0.00429342 0.00877546 -0.00807814 0
internal_weight=25.8003 13.5768 12.2235 11.753 7.27797 4.94555
internal_count=230 96 134 76 101 33
is_linear=0
shrinkage=0.03


Tree=176
num_leaves=7
num_cat=0
split_feature=68 60 11 32 6 0
split_gain=0.966273 0.760202 0.746564 0.585661 0.368869 0.419147
threshold=529.38558959960949 0.31399999558925634 5.6070852279663095 0.37618413567543035 264.00000762939459 3.1666666269302373
decision_type=8 2 2 2 2 2
left_child=1 3 4 -1 5 -2
right_child=2 -3 -4 -5 -6 -7
leaf_value=0.0090800917493922169 -0.01030619910770213 -0.00021099976268878668 0 0 0 0
leaf_weight=7.4099531918764132 9.0744628943502885 3.0487629100680342 2.0469430796802035 2.5565564557909966 1.2249037288129319 1.1604633182287205
leaf_count=51 102 25 17 21 14 6
internal_value=0 0.00312474 -0.00523791 0.0067448 -0.00783343 -0.00902682
internal_weight=26.522 13.0153 13.5068 9.96651 11.4598 10.2349
internal_count=236 97 139 72 122 108
is_linear=0
shrinkage=0.03


Tree=177
num_leaves=7
num_cat=0
split_feature=0 54 47 42 14 68
split_gain=0.935527 0.902183 1.10918 0.675608 0.536373 0.183575
threshold=1.8333333134651186 0.069159060716629042 0.79380273818969738 0.18874773383140567 13.560840129852297 313.60475158691412
decision_type=2 2 2 2 2 8
left_child=1 -1 3 -3 -2 -4
right_child=4 2 5 -5 -6 -7
leaf_value=0.0011970564713539144 0.0078049277067540829 0 0.0036135931820586486 -0.011328913661281685 0 -0.00012134963340290994
leaf_weight=2.1006072312593522 5.8237341791391364 1.2776540704071546 2.6392745226621619 11.517986107617615 1.631230868399143 1.7810253277420995
leaf_count=10 46 13 15 118 12 21
internal_value=0 -0.00350803 -0.00651561 -0.00971993 0.00525052 0
internal_weight=26.7715 19.3165 17.2159 12.7956 7.45497 4.4203
internal_count=235 177 167 131 58 36
is_linear=0
shrinkage=0.03


Tree=178
num_leaves=7
num_cat=0
split_feature=1 58 46 17 44 49
split_gain=1.71874 1.20932 1.08146 0.950611 0.345257 0.160767
threshold=0.83333334326744091 0.009599999990314247 0.081586226820945754 0.021675205789506439 0.093806218355894103 0.14997395873069766
decision_type=2 2 2 2 2 2
left_child=2 5 -1 -4 -5 -2
right_child=1 -3 3 4 -6 -7
leaf_value=0 0.011416275318286328 0 0 0 -0.012484014724506968 0
leaf_weight=4.8745835423469606 5.9155099689960462 2.2879538424313068 1.9261618778109539 2.5980694852769366 8.2562692463397962 1.6189600750803945
leaf_count=27 43 34 11 23 97 10
internal_value=0 0.00651439 -0.00505137 -0.00858499 -0.0110243 0.0104903
internal_weight=27.4775 9.82242 17.6551 12.7805 10.8543 7.53447
internal_count=245 87 158 131 120 53
is_linear=0
shrinkage=0.03


Tree=179
num_leaves=7
num_cat=0
split_feature=58 19 35 51 50 58
split_gain=1.20661 1.4077 0.82454 0.318163 0.205172 0.192998
threshold=1.0000000180025095e-35 0.47075448930263525 0.1045847423374653 -0.43886667490005488 0.25274411588907247 0.005799999926239253
decision_type=2 2 2 2 2 2
left_child=1 2 -1 4 5 -2
right_child=3 -3 -4 -5 -6 -7
leaf_value=0 0 0 0.012659210735812226 0 0 -0.007206074407883273
leaf_weight=1.6820696964860022 1.2565615028142927 5.8478464670479289 8.7980614565312845 2.1825715675950033 1.3369414024055002 5.2416073363274336
leaf_count=10 8 47 64 16 13 75
internal_value=0.00133 0.00617369 0.010529 -0.00270767 -0.00492787 -0.00611917
internal_weight=26.3457 16.328 10.4801 10.0177 7.83511 6.49817
internal_count=233 121 74 112 96 83
is_linear=0
shrinkage=0.03


Tree=180
num_leaves=7
num_cat=0
split_feature=30 51 58 61 27 9
split_gain=1.05718 1.19691 0.898252 0.320563 0.266819 0.243695
threshold=0.15509434044361117 -0.4306392222642898 0.029799999669194225 0.0022000001044943933 0.5405518412590028 3.1666666269302373
decision_type=2 2 2 2 2 2
left_child=2 3 -1 5 -3 -2
right_child=1 4 -4 -5 -6 -7
leaf_value=0.0090589028021460932 -0.010285073223823007 0 0 0 0.0045965055896650337 0
leaf_weight=8.8888334855437297 6.6159119233489019 2.2439451664686194 1.3749529123306263 1.9839115813374517 3.125425398349762 0.90856162831187237
leaf_count=57 97 14 12 15 23 7
internal_value=0 -0.00290403 0.00604982 -0.00800419 0.00155524 -0.00936926
internal_weight=25.1415 14.8778 10.2638 9.50839 5.36937 7.52447
internal_count=225 156 69 119 37 104
is_linear=0
shrinkage=0.03


Tree=181
num_leaves=7
num_cat=0
split_feature=0 43 61 44 14 46
split_gain=1.02226 0.856774 0.815571 0.617734 0.479733 0.0492717
threshold=1.8333333134651186 0.15180068463087085 1.0000000180025095e-35 0.65886381268501293 13.221588611602785 0.20967218279838565
decision_type=2 2 2 2 2 2
left_child=1 -1 3 -3 -2 -4
right_child=4 2 5 -5 -6 -7
leaf_value=0.0010451535426687518 0.0079654107504797574 -0.010842232078499648 0 0 0 0.0018594204973173074
leaf_weight=2.4843966141343179 5.8150006458163253 10.380449486896397 3.2576064094901076 1.630614049732684 1.5430337600409982 2.8258151710033417
leaf_count=14 47 133 22 10 12 16
internal_value=0 -0.00337528 -0.00627384 -0.0091426 0.0057388 0
internal_weight=27.9369 20.5789 18.0945 12.0111 7.35803 6.08342
internal_count=254 195 181 143 59 38
is_linear=0
shrinkage=0.03


Tree=182
num_leaves=7
num_cat=0
split_feature=0 54 42 56 59 44
split_gain=1.14906 1.16957 1.13725 0.420423 0.21315 0.110415
threshold=0.83333334326744091 0.069159060716629042 0.23753813654184344 -0.54589617252349842 0.12620000541210177 0.095870967954397215
decision_type=2 2 2 2 2 2
left_child=1 -1 -3 -2 -5 -4
right_child=3 2 5 4 -6 -7
leaf_value=0.001399481942961924 0 0 0 0.0086495306616289885 0 -0.011930667655588813
leaf_weight=2.3141200989484814 2.1754989139735699 3.3072338532656422 1.4335541427135456 5.2804903574287874 1.6762446239590643 8.3542915098369104
leaf_count=11 25 35 15 40 18 80
internal_value=0 -0.00426025 -0.00803127 0.00547253 0.00749036 -0.0112697
internal_weight=24.5414 15.4092 13.0951 9.13223 6.95673 9.78785
internal_count=224 141 130 83 58 95
is_linear=0
shrinkage=0.03


Tree=183
num_leaves=7
num_cat=0
split_feature=58 34 19 35 62 50
split_gain=1.53928 1.36903 0.630811 0.417777 0.352282 0.344797
threshold=0.00059999998484272521 0.77916738390922557 0.82340154051780712 0.32889331877231603 0.55140000581741344 0.25274411588907247
decision_type=2 2 2 2 2 2
left_child=1 2 3 -1 5 -2
right_child=4 -3 -4 -5 -6 -7
leaf_value=0 -0.0070039072960237673 0 0 0.014321340954999318 0 0
leaf_weight=5.2285689376294666 5.6444141454994661 2.4802675396203986 1.4388813711702813 7.7476827576756477 1.7190892063081262 0.95175223052501667
leaf_count=37 79 24 11 56 13 11
internal_value=0.00249347 0.0073784 0.0105089 0.011919 -0.00276537 -0.00524818
internal_weight=25.2107 16.8954 14.4151 12.9763 8.31526 6.59617
internal_count=231 128 104 93 103 90
is_linear=0
shrinkage=0.03


Tree=184
num_leaves=7
num_cat=0
split_feature=58 62 34 19 23 0
split_gain=1.04162 0.783942 0.560414 0.905593 0.297162 0.234156
threshold=1.0000000180025095e-35 0.92620000243186962 0.77916738390922557 0.82340154051780712 0.86594930291175853 2.1666666269302373
decision_type=2 2 2 2 2 2
left_child=2 4 3 -1 5 -2
right_child=1 -3 -4 -5 -6 -7
leaf_value=0.0095949870077651281 -0.0096511546607929745 0 0 0 0 0
leaf_weight=10.739103548228742 6.4398117344826442 1.107425533235072 2.4625395163893691 1.8990718983113755 0.69675986468791951 1.1330881863832472
leaf_count=77 91 7 24 13 9 8
internal_value=0 -0.0042351 0.00484787 0.00695256 -0.00759222 -0.00866871
internal_weight=24.4778 9.37709 15.1007 12.6382 8.26966 7.5729
internal_count=229 115 114 90 108 99
is_linear=0
shrinkage=0.03


Tree=185
num_leaves=7
num_cat=0
split_feature=29 55 13 54 52 53
split_gain=1.07284 0.752507 0.839362 0.694832 0.579355 0.414095
threshold=0.59709206223487865 0.14797452092170718 0.10025992989540101 0.070939652621746077 -0.52933478355407704 -0.22608545422554013
decision_type=2 2 2 2 2 2
left_child=3 2 4 -1 -2 -5
right_child=1 -3 -4 5 -6 -7
leaf_value=0 0 0 0 -0.0080551743639613212 0.012295187370247084 0
leaf_weight=2.1101541221141842 2.2937252745032284 2.0489068664610377 1.2794597670435894 9.8202996477484685 7.4082635790109643 1.4639924131333817
leaf_count=10 19 15 20 107 55 9
internal_value=0 0.00542395 0.0080356 -0.00350879 0.0103492 -0.0065508
internal_weight=26.4248 13.0304 10.9814 13.3944 9.70199 11.2843
internal_count=235 109 94 126 74 116
is_linear=0
shrinkage=0.03


Tree=186
num_leaves=7
num_cat=0
split_feature=58 17 39 4 21 68
split_gain=1.16568 1.14123 0.596755 0.517902 0.297797 0.194038
threshold=1.0000000180025095e-35 0.51415646076202404 0.20223893225193026 0.014416149351745846 0.87894546985626232 505.51928710937506
decision_type=2 2 2 10 2 10
left_child=1 2 5 4 -2 -1
right_child=3 -3 -4 -5 -6 -7
leaf_value=0.011350581339512467 -0.0081949389084507197 0 0 0 0 0
leaf_weight=8.4684330709278637 7.0149816349148733 5.5098029673099509 1.4821122735738743 1.8563135229051111 0.85100816935300816 2.0427971445024005
leaf_count=60 87 45 9 17 10 15
internal_value=0 0.00482605 0.00870784 -0.00455137 -0.0069969 0.0103678
internal_weight=27.2254 17.5031 11.9933 9.7223 7.86599 10.5112
internal_count=243 129 84 114 97 75
is_linear=0
shrinkage=0.03


Tree=187
num_leaves=7
num_cat=0
split_feature=51 61 35 34 48 59
split_gain=0.970715 1.19843 0.603547 0.514272 0.29989 0.121622
threshold=-0.51844158768653859 0.0014000000082887711 0.1045847423374653 0.79708495736122142 -0.18684633076190946 0.19579999893903735
decision_type=2 2 2 2 2 2
left_child=1 -1 -2 5 -3 -4
right_child=2 4 3 -5 -6 -7
leaf_value=-0.0097517791814887497 0 0.0047156397479352482 0.0087219265910714536 0 -7.0670631673049668e-05 0
leaf_weight=7.5754662863910216 1.3689545281231392 2.1344845220446587 8.3556112349033338 2.2041096724569789 2.6239402815699577 1.4082112312316883
leaf_count=108 10 12 60 18 20 11
internal_value=0 -0.00515192 0.0034691 0.00612464 0 0.00806928
internal_weight=25.6708 12.3339 13.3369 11.9679 4.75842 9.76382
internal_count=239 140 99 89 32 71
is_linear=0
shrinkage=0.03


Tree=188
num_leaves=7
num_cat=0
split_feature=30 58 2 47 60 54
split_gain=0.8182 0.92655 0.804291 0.723214 0.711568 0.190114
threshold=0.3257004469633103 0.018600000068545345 1.4670542478561404 0.090125467628240599 0.31399999558925634 0.76592186093330394
decision_type=2 2 2 2 2 2
left_child=1 2 4 -2 -1 -5
right_child=3 -3 -4 5 -6 -7
leaf_value=0.012378776618275701 0.00034361868830823432 0 0 -0.0075057657078714222 0 0
leaf_weight=8.1164803728461283 3.0888818204402915 2.7623183690011492 2.6685167327523223 7.3772275820374471 1.4514882341027249 1.5077255703508852
leaf_count=53 19 30 18 98 10 17
internal_value=3.1761e-05 0.004808 0.00796805 -0.00268592 0.010447 -0.00654053
internal_weight=26.9726 14.9988 12.2365 11.9738 9.56797 8.88495
internal_count=245 111 81 134 63 115
is_linear=0
shrinkage=0.03


Tree=189
num_leaves=7
num_cat=0
split_feature=54 1 17 47 32 22
split_gain=0.985721 1.67137 0.483095 0.475461 0.424144 0.0239367
threshold=0.069159060716629042 0.83333334326744091 0.021675205789506439 0.085297085344791426 0.17417489737272265 0.32294894754886633
decision_type=2 2 2 2 2 2
left_child=-1 2 -2 -4 -3 -6
right_child=1 4 3 -5 5 -7
leaf_value=0.0064498767539980344 0 0.0058631710086028931 0 -0.010936683533830345 0 -0.0013177700527357665
leaf_weight=4.1075531691312817 1.4447577148675943 4.312852479517459 1.0704046264290799 11.376744164153932 0.84165255352854762 2.4058699049055576
leaf_count=23 8 34 7 126 8 26
internal_value=0 -0.00308976 -0.00842085 -0.00973879 0.00250623 0
internal_weight=25.5598 21.4523 13.8919 12.4471 7.56037 3.24752
internal_count=232 209 141 133 68 34
is_linear=0
shrinkage=0.03


Tree=190
num_leaves=7
num_cat=0
split_feature=19 31 14 59 2 28
split_gain=0.747365 0.631218 0.672925 0.404345 0.500024 0.225491
threshold=0.24221903830766681 0.69415679574012767 14.235917091369631 0.27939999103546148 1.4670542478561404 0.82930251955986034
decision_type=2 2 2 2 2 2
left_child=3 2 -2 4 -1 -3
right_child=1 5 -4 -5 -6 -7
leaf_value=0.0088249321734817799 -0.0081221068322796571 0.0039977252616606503 0 0 0 0
leaf_weight=8.2069604545831698 8.75749723613262 3.2435694746673098 1.6896110475063313 2.0362109951674929 1.341578934341668 1.1913648620247839
leaf_count=59 96 32 9 18 12 14
internal_value=0.000321957 -0.0017057 -0.00555859 0.00528994 0.00703662 0.000776992
internal_weight=26.4668 14.882 10.4471 11.5848 9.54854 4.43493
internal_count=240 151 105 89 71 46
is_linear=0
shrinkage=0.03


Tree=191
num_leaves=7
num_cat=0
split_feature=58 62 17 34 35 14
split_gain=0.963066 0.91053 0.822026 1.04369 0.854815 0.250823
threshold=1.0000000180025095e-35 0.89659997820854198 0.8604593575000764 0.79708495736122142 0.1045847423374653 1.4842136502265932
decision_type=2 2 2 2 2 2
left_child=2 5 3 4 -1 -2
right_child=1 -3 -4 -5 -6 -7
leaf_value=0 0 0 -0.00048109811403800187 0 0.011665647348313501 -0.0094579372310213145
leaf_weight=1.8684559985995353 0.786448433995245 1.1146621406078336 1.7127760536968697 2.1228863559663287 10.82360067591071 7.0360399913042784
leaf_count=11 5 7 15 18 81 100
internal_value=0 -0.00502776 0.00382472 0.00673368 0.00953828 -0.00853459
internal_weight=25.4649 8.93715 16.5277 14.8149 12.6921 7.82249
internal_count=237 112 125 110 92 105
is_linear=0
shrinkage=0.03


Tree=192
num_leaves=7
num_cat=0
split_feature=58 32 39 47 62 23
split_gain=0.869102 1.05974 0.728074 0.801847 0.358299 0.151622
threshold=0.01480000000447035 0.60815632343292247 0.19289850443601611 0.85333144664764415 0.55140000581741344 0.90556073188781749
decision_type=2 2 2 2 2 2
left_child=1 2 3 -1 5 -2
right_child=4 -3 -4 -5 -6 -7
leaf_value=0.011923088125654069 -0.0060696089442169362 0 0 0 0 0
leaf_weight=12.098730556666856 4.450285490602254 3.3828550092875949 2.1987373530864707 1.4847888536751259 0.7650051824748515 0.57182686775922764
leaf_count=81 72 36 14 13 6 7
internal_value=0.00170908 0.00527281 0.00827306 0.0101296 -0.00215656 -0.0051336
internal_weight=24.9522 19.1651 15.7823 13.5835 5.78712 5.02211
internal_count=229 144 108 94 85 79
is_linear=0
shrinkage=0.03


Tree=193
num_leaves=7
num_cat=0
split_feature=62 55 31 5 60 61
split_gain=0.830776 0.723345 0.703798 0.440014 0.301079 0.109507
threshold=0.0010000000183936211 0.14431183785200122 0.14182729274034503 0.73926940560340892 0.0061999999452382335 0.003400000045076013
decision_type=2 2 2 2 2 2
left_child=2 4 -1 5 -2 -4
right_child=1 -3 3 -5 -6 -7
leaf_value=0 0.0090957357309230553 0 -0.0089798040417785677 0 0 0
leaf_weight=2.2276663258671778 7.8283342234790343 3.3946982510387889 6.4029953870922327 0.75021871551871289 4.8368590474128723 0.74958778917789448
leaf_count=16 55 24 97 6 42 6
internal_value=0 0.00460655 -0.00310996 -0.0068012 0.00728845 -0.00844791
internal_weight=26.1904 16.0599 10.1305 7.9028 12.6652 7.15258
internal_count=246 121 125 109 97 103
is_linear=0
shrinkage=0.03


Tree=194
num_leaves=7
num_cat=0
split_feature=1 54 54 58 49 50
split_gain=0.941855 0.986872 0.988586 0.806777 0.334486 0.0279429
threshold=0.83333334326744091 0.069159060716629042 0.56555533409118663 0.009599999990314247 0.14997395873069766 -0.023702638223767277
decision_type=2 2 2 2 2 2
left_child=1 -1 -3 4 -2 -4
right_child=3 2 5 -5 -6 -7
leaf_value=0.0023746940586994885 0.010312708811399496 -0.009939315592068133 0 0 0 0.0013595543543461447
leaf_weight=2.3032504171133104 6.0854779556393606 8.9555285815149528 2.1225010473281145 2.0390953384339809 1.3211242556571958 3.6057157404720774
leaf_count=11 47 96 24 30 8 29
internal_value=0 -0.00246579 -0.00631025 0.00592905 0.0089992 0
internal_weight=26.4327 16.987 14.6837 9.4457 7.4066 5.72822
internal_count=245 160 149 85 55 53
is_linear=0
shrinkage=0.03


Tree=195
num_leaves=7
num_cat=0
split_feature=60 68 1 7 11 26
split_gain=1.24308 1.3784 1.02623 0.558204 0.203741 0.2762
threshold=0.0030000000260770325 752.01473999023449 0.83333334326744091 371.50000000000006 7.5000000000000009 0.14372427761554721
decision_type=2 8 2 2 2 2
left_child=1 3 -2 -1 5 -3
right_child=2 4 -4 -5 -6 -7
leaf_value=0.011583597049704257 -0.0095515353048240895 0 0 0 0 -0.0053555488114885785
leaf_weight=6.8314139395952278 6.7359124105423671 1.8458706699311713 2.1436353996396065 1.2437202334403989 1.733226381242275 5.0610991809517145
leaf_count=51 73 12 19 10 11 64
internal_value=0 0.00439284 -0.00565262 0.00985662 -4.31039e-05 -0.00329358
internal_weight=25.5949 16.7153 8.87955 8.07513 8.6402 6.90697
internal_count=240 148 92 61 87 76
is_linear=0
shrinkage=0.03


Tree=196
num_leaves=7
num_cat=0
split_feature=68 60 6 26 9 30
split_gain=0.724077 0.992024 0.936103 0.634997 0.419353 0.4065
threshold=752.01473999023449 0.31399999558925634 192.00000000000003 0.14372427761554721 4.1666667461395273 0.6851727068424226
decision_type=8 2 2 2 2 2
left_child=1 2 5 -2 -5 -1
right_child=3 -3 -4 4 -6 -7
leaf_value=0.011414740136655192 0 -0.00073272889929981971 0 -0.0083646582111457785 0 0
leaf_weight=8.9366129823029059 3.2145028859376898 2.7792027108371249 1.4034660160541523 7.5440981294959766 0.76239039003849018 1.1648194640874852
leaf_count=65 23 25 11 105 5 11
internal_value=0 0.00391952 0.00765154 -0.003598 -0.00681447 0.0102248
internal_weight=25.8051 14.2841 11.5049 11.521 8.30649 10.1014
internal_count=245 112 87 133 110 76
is_linear=0
shrinkage=0.03


Tree=197
num_leaves=7
num_cat=0
split_feature=33 47 34 15 22 35
split_gain=0.646967 0.958998 0.564351 0.522472 0.457427 0.442889
threshold=0.63803189992904674 0.096516769379377379 0.76888278126716625 7.2336564064025888 0.019397587515413765 0.49016706645488745
decision_type=2 2 2 2 2 2
left_child=1 -1 3 5 -3 -2
right_child=2 4 -4 -5 -6 -7
leaf_value=0.00078748996253705402 0 0 0 0 -0.0091811105213147771 0.010400838690160535
leaf_weight=3.5209887325763729 3.0184905342757684 1.222251407802103 1.8679174445569504 1.3726278208196152 7.9203915558755398 5.8521912060678005
leaf_count=20 23 8 23 11 100 50
internal_value=0 -0.00328227 0.00391041 0.00646474 -0.00757658 0.00835171
internal_weight=24.7749 12.6636 12.1112 10.2433 9.14264 8.87068
internal_count=235 128 107 84 108 73
is_linear=0
shrinkage=0.03


Tree=198
num_leaves=7
num_cat=0
split_feature=58 28 40 26 47 19
split_gain=0.995263 0.965938 0.298731 0.180049 0.16399 0.0230334
threshold=0.011799999978393318 0.37855115532875067 0.23119510710239413 0.016218227334320549 0.13558906316757205 0.28398710489273077
decision_type=2 2 2 2 2 2
left_child=1 3 -2 -1 -3 -6
right_child=2 4 -4 -5 5 -7
leaf_value=0 -0.0071938739178307488 0 0 0.0085228531053636678 0 -0.0036006834772832771
leaf_weight=1.5145325511694014 5.0938291661441317 3.1048869490623465 0.60655782371759404 9.4778039045631868 0.70837645977735553 2.9828332774341106
leaf_count=9 81 24 4 64 8 36
internal_value=0 0.00371474 -0.00571211 0.00772523 0 -0.00328329
internal_weight=23.4888 17.7884 5.70039 10.9923 6.7961 3.69121
internal_count=226 141 85 73 68 44
is_linear=0
shrinkage=0.03


Tree=199
num_leaves=7
num_cat=0
split_feature=68 55 11 52 48 30
split_gain=1.20159 0.609435 0.47739 0.492959 0.388098 0.263639
threshold=752.01473999023449 0.14431183785200122 7.5000000000000009 -0.38562110066413874 -0.34321959316730494 0.04593904688954354
decision_type=8 2 2 2 2 2
left_child=1 4 3 5 -1 -2
right_child=2 -3 -4 -5 -6 -7
leaf_value=0 0 0 0 0 0.0097380604663108317 -0.0086031070218874958
leaf_weight=1.1617587655782688 0.89034873247146507 2.0272285193204871 1.9255242496728886 2.9799711070954791 11.226738922297956 6.0606027506291866
leaf_count=9 7 16 13 23 86 91
internal_value=0.00175583 0.00675821 -0.00189045 -0.00504738 0.0086202 -0.00749187
internal_weight=26.2722 14.4157 11.8564 9.93092 12.3885 6.95095
internal_count=245 111 134 121 95 98
is_linear=0
shrinkage=0.03


Tree=200
num_leaves=7
num_cat=0
split_feature=58 17 35 47 14 47
split_gain=0.885377 0.763187 0.65384 0.5724 0.172416 0.0555704
threshold=1.0000000180025095e-35 0.51415646076202404 0.1045847423374653 0.13558906316757205 1.4842136502265932 0.085297085344791426
decision_type=2 2 2 2 2 2
left_child=1 2 -1 -2 -5 -3
right_child=3 5 -4 4 -6 -7
leaf_value=0 0 0 0.0098849442666513864 0 -0.0077548893034324624 -0.0018904385831693875
leaf_weight=1.8148409202694908 1.264464259147642 1.3661207556724537 7.7410571947693825 0.7595326080918311 6.777692686766386 3.9946213699877262
leaf_count=11 9 8 57 5 98 40
internal_value=0 0.00428824 0.00765201 -0.004244 -0.00697749 0
internal_weight=23.7183 14.9166 9.5559 8.80169 7.53723 5.36074
internal_count=228 116 68 112 103 48
is_linear=0
shrinkage=0.03


Tree=201
num_leaves=7
num_cat=0
split_feature=11 52 48 58 57 34
split_gain=0.605696 1.01455 0.843492 0.340847 0.313229 0.12522
threshold=4.6250000000000009 -0.38562110066413874 -0.23816646635532376 0.009599999990314247 0.0028000000165775423 0.31073062121868139
decision_type=2 2 2 2 2 2
left_child=1 2 -1 -2 5 -3
right_child=3 4 -4 -5 -6 -7
leaf_value=0 0.0070471762303753278 0 -0.0099425807211328682 0 0 0.0058963324469578698
leaf_weight=4.2229255530983245 4.986088450998067 1.9902428239583976 7.4728170838207006 1.2093150578439233 1.8484589271247385 2.8631620332598686
leaf_count=38 42 12 93 18 15 20
internal_value=0 -0.0019469 -0.00668005 0.00519741 0.00177473 0.00474562
internal_weight=24.593 18.3976 11.6957 6.1954 6.70186 4.8534
internal_count=238 178 131 60 47 32
is_linear=0
shrinkage=0.03


Tree=202
num_leaves=7
num_cat=0
split_feature=54 68 11 43 30 24
split_gain=1.03862 1.22645 0.80338 0.301639 0.297118 0.10389
threshold=0.069159060716629042 385.15440368652349 5.6070852279663095 0.15180068463087085 0.35304744541645056 0.40350414812564855
decision_type=2 8 2 2 2 2
left_child=-1 4 3 -3 5 -2
right_child=1 2 -4 -5 -6 -7
leaf_value=0.0070026419597637559 0.0052927226430836581 0 0 -0.011209371720560826 0 0
leaf_weight=4.0276067182421711 3.7498211637139338 1.0232291817665089 1.6195774935185898 8.4715245608240348 3.2967539802193642 1.7804761379957197
leaf_count=23 27 7 15 115 30 11
internal_value=0 -0.00287154 -0.00792599 -0.0102533 0.00113529 0.00433368
internal_weight=23.969 19.9414 11.1143 9.49475 8.82705 5.5303
internal_count=228 205 137 122 68 38
is_linear=0
shrinkage=0.03


Tree=203
num_leaves=7
num_cat=0
split_feature=51 17 28 36 34 54
split_gain=1.06637 0.810566 0.535067 0.515405 0.580504 0.126181
threshold=-0.52580422163009632 0.89189520478248607 0.25222551822662359 0.077054243534803404 0.79708495736122142 0.76592186093330394
decision_type=2 2 2 2 2 2
left_child=2 3 -1 -2 -5 -4
right_child=1 -3 5 4 -6 -7
leaf_value=0 0 0 -0.0068731829111964605 0.011610474310287314 0 0
leaf_weight=4.7576498929411191 1.2528731450438488 1.169537916779517 5.2327219117432833 9.0962653122842294 1.3410144355148066 1.5973010398447511
leaf_count=40 8 9 75 69 14 19
internal_value=0.000819898 0.0061279 -0.00240131 0.00855623 0.0100197 -0.00600079
internal_weight=24.4474 12.8597 11.5877 11.6902 10.4373 6.83002
internal_count=234 100 134 91 83 94
is_linear=0
shrinkage=0.03


Tree=204
num_leaves=7
num_cat=0
split_feature=51 11 26 50 33 19
split_gain=0.826216 1.13309 0.810343 0.632203 0.177618 0.000623696
threshold=-0.43886667490005488 7.5000000000000009 0.14372427761554721 0.15126202255487445 0.23355001211166385 0.16953656077384952
decision_type=2 2 2 2 2 2
left_child=1 2 -1 -2 -4 -3
right_child=3 5 4 -5 -6 -7
leaf_value=0 0.008027778698018578 0.001763863623376636 0 0 -0.010973831763416826 0
leaf_weight=4.165069278329617 5.6570808105170709 2.2208825424313541 0.65597390383481879 2.7066808119416237 8.0613137893378717 1.1037059761583803
leaf_count=32 37 20 12 21 106 9
internal_value=0 -0.00340337 -0.00749632 0.00489515 -0.0103761 0.00167672
internal_weight=24.5707 16.2069 12.8824 8.36376 8.71729 3.32459
internal_count=237 179 150 58 118 29
is_linear=0
shrinkage=0.03


Tree=205
num_leaves=7
num_cat=0
split_feature=60 68 1 7 51 11
split_gain=0.668042 1.30389 0.583871 0.391993 0.240257 0.522662
threshold=0.0030000000260770325 752.01473999023449 0.83333334326744091 388.00000000000006 -0.38627026975154871 5.6070852279663095
decision_type=2 8 2 2 2 2
left_child=1 3 -2 -1 5 -3
right_child=2 4 -4 -5 -6 -7
leaf_value=0.010926281201022977 -0.0061190864975395765 -0.0066709220196176661 0 0 0.0001463096907732729 0
leaf_weight=7.0014988258481079 6.7513431012630445 5.4240168426185864 2.0643945708870888 1.1912866346538065 1.1963382065296135 1.6891413964331148
leaf_count=52 71 61 17 10 7 14
internal_value=0.000332757 0.00435831 -0.00232534 0.00960074 0 -0.00355266
internal_weight=25.318 16.5023 8.81574 8.19279 8.3095 7.11316
internal_count=232 144 88 62 82 75
is_linear=0
shrinkage=0.03


Tree=206
num_leaves=7
num_cat=0
split_feature=68 60 7 11 56 30
split_gain=1.14204 2.01324 0.568847 0.543001 0.421057 0.181654
threshold=752.01473999023449 0.0030000000260770325 388.00000000000006 8.5000000000000018 -0.31618131697177881 0.84136217832565319
decision_type=8 2 2 2 2 2
left_child=1 2 -1 5 -3 -2
right_child=3 4 -4 -5 -6 -7
leaf_value=0.012787115570582652 -0.0080559312164178044 -0.0054135493551514188 0 0 0 0
leaf_weight=7.013562027364971 7.9069364722818118 4.9740693904459476 1.255311708897352 1.1974602267146099 1.2013834491372097 0.67766554653644551
leaf_count=52 99 43 10 8 8 13
internal_value=0 0.00460294 0.0111468 -0.00507717 -0.00192414 -0.00733039
internal_weight=24.2264 14.4443 8.26887 9.78206 6.17545 8.5846
internal_count=233 113 62 120 51 112
is_linear=0
shrinkage=0.03


Tree=207
num_leaves=7
num_cat=0
split_feature=12 59 30 19 49 53
split_gain=0.627325 0.485019 0.373183 0.338472 0.380117 0.161126
threshold=0.30952382087707525 0.1176000013947487 0.35304744541645056 0.2999271303415299 0.15206046402454379 -0.48418669402599329
decision_type=2 2 2 2 2 2
left_child=3 2 5 -1 -5 -2
right_child=1 -3 -4 4 -6 -7
leaf_value=0 0 0 0 -0.0069352157876616458 0 0.0088500961165724045
leaf_weight=1.9846541471779344 0.90101122856139859 3.8872373960912237 1.5890979468822468 5.8088602796196938 1.0448726229369638 7.4704264886677274
leaf_count=23 8 31 11 81 20 51
internal_value=0 0.00434856 0.00666796 -0.002456 -0.00498165 0.00816024
internal_weight=22.6862 13.8478 9.96054 8.83839 6.85373 8.37144
internal_count=225 101 70 124 101 59
is_linear=0
shrinkage=0.03


Tree=208
num_leaves=7
num_cat=0
split_feature=68 6 48 26 42 4
split_gain=0.601459 0.523333 0.387363 0.385962 0.554146 0.170593
threshold=667.86233520507824 192.00000000000003 -0.3183924257755279 0.16030008345842364 0.55946046113967907 0.0050959466025233277
decision_type=8 2 2 2 2 8
left_child=1 2 -1 -2 5 -5
right_child=3 -3 -4 4 -6 -7
leaf_value=0 0 0 0.0082807529162882941 0 0 -0.0079282238111519562
leaf_weight=1.7648586779832829 3.9579818546771994 1.2986425012350071 9.6024673134088534 0.61562539637088587 1.4374957382678983 6.4010432027280331
leaf_count=14 28 12 75 8 8 95
internal_value=0.000643049 0.0048106 0.00682578 -0.0011815 -0.00452973 -0.00718054
internal_weight=25.0781 12.666 11.3673 12.4121 8.45416 7.01667
internal_count=240 101 89 139 111 103
is_linear=0
shrinkage=0.03


Tree=209
num_leaves=7
num_cat=0
split_feature=68 60 6 47 0 4
split_gain=0.668999 1.25146 0.513423 0.509495 0.675193 0.521472
threshold=667.86233520507824 0.077600002288818373 185.75000000000003 0.085297085344791426 3.1666666269302373 0.0049020785372704276
decision_type=8 2 2 2 2 8
left_child=1 2 -1 -2 5 -5
right_child=3 -3 -4 4 -6 -7
leaf_value=0.010661399952018794 0 -0.00067132011937123912 0 0 0 -0.0099488176297014459
leaf_weight=8.2659646309912223 3.3548966497182837 4.1529178172349921 1.3241779915988434 0.89319295808672716 1.2328306660056112 6.6040370501577854
leaf_count=64 18 34 10 10 8 102
internal_value=0 0.00456225 0.00907717 -0.00221043 -0.00549936 -0.00819167
internal_weight=25.828 13.7431 9.59014 12.085 8.73006 7.49723
internal_count=246 108 74 138 120 112
is_linear=0
shrinkage=0.03


Tree=210
num_leaves=7
num_cat=0
split_feature=58 17 34 60 62 19
split_gain=1.09693 0.965911 0.67578 0.441498 0.440475 0.126987
threshold=1.0000000180025095e-35 0.8604593575000764 0.79708495736122142 0.31399999558925634 0.55140000581741344 0.011234394274652006
decision_type=2 2 2 2 2 2
left_child=1 2 3 -1 5 -2
right_child=4 -3 -4 -5 -6 -7
leaf_value=0.011626103181330963 0 0 0 0 0 -0.0068435839114131553
leaf_weight=9.5083740055561083 0.7079300731420507 1.5103105194866646 1.7874974496662606 1.9209370538592327 1.2597934342920778 5.8282808158546686
leaf_count=70 5 15 17 17 11 89
internal_value=0.000406072 0.00555126 0.00838241 0.0102229 -0.00359969 -0.00615778
internal_weight=22.5231 14.7271 13.2168 11.4293 7.796 6.53621
internal_count=224 119 104 87 105 94
is_linear=0
shrinkage=0.03


Tree=211
num_leaves=7
num_cat=0
split_feature=54 19 31 42 46 53
split_gain=0.761165 1.26682 0.762216 0.641211 0.275102 0.0596426
threshold=0.069159060716629042 0.2086361572146416 0.75880935788154613 0.18874773383140567 0.19557714462280276 -0.49311269819736475
decision_type=2 2 2 2 2 2
left_child=-1 4 3 -3 -2 -6
right_child=1 2 -4 -5 5 -7
leaf_value=0.0054232293262435581 0 0 0 -0.012086846929392533 0 0.0048807617477961236
leaf_weight=3.9098202846944359 2.7224245592951792 1.3734089154750098 2.6626960132271043 8.1314211059361678 1.6699188258498905 3.9192991554737091
leaf_count=23 20 17 34 94 18 28
internal_value=0 -0.00300889 -0.00790655 -0.0103062 0.00128662 0.00422217
internal_weight=24.389 20.4792 12.1675 9.50483 8.31164 5.58922
internal_count=234 211 145 111 66 46
is_linear=0
shrinkage=0.03


Tree=212
num_leaves=7
num_cat=0
split_feature=68 60 7 9 4 47
split_gain=0.818124 1.61107 0.568937 0.300661 0.521247 0.350464
threshold=752.01473999023449 0.077600002288818373 388.00000000000006 4.1666667461395273 0.0050959466025233277 0.073408186435699477
decision_type=8 2 2 2 8 2
left_child=1 2 -1 4 -2 -6
right_child=3 -3 -4 -5 5 -7
leaf_value=0.011744588344910991 0 -0.0012025248758515783 0 0 0 -0.0081290397310097504
leaf_weight=8.8423292376101035 1.2004810981452436 4.6153885982930651 1.3781517520546902 1.2294147685170163 1.1468710005283353 7.3843973632901907
leaf_count=69 12 39 11 8 6 99
internal_value=0.000657734 0.00514781 0.0101593 -0.00211369 -0.00429648 -0.00670603
internal_weight=25.797 14.8359 10.2205 10.9612 9.73175 8.53127
internal_count=244 119 80 125 117 105
is_linear=0
shrinkage=0.03


Tree=213
num_leaves=6
num_cat=0
split_feature=0 53 54 14 4
split_gain=0.927873 1.01713 0.813694 0.34081 0.307884
threshold=2.1666666269302373 -0.22608545422554013 0.069159060716629042 13.777369499206545 0.0050959466025233277
decision_type=2 2 2 2 8
left_child=1 2 -1 -2 -4
right_child=3 -3 4 -5 -6
leaf_value=0 0.0069661835274565159 0.0014855104610677361 0 0 -0.01010348784181809
leaf_weight=1.6711415201425595 4.7857936881482592 1.3778937757015235 1.4385344684123964 1.2849109470844267 12.766566649079323
leaf_count=8 44 8 16 7 146
internal_value=0 -0.00394564 -0.00712765 0.00505584 -0.00919597
internal_weight=23.3248 17.2541 15.8762 6.0707 14.2051
internal_count=229 178 170 51 162
is_linear=0
shrinkage=0.03


Tree=214
num_leaves=7
num_cat=0
split_feature=60 68 0 6 30 14
split_gain=0.933851 1.48281 0.500412 0.499764 0.357323 0.180271
threshold=0.0030000000260770325 697.16046142578136 4.1666667461395273 174.37500000000003 0.80952170491218578 12.331385612487795
decision_type=2 8 2 2 2 2
left_child=1 3 4 -1 -2 -3
right_child=2 5 -4 -5 -6 -7
leaf_value=0.011549233947320697 -0.0084819849622961348 0 0 0 0 -0.0033501787802203641
leaf_weight=6.8403693772852474 5.9298465047031623 3.6186613887548429 0.96587026864290226 1.2758202180266378 1.2229783795773981 4.8508427180349827
leaf_count=53 66 24 8 9 14 66
internal_value=0 0.00418833 -0.0045439 0.00995808 -0.00693296 -0.000490142
internal_weight=24.7044 16.5857 8.1187 8.11619 7.15282 8.4695
internal_count=240 152 88 62 80 90
is_linear=0
shrinkage=0.03


Tree=215
num_leaves=7
num_cat=0
split_feature=19 51 32 19 28 7
split_gain=0.589953 0.826552 0.667675 0.524623 0.398012 0.321082
threshold=0.23182993382215503 -0.3978706151247024 0.15498365461826327 0.92837941646575939 0.013348476495593788 373.50000000000006
decision_type=2 2 2 2 2 2
left_child=4 2 -2 -4 -1 -6
right_child=1 -3 3 -5 5 -7
leaf_value=0 0 0.001154657001289385 -0.010419032835076256 0 0.0077895503936559344 0
leaf_weight=1.2479212880134607 3.432046893984082 3.8502652049064627 8.0312179941683972 0.84926966391503889 6.7977585103362781 1.261477258056402
leaf_count=9 25 27 111 8 53 13
internal_value=0 -0.00246447 -0.00629555 -0.00886935 0.0043898 0.00635903
internal_weight=25.47 16.1628 12.3125 8.88049 9.30716 8.05924
internal_count=246 171 144 119 75 66
is_linear=0
shrinkage=0.03


Tree=216
num_leaves=7
num_cat=0
split_feature=50 59 35 2 9 55
split_gain=0.703531 0.732845 0.810371 0.776368 0.191002 0.323613
threshold=0.15126202255487445 0.16600000113248828 0.1045847423374653 1.6475065350532534 4.6666667461395273 -0.045754162594676011
decision_type=2 2 2 2 2 2
left_child=1 2 -1 -4 5 -2
right_child=4 -3 3 -5 -6 -7
leaf_value=0 0 0 0.012467168528845699 0 0 -0.0053881243455667647
leaf_weight=2.1841712817549732 1.2503579966723917 3.3827500920742741 8.3840169887989742 1.3681645523756731 1.3200823478400705 6.1403283253312093
leaf_count=16 12 44 61 15 14 70
internal_value=0.00204318 0.005514 0.00807216 0.0104542 -0.000538754 -0.00319327
internal_weight=24.0299 15.3191 11.9364 9.75218 8.71077 7.39069
internal_count=232 136 92 76 96 82
is_linear=0
shrinkage=0.03


Tree=217
num_leaves=7
num_cat=0
split_feature=51 50 68 61 0 47
split_gain=0.802132 0.650761 0.553591 0.482277 0.450019 0.124029
threshold=-0.51844158768653859 0.15126202255487445 313.60475158691412 0.01060000015422702 2.1666666269302373 0.6116701364517213
decision_type=2 2 8 2 2 2
left_child=2 3 5 -2 -4 -1
right_child=1 -3 4 -5 -6 -7
leaf_value=0 0.0097284800669162896 0 -0.0079953764403688857 0 0 0.0029547472531299451
leaf_weight=1.8773518986999995 7.5281216353178007 4.3875921647995701 5.5681269839406022 1.6165622398257253 1.4243697226047514 2.7856743261218071
leaf_count=15 54 35 97 12 9 20
internal_value=0.000512059 0.00521172 -0.0020607 0.00799873 -0.00589343 0
internal_weight=25.1878 13.5323 11.6555 9.14468 6.9925 4.66303
internal_count=242 101 141 66 106 35
is_linear=0
shrinkage=0.03


Tree=218
num_leaves=7
num_cat=0
split_feature=38 33 61 36 29 47
split_gain=0.523035 0.501928 0.397997 0.276127 0.236018 0.0711387
threshold=0.46866282820701605 0.63803189992904674 1.0000000180025095e-35 0.75758782029151928 0.87276113033294689 0.087287481874227538
decision_type=2 2 2 2 2 2
left_child=2 5 -1 4 -3 -2
right_child=1 3 -4 -5 -6 -7
leaf_value=-0.0062859916313371062 0 0.0083241426684055857 0 0 0 -0.0022417430170884978
leaf_weight=6.2943309620022792 0.89537049829959814 5.8424519039690477 4.5239287354052067 1.4060303978621957 2.0774885304272175 2.7402085587382317
leaf_count=73 5 52 29 16 20 40
internal_value=0 0.00283908 -0.00370422 0.00574032 0.00702885 0
internal_weight=23.7798 12.9615 10.8183 9.32597 7.91994 3.63558
internal_count=235 133 102 88 72 45
is_linear=0
shrinkage=0.03


Tree=219
num_leaves=7
num_cat=0
split_feature=58 19 39 62 50 36
split_gain=0.763363 0.693209 0.60691 0.351432 0.276466 0.254821
threshold=1.0000000180025095e-35 0.44250741600990301 0.20223893225193026 0.83859997987747203 0.25274411588907247 0.055899698287248618
decision_type=2 2 2 2 2 2
left_child=1 2 5 4 -2 -1
right_child=3 -3 -4 -5 -6 -7
leaf_value=0 -0.0066891931244497764 0 0 0 0 0.010351573857421732
leaf_weight=0.98201045393943953 6.7503195386379939 5.6128649394959202 1.316280361264943 0.98185247182846058 1.1331900618970392 7.7507554441690445
leaf_count=6 97 51 10 8 11 61
internal_value=0 0.00442571 0.0074959 -0.00312633 -0.00529119 0.00944961
internal_weight=24.5273 15.6619 10.049 8.86536 7.88351 8.73277
internal_count=244 128 77 116 108 67
is_linear=0
shrinkage=0.03


Tree=220
num_leaves=7
num_cat=0
split_feature=68 60 19 6 31 68
split_gain=0.994976 1.08318 0.680817 0.609648 0.292844 0.103364
threshold=50.487812042236335 0.31399999558925634 0.23182993382215503 174.37500000000003 0.85039034485816967 752.01473999023449
decision_type=10 2 2 2 2 10
left_child=2 3 -1 5 -4 -2
right_child=1 -3 4 -5 -6 -7
leaf_value=0 0.010830887120348 -0.0004486772317618934 -0.0089912179077492101 0 0 0
leaf_weight=3.9895157143473643 8.2468558475375158 2.7109569795429698 5.4039271473884583 1.3126963768154372 1.0769345648586748 1.45222140662372
leaf_count=30 65 30 65 15 14 16
internal_value=0 0.00471099 -0.00424565 0.00844578 -0.007718 0.010195
internal_weight=24.1931 13.7227 10.4704 11.0118 6.48086 9.69908
internal_count=235 126 109 96 79 81
is_linear=0
shrinkage=0.03


Tree=221
num_leaves=6
num_cat=0
split_feature=54 0 57 14 27
split_gain=0.638026 0.728162 0.97533 0.468393 0.138583
threshold=0.069159060716629042 3.5000000000000004 0.65219998359680187 1.3474708795547488 0.52602967619895946
decision_type=2 2 2 2 2
left_child=-1 2 3 -2 -4
right_child=1 -3 4 -5 -6
leaf_value=0.0060623551161110064 0 0.0023343848142472882 0.0030183114023830905 -0.0096233560420220365 0
leaf_weight=4.1412487663328674 1.1609240919351638 3.287349645048379 3.6906829737126818 10.913647396489976 1.4950550273060796
leaf_count=25 7 31 28 124 23
internal_value=0 -0.00133573 -0.00483565 -0.00828503 0
internal_weight=24.6889 20.5477 17.2603 12.0746 5.18574
internal_count=238 213 182 131 51
is_linear=0
shrinkage=0.03


Tree=222
num_leaves=7
num_cat=0
split_feature=47 32 5 23 38 50
split_gain=0.705023 0.973552 0.338155 0.308452 0.21466 0.138633
threshold=0.096516769379377379 0.19966991245746615 0.044748857617378242 0.92635458707809459 0.11142597720026971 0.15126202255487445
decision_type=2 2 2 2 2 2
left_child=5 2 -2 4 -3 -1
right_child=1 3 -4 -5 -6 -7
leaf_value=0.0068351839129208152 0 0 0.004627204309433342 0 -0.0091441930093584672 0
leaf_weight=4.0502287857234505 3.5225118808448332 0.9691465832292997 5.2604939565062523 0.63314853422343809 7.0715787429362535 2.5359619557857513
leaf_count=25 24 10 41 10 106 19
internal_value=0 -0.00193559 0.00109212 -0.00715751 -0.00827137 0.00566163
internal_weight=24.0431 17.4569 8.78301 8.67387 8.04073 6.58619
internal_count=235 191 65 126 116 44
is_linear=0
shrinkage=0.03


Tree=223
num_leaves=7
num_cat=0
split_feature=51 50 68 5 19 19
split_gain=0.621734 0.985127 0.527617 0.252102 0.148793 0.210473
threshold=-0.51844158768653859 0.15126202255487445 313.60475158691412 0.68173515796661388 0.74196732044219982 0.091246291995048537
decision_type=2 2 8 2 2 2
left_child=2 4 -1 -4 5 -2
right_child=1 -3 3 -5 -6 -7
leaf_value=0 0 -0.00038005982506147983 -0.007897730349654155 0 0 0.010087613917800754
leaf_weight=4.9278038702905187 1.4506179243326167 4.0026098974049091 5.7848715409636506 1.1334196999669073 1.4166648313403127 4.5899362191557884
leaf_count=36 10 37 95 12 11 34
internal_value=0 0.00359107 -0.00359806 -0.00669212 0.00815625 0.008986
internal_weight=23.3059 11.4598 11.8461 6.91829 7.45722 6.04055
internal_count=235 92 143 107 55 44
is_linear=0
shrinkage=0.03


Tree=224
num_leaves=7
num_cat=0
split_feature=58 49 35 34 0 21
split_gain=0.632266 0.42207 0.588171 0.385304 0.330651 0.260089
threshold=1.0000000180025095e-35 0.14026109874248507 0.36522072553634649 0.79708495736122142 4.1666667461395273 0.88802599906921398
decision_type=2 2 2 2 2 2
left_child=1 2 -1 -4 5 -2
right_child=4 -3 3 -5 -6 -7
leaf_value=0 -0.0074281454618163106 0 0.0099037738523641266 0 0 0
leaf_weight=5.1941045112907904 5.8467489648610345 3.2170562278479329 5.1125863455235958 2.0206594914197922 0.77221890538930882 0.85920739546418179
leaf_count=36 81 28 40 19 8 12
internal_value=0 0.00297658 0.00521056 0.00814107 -0.00442811 -0.00619094
internal_weight=23.0226 15.5444 12.3274 7.13325 7.47818 6.70596
internal_count=224 123 95 59 101 93
is_linear=0
shrinkage=0.03


Tree=225
num_leaves=7
num_cat=0
split_feature=32 47 60 2 60 53
split_gain=0.654167 0.792779 0.333108 0.399635 0.134463 0.0880972
threshold=0.27426053583621984 0.087287481874227538 0.16399999707937243 1.6475065350532534 0.93880000710487377 -0.23700707405805585
decision_type=2 2 2 2 2 2
left_child=2 -2 3 -1 5 -3
right_child=1 4 -4 -5 -6 -7
leaf_value=0.0077048024242794694 0.00077802156707628507 -0.0079075321081804317 0 0 0 0
leaf_weight=8.6679219789803046 2.6237296611070624 6.7311067506670943 1.6866152584552754 1.1887474358081807 0.69264725036919106 0.65435260534286399
leaf_count=65 16 107 13 12 9 5
internal_value=0 -0.00260067 0.00456392 0.00613976 -0.00684033 -0.00745755
internal_weight=22.2451 10.7018 11.5433 9.85667 8.07811 7.38546
internal_count=227 137 90 77 121 112
is_linear=0
shrinkage=0.03


Tree=226
num_leaves=7
num_cat=0
split_feature=60 28 45 48 1 56
split_gain=0.603415 0.672148 0.447015 0.503883 0.332311 0.156008
threshold=0.0030000000260770325 0.82930251955986034 0.48578415811061865 0.13498388230800631 0.83333334326744091 -0.3232800811529159
decision_type=2 2 2 2 2 2
left_child=1 2 3 -1 5 -2
right_child=4 -3 -4 -5 -6 -7
leaf_value=0.009652812665364767 -0.0065193021214858008 0 0 0 0 0
leaf_weight=9.6414214000105911 4.4272614046931267 1.6595582738518704 2.701404493302106 2.0929459314793339 1.4477533437311647 0.99452870152890582
leaf_count=79 55 24 29 18 14 7
internal_value=0 0.00376234 0.00631447 0.00795857 -0.00320875 -0.00553678
internal_weight=22.9649 16.0953 14.4358 11.7344 6.86954 5.42179
internal_count=226 150 126 97 76 62
is_linear=0
shrinkage=0.03


Tree=227
num_leaves=7
num_cat=0
split_feature=51 35 34 28 43 11
split_gain=0.653505 0.637296 0.757526 0.584171 0.272835 0.023825
threshold=-0.51844158768653859 0.1045847423374653 0.79708495736122142 0.10189286246895791 0.71325507760047924 7.5000000000000009
decision_type=2 2 2 2 2 2
left_child=3 -2 4 -1 -3 -5
right_child=1 2 -4 5 -6 -7
leaf_value=0 0 0.010106621607018883 0 -0.0066541621146271228 0 0
leaf_weight=3.4813877157866981 1.3144931849092234 8.275767792016266 2.4136343728750935 7.3785526491701585 1.3923894464969624 0.95433490723371495
leaf_count=27 10 66 23 107 8 8
internal_value=0 0.00395446 0.00652252 -0.00319219 0.00907898 -0.00638775
internal_weight=25.2106 13.3963 12.0818 11.8143 9.66816 8.33289
internal_count=249 107 97 142 74 115
is_linear=0
shrinkage=0.03


Tree=228
num_leaves=7
num_cat=0
split_feature=47 68 0 44 42 48
split_gain=0.682154 0.837366 0.586418 0.471562 0.2299 0.128893
threshold=0.090125467628240599 376.21420288085943 3.5000000000000004 0.32803888618946081 0.18874773383140567 -0.3183924257755279
decision_type=2 8 2 2 2 2
left_child=-1 3 4 5 -3 -2
right_child=1 2 -4 -5 -6 -7
leaf_value=0.0061355250407322901 0 0 0 0 -0.0091343158723436613 0.0063914787233047519
leaf_weight=5.9355851188302067 1.383120000362396 1.0204454343765936 0.89079574868083078 1.896508529782295 7.3326446991413832 4.755227245390417
leaf_count=40 11 15 7 16 106 36
internal_value=0.000430455 -0.000860594 -0.00608042 0.00185945 -0.00821722 0.00549198
internal_weight=23.2143 17.2787 9.24389 8.03486 8.35309 6.13835
internal_count=231 191 128 63 121 47
is_linear=0
shrinkage=0.03


Tree=229
num_leaves=7
num_cat=0
split_feature=51 38 26 17 26 21
split_gain=0.603904 0.648985 0.46539 0.265748 0.246395 0.107498
threshold=-0.51844158768653859 0.4512446820735932 0.10526142641901971 0.8604593575000764 0.78245297074317943 0.15470241755247119
decision_type=2 2 2 2 2 2
left_child=2 -2 -1 4 -3 -4
right_child=1 3 5 -5 -6 -7
leaf_value=0 0 0.0089415562931262054 0 0 0 -0.007313753832746895
leaf_weight=3.2368600387126225 5.2842337395995838 5.2159841917455196 0.60751510597765435 1.1031148321926592 1.0751664862036703 6.593215411528945
leaf_count=27 38 43 12 9 12 98
internal_value=0 0.00275015 -0.00426629 0.00659092 0.00781427 -0.00678064
internal_weight=23.1161 12.6785 10.4376 7.39427 6.29115 7.20073
internal_count=239 102 137 64 55 110
is_linear=0
shrinkage=0.03


Tree=230
num_leaves=7
num_cat=0
split_feature=51 68 50 54 1 68
split_gain=0.957992 0.800052 0.625192 0.385035 0.119891 0.082701
threshold=-0.51844158768653859 313.60475158691412 0.15126202255487445 0.55302938818931591 1.5000000000000002 171.88907623291018
decision_type=2 8 2 2 2 8
left_child=1 3 5 -1 -3 -2
right_child=2 4 -4 -5 -6 -7
leaf_value=-4.699095346220991e-05 0 -0.0077749845670772493 0 0.0051401884803510996 0 0.0091762586298947974
leaf_weight=2.3483376018702993 1.4881065450608701 5.3397555537521848 4.3980739507824174 3.2523453161120415 0.74287030100822438 6.809865679591895
leaf_count=19 10 89 38 21 9 49
internal_value=0.000746243 -0.00217938 0.00585615 0.000483267 -0.00713785 0.00856084
internal_weight=24.3794 11.6833 12.696 5.60068 6.08263 8.29797
internal_count=235 138 97 40 98 59
is_linear=0
shrinkage=0.03


Tree=231
num_leaves=7
num_cat=0
split_feature=51 50 28 26 30 34
split_gain=0.579651 0.487173 0.405211 0.25855 0.156949 0.0503895
threshold=-0.51844158768653859 0.15126202255487445 0.10189286246895791 0.0989883989095688 0.056518919765949256 0.79708495736122142
decision_type=2 2 2 2 2 2
left_child=2 3 -1 -2 -4 -5
right_child=1 -3 4 5 -6 -7
leaf_value=0 0 0 0 0.0085913752924121692 -0.0062452095292559453 0
leaf_weight=3.6835498474538344 1.0855676606297473 4.9362464472651482 0.77691991627216328 5.1207256503403187 6.1026209406554699 1.2300655953586099
leaf_count=29 8 44 6 36 94 11
internal_value=0 0.00422617 -0.00243677 0.00693274 -0.00537021 0.0080923
internal_weight=22.9357 12.3726 10.5631 7.43636 6.87954 6.35079
internal_count=228 99 129 55 100 47
is_linear=0
shrinkage=0.03


Tree=232
num_leaves=7
num_cat=0
split_feature=19 6 56 12 59 31
split_gain=0.944454 0.920406 0.435594 0.253419 0.248813 0.205603
threshold=0.44250741600990301 327.00000000000006 -0.55636668205261219 0.30952382087707525 0.28880000114440924 0.073563203215599074
decision_type=2 2 2 2 2 2
left_child=1 2 -1 5 -4 -2
right_child=3 -3 4 -5 -6 -7
leaf_value=0 0 0 0.011638909616796892 0 0 -0.0052918040019258403
leaf_weight=1.9551110137253989 0.62105079740285685 1.234983917325734 8.7908363007009047 3.5165388099849224 2.598864408209919 4.9907603114843369
leaf_count=20 4 12 71 25 26 77
internal_value=0.00276559 0.00669322 0.00909137 -0.000590491 0.0104181 -0.00387769
internal_weight=23.7081 14.5798 13.3448 9.12835 11.3897 5.61181
internal_count=235 129 117 106 97 81
is_linear=0
shrinkage=0.03


Tree=233
num_leaves=7
num_cat=0
split_feature=68 3 60 4 44 60
split_gain=0.4478 0.73384 0.706196 0.596113 0.19251 0.141485
threshold=752.01473999023449 3.5000000000000004 0.0030000000260770325 0.0075805915985256442 0.65886381268501293 0.64239999651908886
decision_type=8 2 2 8 2 2
left_child=2 4 3 -1 5 -2
right_child=1 -3 -4 -5 -6 -7
leaf_value=0 -0.0082967299723280003 0.00065074441366677865 0 0.0092230682008935996 0 0
leaf_weight=1.037634942680598 5.7943514660000783 1.7398311570286749 5.2240428850054732 6.9748103190213451 1.2596501410007475 0.71157815679907788
leaf_count=9 94 11 44 55 8 9
internal_value=0 -0.00259289 0.00342063 0.00709786 -0.00665415 -0.00762585
internal_weight=22.7419 9.50541 13.2365 8.01245 7.76558 6.50593
internal_count=230 122 108 64 111 103
is_linear=0
shrinkage=0.03


Tree=234
num_leaves=7
num_cat=0
split_feature=68 60 6 47 0 4
split_gain=0.951631 0.991032 0.646217 0.43576 0.38264 0.432697
threshold=752.01473999023449 0.31399999558925634 174.37500000000003 0.073408186435699477 4.8333332538604745 0.0049020785372704276
decision_type=8 2 2 2 2 8
left_child=1 2 -1 -2 5 -5
right_child=3 -3 -4 4 -6 -7
leaf_value=0.010594617735071895 0 0 0 0 0 -0.0087824094990523877
leaf_weight=9.1624113637954014 2.0710665583610526 2.850665718317031 1.2606179229915131 0.88371683843433668 0.69024936854839314 6.9289566427469254
leaf_count=74 11 25 10 11 5 102
internal_value=0.00014021 0.0053949 0.00876585 -0.00295584 -0.00555974 -0.00717229
internal_weight=23.8477 13.2737 10.423 10.574 8.50292 7.81267
internal_count=238 109 84 129 118 113
is_linear=0
shrinkage=0.03


Tree=235
num_leaves=7
num_cat=0
split_feature=47 30 38 6 4 25
split_gain=0.609565 0.454068 0.434466 0.354711 0.21363 0.186866
threshold=0.13558906316757205 0.14627855271101001 0.11142597720026971 31.467741012573246 0.004733734531328083 0.91219913959503185
decision_type=2 2 2 2 10 2
left_child=3 4 -3 -1 -2 -4
right_child=1 2 5 -5 -6 -7
leaf_value=0.0071675394386497039 0 0 -0.0076841664893830446 0 0.0037611095271492447 0
leaf_weight=6.8378503285348433 1.5554375834763039 1.1180972643196563 6.6043153163045645 1.9139309227466581 3.8834166526794434 0.62348723784089077
leaf_count=51 12 13 105 12 28 11
internal_value=0.000652787 -0.000837747 -0.00479169 0.00539496 0.00051702 -0.0068664
internal_weight=22.5365 13.7848 8.3459 8.75178 5.43885 7.2278
internal_count=232 169 129 63 40 116
is_linear=0
shrinkage=0.03


Tree=236
num_leaves=7
num_cat=0
split_feature=58 3 2 62 54 42
split_gain=0.907143 0.562036 0.591358 0.291936 0.0460747 0.30341
threshold=0.011799999978393318 0.83333334326744091 1.9959999918937685 0.55140000581741344 0.069159060716629042 0.27633763849735266
decision_type=2 2 2 2 2 2
left_child=1 4 -3 -2 -1 -6
right_child=3 2 -4 -5 5 -7
leaf_value=0.00095137911787487287 -0.0054107054454078903 0.01001138686379535 0 0 0 -0.0045605071662834333
leaf_weight=2.3293020278215462 4.1210465487092725 7.3003739491105062 1.2142710238695142 0.66152514144778241 2.0965711399912834 4.5866772104054689
leaf_count=11 72 61 11 5 16 43
internal_value=0.00096613 0.00502806 0.00805658 -0.00319247 0 -0.00134783
internal_weight=22.3098 17.5272 8.51464 4.78257 9.01255 6.68325
internal_count=219 142 72 77 70 59
is_linear=0
shrinkage=0.03


Tree=237
num_leaves=7
num_cat=0
split_feature=0 47 58 55 41 35
split_gain=0.424965 0.590221 0.540494 0.383539 0.376905 0.059781
threshold=0.83333334326744091 0.096516769379377379 0.009599999990314247 0.14269554615020755 0.038569312542676933 0.05385746248066426
decision_type=2 2 2 2 2 2
left_child=1 -1 3 -2 -3 -6
right_child=2 4 -4 -5 5 -7
leaf_value=0 0.0083559316594404437 0 0 0 0 -0.007929769748460061
leaf_weight=3.8450983762741116 5.1753308176994306 2.4465431943535796 1.5385555271059272 1.7693805843591688 0.85766236484050562 7.1553475949913263
leaf_count=22 46 20 30 12 7 86
internal_value=0 -0.00252154 0.0035117 0.00649304 -0.00578934 -0.00754323
internal_weight=22.7879 14.3047 8.48327 6.94471 10.4596 8.01301
internal_count=223 135 88 58 113 93
is_linear=0
shrinkage=0.03


Tree=238
num_leaves=7
num_cat=0
split_feature=68 60 11 56 7 30
split_gain=1.47959 1.06483 0.682002 0.604324 0.230091 0.147406
threshold=697.16046142578136 0.31399999558925634 5.6070852279663095 -0.36945162713527674 388.00000000000006 0.0243340227752924
decision_type=8 2 2 2 2 2
left_child=1 4 3 5 -1 -2
right_child=2 -3 -4 -5 -6 -7
leaf_value=0.010400884203408286 0 0 0 0 0 -0.010257487855247566
leaf_weight=9.0793011188507098 0.64032774418592353 2.6465029455721369 1.4770671874284733 1.6530612371861924 1.2895188964903344 6.3801217041909695
leaf_count=69 4 22 14 15 11 99
internal_value=0 0.00624828 -0.00463604 -0.00748753 0.00954794 -0.00966764
internal_weight=23.1659 13.0153 10.1506 8.67351 10.3688 7.02045
internal_count=234 102 132 118 80 103
is_linear=0
shrinkage=0.03


Tree=239
num_leaves=7
num_cat=0
split_feature=61 31 11 42 60 45
split_gain=0.256232 0.829349 0.476623 0.414264 0.381483 0.149136
threshold=1.0000000180025095e-35 0.72432744503021251 7.5000000000000009 0.18874773383140567 0.34340000152587896 0.096849299967288985
decision_type=2 2 2 2 2 2
left_child=1 2 3 -1 -2 -3
right_child=4 5 -4 -5 -6 -7
leaf_value=0 0.0051916310820941452 0.0035979851306960965 0 -0.0092895971038207438 0 0
leaf_weight=1.1794368177652366 6.0141346491873255 2.1131978854537006 0.99323043227195817 9.327970424666999 1.6568561941385267 1.0368363764137027
leaf_count=16 49 16 10 108 13 22
internal_value=0 -0.00240276 -0.006347 -0.00794688 0.0022353 0.00131063
internal_weight=22.3217 14.6507 11.5006 10.5074 7.67099 3.15003
internal_count=234 172 134 124 62 38
is_linear=0
shrinkage=0.03


Tree=240
num_leaves=7
num_cat=0
split_feature=68 55 54 4 0 4
split_gain=0.756706 0.534127 0.432715 0.397831 0.375258 0.348954
threshold=667.86233520507824 0.14269554615020755 0.069159060716629042 0.0050959466025233277 3.1666666269302373 0.0088907959870994108
decision_type=8 2 2 8 2 8
left_child=1 5 -2 -4 -5 -1
right_child=2 -3 3 4 -6 -7
leaf_value=0 0 0 0 -0.0083728939014609816 0 0.0084891465690123732
leaf_weight=1.0455194450914866 1.7706678211688984 2.0900497473776332 0.83752343989908418 6.6682067718356857 1.2870789915323255 9.4223575443029404
leaf_count=8 9 18 10 107 8 78
internal_value=0.000465699 0.00517841 -0.00201277 -0.00501557 -0.00680224 0.00728289
internal_weight=23.1214 12.5579 10.5635 8.79281 7.95529 10.4679
internal_count=238 104 134 125 115 86
is_linear=0
shrinkage=0.03


Tree=241
num_leaves=7
num_cat=0
split_feature=24 31 41 11 59 25
split_gain=0.544538 0.644102 0.283371 0.211098 0.296524 0.160983
threshold=0.23973467200994494 0.69415679574012767 0.45105154812335974 1.8333333134651186 0.27939999103546148 0.19308520853519442
decision_type=2 2 2 2 2 2
left_child=3 2 5 -1 -5 -2
right_child=1 -3 -4 4 -6 -7
leaf_value=0 0 0 0 0.0060831316861911199 0 -0.008773025757334834
leaf_weight=1.2171457409858728 0.54381668195128252 3.812626088038086 1.63517190515995 6.4271865710616094 1.661724407225847 7.1332201473414898
leaf_count=11 9 49 10 48 16 93
internal_value=0 -0.00382914 -0.00689738 0.00279686 0.00434186 -0.00814874
internal_weight=22.4309 13.1248 9.31221 9.30606 8.08891 7.67704
internal_count=236 161 112 75 64 102
is_linear=0
shrinkage=0.03


Tree=242
num_leaves=7
num_cat=0
split_feature=68 60 54 4 5 7
split_gain=0.323051 0.576443 0.567779 0.619905 0.572985 0.274396
threshold=385.15440368652349 0.36660000681877142 0.069159060716629042 0.0050959466025233277 0.96803653240203869 294.50000000000006
decision_type=8 2 2 8 2 2
left_child=1 5 -2 -4 -5 -1
right_child=2 -3 3 4 -6 -7
leaf_value=0.0074834504357799364 0.00036150718776833821 0 0 -0.0094042676585543127 0 0
leaf_weight=7.1480241082608718 2.8707315102219573 1.8956991992890824 1.2009292691946001 8.9856488630175573 0.69746935367584306 1.2954619675874708
leaf_count=58 15 16 13 120 5 11
internal_value=0 0.00309294 -0.00201214 -0.00538453 -0.00768811 0.00621921
internal_weight=24.094 10.3392 13.7548 10.884 9.68312 8.44349
internal_count=238 85 153 138 125 69
is_linear=0
shrinkage=0.03


Tree=243
num_leaves=7
num_cat=0
split_feature=0 58 54 33 24 49
split_gain=0.58849 0.770928 0.548852 0.515904 0.571242 0.13767
threshold=0.83333334326744091 0.009599999990314247 0.069159060716629042 0.23355001211166385 0.80802294611930858 0.14659953117370608
decision_type=2 2 2 2 2 2
left_child=2 5 -1 -4 -5 -2
right_child=1 -3 3 4 -6 -7
leaf_value=0 0.0083307663741933949 0 0 -0.0097271285866352107 0 0
leaf_weight=2.0591430068016079 5.0790575556457025 2.0766696594655514 1.2965106219053257 8.7415078282356244 2.0767143275588742 1.2406069114804266
leaf_count=10 46 37 16 88 33 9
internal_value=0 0.00352645 -0.00352789 -0.00599511 -0.00777708 0.00751888
internal_weight=22.5702 8.39633 14.1739 12.1147 10.8182 6.31966
internal_count=239 92 147 137 121 55
is_linear=0
shrinkage=0.03


Tree=244
num_leaves=7
num_cat=0
split_feature=68 60 43 58 0 60
split_gain=0.841454 0.835903 0.598676 0.390488 0.324032 0.239977
threshold=667.86233520507824 0.31399999558925634 0.15180068463087085 0.045199999585747726 4.1666667461395273 0.93880000710487377
decision_type=8 2 2 2 2 2
left_child=1 3 -2 -1 5 -4
right_child=2 -3 4 -5 -6 -7
leaf_value=0.0088325046927822323 0 0 -0.0093192634248165148 0 0 0
leaf_weight=8.450568690896036 1.6513462141156185 2.8920594416558734 6.904008084908126 1.3162568397819985 1.0349670052528379 0.58467017672955979
leaf_count=70 11 24 113 13 6 8
internal_value=0 0.0038487 -0.00457174 0.00741883 -0.00720081 -0.00846141
internal_weight=22.8339 12.6589 10.175 9.76683 8.52365 7.48868
internal_count=245 107 138 83 127 121
is_linear=0
shrinkage=0.03


Tree=245
num_leaves=7
num_cat=0
split_feature=54 32 31 0 37 57
split_gain=0.915517 0.968608 0.497432 0.200175 0.141048 0.0332087
threshold=0.069159060716629042 0.17417489737272265 0.75880935788154613 0.83333334326744091 0.86705854535102855 0.1564000025391579
decision_type=2 2 2 2 2 2
left_child=-1 3 4 5 -3 -2
right_child=1 2 -4 -5 -6 -7
leaf_value=0.0051632976954090288 -0.001572876140534816 -0.010469310476116593 0 0.0035383275948846641 0 0
leaf_weight=3.8500565774738815 2.0836093015968822 7.3448519166558963 2.243574855849146 4.389319185167551 0.77316343039274205 1.6070674285292623
leaf_count=24 16 101 34 39 11 10
internal_value=0 -0.00399852 -0.0080713 0 -0.00989559 -2.14528e-05
internal_weight=22.2916 18.4416 10.3616 8.08 8.11802 3.69068
internal_count=235 211 146 65 112 26
is_linear=0
shrinkage=0.03


Tree=246
num_leaves=7
num_cat=0
split_feature=60 68 1 58 53 43
split_gain=0.404207 0.9715 0.439184 0.311665 0.215048 0.20331
threshold=0.0030000000260770325 11.441227912902834 0.83333334326744091 0.056599998846650131 -0.24242531508207318 0.14653412997722629
decision_type=2 10 2 2 2 2
left_child=1 5 4 -3 -2 -1
right_child=2 3 -4 -5 -6 -7
leaf_value=0 -0.0067121083618417116 0.009201790623960919 0 0 0 -0.0034047017567228801
leaf_weight=1.4917763471603409 5.5045111794024706 6.6368655934929848 1.8471972979605196 1.2321579512208698 0.90169097483157923 5.8053082060068846
leaf_count=10 67 50 18 20 6 69
internal_value=0 0.00317744 -0.00245157 0.00794587 -0.00554791 -0.00011685
internal_weight=23.4195 15.1661 8.2534 7.86902 6.4062 7.29708
internal_count=240 149 91 70 73 79
is_linear=0
shrinkage=0.03


Tree=247
num_leaves=7
num_cat=0
split_feature=19 47 57 21 35 22
split_gain=0.593701 0.280299 0.288258 0.312832 0.173636 0.0221229
threshold=0.23182993382215503 0.13558906316757205 0.87619999051094066 0.88802599906921398 0.1045847423374653 0.33983196318149572
decision_type=2 2 2 2 2 2
left_child=4 -2 3 -3 -1 -6
right_child=1 2 -4 -5 5 -7
leaf_value=0 0 -0.0077565046587162925 0 0 0.0061212746301001165 0
leaf_weight=1.7884630449116246 5.169267024844884 5.169865081086753 2.5778740756213665 0.94265722483396519 5.7751115448772907 1.3656081948429344
leaf_count=12 38 82 23 14 48 18
internal_value=0 -0.00223722 -0.00445945 -0.00625857 0.00468178 0.00577262
internal_weight=22.7888 13.8597 8.6904 6.11252 8.92918 7.14072
internal_count=235 157 119 96 78 66
is_linear=0
shrinkage=0.03


Tree=248
num_leaves=7
num_cat=0
split_feature=58 19 35 38 62 57
split_gain=0.49851 0.717322 0.580383 0.276137 0.196452 0.126636
threshold=1.0000000180025095e-35 0.44250741600990301 0.36522072553634649 0.86325907707214367 0.55140000581741344 0.78940001130104076
decision_type=2 2 2 2 2 2
left_child=1 2 -1 4 5 -2
right_child=3 -3 -4 -5 -6 -7
leaf_value=0 -0.0066754016724477321 0 0.0099703191745987955 0 0 0
leaf_weight=4.6747268624603766 4.4466136172413808 5.155269404873251 5.2115702070295811 1.3963860906660555 1.3888346645981071 0.98775262013077725
leaf_count=35 73 50 43 22 11 10
internal_value=0 0.00370747 0.00705498 -0.00239437 -0.00458056 -0.00585875
internal_weight=23.2612 15.0416 9.8863 8.21959 6.8232 5.43437
internal_count=244 128 78 116 94 83
is_linear=0
shrinkage=0.03


Tree=249
num_leaves=7
num_cat=0
split_feature=51 34 34 24 68 17
split_gain=0.696957 0.551987 0.476642 0.462126 0.267061 0.0300624
threshold=-0.50530260801315297 0.79708495736122142 0.11043261736631395 0.1770737171173096 184.70973205566409 0.10218383744359018
decision_type=2 2 2 2 8 2
left_child=3 2 -2 -1 -4 -5
right_child=1 -3 4 5 -6 -7
leaf_value=0 0 0 0 0 0.009620964800177172 -0.0064813410161327729
leaf_weight=4.3394292742013949 1.0273178666830052 1.8632312361150969 1.3043723888695211 0.56008537486195553 7.0630614012479791 5.6386332046240568
leaf_count=35 7 19 14 5 53 91
internal_value=0 0.00440925 0.00685009 -0.00322775 0.00853836 -0.00623579
internal_weight=21.7961 11.258 9.39475 10.5381 8.36743 6.19872
internal_count=224 93 74 131 67 96
is_linear=0
shrinkage=0.03


Tree=250
num_leaves=7
num_cat=0
split_feature=1 54 54 58 55 50
split_gain=0.712614 0.616907 0.727273 0.478557 0.380859 0.119528
threshold=0.83333334326744091 0.069159060716629042 0.72662216424942028 0.01480000000447035 0.14269554615020755 0.04967715963721276
decision_type=2 2 2 2 2 2
left_child=1 -1 5 4 -2 -3
right_child=3 2 -4 -5 -6 -7
leaf_value=0 0.0084352077139175276 0 0 0 0 -0.0094100756513537786
leaf_weight=2.2883233875036266 4.7868619859218589 1.5718165393918742 2.4170641247183076 1.1874294076114891 1.7369321435689924 8.97286065854132
leaf_count=11 45 18 23 27 12 105
internal_value=0 -0.00379003 -0.00632265 0.00396649 0.00655203 -0.00874864
internal_weight=22.9613 15.2501 12.9617 7.71122 6.52379 10.5447
internal_count=241 157 146 84 57 123
is_linear=0
shrinkage=0.03


Tree=251
num_leaves=7
num_cat=0
split_feature=62 4 30 31 26 61
split_gain=0.49584 0.446863 0.408865 0.32857 0.383844 0.0863382
threshold=0.0010000000183936211 0.016200970858335498 0.13510000705718997 0.087492756545543685 0.83013883233070385 0.003400000045076013
decision_type=2 8 2 2 2 2
left_child=2 -2 -1 -3 -5 -4
right_child=1 3 5 4 -6 -7
leaf_value=0 0 0 -0.0058763063274030348 0.0088259308947413011 0 0
leaf_weight=3.2116436026990431 1.8277931362390489 1.7722831815481193 4.7173215616494417 8.3201705161482078 1.261983461678027 0.65791321173310269
leaf_count=24 12 12 90 72 12 5
internal_value=7.21039e-06 0.00406855 -0.00183403 0.00606657 0.00743205 -0.00529146
internal_weight=21.7691 13.1822 8.58688 11.3544 9.58215 5.37523
internal_count=227 108 119 96 84 95
is_linear=0
shrinkage=0.03


Tree=252
num_leaves=7
num_cat=0
split_feature=58 17 34 2 62 21
split_gain=0.334276 0.562205 0.708193 0.423794 0.235263 0.20427
threshold=1.0000000180025095e-35 0.8604593575000764 0.79708495736122142 1.9959999918937685 0.83859997987747203 0.88802599906921398
decision_type=2 2 2 2 2 2
left_child=1 2 3 -1 5 -2
right_child=4 -3 -4 -5 -6 -7
leaf_value=0.0091946801491409966 -0.0055586169894429032 0 0 0 0 0
leaf_weight=10.299711771309378 6.3446293007582408 1.5387156754732121 2.1702510248869649 1.1327910944819439 0.92914409190416325 0.75997307896614064
leaf_count=82 91 15 22 12 8 11
internal_value=0 0.00275921 0.00543572 0.00789162 -0.00246346 -0.00433327
internal_weight=23.1752 15.1415 13.6028 11.4325 8.03375 7.1046
internal_count=241 131 116 94 110 102
is_linear=0
shrinkage=0.03


Tree=253
num_leaves=7
num_cat=0
split_feature=0 47 53 33 14 30
split_gain=0.512512 0.628915 0.953739 0.918807 0.282646 0.0300445
threshold=1.1666666865348818 0.087287481874227538 -0.22608545422554013 0.23355001211166385 8.2942690849304217 0.13510000705718997
decision_type=2 2 2 2 2 2
left_child=1 -1 3 -3 -2 -6
right_child=4 2 -4 -5 5 -7
leaf_value=0 0.0048688286855892281 0 0 -0.011504638662427336 0 -0.0014834962382614201
leaf_weight=2.6285757422447231 3.9555828869342795 1.365128532052039 1.6585683785378922 9.9184345565736276 1.2967797890305521 2.2866636477410793
leaf_count=14 41 17 10 123 8 29
internal_value=-7.87627e-05 -0.00388036 -0.00643849 -0.00922033 0.00208768 0
internal_weight=23.1097 15.5707 12.9421 11.2836 7.53903 3.58344
internal_count=242 164 150 140 78 37
is_linear=0
shrinkage=0.03


Tree=254
num_leaves=7
num_cat=0
split_feature=60 53 56 44 0 30
split_gain=0.499236 0.892447 0.645627 0.370604 0.344032 0.0481574
threshold=0.0030000000260770325 -0.46945028007030482 -0.2745461761951446 0.66384327411651622 1.5000000000000002 0.04593904688954354
decision_type=2 2 2 2 2 2
left_child=1 5 4 -3 -2 -1
right_child=2 3 -4 -5 -6 -7
leaf_value=0 -0.0085915661759966653 0.0085560427957817858 0 0 0 -0.0019611461336720769
leaf_weight=0.85850621759891588 5.5566621329635382 8.0227850433438999 0.86786062270402808 1.7640485689044005 1.1041580494493244 3.6252383273094893
leaf_count=7 69 72 6 10 10 58
internal_value=0 0.00281035 -0.00383369 0.00705851 -0.00709499 -0.000791006
internal_weight=21.7993 14.2706 7.52868 9.78683 6.66082 4.48374
internal_count=232 147 85 82 79 65
is_linear=0
shrinkage=0.03


Tree=255
num_leaves=7
num_cat=0
split_feature=0 58 38 17 19 48
split_gain=0.572231 0.54567 0.490713 0.63654 0.486556 0.0762705
threshold=0.83333334326744091 0.009599999990314247 0.11142597720026971 0.79209938645362865 0.80731388926506054 -0.01764420140534639
decision_type=2 2 2 2 2 2
left_child=2 4 5 -4 -2 -1
right_child=1 -3 3 -5 -6 -7
leaf_value=0.0023524939409500464 0.0085842039994215268 0 -0.0084514569229906314 0 0 0
leaf_weight=2.4034366998821497 5.9842154644429666 1.9647972974926231 7.9299431405961496 2.0450913980603218 1.1971113756299017 2.3849065080285099
leaf_count=15 54 35 88 24 9 17
internal_value=0 0.0036052 -0.00327842 -0.00595266 0.00656257 0
internal_weight=23.9095 9.14612 14.7634 9.97503 7.18133 4.78834
internal_count=242 98 144 112 63 32
is_linear=0
shrinkage=0.03


Tree=256
num_leaves=7
num_cat=0
split_feature=51 34 35 24 29 23
split_gain=0.306994 0.312127 0.364885 0.30536 0.2231 0.180469
threshold=-0.51844158768653859 0.92089617252349865 0.32889331877231603 0.15194876492023471 0.2463038116693497 0.92635458707809459
decision_type=2 2 2 2 2 2
left_child=3 2 -2 -1 -5 -6
right_child=1 -3 -4 4 5 -7
leaf_value=0 0 0 0.0070004165310942603 0 -0.0070670506767894466 0
leaf_weight=4.2478391677141207 4.0022479295730555 0.98741593956947404 6.0054473038762808 0.81785614974796761 4.802425904199481 0.68383330292999733
leaf_count=35 29 10 54 12 79 10
internal_value=0 0.0028875 0.00477383 -0.00221953 -0.0048027 -0.00610326
internal_weight=21.5471 10.9951 10.0077 10.552 6.30412 5.48626
internal_count=229 93 83 136 101 89
is_linear=0
shrinkage=0.03


Tree=257
num_leaves=7
num_cat=0
split_feature=14 23 33 26 1 47
split_gain=0.366548 0.584959 0.565632 0.0660979 0.0441592 0.264756
threshold=13.089718341827394 0.50722602009773265 0.25491730868816381 0.14372427761554721 0.83333334326744091 0.090125467628240599
decision_type=2 2 2 2 2 2
left_child=1 4 -2 -4 5 -1
right_child=2 -3 3 -5 -6 -7
leaf_value=0 0 0.0068099397972206073 0 -0.0069852277250372265 0 -0.0043088754534230641
leaf_weight=1.8833022862672821 1.633894745260476 4.9657605886459342 0.64184040948748577 4.9789128620177507 1.7442689221352337 4.9745473247021437
leaf_count=9 16 59 6 75 17 44
internal_value=0 0.00266654 -0.00306709 -0.00655593 0 -0.00153543
internal_weight=20.8225 13.5679 7.25465 5.62075 8.60212 6.85785
internal_count=226 129 97 81 70 53
is_linear=0
shrinkage=0.03


Tree=258
num_leaves=7
num_cat=0
split_feature=51 50 51 28 29 23
split_gain=0.412892 0.458862 0.448651 0.215815 0.160461 0.104059
threshold=-0.51844158768653859 0.15126202255487445 -0.36981226503849024 0.10189286246895791 0.2463038116693497 0.90556073188781749
decision_type=2 2 2 2 2 2
left_child=3 2 -2 -1 -5 -6
right_child=1 -3 -4 4 5 -7
leaf_value=0.00013338681801229829 0.0090458492517744068 0 0 0 -0.0052606864569352306 0
leaf_weight=3.5073747150599974 5.1333014219999313 4.227263068780303 2.6503657288849336 0.8080836497247218 5.6120767500251532 0.75220197066664685
leaf_count=29 37 41 20 14 79 10
internal_value=0.00123616 0.00437632 0.00685032 0 -0.00336108 -0.00454749
internal_weight=22.6907 12.0109 7.78367 10.6797 7.17236 6.36428
internal_count=230 98 57 132 103 89
is_linear=0
shrinkage=0.03


Tree=259
num_leaves=7
num_cat=0
split_feature=51 61 28 35 28 23
split_gain=1.07115 0.515637 0.636309 0.526516 0.458143 0.261677
threshold=-0.51844158768653859 0.01060000015422702 0.81790655851364147 0.1045847423374653 0.066283084452152266 0.92635458707809459
decision_type=2 2 2 2 2 2
left_child=4 2 3 -2 -1 -6
right_child=1 -3 -4 -5 5 -7
leaf_value=0 0 0 0 0.010766357249030818 -0.0079035064487641658 0
leaf_weight=2.4231149666011351 1.1807161886244992 1.8198849707841862 1.6454795747995365 7.889710420742631 6.7902861032634974 0.77906270511448372
leaf_count=22 9 16 19 58 105 11
internal_value=0 0.00499852 0.00704144 0.00915913 -0.00447842 -0.00680375
internal_weight=22.5283 12.5358 10.7159 9.07043 9.99246 7.56935
internal_count=240 102 86 67 138 116
is_linear=0
shrinkage=0.03


Tree=260
num_leaves=7
num_cat=0
split_feature=19 58 39 32 49 26
split_gain=0.630686 0.825946 0.558846 0.214644 0.288307 0.187045
threshold=0.44250741600990301 1.0000000180025095e-35 0.20223893225193026 0.15498365461826327 0.15206046402454379 0.016218227334320549
decision_type=2 2 2 2 2 2
left_child=1 2 5 -2 -5 -1
right_child=3 -3 -4 4 -6 -7
leaf_value=0 0 0 0 -0.0057204794924990317 0 0.010517075862233419
leaf_weight=1.2531281486153618 1.4109284095466117 4.3292369190603486 1.4781592898070801 5.7073131371289492 1.064539562910795 7.4695838280022144
leaf_count=8 11 51 11 77 19 57
internal_value=0.000589528 0.00459371 0.00790079 -0.00183685 -0.00389563 0.00970641
internal_weight=22.7129 14.5301 10.2009 8.18278 6.77185 8.72271
internal_count=234 127 76 107 96 65
is_linear=0
shrinkage=0.03


Tree=261
num_leaves=7
num_cat=0
split_feature=58 17 34 34 41 56
split_gain=0.483211 0.429666 0.424545 0.427183 0.315429 0.190035
threshold=1.0000000180025095e-35 0.8604593575000764 0.87014615535736095 0.078262127935886397 0.38890534639358526 -0.31618131697177881
decision_type=2 2 2 2 2 2
left_child=1 2 3 -1 5 -2
right_child=4 -3 -4 -5 -6 -7
leaf_value=0 -0.0061247492134794334 0 0 0.0088780865698816734 0 0
leaf_weight=2.1199405789375332 5.5129553694278002 1.5580507647246111 1.2800701316446055 8.5374725572764856 0.81298017501831044 0.77533062174916167
leaf_count=13 90 14 13 75 5 7
internal_value=0 0.00361989 0.00562686 0.00721943 -0.00272528 -0.00502262
internal_weight=20.5968 13.4955 11.9375 10.6574 7.10127 6.28829
internal_count=217 115 101 88 102 97
is_linear=0
shrinkage=0.03


Tree=262
num_leaves=6
num_cat=0
split_feature=54 0 54 39 68
split_gain=0.491423 0.585105 0.532453 0.216175 0.025397
threshold=0.069159060716629042 3.5000000000000004 0.66878628730773937 0.20778678357601169 313.60475158691412
decision_type=2 2 2 2 8
left_child=-1 2 3 -2 -4
right_child=1 -3 4 -5 -6
leaf_value=0.0048654495655821323 -0.0081394981971592423 0.00074905397812332903 0.0014019930008007519 0 0
leaf_weight=3.8405629061162498 9.7408212795853633 2.7246486209332934 1.6287680640816677 1.222782541066407 2.408898426219821
leaf_count=24 129 30 10 9 33
internal_value=0 -0.0020334 -0.00503611 -0.00728741 0
internal_weight=21.5665 17.7259 15.0013 10.9636 4.03767
internal_count=235 211 181 138 43
is_linear=0
shrinkage=0.03


Tree=263
num_leaves=7
num_cat=0
split_feature=68 54 60 0 30 51
split_gain=0.327547 0.600004 0.588327 0.517283 0.18724 0.0273188
threshold=385.15440368652349 0.079683117568492903 0.077600002288818373 3.1666666269302373 0.020111607387661937 -0.3978706151247024
decision_type=8 2 2 2 2 2
left_child=2 5 -1 4 -3 -2
right_child=1 3 -4 -5 -6 -7
leaf_value=0.0065326278291297944 0 0 0 0 -0.0089025708956347264 0.0013981764835196051
leaf_weight=6.8156585060060042 1.4661499187350271 0.89398153871297648 2.8900780864059925 0.95321127399802197 6.1596783176064491 2.5771021395921698
leaf_count=57 10 7 24 8 117 16
internal_value=0 -0.0021995 0.00308972 -0.00599273 -0.00807586 0
internal_weight=21.7559 12.0501 9.70574 8.00687 7.05366 4.04325
internal_count=239 158 81 132 124 26
is_linear=0
shrinkage=0.03


Tree=264
num_leaves=7
num_cat=0
split_feature=0 58 51 55 30 18
split_gain=0.470071 0.628816 0.591228 0.527994 0.462135 0.26985
threshold=0.83333334326744091 0.01480000000447035 -0.4306392222642898 0.14269554615020755 0.038227004930377013 0.023692030459642414
decision_type=2 2 2 2 2 2
left_child=2 3 4 -2 -1 -6
right_child=1 -3 -4 -5 5 -7
leaf_value=0 0.0092435472241959981 0 0.00011116499684278689 0 0 -0.0087174581383662689
leaf_weight=1.253364909440277 6.1446206457912904 1.729701882228255 6.1589017938822535 1.5670097544789312 0.82302607595920552 6.7833723165094852
leaf_count=10 58 34 41 11 5 97
internal_value=0 0.00417158 -0.00184045 0.00714522 -0.00571809 -0.00765817
internal_weight=24.46 9.44133 15.0187 7.71163 8.85976 7.6064
internal_count=256 103 153 69 112 102
is_linear=0
shrinkage=0.03


Tree=265
num_leaves=7
num_cat=0
split_feature=47 54 4 6 4 54
split_gain=0.549069 0.499935 0.348495 0.159757 0.122141 0.0772081
threshold=0.13558906316757205 0.66878628730773937 0.014416149351745846 39.111110687255866 0.0050959466025233277 0.81606256961822521
decision_type=2 2 10 2 8 2
left_child=3 2 4 -1 -2 -3
right_child=1 5 -4 -5 -6 -7
leaf_value=0.005912603840415801 0 0.0023040407450813276 0 0 -0.0078059414783355745 0
leaf_weight=5.8589921966195133 0.72444795630872061 3.0895598120987415 1.488606948405504 1.5264831185340879 5.7065771333873272 1.5458662137389181
leaf_count=45 10 30 18 9 88 17
internal_value=0 -0.00192442 -0.00545621 0.00485996 -0.00718025 0
internal_weight=19.9405 12.5551 7.91963 7.38548 6.43103 4.63543
internal_count=217 163 116 54 98 47
is_linear=0
shrinkage=0.03


Tree=266
num_leaves=7
num_cat=0
split_feature=51 26 50 11 31 36
split_gain=0.406417 0.924929 0.423399 0.236933 0.220681 0.223033
threshold=-0.43886667490005488 0.16030008345842364 0.22214166074991229 12.000000000000002 0.026976145803928379 0.69179883599281322
decision_type=2 2 2 2 2 2
left_child=1 -1 3 -3 -2 -6
right_child=4 2 -4 -5 5 -7
leaf_value=0.0010456808196050932 0 -0.0097274127501189162 0 0 0.0065185513921512004 0
leaf_weight=5.9991938937455442 0.91261152178048988 6.1165450830012542 1.2111004795879123 0.67409358546137799 5.2823482491075993 1.7166844420135019
leaf_count=54 6 100 20 8 38 15
internal_value=0 -0.00219605 -0.00719027 -0.00883877 0.00373617 0.00513732
internal_weight=21.9126 14.0009 8.00174 6.79064 7.91164 6.99903
internal_count=241 182 128 108 59 53
is_linear=0
shrinkage=0.03


Tree=267
num_leaves=7
num_cat=0
split_feature=32 47 55 60 34 53
split_gain=0.376713 0.574423 0.504491 0.238862 0.18401 0.157219
threshold=0.19966991245746615 0.16693903505802157 0.13327334821224215 0.16399999707937243 0.24904713034629825 -0.49601510167121882
decision_type=2 2 2 2 2 2
left_child=2 4 3 5 -2 -1
right_child=1 -3 -4 -5 -6 -7
leaf_value=0 0 -0.0054317365576042539 0 0 0.0037366660165197058 0.0087316288616574918
leaf_weight=1.5498144775629032 1.5167462006211261 7.0718053393065929 1.7325827665627 1.2281921617686746 3.4790073223412037 4.9707199633121517
leaf_count=14 9 124 13 11 30 40
internal_value=0.000189021 -0.000649033 0.00412118 0.00665009 0.00122748 0.00777972
internal_weight=21.5489 12.0676 9.48131 7.74873 4.99575 6.52053
internal_count=241 163 78 65 39 54
is_linear=0
shrinkage=0.03


Tree=268
num_leaves=7
num_cat=0
split_feature=58 60 28 48 68 51
split_gain=0.453714 0.540086 0.613303 0.269813 0.169016 0.00302014
threshold=0.011799999978393318 0.16399999707937243 0.74747824668884288 0.12663277238607409 125.49837112426759 -0.40721872448921198
decision_type=2 2 2 2 8 2
left_child=1 2 3 -1 -2 -3
right_child=4 5 -4 -5 -6 -7
leaf_value=0.0088832631377268271 0 -0.00047397412773278518 0 0 -0.004348012020234846 0
leaf_weight=9.9656940773129516 0.92093087360262771 2.099319433793426 1.7763620633631934 1.5885729044675816 4.0595588171854615 1.0678042992949475
leaf_count=79 7 25 20 11 85 8
internal_value=0 0.00333469 0.00578481 0.00786323 -0.00275479 0
internal_weight=21.4782 16.4978 13.3306 11.5543 4.98049 3.16712
internal_count=235 143 110 90 92 33
is_linear=0
shrinkage=0.03


Tree=269
num_leaves=7
num_cat=0
split_feature=58 17 62 21 37 48
split_gain=0.254123 0.603613 0.193544 0.166383 0.0935382 0.087198
threshold=1.0000000180025095e-35 0.52652013301849376 0.55140000581741344 0.88802599906921398 0.7830258607864381 0.1172507591545582
decision_type=2 2 2 2 2 2
left_child=1 5 3 -2 -3 -1
right_child=2 4 -4 -5 -6 -7
leaf_value=0.0061168765864050402 -0.0057710245196992286 -0.0026819869920855972 0 0 0 0
leaf_weight=7.315597655251624 5.4682741416618219 3.2779653482139102 1.5100151095539329 0.90582547523081292 1.8199795633554456 1.2682708241045473
leaf_count=62 87 31 13 14 16 11
internal_value=0 0.001258 -0.00326999 -0.0047241 -0.000866075 0.00553532
internal_weight=21.5659 13.6818 7.88411 6.3741 5.09794 8.58387
internal_count=234 120 114 101 47 73
is_linear=0
shrinkage=0.03


Tree=270
num_leaves=7
num_cat=0
split_feature=33 54 61 40 53 60
split_gain=0.333779 0.378745 0.394447 0.309909 0.29025 0.239194
threshold=0.63803189992904674 0.069159060716629042 1.0000000180025095e-35 0.24377451837062838 -0.48418669402599329 0.21280000358819964
decision_type=2 2 2 2 2 2
left_child=1 -1 -3 4 -2 -6
right_child=3 2 -4 -5 5 -7
leaf_value=0 0 -0.0070220508267236741 0 0 0.0083230461787909063 0
leaf_weight=1.8922453671693826 2.2589891757816076 5.9586180318146926 4.354203574359417 2.2334586940705776 3.9272655434906465 1.4730756431818006
leaf_count=9 29 91 32 17 41 11
internal_value=0 -0.00202477 -0.00461114 0.00324419 0.00525835 0.00697628
internal_weight=22.0979 12.2051 10.3128 9.89279 7.65933 5.40034
internal_count=230 132 123 98 81 52
is_linear=0
shrinkage=0.03


Tree=271
num_leaves=7
num_cat=0
split_feature=68 60 6 19 39 26
split_gain=0.596393 0.848773 0.370107 0.32908 0.129522 0.20162
threshold=102.1502151489258 0.31399999558925634 174.37500000000003 0.2999271303415299 0.20778678357601169 0.12377285212278367
decision_type=10 2 2 2 2 2
left_child=3 2 -2 -1 5 -5
right_child=1 -3 -4 4 -6 -7
leaf_value=0.00096836897891063088 0.010114370469856884 0 0 0 0 -0.0063908774452144414
leaf_weight=5.1376337800174969 7.3931911997497064 2.1216309405863276 1.2228110227733848 0.35901729576289643 0.91430687159299839 4.2007250916212797
leaf_count=46 65 24 15 4 6 59
internal_value=0.002155 0.00573615 0.00881407 0 -0.00426879 -0.00523194
internal_weight=21.3493 10.7376 8.616 10.6117 5.47405 4.55974
internal_count=219 104 80 115 69 63
is_linear=0
shrinkage=0.03


Tree=272
num_leaves=7
num_cat=0
split_feature=33 7 47 29 45 61
split_gain=0.63048 0.439892 0.393794 0.315376 0.232583 0.232076
threshold=0.63803189992904674 376.00000000000006 0.090125467628240599 0.2463038116693497 0.53441932797431957 0.044200001284480102
decision_type=2 2 2 2 2 2
left_child=2 4 -1 -4 -2 -5
right_child=1 -3 3 5 -6 -7
leaf_value=0 0.0084074646884676699 0 0 -0.007432497201690526 0 0
leaf_weight=3.0029700100421932 6.0009898040443641 2.4883298352360725 1.1826135888695697 6.1508295508101583 1.008188799023628 0.89451711997389782
leaf_count=16 63 26 16 89 11 7
internal_value=0.00033565 0.00519308 -0.00145722 -0.00468153 0.00736133 -0.00633161
internal_weight=20.7284 9.49751 11.2309 8.22796 7.00918 7.04535
internal_count=228 100 128 112 74 96
is_linear=0
shrinkage=0.03


Tree=273
num_leaves=7
num_cat=0
split_feature=19 9 26 68 60 53
split_gain=0.386816 0.522354 0.511003 0.288622 0.210618 0.191174
threshold=0.12348658964037897 5.1666667461395273 0.14372427761554721 125.49837112426759 0.31399999558925634 -0.49311269819736475
decision_type=2 2 2 8 2 2
left_child=4 2 -2 -4 5 -1
right_child=1 -3 3 -5 -6 -7
leaf_value=0 0 0 0 -0.0085694614163373695 0 0.0056751054139014111
leaf_weight=1.117249811068177 2.1904493980109683 1.5073575153946865 1.3595312535762758 9.2672094255685806 1.4472931325435636 5.0473796762526062
leaf_count=11 19 19 12 128 11 35
internal_value=0 -0.00304218 -0.00551996 -0.00748346 0.00264287 0.00439736
internal_weight=21.9365 14.3245 12.8172 10.6267 7.61192 6.16463
internal_count=235 178 159 140 57 46
is_linear=0
shrinkage=0.03


Tree=274
num_leaves=7
num_cat=0
split_feature=58 19 34 34 62 34
split_gain=0.560453 0.54636 0.786717 0.370321 0.190987 0.131802
threshold=1.0000000180025095e-35 0.84375298023223888 0.79708495736122142 0.06248129345476628 0.83859997987747203 0.18011350929737094
decision_type=2 2 2 2 2 2
left_child=1 2 3 -1 5 -2
right_child=4 -3 -4 -5 -6 -7
leaf_value=0 0 0 0 0.010495184579899284 0 -0.0045891584996800615
leaf_weight=1.8629998639225984 1.1290638726204623 2.2731600962579241 1.9109966829419125 8.2381565421819669 0.8041405826807021 5.7667321441695094
leaf_count=11 14 19 20 72 8 97
internal_value=0.000637273 0.00442655 0.00662997 0.00913015 -0.00153203 -0.00355418
internal_weight=21.9852 14.2853 12.0122 10.1012 7.69994 6.8958
internal_count=241 122 103 83 119 111
is_linear=0
shrinkage=0.03


Tree=275
num_leaves=7
num_cat=0
split_feature=58 50 47 18 31 4
split_gain=0.340053 0.540556 0.47049 0.232113 0.126648 0.092495
threshold=1.0000000180025095e-35 0.14968683570623401 0.85333144664764415 0.023692030459642414 0.69415679574012767 0.014416149351745846
decision_type=2 2 2 2 2 10
left_child=1 2 3 -1 5 -2
right_child=4 -3 -4 -5 -6 -7
leaf_value=0 -0.0040334968395629835 0 0 0.0090050407352737886 0 0
leaf_weight=1.0082396343350426 5.3939855573698869 5.0948243252933016 1.3287515472620723 6.9152806904166937 1.6220460627228019 0.79423008859157551
leaf_count=7 75 50 16 53 26 10
internal_value=0 0.00322248 0.00619695 0.00805444 -0.00172859 -0.00321381
internal_weight=22.1574 14.3471 9.25227 7.92352 7.81026 6.18822
internal_count=237 126 76 60 111 85
is_linear=0
shrinkage=0.03


Tree=276
num_leaves=7
num_cat=0
split_feature=68 60 26 31 4 34
split_gain=0.446891 0.619122 0.432625 0.461268 0.364124 0.103712
threshold=50.487812042236335 0.31399999558925634 0.10526142641901971 0.75880935788154613 0.0085945865139365214 0.11043261736631395
decision_type=10 2 2 2 8 2
left_child=2 4 -1 -4 -2 -6
right_child=1 -3 3 -5 5 -7
leaf_value=0 0 0 -0.0075321186606521805 0 0 0.0085598599502365591
leaf_weight=2.3004867602139729 1.3810819592326851 2.2356023732572785 6.12334961630404 1.6775240302085874 0.83243868127465237 7.3362125819548965
leaf_count=17 17 27 72 22 7 69
internal_value=0 0.00366097 -0.00234162 -0.00529764 0.00659072 0.00804839
internal_weight=21.8867 11.7853 10.1014 7.80087 9.54973 8.16865
internal_count=231 120 111 94 93 76
is_linear=0
shrinkage=0.03


Tree=277
num_leaves=7
num_cat=0
split_feature=68 60 54 0 42 68
split_gain=0.4543 0.726863 0.387017 0.320395 0.434743 0.117146
threshold=529.38558959960949 0.31399999558925634 0.069159060716629042 3.1666666269302373 0.18874773383140567 385.15440368652349
decision_type=8 2 2 2 2 8
left_child=1 5 -2 4 -4 -1
right_child=2 -3 3 -5 -6 -7
leaf_value=0.0080476307450703388 0 0 0 0 -0.0081096281617478727 0
leaf_weight=7.1754648312926301 2.5322269275784484 2.6144634094089261 1.1148004308342914 1.4447445273399351 6.4835680536925793 1.0573165975511081
leaf_count=64 13 24 16 10 100 11
internal_value=0 0.00411348 -0.0016128 -0.00460846 -0.00627429 0.00743143
internal_weight=22.4226 10.8472 11.5753 9.04311 7.59837 8.23278
internal_count=238 99 139 126 116 75
is_linear=0
shrinkage=0.03


Tree=278
num_leaves=7
num_cat=0
split_feature=24 39 60 2 30 42
split_gain=0.652919 0.610711 0.349584 0.411407 0.219503 0.16925
threshold=0.39175197482109075 0.15838956087827685 0.31399999558925634 1.4670542478561404 0.35304744541645056 0.18874773383140567
decision_type=2 2 2 2 2 2
left_child=2 5 3 4 -1 -2
right_child=1 -3 -4 -5 -6 -7
leaf_value=0.0081485962099806866 0 0 0 0 0 -0.0082516659352858315
leaf_weight=6.6808695159852522 1.1066100522875766 2.9754738938063383 2.4369598403573027 1.6801997162401674 1.1837063506245611 5.6327367443591356
leaf_count=56 18 23 25 18 14 89
internal_value=0 -0.00428784 0.00320047 0.00525527 0.00713734 -0.00738166
internal_weight=21.6966 9.71482 11.9817 9.54478 7.86458 6.73935
internal_count=243 130 113 88 70 107
is_linear=0
shrinkage=0.03


Tree=279
num_leaves=7
num_cat=0
split_feature=47 28 33 33 43 58
split_gain=0.203666 0.539647 0.297278 0.263644 0.141985 0.145002
threshold=0.087287481874227538 0.21729622781276706 0.23355001211166385 0.85652944445610057 0.38212411105632788 0.003199999919161201
decision_type=2 2 2 2 2 2
left_child=-1 4 -3 -4 5 -2
right_child=1 2 3 -5 -6 -7
leaf_value=0.002856917258760422 0.0043195879271385618 0 -0.0078883145051093367 0 0 0
leaf_weight=5.1692964807152775 3.8613401874899891 0.69453594461083312 6.868508634157477 1.5623686630278824 1.816941726952791 1.5898196324706075
leaf_count=35 30 10 104 19 16 21
internal_value=0 -0.0015013 -0.0053373 -0.00663903 0.00014209 0.00287974
internal_weight=21.5628 16.3935 9.12541 8.43088 7.2681 5.45116
internal_count=235 200 133 123 67 51
is_linear=0
shrinkage=0.03


Tree=280
num_leaves=7
num_cat=0
split_feature=68 60 9 24 31 34
split_gain=0.899413 0.829075 0.511332 0.285182 0.0557659 0.238235
threshold=752.01473999023449 0.0030000000260770325 5.1666667461395273 0.12352829426527025 0.72432744503021251 0.19857997447252276
decision_type=8 2 2 2 2 2
left_child=1 -1 3 -2 5 -3
right_child=2 4 -4 -5 -6 -7
leaf_value=0.00786976350796929 0 0 0 -0.0089269151051547587 0 -0.0044228987208026187
leaf_weight=6.3997470010072011 1.7888018265366534 1.0661264881491659 0.87806024402379979 5.7713281307369471 1.5138177052140234 3.5262505505234003
leaf_count=56 16 8 6 100 14 34
internal_value=0 0.00346057 -0.0054115 -0.0075469 0 -0.00185457
internal_weight=20.9441 12.5059 8.43819 7.56013 6.10619 4.59238
internal_count=234 112 122 116 56 42
is_linear=0
shrinkage=0.03


Tree=281
num_leaves=7
num_cat=0
split_feature=58 17 34 60 62 34
split_gain=0.411202 0.461368 0.562576 0.265672 0.220347 0.175389
threshold=1.0000000180025095e-35 0.8604593575000764 0.79708495736122142 0.88940000534057628 0.89659997820854198 0.16196272522211078
decision_type=2 2 2 2 2 2
left_child=1 2 3 -1 5 -2
right_child=4 -3 -4 -5 -6 -7
leaf_value=0.0086253990536196458 0 0 0 0 0 -0.0052451973917809732
leaf_weight=9.4822694454342145 1.396572170779107 1.5378186181187619 1.8991367928683747 1.1244181357324112 0.77498496323823918 5.9008592963218689
leaf_count=81 14 13 21 10 7 97
internal_value=0 0.00346562 0.00559296 0.00766386 -0.00212103 -0.00402059
internal_weight=22.1161 14.0436 12.5058 10.6067 8.07242 7.29743
internal_count=243 125 112 91 118 111
is_linear=0
shrinkage=0.03


Tree=282
num_leaves=7
num_cat=0
split_feature=51 35 34 61 0 19
split_gain=0.476103 0.477531 0.355753 0.269289 0.386432 0.144213
threshold=-0.52580422163009632 0.1045847423374653 0.79708495736122142 0.0018000000272877517 2.1666666269302373 0.81449943780899059
decision_type=2 2 2 2 2 2
left_child=3 -2 5 4 -1 -3
right_child=1 2 -4 -5 -6 -7
leaf_value=-0.006391433077876262 0 0.0088407055388233721 0 0 0 0
leaf_weight=4.6330523947253841 1.5154593568295229 6.8879974391311389 1.7771291360259045 3.7145052142441273 1.4952415041625498 1.1131218485534189
leaf_count=89 11 62 20 30 12 9
internal_value=0.000787529 0.00454666 0.00663219 -0.000619589 -0.00393692 0.00813111
internal_weight=21.1365 11.2937 9.77825 9.8428 6.12829 8.00112
internal_count=233 102 91 131 101 71
is_linear=0
shrinkage=0.03


Tree=283
num_leaves=7
num_cat=0
split_feature=51 28 35 59 28 29
split_gain=0.409789 0.643321 0.544542 0.560252 0.266756 0.328727
threshold=-0.51844158768653859 0.81790655851364147 0.1045847423374653 0.19579999893903735 0.066283084452152266 0.2463038116693497
decision_type=2 2 2 2 2 2
left_child=4 2 -2 -4 -1 -6
right_child=1 -3 3 -5 5 -7
leaf_value=0 0 0 0.010529312426193713 0 0 -0.0059962657383348036
leaf_weight=2.7089747004210967 1.3238923978060473 1.4257411360740651 7.0878562144935113 1.2264969535171983 1.0386150684207676 6.2307091718539596
leaf_count=24 10 17 56 14 16 95
internal_value=0 0.00390477 0.00677029 0.00871264 -0.00154427 -0.00408179
internal_weight=21.0423 11.064 9.63825 8.31435 9.9783 7.26932
internal_count=232 97 80 70 135 111
is_linear=0
shrinkage=0.03


Tree=284
num_leaves=6
num_cat=0
split_feature=68 54 4 0 7
split_gain=0.465673 0.396875 0.538218 0.569402 0.371305
threshold=385.15440368652349 0.069159060716629042 0.0050959466025233277 3.1666666269302373 388.00000000000006
decision_type=8 2 8 2 2
left_child=4 -2 -3 -4 -1
right_child=1 2 3 -5 -6
leaf_value=0.0063788143635739886 7.2226313239266037e-05 0 -0.0089028251175543235 0 0
leaf_weight=7.6839563325047511 2.8221278674900523 1.0814298819750519 7.5082754287868738 1.5717824101448057 1.2698983922600744
leaf_count=70 15 12 120 13 12
internal_value=0 -0.00121149 -0.00440297 -0.00677292 0.00450912
internal_weight=21.9375 12.9836 10.1615 9.08006 8.95385
internal_count=242 160 145 133 82
is_linear=0
shrinkage=0.03


Tree=285
num_leaves=7
num_cat=0
split_feature=60 4 26 45 1 53
split_gain=0.290578 0.608545 0.736613 0.698443 0.188666 0.453583
threshold=0.0030000000260770325 0.0079052620567381399 0.83013883233070385 0.53441932797431957 0.83333334326744091 -0.22608545422554013
decision_type=2 8 2 2 2 2
left_child=1 -1 3 -3 5 -2
right_child=4 2 -4 -5 -6 -7
leaf_value=0 -0.0061490739624920432 0.010469873050590444 0 0 0 0
leaf_weight=1.7446498163044459 5.2895336514338851 9.2731263730674964 1.1673623304814107 1.719508497044443 1.8776675574481485 0.83357738703489115
leaf_count=28 74 82 18 23 18 5
internal_value=0.00061367 0.00338216 0.00608727 0.00840807 -7.05508e-05 -0.00324608
internal_weight=21.9054 13.9046 12.16 10.9926 8.00078 6.12311
internal_count=248 151 123 105 97 79
is_linear=0
shrinkage=0.03


Tree=286
num_leaves=7
num_cat=0
split_feature=60 68 56 37 27 42
split_gain=0.685479 1.3722 0.294069 0.389173 0.187821 0.0976023
threshold=0.0030000000260770325 11.441227912902834 -0.31618131697177881 0.81200975179672252 0.74545288085937511 0.18874773383140567
decision_type=2 10 2 2 2 2
left_child=1 5 3 4 -2 -1
right_child=2 -3 -4 -5 -6 -7
leaf_value=0 -0.0074811568271519547 0.010192012419243047 0 0 0 -0.0023670169316420235
leaf_weight=1.3352883085608498 5.0787366749718785 7.4576327428221703 1.0568210408091534 0.77022632211446751 0.86636864952743042 5.6783348303288221
leaf_count=15 63 70 7 7 12 64
internal_value=0.000816708 0.00486198 -0.00183688 -0.00440692 -0.0065058 0
internal_weight=22.2434 14.4713 7.77215 6.71533 5.94511 7.01362
internal_count=238 149 89 82 75 79
is_linear=0
shrinkage=0.03


Tree=287
num_leaves=7
num_cat=0
split_feature=58 50 62 35 23 0
split_gain=0.283327 0.410162 0.399593 0.295463 0.137826 0.101561
threshold=1.0000000180025095e-35 0.14968683570623401 0.55140000581741344 0.1045847423374653 0.78632166981697094 2.1666666269302373
decision_type=2 2 2 2 2 2
left_child=1 3 5 -1 -5 -2
right_child=2 -3 -4 4 -6 -7
leaf_value=0 -0.0060272986680213088 0 0 0.0077587222688349985 0 0
leaf_weight=1.331450909376146 4.7714232550933948 5.4206688962876788 1.7894456908106802 5.424432672560215 1.27097444050014 1.1017850227653978
leaf_count=8 88 53 14 44 16 10
internal_value=0 0.00268796 -0.00220123 0.00546582 0.00694156 -0.00529606
internal_weight=21.1102 13.4475 7.66265 8.02686 6.69541 5.87321
internal_count=233 121 112 68 60 98
is_linear=0
shrinkage=0.03


Tree=288
num_leaves=7
num_cat=0
split_feature=54 33 29 39 53 50
split_gain=0.340276 0.347016 0.326968 0.203979 0.241339 0.194862
threshold=0.070939652621746077 0.63803189992904674 0.2463038116693497 0.17409796267747882 -0.48418669402599329 0.04967715963721276
decision_type=2 2 2 2 2 2
left_child=-1 2 -2 4 -3 -4
right_child=1 3 5 -5 -6 -7
leaf_value=0.0048281351623778689 0 0 0 0 0.0053570960037840646 -0.0069131446498829439
leaf_weight=3.6554837524890926 1.383304543793203 2.1308582331985235 1.4915312863886354 0.94628117233514775 5.1589250080287439 5.6452299682423472
leaf_count=27 19 30 19 7 51 74
internal_value=0.000630063 0 -0.00387481 0.00137049 0.0035495 -0.0057791
internal_weight=20.4116 16.7561 8.52007 8.23606 7.28978 7.13676
internal_count=227 200 112 88 81 93
is_linear=0
shrinkage=0.03


Tree=289
num_leaves=7
num_cat=0
split_feature=1 54 57 14 58 19
split_gain=0.545138 0.742982 0.375011 0.421648 0.340011 0.0823076
threshold=0.83333334326744091 0.069159060716629042 0.99680000543594371 1.3474708795547488 0.009599999990314247 0.69315171241760265
decision_type=2 2 2 2 2 2
left_child=1 -1 3 -3 5 -2
right_child=4 2 -4 -5 -6 -7
leaf_value=0 0.0060818209160778368 0 0 -0.0093772975610500187 0 0
leaf_weight=2.4368317201733616 3.6289276853203765 1.0681996569037426 1.3696699701249588 9.9271990191191417 1.2219532765448091 0.97945756837725628
leaf_count=13 40 7 9 136 29 8
internal_value=0 -0.0038446 -0.00680368 -0.00808611 0.00279907 0.00542565
internal_weight=20.6322 14.8019 12.3651 10.9954 5.83034 4.60839
internal_count=242 165 152 143 77 48
is_linear=0
shrinkage=0.03


Tree=290
num_leaves=7
num_cat=0
split_feature=58 55 19 50 41 24
split_gain=0.221883 0.44691 0.433397 0.23629 0.149439 0.0371963
threshold=0.011799999978393318 0.12808823585510257 0.66189524531364452 -0.023702638223767277 0.40042632818222051 0.23973467200994494
decision_type=2 2 2 2 2 2
left_child=1 2 3 -1 -2 -3
right_child=4 5 -4 -5 -6 -7
leaf_value=0 -0.0046371318136359104 0 0 0.0074848686269093582 0 -0.0016365765896037144
leaf_weight=1.2963617276400352 3.7957545612007371 1.6998002156615246 2.1081343200057736 8.563719294965269 0.47095151990652073 3.4237607456743717
leaf_count=12 81 15 21 74 3 27
internal_value=0 0.00117714 0.00446152 0.00645433 -0.00337135 -0.000404725
internal_weight=21.3585 17.0918 11.9682 9.86008 4.26671 5.12356
internal_count=233 149 107 86 84 42
is_linear=0
shrinkage=0.03


Tree=291
num_leaves=7
num_cat=0
split_feature=60 68 56 0 11 46
split_gain=0.419023 0.74527 0.394276 0.533055 0.0594443 0.0225894
threshold=0.0030000000260770325 697.16046142578136 -0.29210740327835077 4.1666667461395273 5.6070852279663095 0.067703194916248335
decision_type=2 8 2 2 2 2
left_child=1 -1 3 -2 5 -3
right_child=2 4 -4 -5 -6 -7
leaf_value=0.0076768260418592716 -0.0078675904799190965 0 0 0 0 -0.0022287842303589777
leaf_weight=6.0932009816169748 5.0896137282252312 0.83402003347873765 0.92807748541235824 0.92220875248312939 1.7126733791083095 4.8627345785498619
leaf_count=56 68 4 6 9 15 73
internal_value=0 0.00343732 -0.00242276 -0.0053265 0 -0.00184617
internal_weight=20.4425 13.5026 6.9399 6.01182 7.40943 5.69675
internal_count=231 148 83 77 92 77
is_linear=0
shrinkage=0.03


Tree=292
num_leaves=7
num_cat=0
split_feature=26 51 19 33 58 30
split_gain=0.277434 0.442638 0.336501 0.266281 0.191426 0.135451
threshold=0.2176284268498421 -0.40207976102828974 0.91512048244476329 0.23355001211166385 0.016199999488890175 0.15509434044361117
decision_type=2 2 2 2 2 2
left_child=4 2 3 -2 5 -1
right_child=1 -3 -4 -5 -6 -7
leaf_value=0.0057676228754136487 0 1.3659797980343657e-05 0 -0.0076434352864318085 0 0
leaf_weight=5.1816700734198111 0.67701414786279013 3.4607256017625323 0.74723553098738182 6.7698379764333367 1.7022854909300802 1.7318985499441621
leaf_count=44 10 30 9 107 22 13
internal_value=0 -0.0013395 -0.00490216 -0.00651298 0.00336536 0.00475937
internal_weight=20.2707 11.6548 8.19409 7.44685 8.61585 6.91357
internal_count=235 156 126 117 79 57
is_linear=0
shrinkage=0.03


Tree=293
num_leaves=7
num_cat=0
split_feature=31 62 1 54 54 31
split_gain=0.187113 0.36693 0.345046 0.391735 0.528385 0.111539
threshold=0.69415679574012767 0.0010000000183936211 0.83333334326744091 0.069159060716629042 0.66878628730773937 0.925349920988083
decision_type=2 2 2 2 2 2
left_child=2 -2 3 -1 -5 -3
right_child=1 5 -4 4 -6 -7
leaf_value=0 0 0.0066118214939017133 0 -0.0084838501610490641 0 0
leaf_weight=1.5141918212175394 1.1288873031735409 2.3479665666818623 4.8125945050269356 6.6426468370482308 2.648597490042448 1.0807984378188846
leaf_count=8 24 20 49 79 26 14
internal_value=0 0.00273864 -0.00152038 -0.00421571 -0.00611906 0.00572035
internal_weight=20.1757 4.55765 15.618 10.8054 9.29124 3.42877
internal_count=220 58 162 113 105 34
is_linear=0
shrinkage=0.03


Tree=294
num_leaves=7
num_cat=0
split_feature=58 19 50 34 48 50
split_gain=0.54636 0.499092 0.134391 0.0991194 0.0552882 0.166215
threshold=1.0000000180025095e-35 0.44250741600990301 0.22214166074991229 0.21192440390586856 -0.34321959316730494 0.14968683570623401
decision_type=2 2 2 2 2 2
left_child=1 4 3 -2 -1 -6
right_child=2 -3 -4 -5 5 -7
leaf_value=0 0 0 0 -0.0044296324706575158 0.0084983950226973862 0
leaf_weight=0.95562461763620365 0.99504474736750026 4.4184522796422234 1.4757155328989027 3.7258993331342936 5.0041043497622031 2.3931302689015865
leaf_count=9 12 45 23 71 36 24
internal_value=0.000296261 0.00437121 -0.00191126 -0.00349792 0.00694135 0.00732729
internal_weight=18.968 12.7713 6.19666 4.72094 8.35286 7.39723
internal_count=220 114 106 83 69 60
is_linear=0
shrinkage=0.03


Tree=295
num_leaves=7
num_cat=0
split_feature=68 60 11 51 45 29
split_gain=0.413262 0.695792 0.277667 0.363519 0.175825 0.120543
threshold=529.38558959960949 0.31399999558925634 5.6070852279663095 -0.40207976102828974 0.053456643596291549 0.93259644508361828
decision_type=8 2 2 2 2 2
left_child=1 4 3 5 -1 -2
right_child=2 -3 -4 -5 -6 -7
leaf_value=0 -0.0068102300530877898 0 0 0 0.0082096225862495695 0
leaf_weight=1.3678294792771355 5.1117983739823094 2.0945335868746033 1.7671204339712847 3.0258398316800585 6.9600479900836945 0.58931804262101639
leaf_count=12 93 20 18 21 63 8
internal_value=0.000254271 0.00419046 -0.000864546 -0.00376329 0.00733034 -0.00614238
internal_weight=20.9165 10.4224 10.4941 8.72696 8.32788 5.70112
internal_count=235 95 140 122 75 101
is_linear=0
shrinkage=0.03


Tree=296
num_leaves=7
num_cat=0
split_feature=68 60 6 26 31 54
split_gain=0.383397 0.646068 0.547786 0.421171 0.347076 0.238903
threshold=50.487812042236335 0.31399999558925634 192.00000000000003 0.10526142641901971 0.75880935788154613 0.066835202276706709
decision_type=10 2 2 2 2 2
left_child=3 2 -2 -1 5 -5
right_child=1 -3 -4 4 -6 -7
leaf_value=0 0.0086770612915378874 0 0 0 0 -0.0079390787889461953
leaf_weight=2.3377838432788876 7.6066010212525708 2.3327455073595038 1.0978291388601062 0.55674948543309977 1.626614701002836 5.8710478907451034
leaf_count=18 71 30 14 4 23 76
internal_value=0 0.00345524 0.00667192 -0.00214586 -0.00511821 -0.00691408
internal_weight=21.4294 11.0372 8.70443 10.3922 8.05441 6.4278
internal_count=236 115 85 121 103 80
is_linear=0
shrinkage=0.03


Tree=297
num_leaves=7
num_cat=0
split_feature=68 60 6 56 24 4
split_gain=0.251259 0.664123 0.491851 0.320727 0.3032 0.377302
threshold=50.487812042236335 0.31399999558925634 195.87500000000003 -0.55636668205261219 0.15194876492023471 0.0050959466025233277
decision_type=10 2 2 2 2 8
left_child=4 2 3 -2 -1 -6
right_child=1 -3 -4 -5 5 -7
leaf_value=0 0 0 0 0.0095259683438115427 0 -0.006311672918005746
leaf_weight=2.9836472142487782 0.85847531445324321 2.4505852907896033 1.0344520453363655 6.9046899843960992 0.69587174616754044 5.9051199080422521
leaf_count=23 13 29 13 64 6 87
internal_value=0 0.00310587 0.00653461 0.00837307 -0.00103954 -0.00420861
internal_weight=20.8328 11.2482 8.79762 7.76317 9.58464 6.60099
internal_count=235 119 90 77 116 93
is_linear=0
shrinkage=0.03


Tree=298
num_leaves=7
num_cat=0
split_feature=32 47 58 37 26 55
split_gain=0.65578 0.502675 0.501027 0.389659 0.221492 0.203807
threshold=0.27426053583621984 0.077529683709144606 0.045199999585747726 0.86705854535102855 0.012223247904330494 -0.26457294821739191
decision_type=2 2 2 2 2 2
left_child=2 -2 4 5 -1 -3
right_child=1 3 -4 -5 -6 -7
leaf_value=0 0 0 0 0 0.0072784827845875739 -0.008667287503848705
leaf_weight=0.87753028422594326 2.1482540965080252 0.57585358619689841 1.231771234422921 1.0207965448498724 8.030939828604458 6.9296073205769053
leaf_count=7 11 8 16 18 67 111
internal_value=0 -0.0037145 0.00389115 -0.00631009 0.00632259 -0.00788495
internal_weight=20.8148 10.6745 10.1402 8.52626 8.90847 7.50546
internal_count=238 148 90 137 74 119
is_linear=0
shrinkage=0.03


Tree=299
num_leaves=7
num_cat=0
split_feature=68 60 6 11 54 6
split_gain=0.16866 0.432726 0.345937 0.331682 0.293665 0.370848
threshold=385.15440368652349 0.34340000152587896 185.75000000000003 5.6070852279663095 0.06128505431115628 264.00000762939459
decision_type=8 2 2 2 2 2
left_child=1 2 -1 4 -2 -6
right_child=3 -3 -4 -5 5 -7
leaf_value=0.0070453283958597035 0 0 0 0 -0.0070200955421206206 0
leaf_weight=6.6372471563518065 0.82404644787311454 1.7227896712720392 1.0525233149528501 2.4454149641096583 8.7361118290573323 0.94297199882567007
leaf_count=58 4 15 8 26 120 16
internal_value=0 0.00253776 0.00539288 -0.00108012 -0.00398312 -0.00547357
internal_weight=22.3611 9.41256 7.68977 12.9485 10.5031 9.67908
internal_count=247 81 66 166 140 136
is_linear=0
shrinkage=0.03


end of trees

feature_importances:
Column_68=148
Column_60=127
Column_58=114
Column_0=105
Column_54=90
Column_47=71
Column_51=67
Column_30=61
Column_4=54
Column_19=46
Column_62=41
Column_12=39
Column_34=37
Column_11=36
Column_14=33
Column_26=33
Column_31=32
Column_32=29
Column_48=29
Column_50=28
Column_61=28
Column_6=27
Column_35=27
Column_1=26
Column_28=26
Column_17=25
Column_53=24
Column_55=24
Column_56=22
Column_43=19
Column_57=19
Column_42=18
Column_44=17
Column_24=16
Column_33=16
Column_2=15
Column_9=15
Column_52=14
Column_23=13
Column_38=13
Column_46=13
Column_7=12
Column_59=12
Column_29=11
Column_39=11
Column_49=9
Column_5=8
Column_25=8
Column_36=8
Column_37=8
Column_45=8
Column_21=7
Column_40=7
Column_41=6
Column_22=5
Column_3=4
Column_18=3
Column_27=3
Column_15=2
Column_13=1
Column_20=1

parameters:
[boosting: gbdt]
[objective: binary]
[metric: binary_logloss]
[tree_learner: serial]
[device_type: cpu]
[data_sample_strategy: bagging]
[data: ]
[valid: ]
[num_iterations: 300]
[learning_rate: 0.03]
[num_leaves: 7]
[num_threads: -1]
[seed: 50374]
[deterministic: 0]
[force_col_wise: 1]
[force_row_wise: 0]
[histogram_pool_size: -1]
[max_depth: 4]
[min_data_in_leaf: 10]
[min_sum_hessian_in_leaf: 0.001]
[bagging_fraction: 0.8]
[pos_bagging_fraction: 1]
[neg_bagging_fraction: 1]
[bagging_freq: 1]
[bagging_seed: 50374]
[bagging_by_query: 0]
[feature_fraction: 0.8]
[feature_fraction_bynode: 1]
[feature_fraction_seed: 50374]
[extra_trees: 0]
[extra_seed: 29239]
[early_stopping_round: 0]
[early_stopping_min_delta: 0]
[first_metric_only: 0]
[max_delta_step: 0]
[lambda_l1: 2]
[lambda_l2: 10]
[linear_lambda: 0]
[min_gain_to_split: 0]
[drop_rate: 0.1]
[max_drop: 50]
[skip_drop: 0.5]
[xgboost_dart_mode: 0]
[uniform_drop: 0]
[drop_seed: 3427]
[top_rate: 0.2]
[other_rate: 0.1]
[min_data_per_group: 100]
[max_cat_threshold: 32]
[cat_l2: 10]
[cat_smooth: 10]
[max_cat_to_onehot: 4]
[top_k: 20]
[monotone_constraints: ]
[monotone_constraints_method: basic]
[monotone_penalty: 0]
[feature_contri: ]
[forcedsplits_filename: ]
[refit_decay_rate: 0.9]
[cegb_tradeoff: 1]
[cegb_penalty_split: 0]
[cegb_penalty_feature_lazy: ]
[cegb_penalty_feature_coupled: ]
[path_smooth: 0]
[interaction_constraints: ]
[verbosity: -1]
[saved_feature_importance_type: 0]
[use_quantized_grad: 0]
[num_grad_quant_bins: 4]
[quant_train_renew_leaf: 0]
[stochastic_rounding: 1]
[linear_tree: 0]
[max_bin: 63]
[max_bin_by_feature: ]
[min_data_in_bin: 3]
[bin_construct_sample_cnt: 200000]
[data_random_seed: 50374]
[is_enable_sparse: 1]
[enable_bundle: 1]
[use_missing: 1]
[zero_as_missing: 0]
[feature_pre_filter: 1]
[pre_partition: 0]
[two_round: 0]
[header: 0]
[label_column: ]
[weight_column: ]
[group_column: ]
[ignore_column: ]
[categorical_feature: ]
[forcedbins_filename: ]
[precise_float_parser: 0]
[parser_config_file: ]
[objective_seed: 25818]
[num_class: 1]
[is_unbalance: 0]
[scale_pos_weight: 1]
[sigmoid: 1]
[boost_from_average: 1]
[reg_sqrt: 0]
[alpha: 0.9]
[fair_c: 1]
[poisson_max_delta_step: 0.7]
[tweedie_variance_power: 1.5]
[lambdarank_truncation_level: 30]
[lambdarank_norm: 1]
[label_gain: ]
[lambdarank_position_bias_regularization: 0]
[eval_at: ]
[multi_error_top_k: 1]
[auc_mu_weights: ]
[num_machines: 1]
[local_listen_port: 12400]
[time_out: 120]
[machine_list_filename: ]
[machines: ]
[gpu_platform_id: -1]
[gpu_device_id: -1]
[gpu_use_dp: 0]
[num_gpu: 1]

end of parameters

pandas_categorical:null
