tree
version=v4
num_class=1
num_tree_per_iteration=1
label_index=0
max_feature_idx=68
objective=binary sigmoid:1
feature_names=Column_0 Column_1 Column_2 Column_3 Column_4 Column_5 Column_6 Column_7 Column_8 Column_9 Column_10 Column_11 Column_12 Column_13 Column_14 Column_15 Column_16 Column_17 Column_18 Column_19 Column_20 Column_21 Column_22 Column_23 Column_24 Column_25 Column_26 Column_27 Column_28 Column_29 Column_30 Column_31 Column_32 Column_33 Column_34 Column_35 Column_36 Column_37 Column_38 Column_39 Column_40 Column_41 Column_42 Column_43 Column_44 Column_45 Column_46 Column_47 Column_48 Column_49 Column_50 Column_51 Column_52 Column_53 Column_54 Column_55 Column_56 Column_57 Column_58 Column_59 Column_60 Column_61 Column_62 Column_63 Column_64 Column_65 Column_66 Column_67 Column_68
feature_infos=[0.3333333432674408:336] [0.3333333432674408:12] [1:5] [0.3333333432674408:1285.6666259765625] [0.0027173913549631834:2] [0:1] [0:736] [0:813] [0:206.66667175292969] [0:1079] [1:2] [0.20689655840396881:230] [0:1] [0:1] [0.10853985697031021:23.409765243530273] [0:9.559722900390625] [0:2.2245702743530273] [0.00086893513798713684:0.99371588230133057] [0.00085803942056372762:0.99902480840682983] [0.0009152420680038631:0.99332702159881592] [0.00085803942056372762:0.99905753135681152] [0.069869920611381531:0.99943888187408447] [0.0008778013288974762:0.99582791328430176] [0.00084575643995776772:0.99472630023956299] [0.00092586869141086936:0.99597734212875366] [0.069715835154056549:0.9963722825050354] [1.9455832443782128e-05:0.99557089805603027] [8.0112249634112231e-06:0.99911469221115112] [1.4877989087835886e-05:0.99486535787582397] [0.06536749005317688:0.99881237745285034] [0.00081704684998840094:0.99729245901107788] [0.00068631937028840184:0.99277728796005249] [0.00081704684998840094:0.99767279624938965] [0.064658395946025848:0.99326097965240479] [0.0013728630729019642:0.99855345487594604] [0.0011603961465880275:0.99900662899017334] [0.0012911449884995818:0.99849265813827515] [0.064545534551143646:0.99937349557876587] [0.0008308000979013741:0.99996340274810791] [-0.016299232840538025:0.27312231063842773] [0.021422695368528366:0.39662343263626099] [0.014004096388816833:0.52571952342987061] [0.012244179844856262:0.61878496408462524] [0.011788684874773026:0.76856034994125366] [0.010643605142831802:0.72686493396759033] [-0.35783752799034119:0.82238095998764038] [-0.13986162841320038:0.90728151798248291] [-0.045592710375785828:0.94214212894439697] [-0.54495495557785034:0.24392011761665344] [-0.46942317485809326:0.29012987017631531] [-0.30070480704307556:0.34854093194007874] [-0.8218265175819397:0.35784703493118286] [-0.79348605871200562:0.5239940881729126] [-0.76840311288833618:0.5740964412689209] [-0.15482039749622345:0.91189897060394287] [-0.46882593631744385:0.27871313691139221] [-0.78299355506896973:0.5548558235168457] [0:1] [0:0.9660000205039978] [0:1] [0:1] [0:0.98040002584457397] [0:1] none [0:1] [0:0.87120002508163452] none none [7.0710678100585938:1337.1051025390625]
tree_sizes=765 806 837 748 813 823 633 821 750 800 645 810 806 740 667 702 812 832 752 723 802 825 727 801 837 838 822 837 741 839 824 816 821 819 826 813 831 837 815 834 784 808 814 832 803 800 836 814 831 753 807 818 824 854 799 823 823 824 816 794 824 825 821 813 815 825 836 803 744 740 818 800 832 817 825 816 800 745 818 808 833 732 743 826 846 823 823 819 835 811 820 832 775 825 837 706 821 837 804 835 828 785 809 796 822 820 788 837 798 744 839 825 817 827 803 818 809 802 806 627 820 792 788 812 805 822 817 786 821 847 829 810 828 771 795 828 823 803 807 805 804 812 841 804 788 697 833 820 848 776 801 758 759 818 788 784 781 806 826 795 818 809 817 797 824 839 812 789 830 799 801 824 820 780 803 780 779 804 719 799 810 824 799 791 805 797 825 809 799 792 803 813 815 803 802 779 788 809 804 807 797 716 804 804 783 799 782 799 795 783 832 781 806 800 782 783 782 822 796 801 816 810 808 802 786 790 784 780 781 786 829 806 809 801 783 803 783 790 785 805 806 804 804 786 788 826 793 784 789 817 794 786 805 818 788 806 796 808 782 793 804 801 821 818 793 793 795 800 797 803 812 783 799 780 782 816 808 821 787 783 790 793 793 789 806 806 787 819 800 793 789 805 776 781 725 793 801 782 780 813

Tree=0
num_leaves=6
num_cat=0
split_feature=0 12 59 61 68
split_gain=50.6367 8.76868 1.51135 1.42079 0.457007
threshold=2.1666666269302373 0.80625000596046459 0.10720000043511392 0.0014000000082887711 752.01473999023449
decision_type=2 2 2 2 8
left_child=1 3 4 -1 -3
right_child=-2 2 -4 -5 -6
leaf_value=-0.89113771712709122 -0.82621872318327583 -0.85525322553073624 -0.86946500274972316 -0.86681067461078543 -0.86681067461078543
leaf_weight=24.793731898069385 10.62588509917259 3.9586630761623365 2.9169096350669861 3.9586630761623374 2.2918575704097748
leaf_count=119 51 19 14 19 11
internal_value=-0.866272 -0.882372 -0.863712 -0.889135 -0.857354
internal_weight=48.5457 37.9198 9.16743 28.7524 6.25052
internal_count=233 182 44 138 30
is_linear=0
shrinkage=1


Tree=1
num_leaves=7
num_cat=0
split_feature=0 12 51 31 36 54
split_gain=51.5229 8.27238 2.10475 2.20131 0.683138 0.193267
threshold=2.1666666269302373 0.80625000596046459 -0.41610644757747645 0.15461797267198565 0.19807121157646182 0.086905810981988921
decision_type=2 2 2 2 2 2
left_child=1 2 3 -1 -3 -6
right_child=-2 4 -4 -5 5 -7
leaf_value=0 0.040219317771066479 0.0071251781080526547 0 -0.025957567575230669 0 -0.0037300744951208487
leaf_weight=2.6856359094381359 11.011432409286497 4.5933583974838239 3.5127869248390224 24.99162246286869 2.2953231334686279 2.5015648901462555
leaf_count=13 52 22 17 121 11 12
internal_value=0 -0.0156465 -0.0218704 -0.0239413 0.00254968 0
internal_weight=51.5917 40.5803 31.19 27.6773 9.39025 4.79689
internal_count=248 196 151 134 45 23
is_linear=0
shrinkage=0.03


Tree=2
num_leaves=7
num_cat=0
split_feature=0 61 54 47 14 43
split_gain=39.9175 5.74878 6.03163 1.40114 0.963621 0.949531
threshold=2.1666666269302373 1.0000000180025095e-35 0.069159060716629042 0.64718985557556163 12.842658996582033 0.16046787053346637
decision_type=2 2 2 2 2 2
left_child=1 2 -1 -3 -2 -4
right_child=4 3 5 -5 -6 -7
leaf_value=0.0026402112344034324 0.03701090460186688 -0.0037190828367759973 0 0.0089977125322724134 0 -0.026178887369663697
leaf_weight=2.074374437332156 7.3114141523838025 5.6022875756025297 2.4768190383911159 2.9104895740747452 2.1504159271717072 25.823572635650635
leaf_count=10 34 27 12 14 10 126
internal_value=-0.00129998 -0.0164184 -0.0213201 0 0.0342621 -0.0248737
internal_weight=48.3494 38.8875 30.3748 8.51278 9.46183 28.3004
internal_count=233 189 148 41 44 138
is_linear=0
shrinkage=0.03


Tree=3
num_leaves=6
num_cat=0
split_feature=0 54 68 43 30
split_gain=36.2437 8.47199 8.22923 1.91074 1.88287
threshold=3.5000000000000004 0.069159060716629042 376.21420288085943 0.16046787053346637 0.16601154953241351
decision_type=2 2 8 2 2
left_child=1 -1 4 -4 -3
right_child=-2 2 3 -5 -6
leaf_value=0.0094725882198160669 0.037075337345607751 0.010138789345717157 0 -0.026311178962758506 -0.0041501728767816288
leaf_weight=3.3522520065307608 7.6232234537601462 3.7588634639978391 2.8936163485050228 24.584261283278465 6.5931544154882431
leaf_count=16 35 18 14 121 32
internal_value=0 -0.012807 -0.0176034 -0.0243504 0.000522492
internal_weight=48.8054 41.1821 37.8299 27.4779 10.352
internal_count=236 201 185 135 50
is_linear=0
shrinkage=0.03


Tree=4
num_leaves=7
num_cat=0
split_feature=12 4 5 30 60 54
split_gain=38.103 11.2857 2.94818 2.34662 1.31101 1.24719
threshold=0.36666667461395269 0.0055944493506103763 0.044748857617378242 0.14627855271101001 0.00059999998484272521 0.082879345864057555
decision_type=2 10 2 2 2 2
left_child=3 4 -3 -1 -2 -5
right_child=1 2 -4 5 -6 -7
leaf_value=0 0.0051699990854629672 0 0.03962561825946799 0 -0.0074773289084270724 -0.022378610720975134
leaf_weight=2.0644765496253994 3.3197463154792803 2.045645907521247 11.73931038379669 2.0469086021184948 4.7358914315700531 22.532029271125793
leaf_count=10 16 10 54 10 23 112
internal_value=0.00123591 0.025879 0.0363811 -0.0188771 0 -0.0209451
internal_weight=48.484 21.8406 13.785 26.6434 8.05564 24.5789
internal_count=235 103 64 132 39 122
is_linear=0
shrinkage=0.03


Tree=5
num_leaves=7
num_cat=0
split_feature=0 32 51 58 55 61
split_gain=36.4653 6.78118 4.57965 2.50039 1.14898 0.159325
threshold=2.1666666269302373 0.19966991245746615 -0.4306392222642898 0.018600000068545345 0.063907686620950713 0.0014000000082887711
decision_type=2 2 2 2 2 2
left_child=1 3 5 4 -1 -3
right_child=-2 2 -4 -5 -6 -7
leaf_value=0.014974001214591944 0.036274884206410916 -0.024215748653929361 0 -0.0047689893272027618 0 0
leaf_weight=4.1682446300983411 10.666030704975126 17.682380676269535 5.3222017586231258 3.6861158311367035 2.6632642149925232 2.8676288574933997
leaf_count=20 48 89 26 18 13 14
internal_value=0.00278806 -0.0114375 -0.0182655 0.00315046 0.0112829 -0.0229492
internal_weight=47.0559 36.3898 25.8722 10.5176 6.83151 20.55
internal_count=228 180 129 51 33 103
is_linear=0
shrinkage=0.03


Tree=6
num_leaves=5
num_cat=0
split_feature=12 0 60 9
split_gain=41.2923 12.8344 1.60581 1.06508
threshold=0.36666667461395269 1.1666666865348818 0.0030000000260770325 0.5000000149011613
decision_type=2 2 2 2
left_child=-1 2 3 -2
right_child=1 -3 -4 -5
leaf_value=-0.022587071239443639 0.010052974880638825 0.037324600066350938 -0.0084155747850828133 0
leaf_weight=24.838218286633492 3.7728867083787936 12.209355324506758 4.2877795249223709 2.0394294261932373
leaf_count=125 18 55 21 10
internal_value=0 0.0244973 0 0.00523502
internal_weight=47.1477 22.3095 10.1001 5.81232
internal_count=229 104 49 28
is_linear=0
shrinkage=0.03


Tree=7
num_leaves=7
num_cat=0
split_feature=0 68 30 58 14 47
split_gain=40.2476 9.55438 2.79795 1.47209 1.39483 0.814753
threshold=2.1666666269302373 697.16046142578136 0.30031621456146246 0.00059999998484272521 8.2942690849304217 0.087287481874227538
decision_type=2 8 2 2 2 2
left_child=1 2 3 -1 -2 -3
right_child=4 5 -4 -5 -6 -7
leaf_value=0.015249198147903348 0.037913463552731487 0 -0.0050792354276960544 0 0 -0.024785463784694189
leaf_weight=4.605812966823577 9.3756140917539579 2.4710294008255032 8.8039781898260099 2.2650008052587509 2.1879212856292716 20.802724733948708
leaf_count=22 41 12 44 11 10 106
internal_value=0.000177918 -0.0140256 0.00122435 0.011081 0.0351193 -0.0233808
internal_weight=50.5121 38.9485 15.6748 6.87081 11.5635 23.2738
internal_count=246 195 77 33 51 118
is_linear=0
shrinkage=0.03


Tree=8
num_leaves=6
num_cat=0
split_feature=0 54 68 58 43
split_gain=32.3526 10.3979 6.38888 1.80778 0.526125
threshold=3.5000000000000004 0.069159060716629042 376.21420288085943 0.003199999919161201 0.16046787053346637
decision_type=2 2 8 2 2
left_child=1 -1 3 -3 -4
right_child=-2 2 4 -5 -6
leaf_value=0.011942556368046314 0.034534780815246184 0.0083487442492286117 0 -0.0062253800885924294 -0.025143883131698994
leaf_weight=3.8129762113094321 9.006998196244238 5.4100903123617154 2.6723507046699551 4.2663259208202362 21.772791489958763
leaf_count=18 39 26 13 21 112
internal_value=0.000689463 -0.011623 -0.0177262 0 -0.0238625
internal_weight=46.9415 37.9345 34.1216 9.67642 24.4451
internal_count=229 190 172 47 125
is_linear=0
shrinkage=0.03


Tree=9
num_leaves=7
num_cat=0
split_feature=0 12 30 14 68 51
split_gain=32.8525 4.78237 1.74734 0.856038 0.754304 0.525554
threshold=2.1666666269302373 0.61645480990409862 0.13510000705718997 12.842658996582033 313.60475158691412 -0.41610644757747645
decision_type=2 2 2 2 8 2
left_child=1 2 -1 -2 -3 -4
right_child=3 4 5 -5 -6 -7
leaf_value=0 0.033346409656262323 0.006153290193552546 -0.023355542221539176 0 -0.0029479556467052683 0
leaf_weight=2.6157838255167034 8.8525801897048932 4.2293986082077 18.825291529297829 2.1822858303785315 6.121815726161004 3.6101047694683102
leaf_count=13 38 20 98 10 30 18
internal_value=0 -0.0143688 -0.0197543 0.0309837 0 -0.0216838
internal_weight=46.4373 35.4024 25.0512 11.0349 10.3512 22.4354
internal_count=227 179 129 48 50 116
is_linear=0
shrinkage=0.03


Tree=10
num_leaves=5
num_cat=0
split_feature=0 47 43 68
split_gain=37.5198 5.36953 5.49561 1.48107
threshold=2.1666666269302373 0.085297085344791426 0.15180068463087085 128.25518417358401
decision_type=2 2 2 8
left_child=1 -1 -3 -4
right_child=-2 2 3 -5
leaf_value=0.0038164618434429211 0.033573805016393198 0.0027169435510727034 0 -0.02369130533042535
leaf_weight=3.7158208936452857 11.382105126976965 2.7053671628236762 3.9039180278778103 26.495140224695206
leaf_count=18 49 13 19 138
internal_value=0 -0.0143683 -0.0182132 -0.0217726
internal_weight=48.2024 36.8202 33.1044 30.3991
internal_count=237 188 170 157
is_linear=0
shrinkage=0.03


Tree=11
num_leaves=7
num_cat=0
split_feature=0 68 58 30 14 51
split_gain=30.8885 8.37112 2.82203 1.86994 1.0169 0.185704
threshold=2.1666666269302373 697.16046142578136 0.00059999998484272521 0.3257004469633103 12.842658996582033 -0.46201077103614802
decision_type=2 8 2 2 2 2
left_child=1 2 3 -1 -2 -4
right_child=4 -3 5 -5 -6 -7
leaf_value=0.015431626824931195 0.033180299023152907 -0.022067373451153009 -0.0074542375020715127 0 0 0
leaf_weight=5.053645044565199 8.7605544924736005 21.977288082242012 4.8997218161821365 3.940105140209198 2.2077100574970236 2.0237400084733954
leaf_count=24 37 116 25 20 10 10
internal_value=0 -0.0129731 0.00093811 0.0100065 0.0306817 -0.00624861
internal_weight=48.8628 37.8945 15.9172 8.99375 10.9683 6.92346
internal_count=242 195 79 44 47 35
is_linear=0
shrinkage=0.03


Tree=12
num_leaves=7
num_cat=0
split_feature=14 4 14 51 32 68
split_gain=26.4617 8.80828 4.63001 1.58238 0.665914 0.139155
threshold=7.1417174339294442 0.0055944493506103763 14.235917091369631 -0.40207976102828974 0.19966991245746615 262.56336975097662
decision_type=2 10 2 2 2 8
left_child=1 5 3 4 -2 -1
right_child=2 -3 -4 -5 -6 -7
leaf_value=0 0 0.032433587063146363 0.0019527363442936154 0 -0.022720909520484181 -0.0029263163358705211
leaf_weight=2.305145904421809 2.4265361279249289 11.280975952744482 3.5536267012357703 2.758175551891326 20.016057923436165 4.625085785984993
leaf_count=11 12 49 17 14 107 23
internal_value=0 0.0226389 -0.0155382 -0.0195632 -0.0214279 0
internal_weight=46.9656 18.2112 28.7544 25.2008 22.4426 6.93023
internal_count=233 83 150 133 119 34
is_linear=0
shrinkage=0.03


Tree=13
num_leaves=6
num_cat=0
split_feature=0 54 61 48 14
split_gain=29.4805 7.97046 5.18081 1.62243 0.799343
threshold=2.1666666269302373 0.069159060716629042 1.0000000180025095e-35 -0.17037970572710034 12.842658996582033
decision_type=2 2 2 2 2
left_child=1 -1 -3 -4 -2
right_child=4 2 3 -5 -6
leaf_value=0.0088215959147849177 0.031650527852271973 -0.023237203227183666 0.0088666903060349612 -0.0054732691183196546 0
leaf_weight=2.9365646541118613 9.3532984107732755 24.620516940951347 2.9233416616916656 4.8271878808736792 2.196710839867591
leaf_count=14 39 132 14 24 10
internal_value=0 -0.013175 -0.0181976 0 0.0294323
internal_weight=46.8576 35.3076 32.371 7.75053 11.55
internal_count=233 184 170 38 49
is_linear=0
shrinkage=0.03


Tree=14
num_leaves=5
num_cat=0
split_feature=0 54 54 47
split_gain=28.6378 7.66054 3.84931 0.441608
threshold=3.5000000000000004 0.069159060716629042 0.72662216424942028 0.86803746223449718
decision_type=2 2 2 2
left_child=1 -1 -3 -4
right_child=-2 2 3 -5
leaf_value=0.0091493452934064048 0.031648739210252991 -0.020178464755609884 0.005153044701827824 -0.0019201256179206629
leaf_weight=3.3940652906894675 9.6464402079582197 27.694262430071831 3.291973650455474 2.0680478513240814
leaf_count=16 40 146 16 11
internal_value=0.000517724 -0.0114696 -0.0166137 0
internal_weight=46.0948 36.4483 33.0543 5.36002
internal_count=229 189 173 27
is_linear=0
shrinkage=0.03


Tree=15
num_leaves=6
num_cat=0
split_feature=12 58 32 47 68
split_gain=28.8597 5.04213 2.5949 2.70603 1.80422
threshold=0.50757575035095226 0.016199999488890175 0.19966991245746615 0.13558906316757205 1.0000000180025095e-35
decision_type=2 2 2 2 10
left_child=2 4 -1 -4 -2
right_child=1 -3 3 -5 -6
leaf_value=0 0 0 0 -0.021373267973718572 0.032332000617995703
leaf_weight=3.3607717752456692 4.9233394861221376 2.6489762812852851 2.8850969374179867 19.903718322515488 12.380156502127646
leaf_count=17 23 13 15 109 54
internal_value=0.00163234 0.0239867 -0.0156816 -0.0185026 0.0282381
internal_weight=46.1021 19.9525 26.1496 22.7888 17.3035
internal_count=231 90 141 124 77
is_linear=0
shrinkage=0.03


Tree=16
num_leaves=7
num_cat=0
split_feature=12 0 60 38 47 30
split_gain=24.1833 7.89358 1.78825 1.0888 0.0477167 0.0620591
threshold=0.36666667461395269 0.83333334326744091 0.00059999998484272521 0.15038478374481204 0.096516769379377379 0.15509434044361117
decision_type=2 2 2 2 2 2
left_child=4 2 3 -2 -1 -6
right_child=1 -3 -4 -5 5 -7
leaf_value=0 0.010963723391752618 0.028085042520994832 -0.0084776681466541947 0 0 -0.020268211660782721
leaf_weight=1.9071683734655405 2.3742974400520342 11.875046417117117 5.3319305926561356 2.6049648076295853 1.9141229689121271 18.514157921075821
leaf_count=10 11 51 27 13 10 103
internal_value=0 0.0177583 0 0.00582071 -0.0189525 -0.0195735
internal_weight=44.5217 22.1862 10.3112 4.97926 22.3354 20.4283
internal_count=225 102 51 24 123 113
is_linear=0
shrinkage=0.03


Tree=17
num_leaves=7
num_cat=0
split_feature=0 68 54 60 4 30
split_gain=20.9954 7.97086 6.68855 3.87812 1.1999 1.19498
threshold=3.5000000000000004 385.15440368652349 0.069159060716629042 0.0061999999452382335 0.0050959466025233277 0.34000758826732641
decision_type=2 8 2 2 8 2
left_child=1 3 -3 5 -4 -1
right_child=-2 2 4 -5 -6 -7
leaf_value=0.018590719119369787 0.027981159803154857 0.0045596032570465461 0 -0.0046731308270818563 -0.023688236345087738 0
leaf_weight=3.7000372856855375 8.0758687853813154 2.7784712612628963 2.364761337637904 6.1481010615825653 22.486823633313179 2.493457019329071
leaf_count=17 33 13 13 31 124 13
internal_value=0 -0.00974287 -0.017402 0.0048327 -0.0221827 0.0150327
internal_weight=48.0475 39.9717 27.6301 12.3416 24.8516 6.19349
internal_count=244 211 150 61 137 30
is_linear=0
shrinkage=0.03


Tree=18
num_leaves=6
num_cat=0
split_feature=0 61 54 30 43
split_gain=27.0575 4.68777 4.685 1.38399 0.959731
threshold=2.1666666269302373 1.0000000180025095e-35 0.069159060716629042 0.30031621456146246 0.16046787053346637
decision_type=2 2 2 2 2
left_child=1 2 -1 -3 -4
right_child=-2 3 4 -5 -6
leaf_value=0.0016780746169225917 0.028095000848577148 0.0090736565502766205 0 -0.0033143084205904845 -0.023437450995597849
leaf_weight=2.312096759676936 11.113034561276434 3.4059450924396506 2.3664565533399609 4.081540510058403 20.835505947470665
leaf_count=11 46 16 12 21 118
internal_value=0 -0.0133698 -0.0182996 0.000856062 -0.0220033
internal_weight=44.1146 33.0015 25.5141 7.48749 23.202
internal_count=224 178 141 37 130
is_linear=0
shrinkage=0.03


Tree=19
num_leaves=6
num_cat=0
split_feature=0 54 14 43 14
split_gain=21.258 4.82752 5.41627 2.5147 0.931196
threshold=2.1666666269302373 0.069159060716629042 1.3474708795547488 0.15714317560195926 7.1417174339294442
decision_type=2 2 2 2 2
left_child=1 -1 -3 -4 -2
right_child=4 2 3 -5 -6
leaf_value=0.005625596343087777 0.02767759884829055 0.0046211919522934162 0 -0.021029208378494056 0
leaf_weight=2.5368544161319724 8.382755905389784 2.1405156701803234 1.9986075162887598 27.796902477741241 2.2608726620674124
leaf_count=12 34 10 10 155 10
internal_value=0 -0.0115065 -0.0153151 -0.0190564 0.0253289
internal_weight=45.1165 34.4729 31.936 29.7955 10.6436
internal_count=231 187 175 165 44
is_linear=0
shrinkage=0.03


Tree=20
num_leaves=7
num_cat=0
split_feature=12 58 60 48 54 30
split_gain=21.5286 7.17304 5.10059 2.21346 1.9665 0.975741
threshold=0.36666667461395269 0.016199999488890175 0.1418000012636185 0.13498388230800631 0.08475163578987123 0.16601154953241351
decision_type=2 2 2 2 2 2
left_child=4 2 3 -2 -1 -6
right_child=1 -3 -4 -5 5 -7
leaf_value=0 0.031150756417871146 -0.003805095683499648 0 0 0 -0.019829083473760695
leaf_weight=2.1244831383228329 14.397244125604638 3.4709582775831214 2.6172979325056067 2.0735842287540427 2.1269124597311047 18.467512980103493
leaf_count=11 63 18 13 10 11 107
internal_value=9.18853e-05 0.0182389 0.0242401 0.0286199 -0.0161608 -0.0183618
internal_weight=45.278 22.5591 19.0881 16.4708 22.7189 20.5944
internal_count=233 104 86 73 129 118
is_linear=0
shrinkage=0.03


Tree=21
num_leaves=7
num_cat=0
split_feature=0 68 58 30 43 51
split_gain=18.148 5.31378 1.79628 1.41815 1.09726 0.193186
threshold=2.1666666269302373 697.16046142578136 0.0019999999785795812 0.31507937610149389 0.16046787053346637 -0.49009647965431208
decision_type=2 8 2 2 2 2
left_child=1 2 3 -1 -3 -4
right_child=-2 4 5 -5 -6 -7
leaf_value=0.013339314336430035 0.024298787676058607 0 -0.0059358133443279896 0 -0.019130522159714343 0
leaf_weight=4.4818317145109159 10.417285114526747 1.9675691723823572 4.4090713858604431 3.9344598650932312 17.407465994358063 1.9227681159973133
leaf_count=21 43 10 24 21 101 10
internal_value=3.0042e-05 -0.00984691 0.00084546 0.00840346 -0.0175455 -0.00452104
internal_weight=44.5405 34.1232 14.7481 8.41629 19.375 6.33184
internal_count=230 187 76 42 111 34
is_linear=0
shrinkage=0.03


Tree=22
num_leaves=6
num_cat=0
split_feature=12 1 47 60 68
split_gain=24.3248 7.85326 2.04642 1.53075 1.3877
threshold=0.30952382087707525 1.1666666865348818 0.16693903505802157 0.0030000000260770325 752.01473999023449
decision_type=2 2 2 2 8
left_child=2 3 -1 4 -2
right_child=1 -3 -4 -5 -6
leaf_value=0 0.012081176948560739 0.029763693215503231 -0.019999232524739299 -0.0067784134109787845 0
leaf_weight=3.2895086705684689 3.1046067774295825 11.789297640323637 18.798320233821869 5.5380590260028839 4.112298920750618
leaf_count=18 14 48 110 29 21
internal_value=0.000580569 0.0188195 -0.0173657 0 0.00620904
internal_weight=46.6321 24.5443 22.0878 12.755 7.21691
internal_count=240 112 128 64 35
is_linear=0
shrinkage=0.03


Tree=23
num_leaves=7
num_cat=0
split_feature=12 58 60 48 47 61
split_gain=25.0834 7.41165 4.83976 1.83049 1.34853 0.383416
threshold=0.30952382087707525 0.022200000472366813 0.31399999558925634 0.13498388230800631 0.13558906316757205 0.0014000000082887711
decision_type=2 2 2 2 2 2
left_child=4 2 3 -2 -1 -6
right_child=1 -3 -4 -5 5 -7
leaf_value=0 0.031856534943166079 -0.003426947981941317 0 0 -0.02019193910350112 0
leaf_weight=2.7711731344461468 15.731650859117517 3.379347324371337 2.4419251084327689 2.821779564023017 16.175464436411861 2.6549684107303611
leaf_count=15 68 18 12 13 97 14
internal_value=0.00155433 0.0198884 0.0254719 0.029272 -0.0169818 -0.0189262
internal_weight=45.9763 24.3747 20.9954 18.5534 21.6016 18.8304
internal_count=237 111 93 81 126 111
is_linear=0
shrinkage=0.03


Tree=24
num_leaves=7
num_cat=0
split_feature=0 24 56 60 30 47
split_gain=20.2373 5.43578 3.55781 2.17611 0.611433 0.195358
threshold=3.5000000000000004 0.1770737171173096 -0.36945162713527674 0.00059999998484272521 0.13510000705718997 0.16693903505802157
decision_type=2 2 2 2 2 2
left_child=1 3 4 -1 -3 -4
right_child=-2 2 5 -5 -6 -7
leaf_value=0.011859468386833575 0.027119247362198985 0 0.0037647930086037035 -0.0030284950518564028 -0.020292749314380784 0
leaf_weight=5.3481135815381986 9.958975821733473 3.3224758058786419 2.4048317372798946 3.9820632934570312 19.006489142775536 1.9788163751363752
leaf_count=25 40 17 12 21 111 11
internal_value=0.00129509 -0.0088775 -0.0149382 0.00412184 -0.0187737 0
internal_weight=46.0018 36.0428 26.7126 9.33018 22.329 4.38365
internal_count=237 197 151 46 128 23
is_linear=0
shrinkage=0.03


Tree=25
num_leaves=7
num_cat=0
split_feature=0 47 68 4 14 48
split_gain=19.8433 7.42177 2.79791 1.09868 0.840836 0.715886
threshold=2.1666666269302373 0.085297085344791426 376.21420288085943 0.0050959466025233277 8.2942690849304217 -0.18684633076190946
decision_type=2 2 8 8 2 2
left_child=1 -1 5 -4 -2 -3
right_child=4 2 3 -5 -6 -7
leaf_value=0.0099416250786816471 0.027610986606524602 0.0050494139652565865 0 -0.020892873674351654 0 -0.0044444420945830062
leaf_weight=3.7596831470727912 9.7343615740537626 3.3700230568647385 2.2597248554229763 18.787989869713783 2.2397336065769187 5.3600221723318118
leaf_count=18 39 17 13 112 10 28
internal_value=0.00174414 -0.00926806 -0.0150914 -0.0193105 0.0254995 0
internal_weight=45.5115 33.5374 29.7778 21.0477 11.9741 8.73005
internal_count=237 188 170 125 49 45
is_linear=0
shrinkage=0.03


Tree=26
num_leaves=7
num_cat=0
split_feature=0 68 54 30 58 43
split_gain=22.109 7.09371 4.62152 1.15957 0.888656 0.075045
threshold=2.1666666269302373 376.21420288085943 0.069159060716629042 0.3257004469633103 0.00059999998484272521 0.15714317560195926
decision_type=2 8 2 2 2 2
left_child=1 3 -3 4 -1 -4
right_child=-2 2 5 -5 -6 -7
leaf_value=0.013276855198691569 0.0258812665831635 0.0021313034405083578 0 0 0 -0.021864584587251792
leaf_weight=2.8565834760665876 12.914083451032637 2.1478232741355923 1.9375116974115396 5.1578999012708664 1.9959649145603178 20.919221565127373
leaf_count=13 53 10 10 28 10 127
internal_value=0.00130548 -0.0101615 -0.0174095 0.00459713 0.00993667 -0.0211616
internal_weight=47.9291 35.015 25.0046 10.0104 4.85255 22.8567
internal_count=251 198 147 51 23 137
is_linear=0
shrinkage=0.03


Tree=27
num_leaves=7
num_cat=0
split_feature=12 0 32 60 68 51
split_gain=21.3049 8.1804 1.03203 0.956903 1.34589 0.172538
threshold=0.36666667461395269 0.83333334326744091 0.17417489737272265 0.00059999998484272521 752.01473999023449 -0.38627026975154871
decision_type=2 2 2 2 8 2
left_child=2 3 -1 4 -2 -4
right_child=1 -3 5 -5 -6 -7
leaf_value=0 0.010167374750743242 0.026776410771907563 -0.020037711009410063 -0.007089237534947561 -0.0017281989817593982 0
leaf_weight=2.0714173018932369 2.4742878526449221 12.866695940494536 17.959192201495178 4.77892205119133 3.4949497878551483 1.8563713133335067
leaf_count=11 11 54 111 25 18 10
internal_value=0 0.0163923 -0.0178341 -6.08482e-05 0.00272454 -0.0192692
internal_weight=45.5018 23.6149 21.887 10.7482 5.96924 19.8156
internal_count=240 108 132 54 29 121
is_linear=0
shrinkage=0.03


Tree=28
num_leaves=6
num_cat=0
split_feature=0 54 30 38 57
split_gain=18.3421 5.96431 3.7955 1.03966 0.903044
threshold=3.1666666269302373 0.069159060716629042 0.14627855271101001 0.11142597720026971 0.1564000025391579
decision_type=2 2 2 2 2
left_child=1 -1 4 -4 -3
right_child=-2 2 3 -5 -6
leaf_value=0.0080135965675390899 0.024803119710570653 -0.0042710669499428358 0 -0.020515935708443636 0.0062590419652925455
leaf_weight=3.0450691729784003 9.4758094847202283 2.8402950465679195 2.2528848797082928 21.855888471007347 4.7670134902000427
leaf_count=14 38 15 13 133 23
internal_value=0 -0.0100561 -0.0147344 -0.0191225 0
internal_weight=44.237 34.7612 31.7161 24.1088 7.60731
internal_count=236 198 184 146 38
is_linear=0
shrinkage=0.03


Tree=29
num_leaves=7
num_cat=0
split_feature=4 68 54 57 11 25
split_gain=16.2475 6.31463 5.63151 2.0449 0.770524 0.0316589
threshold=0.0082645257934927958 984.45333862304699 0.069159060716629042 0.87619999051094066 4.0612244606018075 0.15188997983932498
decision_type=10 8 2 2 2 2
left_child=2 -2 -1 5 -3 -4
right_child=1 4 3 -5 -6 -7
leaf_value=0.0065955683902016839 0.026972933865289418 -0.0066367803306540546 0 0 0.0027237699653276039 -0.019408715446677438
leaf_weight=2.8256488293409374 11.436320289969446 3.6836354285478583 2.0086589604616227 3.0839911997318259 2.2322858422994614 19.514416351914406
leaf_count=13 48 20 12 17 10 116
internal_value=0.000721637 0.0190369 -0.0112513 -0.0163481 0 -0.0187561
internal_weight=44.785 17.3522 27.4327 24.6071 5.91592 21.5231
internal_count=236 78 158 145 30 128
is_linear=0
shrinkage=0.03


Tree=30
num_leaves=7
num_cat=0
split_feature=12 58 30 68 51 48
split_gain=19.0874 3.94655 2.80149 2.24366 2.07258 0.00110451
threshold=0.50757575035095226 0.016199999488890175 0.13510000705718997 1.0000000180025095e-35 -0.41610644757747645 0.092390555888414397
decision_type=2 2 2 10 2 2
left_child=2 3 -1 5 -4 -2
right_child=1 -3 4 -5 -6 -7
leaf_value=0.00077916081627823759 0.0002835107587210324 0 -0.018721611359441982 0.027669772988434784 0 0
leaf_weight=2.5740894675254848 2.3672200888395372 3.2632952332496634 17.656245157122619 13.213310092687605 3.0941980928182558 2.2877455502748489
leaf_count=13 11 17 111 56 17 11
internal_value=0.00248791 0.0197971 -0.0126284 0.0237755 -0.0159553 0
internal_weight=44.4561 21.1316 23.3245 17.8683 20.7504 4.65497
internal_count=236 95 141 78 128 22
is_linear=0
shrinkage=0.03


Tree=31
num_leaves=7
num_cat=0
split_feature=12 0 51 14 56 32
split_gain=16.7633 6.04997 1.7468 0.518012 0.174888 0.127622
threshold=0.36666667461395269 0.83333334326744091 -0.41610644757747645 1.4842136502265932 -0.37773197889327997 0.19966991245746615
decision_type=2 2 2 2 2 2
left_child=2 3 5 -2 -5 -1
right_child=1 -3 -4 4 -6 -7
leaf_value=0 0.0031323659677605659 0.025774409489027324 0 -0.0059167650781617592 0 -0.016711142898313439
leaf_weight=1.795895442366606 2.4379369616508502 12.295990049839018 2.9647106975316992 4.3273298293352127 1.9338348507881162 16.712819010019302
leaf_count=10 11 51 16 23 10 107
internal_value=0.00100175 0.0173839 -0.0135433 0 -0.00460058 -0.0160512
internal_weight=42.4685 20.9951 21.4734 8.6991 6.26116 18.5087
internal_count=228 95 133 44 33 117
is_linear=0
shrinkage=0.03


Tree=32
num_leaves=7
num_cat=0
split_feature=0 68 51 14 22 46
split_gain=18.8448 5.28679 3.24724 3.0292 0.783048 0.632908
threshold=1.8333333134651186 376.21420288085943 -0.40207976102828974 13.560840129852297 0.34840983152389532 0.22840644419193271
decision_type=2 8 2 2 2 2
left_child=1 4 -3 -2 5 -1
right_child=3 2 -4 -5 -6 -7
leaf_value=0 0.026805657319677649 -0.020550402136497531 0 0 -0.00028311891174832951 0.010276410074135454
leaf_weight=1.9929524809122066 10.992183893918989 18.870810315012932 4.1453221589326885 1.9688673019409169 5.3980724215507507 3.0203471630811691
leaf_count=10 45 119 22 10 30 14
internal_value=0.000444138 -0.0103075 -0.0167564 0.023199 0.00223416 0.00732429
internal_weight=46.3886 33.4275 23.0161 12.9611 10.4114 5.0133
internal_count=250 195 141 55 54 24
is_linear=0
shrinkage=0.03


Tree=33
num_leaves=7
num_cat=0
split_feature=0 68 60 30 4 45
split_gain=14.2502 4.99184 4.80281 1.90831 1.32217 1.03545
threshold=2.1666666269302373 697.16046142578136 0.0061999999452382335 0.35304744541645056 0.0050959466025233277 0.06285953521728517
decision_type=2 8 2 2 8 2
left_child=1 2 3 -1 -3 -6
right_child=-2 4 -4 -5 5 -7
leaf_value=0.019097092630248905 0.022752398707455792 0 -0.0072225400849649096 0 0 -0.01903562728006605
leaf_weight=4.4335433393716794 11.22188490629196 1.7255366593599344 7.6905813068151474 2.9721651375293732 1.955189675092696 13.699773669242857
leaf_count=20 46 10 42 17 10 89
internal_value=0.00228626 -0.00706456 0.00241789 0.0142741 -0.0153671 -0.0172747
internal_weight=43.6987 32.4768 15.0963 7.40571 17.3805 15.655
internal_count=234 188 79 37 109 99
is_linear=0
shrinkage=0.03


Tree=34
num_leaves=7
num_cat=0
split_feature=12 58 60 47 48 31
split_gain=16.4316 5.54591 4.47757 1.74997 0.894433 0.514104
threshold=0.30952382087707525 0.016199999488890175 0.31399999558925634 0.16693903505802157 0.13852430880069735 0.15461797267198565
decision_type=2 2 2 2 2 2
left_child=3 2 4 -1 -2 -5
right_child=1 -3 -4 5 -6 -7
leaf_value=0 0.027277014712164274 -0.0020093170983177169 -3.6952528593858254e-05 0 0 -0.018022522646732875
leaf_weight=3.1170904487371471 15.339851662516603 4.3293760418891898 2.0824098438024512 2.4735703319311169 2.1162196546792975 14.184727758169172
leaf_count=18 66 23 11 14 10 94
internal_value=0.0014635 0.0163787 0.0217853 -0.0139782 0.0256392 -0.0166528
internal_weight=43.6432 23.8679 19.5385 19.7754 17.4561 16.6583
internal_count=236 110 87 126 76 108
is_linear=0
shrinkage=0.03


Tree=35
num_leaves=7
num_cat=0
split_feature=12 60 53 51 4 33
split_gain=14.3974 5.16095 2.1001 1.98232 1.42511 1.0929
threshold=0.30952382087707525 0.0030000000260770325 -0.48418669402599329 -0.41610644757747645 0.011484991759061815 0.23355001211166385
decision_type=2 2 2 2 10 2
left_child=3 2 -2 5 -3 -1
right_child=1 4 -4 -5 -6 -7
leaf_value=0 0 -0.0077119414714990004 0.02547472789357531 0 0.0054687295352035051 -0.016835339248221184
leaf_weight=1.940849706530577 2.6392834484577223 5.0687659978866568 13.507115170359612 2.5591315925121298 2.9199822396039963 15.617000102996824
leaf_count=12 13 27 58 14 13 103
internal_value=0.00217026 0.0159832 0.022609 -0.012214 0 -0.0150922
internal_weight=44.2521 24.1351 16.1464 20.117 7.98875 17.5578
internal_count=240 111 71 129 40 115
is_linear=0
shrinkage=0.03


Tree=36
num_leaves=7
num_cat=0
split_feature=12 4 30 47 68 60
split_gain=11.489 5.28071 1.47545 1.95459 1.45453 0.405515
threshold=0.36666667461395269 0.0082645257934927958 0.14627855271101001 0.16693903505802157 1.0000000180025095e-35 0.00059999998484272521
decision_type=2 10 2 2 10 2
left_child=2 5 -1 -4 -3 -2
right_child=1 4 3 -5 -6 -7
leaf_value=0 0.00055896450830992259 0 0 -0.016891112067913123 0.024731624230422734 -0.0050831453241596053
leaf_weight=1.9301984757185007 3.93624418973923 3.2932320684194556 2.9405845850706127 14.355643346905707 10.618478983640669 3.9794274419546127
leaf_count=10 19 15 17 96 44 21
internal_value=0.00118764 0.0143459 -0.011495 -0.0137887 0.0217409 -0.000182499
internal_weight=41.0538 21.8274 19.2264 17.2962 13.9117 7.91567
internal_count=222 99 123 113 59 40
is_linear=0
shrinkage=0.03


Tree=37
num_leaves=7
num_cat=0
split_feature=12 58 68 68 60 5
split_gain=15.0008 3.81329 2.60177 1.11035 0.560664 0.183585
threshold=0.30952382087707525 0.016199999488890175 1.0000000180025095e-35 376.21420288085943 0.058199999853968627 0.033789953216910369
decision_type=2 2 10 8 2 2
left_child=3 2 5 -1 -4 -2
right_child=1 -3 4 -5 -6 -7
leaf_value=0 -0.0018458721158153282 -0.00035437291756705314 0.027110722564918654 -0.015468671304362316 0 0.0030356528129776806
leaf_weight=4.5327387601137188 2.8070031106472078 3.1216328293085089 10.134872838854788 15.379296064376829 2.4239599555730811 3.1945018172264099
leaf_count=26 15 17 42 103 11 14
internal_value=0.00135798 0.0164012 0.0204575 -0.0130235 0.0251724 0
internal_weight=41.594 21.682 18.5603 19.912 12.5588 6.0015
internal_count=228 99 82 129 53 29
is_linear=0
shrinkage=0.03


Tree=38
num_leaves=7
num_cat=0
split_feature=58 32 60 54 68 51
split_gain=11.4596 8.10205 2.70932 1.72644 0.477144 0.429321
threshold=0.009599999990314247 0.27426053583621984 0.11800000071525575 0.069159060716629042 184.70973205566409 -0.40207976102828974
decision_type=2 2 2 2 8 2
left_child=1 2 -1 -3 -2 -5
right_child=4 3 -4 5 -6 -7
leaf_value=0.024780581798826289 0 0.0034664697433046845 0 -0.010890919269870776 -0.017077840083109048 0
leaf_weight=12.087038457393648 1.4769309461116762 2.6907216459512702 1.9582255482673634 7.1872710138559315 12.83277739584446 2.0122980922460565
leaf_count=53 8 12 10 47 84 11
internal_value=0 0.0106604 0.0215095 -0.00338575 -0.0160084 -0.00927661
internal_weight=40.2453 25.9356 14.0453 11.8903 14.3097 9.19957
internal_count=225 133 63 70 92 58
is_linear=0
shrinkage=0.03


Tree=39
num_leaves=7
num_cat=0
split_feature=12 60 30 47 68 45
split_gain=14.5509 3.07481 2.56143 2.17886 1.80567 0.0484929
threshold=0.50757575035095226 0.31399999558925634 0.13510000705718997 0.096516769379377379 752.01473999023449 0.071773942559957518
decision_type=2 2 2 2 8 2
left_child=2 4 -1 -4 -2 -6
right_child=1 -3 3 -5 5 -7
leaf_value=0.00085947869817429897 0.024250735459359841 0 0 -0.017423129654604505 0.0018602458513310017 -0.0002048089849389575
leaf_weight=2.5616589039564159 12.693615406751638 1.9624058455228794 1.8355757594108606 18.107750684022903 2.4584670364856711 2.6570636481046677
leaf_count=13 54 10 10 122 11 13
internal_value=0.00159731 0.017342 -0.0114689 -0.0148144 0.02053 0
internal_weight=42.2765 19.7716 22.505 19.9433 17.8091 5.11553
internal_count=233 88 145 132 78 24
is_linear=0
shrinkage=0.03


Tree=40
num_leaves=7
num_cat=0
split_feature=12 58 32 47 60 55
split_gain=15.1595 3.22713 1.96561 2.71791 0.976699 0.571789
threshold=0.50757575035095226 0.018600000068545345 0.19966991245746615 0.13558906316757205 0.10199999809265138 0.14797452092170718
decision_type=2 2 2 2 2 2
left_child=2 4 -1 -4 5 -2
right_child=1 -3 3 -5 -6 -7
leaf_value=0 0.024486640700651641 0 0 -0.018597752222078528 0 0
leaf_weight=3.0974538475275066 11.68489377200604 3.2372083067893973 2.4871191829443005 16.595636025071144 2.3093280345201483 2.4559217542409888
leaf_count=16 49 17 14 113 11 11
internal_value=0.000922828 0.0171229 -0.0124445 -0.0152377 0.0209495 0.0227438
internal_weight=41.8676 19.6874 22.1802 19.0828 16.4501 14.1408
internal_count=231 88 143 127 71 60
is_linear=0
shrinkage=0.03


Tree=41
num_leaves=7
num_cat=0
split_feature=12 30 60 58 51 68
split_gain=16.0648 3.19653 3.17144 1.25191 0.763009 0.166078
threshold=0.50757575035095226 0.13510000705718997 0.31399999558925634 0.018600000068545345 -0.40207976102828974 1.0000000180025095e-35
decision_type=2 2 2 2 2 10
left_child=1 -1 3 5 -3 -2
right_child=2 4 -4 -5 -6 -7
leaf_value=0.0013974355032004872 0 -0.017733482099255599 0 0 0 0.025169796885111548
leaf_weight=3.0091663300991085 4.248511269688616 16.960105031728752 2.5365512669086447 2.1384190618991843 2.2853037118911699 11.760212525725363
leaf_count=15 19 116 13 11 13 49
internal_value=0.00160779 -0.0123758 0.0177387 0.0210814 -0.0163224 0.0228973
internal_weight=42.9383 22.2546 20.6837 18.1471 19.2454 16.0087
internal_count=236 144 92 79 129 68
is_linear=0
shrinkage=0.03


Tree=42
num_leaves=7
num_cat=0
split_feature=0 24 14 42 68 38
split_gain=11.4033 4.63956 2.56053 1.26222 0.871825 0.352486
threshold=1.8333333134651186 0.1770737171173096 13.560840129852297 0.18874773383140567 376.21420288085943 0.13522090017795566
decision_type=2 2 2 2 8 2
left_child=1 4 -2 -3 -1 -5
right_child=2 3 -4 5 -6 -7
leaf_value=0.0078226816741103888 0.021398338544154152 0 0 0 -0.00060100511531480853 -0.018449122223004336
leaf_weight=4.5869042426347741 9.0986446887254697 1.8466848284006143 2.1235563457012168 1.7043029814958597 3.9240756928920755 17.435457706451416
leaf_count=21 38 12 11 10 22 114
internal_value=0 -0.00983746 0.0174208 -0.015952 0.00247098 -0.0175948
internal_weight=40.7196 29.4974 11.2222 20.9864 8.51098 19.1398
internal_count=228 179 49 136 43 124
is_linear=0
shrinkage=0.03


Tree=43
num_leaves=7
num_cat=0
split_feature=12 60 68 51 32 2
split_gain=11.4165 3.43064 3.58291 1.4817 1.82961 0.141052
threshold=0.36666667461395269 0.31399999558925634 752.01473999023449 -0.41610644757747645 0.15498365461826327 1.3541666865348818
decision_type=2 2 8 2 2 2
left_child=3 2 -2 4 -1 -4
right_child=1 -3 5 -5 -6 -7
leaf_value=0 0.024813717640093019 -0.0004851241049100916 0.0019696047043802523 0 -0.015803347040820023 -0.0023989215596844182
leaf_weight=1.8737964183092177 11.962687075138097 2.9111814349889746 4.5764148235321036 2.8050937205553046 15.061558008193968 2.2332412451505661
leaf_count=10 51 15 21 16 109 12
internal_value=0.00205746 0.0150891 0.0189188 -0.0104999 -0.0130858 0
internal_weight=41.424 21.6835 18.7723 19.7404 16.9354 6.80966
internal_count=234 99 84 135 119 33
is_linear=0
shrinkage=0.03


Tree=44
num_leaves=7
num_cat=0
split_feature=12 58 60 48 14 47
split_gain=16.7989 5.21805 2.85751 1.34128 0.292059 0.30169
threshold=0.30952382087707525 0.016199999488890175 0.31399999558925634 0.13498388230800631 13.928503513336183 0.13558906316757205
decision_type=2 2 2 2 2 2
left_child=4 2 3 -2 5 -1
right_child=1 -3 -4 -5 -6 -7
leaf_value=0 0.025517314803309814 -0.0021367890969585242 0 0 0 -0.018128879566122216
leaf_weight=2.7180332392454174 15.281774982810029 4.3970839083194724 2.1409847587347022 2.6590098589658728 1.7633042708039273 13.162692330777643
leaf_count=16 65 24 11 12 12 94
internal_value=0.000471329 0.0152822 0.0205332 0.0233659 -0.0160015 -0.0168419
internal_weight=42.1229 24.4789 20.0818 17.9408 17.644 15.8807
internal_count=234 112 88 77 122 110
is_linear=0
shrinkage=0.03


Tree=45
num_leaves=7
num_cat=0
split_feature=12 60 58 39 17 31
split_gain=10.198 3.51794 1.83648 1.41746 1.18735 0.346367
threshold=0.30952382087707525 0.31399999558925634 0.018600000068545345 0.20223893225193026 0.41641052067279821 0.15461797267198565
decision_type=2 2 2 2 2 2
left_child=4 2 3 -2 -1 -6
right_child=1 -3 -4 -5 5 -7
leaf_value=0 0.022118787067078764 -0.0014270696414062478 0 0 0 -0.015480233223806461
leaf_weight=6.4198554083704975 13.421653941273698 3.2416020035743704 2.015617996454238 2.8295265585184088 1.5552554875612248 11.587834320962427
leaf_count=44 58 17 11 13 9 82
internal_value=0.000338531 0.0130805 0.0173717 0.0196955 -0.0113269 -0.0144936
internal_weight=41.0713 21.5084 18.2668 16.2512 19.5629 13.1431
internal_count=234 99 82 71 135 91
is_linear=0
shrinkage=0.03


Tree=46
num_leaves=7
num_cat=0
split_feature=0 34 14 51 68 42
split_gain=10.6298 3.31741 1.38859 1.12606 0.449449 0.415538
threshold=2.1666666269302373 0.16196272522211078 8.2942690849304217 -0.51844158768653859 313.60475158691412 0.30939516425132757
decision_type=2 2 2 2 8 2
left_child=1 4 -2 -3 -1 -5
right_child=2 3 -4 5 -6 -7
leaf_value=0.0058040167493683395 0.019152444765951761 -0.018275700432448635 0 0.0025671326165500404 0 -0.0042415174320487277
leaf_weight=2.7287903577089336 7.9279934763908368 14.613834194839002 2.6510897576808929 2.0924341827630979 3.4747509658336639 6.3582745641469955
leaf_count=12 33 102 12 11 19 38
internal_value=-0.000346195 -0.0103988 0.0160883 -0.0147643 0.00122424 0
internal_weight=39.8472 29.2681 10.5791 23.0645 6.20354 8.45071
internal_count=227 182 45 151 31 49
is_linear=0
shrinkage=0.03


Tree=47
num_leaves=7
num_cat=0
split_feature=12 9 32 14 60 55
split_gain=13.5451 5.27031 1.19547 0.959635 0.526234 0.25698
threshold=0.30952382087707525 0.83333334326744091 0.14763428270816806 12.59736490249634 0.00059999998484272521 0.12808823585510257
decision_type=2 2 2 2 2 2
left_child=2 4 -1 -4 5 -2
right_child=1 -3 3 -5 -6 -7
leaf_value=0 0.0047374491099232332 0.022222580525013035 0 -0.016705881028834121 -0.005383600586738633 0
leaf_weight=1.518829852342608 3.0901555120944995 14.453757807612417 2.1616366282105473 14.636430539190767 4.1842806041240692 2.0711411535739899
leaf_count=8 14 62 15 106 23 10
internal_value=0.00122769 0.0147295 -0.0132029 -0.0149782 0 0.00203045
internal_weight=42.1162 23.7993 18.3169 16.7981 9.34558 5.1613
internal_count=238 109 129 121 47 24
is_linear=0
shrinkage=0.03


Tree=48
num_leaves=7
num_cat=0
split_feature=58 0 32 60 46 14
split_gain=11.6009 7.31656 1.13109 1.20419 0.765668 0.619765
threshold=0.011799999978393318 0.83333334326744091 0.37618413567543035 0.0030000000260770325 0.1140342988073826 13.255040168762209
decision_type=2 2 2 2 2 2
left_child=1 2 3 -1 -2 -3
right_child=4 5 -4 -5 -6 -7
leaf_value=0.0086337453131310124 0 0.023060837282449436 -0.0076806876570433428 -0.002440155704192001 -0.017646429187658585 0
leaf_weight=4.2816139161586779 1.25436171889305 11.197498634457586 7.5404206514358521 2.9727681875228882 12.238081239163874 2.7762884944677344
leaf_count=19 7 48 50 16 85 15
internal_value=0 0.0104146 -0.00173723 0.00183421 -0.0162922 0.0211412
internal_weight=42.261 28.7686 14.7948 7.25438 13.4924 13.9738
internal_count=240 148 85 35 92 63
is_linear=0
shrinkage=0.03


Tree=49
num_leaves=6
num_cat=0
split_feature=12 4 30 51 60
split_gain=10.186 4.60324 2.48092 1.724 0.405774
threshold=0.50757575035095226 0.0055944493506103763 0.13510000705718997 -0.41610644757747645 0.0030000000260770325
decision_type=2 10 2 2 2
left_child=2 4 -1 -4 -2
right_child=1 -3 3 -5 -6
leaf_value=0.001136872306049774 0.0013383145977126209 0.021157194898624439 -0.016716382298958787 0 -0.0049389474656224347
leaf_weight=2.9946790635585812 4.1175718903541583 12.775376409292219 14.863645747303966 3.1481725126504871 3.9346628487110138
leaf_count=15 19 55 112 18 21
internal_value=0.00111735 0.0140113 -0.0101275 -0.0138795 0
internal_weight=41.8341 20.8276 21.0065 18.0118 8.05223
internal_count=240 95 145 130 40
is_linear=0
shrinkage=0.03


Tree=50
num_leaves=7
num_cat=0
split_feature=0 26 14 60 54 53
split_gain=9.60513 5.42499 2.0083 0.935449 0.851034 0.275241
threshold=1.8333333134651186 0.20956973731517795 13.560840129852297 0.00059999998484272521 0.073367144912481322 -0.44171546399593348
decision_type=2 2 2 2 2 2
left_child=1 3 -2 5 -3 -1
right_child=2 4 -4 -5 -6 -7
leaf_value=0 0.020129671865209149 0 0 0 -0.016694804760047047 0.010361068286999824
leaf_weight=2.1884319707751274 10.030280932784079 1.9052959904074693 1.9566761255264271 3.5385327413678169 17.284027568995953 3.7125521153211611
leaf_count=12 43 10 11 20 123 16
internal_value=0.000234798 -0.00778065 0.0169392 0.00443549 -0.0153063 0.00877487
internal_weight=40.6158 28.6288 11.987 9.43952 19.1893 5.90098
internal_count=235 181 54 48 133 28
is_linear=0
shrinkage=0.03


Tree=51
num_leaves=7
num_cat=0
split_feature=12 0 47 61 60 31
split_gain=9.31585 4.30552 1.60089 0.533794 0.467511 0.687682
threshold=0.30952382087707525 0.83333334326744091 0.096516769379377379 0.0018000000272877517 0.00059999998484272521 0.19510143250226977
decision_type=2 2 2 2 2 2
left_child=2 4 -1 -4 5 -2
right_child=1 -3 3 -5 -6 -7
leaf_value=0 0.0073367637598859524 0.02028577820880674 -0.015023441370398483 0 -0.0048265022623582175 0
leaf_weight=1.8044186979532266 2.9357619285583514 11.95483838021755 13.02674552798271 2.3827878683805457 4.739835113286972 2.8123166859149933
leaf_count=10 13 52 101 15 26 14
internal_value=0.0010181 0.0126112 -0.0109718 -0.0136247 0 0.00221686
internal_weight=39.6567 22.4428 17.214 15.4095 10.4879 5.74808
internal_count=231 105 126 116 53 27
is_linear=0
shrinkage=0.03


Tree=52
num_leaves=7
num_cat=0
split_feature=68 60 11 26 30 52
split_gain=10.1967 7.1806 3.16227 1.20034 0.667815 0.242282
threshold=667.86233520507824 0.077600002288818373 5.6070852279663095 0.63109806180000316 0.04593904688954354 -0.35618743300437922
decision_type=8 2 2 2 2 2
left_child=1 3 4 -1 -2 -3
right_child=2 5 -4 -5 -6 -7
leaf_value=0.025019196757831961 0 -0.0049712135130467426 0.0026163396795477962 0 -0.015979090630780103 0
leaf_weight=12.426002666354181 1.9320446699857736 4.5517463907599449 3.1745763421058646 2.2256487086415282 14.058967642486094 2.1954313516616812
leaf_count=56 10 26 17 14 98 12
internal_value=0.00220364 0.0145383 -0.00977381 0.0229265 -0.0146023 -0.0029074
internal_weight=40.5644 21.3988 19.1656 14.6517 15.991 6.74718
internal_count=233 108 125 70 108 38
is_linear=0
shrinkage=0.03


Tree=53
num_leaves=7
num_cat=0
split_feature=12 4 68 60 57 41
split_gain=10.7666 5.86824 2.04276 0.921842 0.0600567 0.0226417
threshold=0.50757575035095226 0.0055944493506103763 505.51928710937506 0.00059999998484272521 0.46420000493526464 0.24202048778533938
decision_type=2 10 8 2 2 2
left_child=2 3 4 -2 5 -1
right_child=1 -3 -4 -5 -6 -7
leaf_value=-0.0013425891157395346 0.0017534802657354891 0.021952614723307676 -0.016309685173568504 -0.0075964427853900214 0.0020684575718695223 0
leaf_weight=1.9725133776664763 3.9384891539812106 11.588417783379553 13.972594663500784 4.1407869905233383 2.3518338650465012 1.787572532892227
leaf_count=13 18 50 106 22 14 10
internal_value=0 0.0131774 -0.0122823 -0.001271 0 -0.00029574
internal_weight=39.7522 19.6677 20.0845 8.07928 6.11192 3.76009
internal_count=233 90 143 40 37 23
is_linear=0
shrinkage=0.03


Tree=54
num_leaves=7
num_cat=0
split_feature=58 28 60 51 47 2
split_gain=8.79358 6.71097 4.68086 1.02096 0.638323 0.585683
threshold=0.011799999978393318 0.520310938358307 0.31399999558925634 -0.45407037436962122 0.13558906316757205 1.9439166784286501
decision_type=2 2 2 2 2 2
left_child=1 2 5 -2 -3 -1
right_child=3 4 -4 -5 -6 -7
leaf_value=0.026281532621322091 -0.012520855298178953 0 0 0 -0.0071572254198488412 0
leaf_weight=15.253816187381753 9.8767216205596906 2.9594738483428946 3.4477853700518599 1.4712749868631352 4.5236155539751053 2.2085543572902671
leaf_count=68 72 16 20 9 34 11
internal_value=0.00473678 0.0133407 0.0202726 -0.0101452 -0.00311364 0.0248189
internal_weight=39.7412 28.3932 20.9102 11.348 7.48309 17.4624
internal_count=230 149 99 81 50 79
is_linear=0
shrinkage=0.03


Tree=55
num_leaves=7
num_cat=0
split_feature=0 68 60 54 56 30
split_gain=10.3324 4.71371 1.81205 1.71424 1.19123 0.677334
threshold=1.8333333134651186 376.21420288085943 0.00059999998484272521 0.069159060716629042 -0.54256087541580189 0.34000758826732641
decision_type=2 8 2 2 2 2
left_child=1 2 5 -3 -2 -1
right_child=4 3 -4 -5 -6 -7
leaf_value=0.013188210986187091 0 0 -0.0026468667633171216 -0.017095894284615842 0.019694424632736889 0
leaf_weight=3.475565508008005 1.9917234629392613 1.9327107369899774 4.7179507613182068 17.684587694704533 10.269105881452559 1.9197327196598051
leaf_count=15 11 9 27 128 45 12
internal_value=0.00024647 -0.00795252 0.00320385 -0.0148696 0.0174644 0.0106134
internal_weight=41.9914 29.7305 10.1132 19.6173 12.2608 5.3953
internal_count=247 191 54 137 56 27
is_linear=0
shrinkage=0.03


Tree=56
num_leaves=7
num_cat=0
split_feature=0 54 68 14 43 30
split_gain=10.014 3.50747 3.01648 1.80033 1.27515 0.349775
threshold=1.8333333134651186 0.069159060716629042 376.21420288085943 13.560840129852297 0.15180068463087085 0.35304744541645056
decision_type=2 2 8 2 2 2
left_child=1 -1 5 -2 -4 -3
right_child=3 2 4 -5 -6 -7
leaf_value=0.0048144274216455332 0.019691779804092237 0.0040120201146723522 0 0 -0.019591666695058924 -0.0023920733439510068
leaf_weight=2.4752234369516399 9.8339497596025449 4.5597509890794772 1.7717294991016412 1.9074269831180561 15.198491118848322 4.0578214228153229
leaf_count=11 43 22 9 11 113 26
internal_value=0 -0.00879163 -0.0127768 0.0167099 -0.0177783 0
internal_weight=39.8044 28.063 25.5878 11.7414 16.9702 8.61757
internal_count=235 181 170 54 122 48
is_linear=0
shrinkage=0.03


Tree=57
num_leaves=7
num_cat=0
split_feature=68 60 30 0 44 60
split_gain=8.25202 7.18956 2.33376 2.20585 0.324488 0.214345
threshold=752.01473999023449 0.077600002288818373 0.37630313634872442 2.5000000000000004 0.65173587203025829 0.31399999558925634
decision_type=8 2 2 2 2 2
left_child=1 2 -1 4 -2 -3
right_child=3 5 -4 -5 -6 -7
leaf_value=0.024250166268023569 -0.015287259852665011 0 0 0.00020068608259257687 0 -0.0061002901399779836
leaf_weight=11.456287115812303 12.763228677213194 2.2070455923676482 2.9105937927961341 2.7378123104572287 1.4623843580484379 4.5462338328361511
leaf_count=51 96 12 18 12 8 28
internal_value=0.000486563 0.0118842 0.0207757 -0.0106234 -0.0144062 -0.0045603
internal_weight=38.0836 21.1202 14.3669 16.9634 14.2256 6.75328
internal_count=225 109 69 116 104 40
is_linear=0
shrinkage=0.03


Tree=58
num_leaves=7
num_cat=0
split_feature=0 68 47 60 14 30
split_gain=10.0802 3.53824 2.66839 1.96534 0.948745 0.584613
threshold=1.8333333134651186 376.21420288085943 0.085297085344791426 0.0061999999452382335 13.221588611602785 0.34000758826732641
decision_type=2 8 2 2 2 2
left_child=1 3 -3 5 -2 -1
right_child=4 2 -4 -5 -6 -7
leaf_value=0.011909956110148539 0.018023673449370548 0 -0.018897026924864099 -0.0052712675604849862 0 0
leaf_weight=3.2476049214601534 9.2776841968297941 2.2197996824979809 15.899699531495569 4.997265100479126 2.0500003620982161 1.9283677786588667
leaf_count=14 41 11 120 29 11 12
internal_value=0 -0.00978134 -0.0156046 0.000210089 0.0159246 0.00944208
internal_weight=39.6204 28.2927 18.1195 10.1732 11.3277 5.17597
internal_count=238 186 131 55 52 26
is_linear=0
shrinkage=0.03


Tree=59
num_leaves=7
num_cat=0
split_feature=30 58 60 51 62 15
split_gain=8.1425 6.4605 2.41096 0.825274 0.31346 0.0155428
threshold=0.37630313634872442 0.016199999488890175 0.39460000395774847 -0.40207976102828974 0.099800001829862608 4.2063868045806894
decision_type=2 2 2 2 2 2
left_child=1 2 -1 5 -3 -2
right_child=3 4 -4 -5 -6 -7
leaf_value=0.020451290339751987 -0.015215692242150029 -0.0076325544810033003 0 0 0 0
leaf_weight=14.949160598218446 11.884193047881125 4.5862662345170966 2.1612040773034087 2.006748527288436 1.6634678468108175 1.2150375694036473
leaf_count=68 96 31 12 12 9 7
internal_value=0 0.0095121 0.0174606 -0.0131021 -0.00591026 -0.0147896
internal_weight=38.4661 23.3601 17.1104 15.106 6.24973 13.0992
internal_count=235 120 80 115 40 103
is_linear=0
shrinkage=0.03


Tree=60
num_leaves=7
num_cat=0
split_feature=58 30 47 34 38 26
split_gain=10.9256 5.69965 0.903006 0.596956 0.474121 0.286349
threshold=0.011799999978393318 0.3257004469633103 0.13558906316757205 0.80959230661392223 0.46866282820701605 0.016218227334320549
decision_type=2 2 2 2 2 2
left_child=1 3 4 5 -3 -1
right_child=-2 2 -4 -5 -6 -7
leaf_value=0 -0.015000498745512993 0 -0.00709833830728775 0 0.0058201335265303661 0.021747012154508524
leaf_weight=2.0385655611753526 11.193899363279341 2.0120037123560888 5.4870240092277527 1.7714525535702694 4.1444118022918701 13.399466603994368
leaf_count=10 84 11 43 10 21 61
internal_value=0.00139686 0.0115262 -0.000962452 0.0194292 0.00180123 0.0206131
internal_weight=40.0468 28.8529 11.6434 17.2095 6.15642 15.438
internal_count=240 156 75 81 32 71
is_linear=0
shrinkage=0.03


Tree=61
num_leaves=7
num_cat=0
split_feature=58 32 62 60 51 35
split_gain=8.76426 4.26055 2.08255 1.94405 1.08959 0.417026
threshold=0.011799999978393318 0.27426053583621984 0.55140000581741344 0.0030000000260770325 -0.46900960803031916 0.32889331877231603
decision_type=2 2 2 2 2 2
left_child=1 3 -2 -1 -3 -6
right_child=2 4 -4 -5 5 -7
leaf_value=0.020935585676975212 -0.01649499403901742 -0.0076169155530688721 0 0 0 0.0061068397107514379
leaf_weight=11.708133243024351 11.434543095529078 4.7215834781527519 1.5304438397288311 3.2595890611410132 2.2045084014534932 3.5226487591862679
leaf_count=53 88 37 9 17 11 19
internal_value=0.000242655 0.010538 -0.0131277 0.0176352 -0.000346905 0.00286379
internal_weight=38.3814 25.4165 12.965 14.9677 10.4487 5.72716
internal_count=234 137 97 70 67 30
is_linear=0
shrinkage=0.03


Tree=62
num_leaves=7
num_cat=0
split_feature=0 68 54 14 4 30
split_gain=8.05735 3.85087 2.72535 1.59134 1.32292 0.756361
threshold=1.8333333134651186 376.21420288085943 0.069159060716629042 8.2942690849304217 0.0050959466025233277 0.30031621456146246
decision_type=2 8 2 2 8 2
left_child=1 5 -3 -2 -4 -1
right_child=3 2 4 -5 -6 -7
leaf_value=0.0090687576677563973 0.020133002828244959 0.0012468521069816331 0 0 -0.017370598838719605 0
leaf_weight=3.899726554751398 10.018123656511305 2.2131367176771191 1.7765409126877809 2.1762324273586264 15.117291659116743 4.1349341049790382
leaf_count=17 45 10 12 11 114 27
internal_value=0.00278003 -0.00506015 -0.0116558 0.0173512 -0.0154121 0.00506366
internal_weight=39.336 27.1416 19.107 12.1944 16.8938 8.03466
internal_count=236 180 136 56 126 44
is_linear=0
shrinkage=0.03


Tree=63
num_leaves=7
num_cat=0
split_feature=68 60 47 5 58 14
split_gain=7.12214 3.28507 2.1856 1.54299 0.703601 0.276722
threshold=529.38558959960949 0.077600002288818373 0.085297085344791426 0.70273971557617199 0.011799999978393318 15.311172962188722
decision_type=8 2 2 2 2 2
left_child=1 4 -2 5 -1 -4
right_child=2 -3 3 -5 -6 -7
leaf_value=0.018908013137176063 0.00067138893847042808 -0.00022822491314042432 -0.015868788890952435 0 0 0
leaf_weight=10.932964161038401 3.8859637230634716 5.5567055791616431 14.277957588434221 1.4505953714251507 2.106340952217578 1.4815182983875264
leaf_count=52 18 32 111 8 13 8
internal_value=0 0.0116705 -0.00899345 -0.0128255 0.0172436 -0.0150886
internal_weight=39.692 18.596 21.096 17.2101 13.0393 15.7595
internal_count=242 97 145 127 65 119
is_linear=0
shrinkage=0.03


Tree=64
num_leaves=7
num_cat=0
split_feature=12 4 19 5 60 50
split_gain=9.72969 2.76733 1.18812 1.10061 0.824103 0.36849
threshold=0.30952382087707525 0.0079052620567381399 0.2999271303415299 0.044748857617378242 0.00059999998484272521 0.14968683570623401
decision_type=2 10 2 2 2 2
left_child=2 4 -1 -3 5 -2
right_child=1 3 -4 -5 -6 -7
leaf_value=0 0.006851038961450927 0 -0.013859604271260352 0.019763328076858846 -0.0055423531660303872 0
leaf_weight=3.486015826463702 3.5381699502468127 2.1066518425941458 13.197786144912241 12.946671202778814 4.255505807697773 1.8899376243352888
leaf_count=27 16 11 106 58 24 10
internal_value=0.00147307 0.012562 -0.0112659 0.0178384 0 0.00443747
internal_weight=41.4207 24.7369 16.6838 15.0533 9.68361 5.42811
internal_count=252 119 133 69 50 26
is_linear=0
shrinkage=0.03


Tree=65
num_leaves=7
num_cat=0
split_feature=58 30 62 26 56 24
split_gain=6.65362 4.27913 1.20236 1.01751 0.848079 0.635645
threshold=0.011799999978393318 0.3257004469633103 0.55140000581741344 0.016218227334320549 -0.37773197889327997 0.40350414812564855
decision_type=2 2 2 2 2 2
left_child=1 3 -2 -1 -3 -5
right_child=2 4 -4 5 -6 -7
leaf_value=0 -0.014765734487457556 -0.0067424074941198923 0 0.019363696542222929 0.0015876334901490444 0
leaf_weight=2.0027750134468141 9.718532942235468 7.2979487925767899 1.3070674836635578 11.476618967950342 3.7294361591339094 3.0848930180072776
leaf_count=10 76 53 8 53 20 16
internal_value=5.53654e-05 0.00858619 -0.0123696 0.0157204 -0.00165653 0.0174519
internal_weight=38.6173 27.5917 11.0256 16.5643 11.0274 14.5615
internal_count=236 152 84 79 73 69
is_linear=0
shrinkage=0.03


Tree=66
num_leaves=7
num_cat=0
split_feature=32 58 51 60 68 61
split_gain=7.1513 4.8058 2.37856 1.33226 0.338008 0.136614
threshold=0.27426053583621984 0.018600000068545345 -0.4306392222642898 0.11800000071525575 171.88907623291018 0.0022000001044943933
decision_type=2 2 2 2 10 2
left_child=1 3 5 -1 -4 -2
right_child=2 -3 4 -5 -6 -7
leaf_value=0.02006693809570009 -0.014841047574004998 -0.0034955209198481675 -0.00040082868062028842 0 0.004769970479846215 0
leaf_weight=13.384144365787508 11.088476203382017 4.2443610951304427 3.0438252985477439 2.0539793223142615 3.2780920714139938 1.8514368534088124
leaf_count=61 94 27 17 11 17 12
internal_value=0.000478974 0.0117042 -0.00902089 0.0179731 0 -0.01404
internal_weight=38.9443 19.6825 19.2618 15.4381 6.32192 12.9399
internal_count=239 99 140 72 34 106
is_linear=0
shrinkage=0.03


Tree=67
num_leaves=7
num_cat=0
split_feature=12 30 52 58 35 55
split_gain=8.44732 2.20528 1.72546 1.65193 1.14033 0.0614493
threshold=0.50757575035095226 0.13510000705718997 -0.38562110066413874 0.045199999585747726 0.1045847423374653 0.14269554615020755
decision_type=2 2 2 2 2 2
left_child=1 -1 -3 4 -2 -6
right_child=3 2 -4 -5 5 -7
leaf_value=0.0017420563747724657 0 -0.015404287558936906 0 0 0.020148962904161162 0
leaf_weight=2.5893214941024807 3.128072038292891 13.503961220383648 3.628276735544202 1.7004293799400318 10.379369452595709 3.0598464608192435
leaf_count=13 15 113 23 10 47 14
internal_value=0.00193965 -0.00836123 -0.0121789 0.0142067 0.0164533 0.0187249
internal_weight=37.9893 19.7216 17.1322 18.2677 16.5673 13.4392
internal_count=235 149 136 86 76 61
is_linear=0
shrinkage=0.03


Tree=68
num_leaves=6
num_cat=0
split_feature=68 60 45 11 47
split_gain=7.66264 4.36115 3.71949 1.50626 0.0673226
threshold=385.15440368652349 0.34340000152587896 0.066822595894336714 5.6070852279663095 0.077529683709144606
decision_type=8 2 2 2 2
left_child=1 -1 4 -4 -2
right_child=2 -3 3 -5 -6
leaf_value=0.019109666829509805 0.0044022597379294957 -0.0030252847180587609 -0.016580139556963511 0 0
leaf_weight=12.867146678268908 2.6503400355577496 2.4807064682245246 15.010892935097219 2.2156750261783591 2.2588716372847557
leaf_count=63 12 15 118 14 12
internal_value=8.45396e-05 0.0133828 -0.00856402 -0.0142386 0.00351848
internal_weight=37.4836 15.3479 22.1358 17.2266 4.90921
internal_count=234 78 156 132 24
is_linear=0
shrinkage=0.03


Tree=69
num_leaves=6
num_cat=0
split_feature=0 54 68 57 44
split_gain=5.71394 3.26985 3.19114 0.77869 0.597296
threshold=3.5000000000000004 0.069159060716629042 376.21420288085943 0.99900001287460338 0.23218625783920291
decision_type=2 2 8 2 2
left_child=1 -1 4 -4 -3
right_child=-2 2 3 -5 -6
leaf_value=0.0064093856897577024 0.01494587896788695 0.005661203021729874 -0.016552583595047948 0 -0.0018775134711692826
leaf_weight=3.553241744637492 7.9784491509199134 5.2151497453451174 15.860530629754066 1.8028206005692489 4.165084183216095
leaf_count=16 37 28 125 10 23
internal_value=0 -0.00526775 -0.00973777 -0.015192 0
internal_weight=38.5753 30.5968 27.0436 17.6634 9.38023
internal_count=239 202 186 135 51
is_linear=0
shrinkage=0.03


Tree=70
num_leaves=7
num_cat=0
split_feature=58 30 62 60 68 54
split_gain=6.81715 4.28777 1.55653 0.84912 0.800727 0.76791
threshold=0.01480000000447035 0.3257004469633103 0.55140000581741344 0.11800000071525575 697.16046142578136 0.069159060716629042
decision_type=2 2 2 2 8 2
left_child=1 3 -2 4 -1 -3
right_child=2 5 -4 -5 -6 -7
leaf_value=0.022139096989250966 -0.01319232053805919 0.0025767792723548244 0 0 0 -0.005994344346853823
leaf_weight=9.9575123786926305 9.8696923628449422 1.9665061384439448 1.5005513504147518 2.3205490410327902 4.8979400023818025 7.2518603950738907
leaf_count=45 82 9 9 12 24 55
internal_value=0.00277608 0.0110531 -0.00981144 0.0174731 0.0190935 -0.000654507
internal_weight=37.7646 26.3944 11.3702 17.176 14.8555 9.21837
internal_count=236 145 91 81 69 64
is_linear=0
shrinkage=0.03


Tree=71
num_leaves=7
num_cat=0
split_feature=58 28 60 62 30 51
split_gain=6.44467 4.57564 2.77628 1.72771 0.769431 0.496282
threshold=0.011799999978393318 0.520310938358307 0.31399999558925634 0.55140000581741344 0.3257004469633103 -0.39158758521080012
decision_type=2 2 2 2 2 2
left_child=1 2 4 -2 -1 -3
right_child=3 5 -4 -5 -6 -7
leaf_value=0.020959644997391908 -0.01436469247116786 -0.0061231159436912781 0 0 0 0
leaf_weight=14.172565013170251 9.4316010624170286 6.0521337613463402 3.1620624363422385 1.5005513504147518 3.1092061996459952 1.5796459019184101
leaf_count=65 76 46 19 9 17 9
internal_value=0.00156214 0.00953974 0.0156202 -0.010829 0.0190751 -0.00296669
internal_weight=39.0078 28.0756 20.4438 10.9322 17.2818 7.63178
internal_count=241 156 101 85 82 55
is_linear=0
shrinkage=0.03


Tree=72
num_leaves=7
num_cat=0
split_feature=0 68 14 30 28 4
split_gain=5.9717 2.7146 1.67401 0.546188 0.362344 0.316649
threshold=1.8333333134651186 529.38558959960949 13.221588611602785 0.30031621456146246 0.76599738001823436 0.0050959466025233277
decision_type=2 8 2 2 2 8
left_child=1 3 -2 -1 -5 -3
right_child=2 5 -4 4 -6 -7
leaf_value=0.005972431129973527 0.017546068267448475 0 0 -0.0047468087812388279 0.00077165922881637617 -0.012890086556476629
leaf_weight=5.1965935379266757 8.880421429872511 1.531269595026967 1.9086934104561795 4.1541538909077644 2.0677460134029388 12.760019421577454
leaf_count=24 42 11 10 28 13 102
internal_value=0.000873956 -0.00556031 0.0143919 0.00153539 0 -0.0119978
internal_weight=36.4989 25.7098 10.7891 11.4185 6.2219 14.2913
internal_count=230 178 52 65 41 113
is_linear=0
shrinkage=0.03


Tree=73
num_leaves=7
num_cat=0
split_feature=58 0 26 21 49 68
split_gain=6.94855 4.74499 0.776101 0.973083 0.652626 0.107347
threshold=0.011799999978393318 0.83333334326744091 0.10526142641901971 0.26361444592475897 0.14659953117370608 336.82221984863287
decision_type=2 2 2 2 2 8
left_child=1 2 5 -4 -3 -1
right_child=-2 4 3 -5 -6 -7
leaf_value=0.0032182914272436145 -0.01449032931535282 0.018327834466048073 0 -0.0093574585724487715 0 0
leaf_weight=2.3480939120054272 10.946909509599207 9.7646425887942296 2.3440641164779654 8.4691036492586118 2.3276375010609618 1.8912508785724638
leaf_count=10 89 49 13 59 11 10
internal_value=0 0.00706772 -0.00172108 -0.00596846 0.0165509 0.00148218
internal_weight=38.0917 27.1448 15.0525 10.8132 12.0923 4.23934
internal_count=241 152 92 72 60 20
is_linear=0
shrinkage=0.03


Tree=74
num_leaves=7
num_cat=0
split_feature=68 60 9 43 4 52
split_gain=6.98086 5.44183 1.85511 1.86183 0.529234 0.296516
threshold=752.01473999023449 0.077600002288818373 5.1666667461395273 0.14653412997722629 0.0080972984433174151 -0.35618743300437922
decision_type=8 2 2 2 8 2
left_child=1 4 3 -2 -1 -3
right_child=2 5 -4 -5 -6 -7
leaf_value=0 0 -0.0051030834798327712 0.0012779708945023819 -0.014592307136512548 0.020723578449374391 0
leaf_weight=1.7733569145202643 1.7773640155792296 4.6305129081010818 1.5942496359348286 14.836551256477831 12.574144043028355 1.9360159784555424
leaf_count=10 9 29 7 117 64 11
internal_value=0.00152691 0.0119776 -0.00834052 -0.0116513 0.0194582 -0.00262479
internal_weight=39.1222 20.914 18.2082 16.6139 14.3475 6.56653
internal_count=247 114 133 126 74 40
is_linear=0
shrinkage=0.03


Tree=75
num_leaves=7
num_cat=0
split_feature=68 60 9 6 30 44
split_gain=5.28285 2.99995 2.88068 2.22447 0.698182 0.407338
threshold=697.16046142578136 0.31399999558925634 2.1666666269302373 192.00000000000003 0.37630313634872442 0.65886381268501293
decision_type=8 2 2 2 2 2
left_child=1 3 5 4 -1 -2
right_child=2 -3 -4 -5 -6 -7
leaf_value=0.02067591188105523 -0.014261320921764822 -0.0015266336201814061 0.0024734796305018025 0 0 0
leaf_weight=9.8732213228940982 11.865032725036146 3.5997996330261222 4.9442889764904967 1.7168435603380192 3.5016948059201232 1.3731581866741169
leaf_count=47 99 22 26 10 24 8
internal_value=0.00068053 0.0105559 -0.00748574 0.015289 0.0183459 -0.0132511
internal_weight=36.874 18.6916 18.1825 15.0918 13.3749 13.2382
internal_count=236 103 133 81 71 107
is_linear=0
shrinkage=0.03


Tree=76
num_leaves=7
num_cat=0
split_feature=58 26 60 2 62 47
split_gain=5.46864 3.8085 2.50341 1.96848 1.63471 0.297728
threshold=0.011799999978393318 0.52387118339538585 0.31399999558925634 1.9959999918937685 0.55140000581741344 0.13558906316757205
decision_type=2 2 2 2 2 2
left_child=1 2 3 -1 -2 -3
right_child=4 5 -4 -5 -6 -7
leaf_value=0.020073552219511452 -0.013648969186960267 0 0 0 0 -0.0054557126621969576
leaf_weight=14.657830148935327 10.276487752795218 2.8173933923244467 2.6291528716683379 1.9854659736156453 1.4807219803333271 3.8197174072265625
leaf_count=69 86 17 17 11 9 33
internal_value=0.000485262 0.00855287 0.0142103 0.017505 -0.0102954 -0.00293572
internal_weight=37.6668 25.9096 19.2724 16.6433 11.7572 6.63711
internal_count=242 147 97 80 95 50
is_linear=0
shrinkage=0.03


Tree=77
num_leaves=6
num_cat=0
split_feature=0 54 61 42 55
split_gain=5.36508 2.98778 2.34583 1.63726 0.399193
threshold=2.1666666269302373 0.069159060716629042 1.0000000180025095e-35 0.18874773383140567 -0.031893096864223473
decision_type=2 2 2 2 2
left_child=1 -1 3 -3 -4
right_child=-2 2 4 -5 -6
leaf_value=0.005481315423410715 0.013848693488615034 0 0.005054795536017149 -0.016849184616038286 -0.0015292275152806426
leaf_weight=3.3526274263858822 8.7120707631111127 2.2532328441739145 2.6935535222291946 15.05309698730707 4.9413501918315879
leaf_count=15 43 17 13 123 29
internal_value=0 -0.0056901 -0.0100479 -0.0143703 0
internal_weight=37.0059 28.2939 24.9412 17.3063 7.6349
internal_count=240 197 182 140 42
is_linear=0
shrinkage=0.03


Tree=78
num_leaves=7
num_cat=0
split_feature=58 0 42 26 68 56
split_gain=6.35008 5.15866 1.08921 0.661774 0.812644 0.298746
threshold=0.011799999978393318 0.83333334326744091 0.43837180733680731 0.10526142641901971 247.4860534667969 -0.54589617252349842
decision_type=2 2 2 2 10 2
left_child=1 3 -2 -1 -5 -3
right_child=2 5 -4 4 -6 -7
leaf_value=0.0025350492747127622 -0.01285486596130722 0 0 -0.008774051949243836 0 0.020612730717184138
leaf_weight=4.39894671738148 8.4042808413505536 1.9877627044916142 1.115613967180251 6.0379843637347204 3.3657556846737862 10.907975904643534
leaf_count=21 74 11 6 43 22 54
internal_value=0.0026228 0.0104036 -0.0102754 -9.7441e-05 -0.0050929 0.0193973
internal_weight=36.2183 26.6984 9.51989 13.8027 9.40374 12.8957
internal_count=231 151 80 86 65 65
is_linear=0
shrinkage=0.03


Tree=79
num_leaves=7
num_cat=0
split_feature=4 68 54 25 53 17
split_gain=5.62051 2.70824 2.42327 1.25947 1.07308 0.120654
threshold=0.0079052620567381399 984.45333862304699 0.069159060716629042 0.86794385313987743 -0.22608545422554013 0.51415646076202404
decision_type=10 8 2 2 2 2
left_child=2 -2 -1 4 -4 -3
right_child=1 5 3 -5 -6 -7
leaf_value=0.0026457931763917762 0.016416014807568439 0 -0.015368661193968215 0 0 -0.0029515134801197111
leaf_weight=2.2840660810470608 9.9272008240222895 2.37258354574442 16.757625974714763 1.2383827418088902 1.2791044414043415 2.4650278985500336
leaf_count=10 49 12 131 10 6 19
internal_value=0 0.0108821 -0.00820724 -0.0120073 -0.0138193 0
internal_weight=36.324 14.7648 21.5592 19.2751 18.0367 4.83761
internal_count=237 80 157 147 137 31
is_linear=0
shrinkage=0.03


Tree=80
num_leaves=7
num_cat=0
split_feature=1 54 68 14 4 54
split_gain=4.90442 1.94754 1.58464 1.3365 1.22933 0.0961599
threshold=1.1666666865348818 0.069159060716629042 376.21420288085943 13.221588611602785 0.0050959466025233277 0.56555533409118663
decision_type=2 2 8 2 8 2
left_child=1 -1 5 -2 -4 -3
right_child=3 2 4 -5 -6 -7
leaf_value=0.002966720299576898 0.015845389948878345 -0.00069202612281479392 0 0 -0.015437792244670389 0.0024922909379900843
leaf_weight=3.110356196761134 8.0845555961132032 4.8274455890059498 1.6453108489513368 2.5084603503346434 12.021249011158943 2.7896392568945885
leaf_count=14 41 29 12 17 102 15
internal_value=0.000213305 -0.00559914 -0.00931706 0.0127311 -0.013229 0
internal_weight=34.987 24.394 21.2836 10.593 13.6666 7.61708
internal_count=230 172 158 58 114 44
is_linear=0
shrinkage=0.03


Tree=81
num_leaves=6
num_cat=0
split_feature=0 68 54 32 68
split_gain=6.91194 3.41401 1.7556 0.746403 0.168193
threshold=2.1666666269302373 376.21420288085943 0.069159060716629042 0.27426053583621984 247.4860534667969
decision_type=2 8 2 2 10
left_child=1 3 -3 -1 -5
right_child=-2 2 -4 4 -6
leaf_value=0.0071869600851474378 0.014844182212075131 0 -0.016275935652383697 -0.0034680084986844512 0
leaf_weight=4.5848796367645281 9.5852021127939206 1.5798231512308145 14.439815126359461 2.7490084767341614 1.3958578854799268
leaf_count=21 48 7 124 18 10
internal_value=0 -0.00740442 -0.0137148 0.00211195 -0.000372192
internal_weight=34.3346 24.7494 16.0196 8.72975 4.14487
internal_count=228 180 131 49 28
is_linear=0
shrinkage=0.03


Tree=82
num_leaves=6
num_cat=0
split_feature=0 54 68 57 46
split_gain=5.04078 3.85642 2.31292 0.858644 0.655977
threshold=3.5000000000000004 0.069159060716629042 313.60475158691412 0.99900001287460338 0.20967218279838565
decision_type=2 2 8 2 2
left_child=1 -1 4 -4 -3
right_child=-2 2 3 -5 -6
leaf_value=0.0066332794020422603 0.013519759122030926 -0.003403303412189368 -0.016823338878641601 0 0.0055973572632132427
leaf_weight=3.7545504868030575 6.9724271297454825 3.9112891554832485 15.278340749442577 1.7388416230678565 3.7008211314678192
leaf_count=17 36 22 134 10 19
internal_value=0 -0.00611312 -0.0111432 -0.015369 0
internal_weight=35.3563 28.3838 24.6293 17.0172 7.61211
internal_count=238 202 185 144 41
is_linear=0
shrinkage=0.03


Tree=83
num_leaves=7
num_cat=0
split_feature=0 47 14 53 55 56
split_gain=4.54269 2.15366 2.02874 1.92947 0.569568 0.219466
threshold=1.1666666865348818 0.085297085344791426 13.560840129852297 -0.22608545422554013 -0.15479367971420285 -0.55636668205261219
decision_type=2 2 2 2 2 2
left_child=1 -1 5 4 -3 -2
right_child=2 3 -4 -5 -6 -7
leaf_value=0.0038290339313245222 0 0 0 0.00075447731508246298 -0.014308024058145602 0.016585684928352717
leaf_weight=3.9337229430675533 1.072368137538432 4.0505422055721345 2.8885712176561347 2.060369759798049 12.886867009103296 10.107683770358561
leaf_count=19 6 31 20 10 102 54
internal_value=0.00165437 -0.00464038 0.0120726 -0.00917889 -0.0124461 0.0158692
internal_weight=37.0001 22.9315 14.0686 18.9978 16.9374 11.1801
internal_count=242 162 80 143 133 60
is_linear=0
shrinkage=0.03


Tree=84
num_leaves=7
num_cat=0
split_feature=58 0 62 44 44 18
split_gain=4.4634 4.59347 1.56374 0.476212 0.6012 0.418822
threshold=0.011799999978393318 0.83333334326744091 0.55140000581741344 0.29836738109588629 0.61688560247421276 0.48726359009742742
decision_type=2 2 2 2 2 2
left_child=1 3 -2 5 -5 -1
right_child=2 -3 -4 4 -6 -7
leaf_value=0.005077257381446632 -0.0131716090312871 0.016848873443703588 0 -0.0080979050021005097 0 -0.00094571181046819918
leaf_weight=4.2086215987801578 8.7537468969821912 12.132700778543947 1.4316028729081143 5.3921716660261136 2.6105172410607338 1.9679215699434278
leaf_count=26 80 63 9 35 14 16
internal_value=0.000620906 0.00776376 -0.00956371 -0.00128184 -0.00510015 5.08529e-05
internal_weight=36.4973 26.3119 10.1853 14.1792 8.00269 6.17654
internal_count=243 154 89 91 49 42
is_linear=0
shrinkage=0.03


Tree=85
num_leaves=7
num_cat=0
split_feature=0 68 54 60 14 43
split_gain=4.49189 3.00335 2.14325 1.26028 0.930021 0.14495
threshold=1.8333333134651186 376.21420288085943 0.069159060716629042 0.0061999999452382335 8.2942690849304217 0.34567125141620642
decision_type=2 8 2 2 2 2
left_child=1 3 -3 -1 -2 -5
right_child=4 2 -4 5 -6 -7
leaf_value=0.0089548640162582238 0.014934411190065479 0 -0.015246499285228244 0 0 -0.0036534631999953519
leaf_weight=5.4394920021295565 7.6342084854841215 1.9759974777698506 13.386449515819548 2.3228670209646225 2.4368399977684021 2.6955144107341766
leaf_count=28 39 9 121 14 13 16
internal_value=0.00011075 -0.0051423 -0.0117597 0.00264232 0.0124199 -0.00161152
internal_weight=35.8914 25.8203 15.3624 10.4579 10.071 5.01838
internal_count=240 188 130 58 52 30
is_linear=0
shrinkage=0.03


Tree=86
num_leaves=7
num_cat=0
split_feature=68 45 60 5 40 30
split_gain=3.73826 2.53689 2.48067 1.01309 0.225395 0.134761
threshold=529.38558959960949 0.07813559472560884 0.31399999558925634 0.70273971557617199 0.053400076925754554 0.04593904688954354
decision_type=8 2 2 2 2 2
left_child=2 -2 4 5 -1 -3
right_child=1 3 -4 -5 -6 -7
leaf_value=0 0.0031743363797963066 0 -0.00089941319830325853 0 0.015189239524568835 -0.014288589787975569
leaf_weight=1.7254929840564752 5.0451872497797039 2.0630148202180854 3.4252027347683898 1.1551117599010456 11.754589535295962 9.5696581006050092
leaf_count=10 27 13 23 7 63 90
internal_value=0.0011656 -0.00546328 0.00981987 -0.0114016 0.014322 -0.0133823
internal_weight=34.7383 17.833 16.9053 12.7878 13.4801 11.6327
internal_count=233 137 96 110 73 103
is_linear=0
shrinkage=0.03


Tree=87
num_leaves=7
num_cat=0
split_feature=68 60 9 54 6 57
split_gain=4.44828 4.36353 1.69588 1.31242 1.04343 0.649046
threshold=697.16046142578136 0.077600002288818373 5.1666667461395273 0.069159060716629042 185.75000000000003 0.99900001287460338
decision_type=8 2 2 2 2 2
left_child=1 4 3 -2 -1 -5
right_child=2 -3 -4 5 -6 -7
leaf_value=0.01822007453584298 0 -0.003243743592747136 0.0013056364444322995 -0.014772849638267077 0 0
leaf_weight=11.680219620466234 1.7598956823349023 5.929740607738494 1.5672225654125203 11.895662017166611 1.6366335749626149 1.7552340403199203
leaf_count=63 8 38 7 107 10 10
internal_value=0.000188633 0.00924286 -0.00747285 -0.0108893 0.0163828 -0.013317
internal_weight=36.2246 19.2466 16.978 15.4108 13.3169 13.6509
internal_count=243 111 132 125 73 117
is_linear=0
shrinkage=0.03


Tree=88
num_leaves=7
num_cat=0
split_feature=58 0 62 55 60 29
split_gain=4.68331 2.94807 1.44194 0.283229 0.216728 0.456908
threshold=0.011799999978393318 0.83333334326744091 0.55140000581741344 0.14269554615020755 0.0030000000260770325 0.45936143398284918
decision_type=2 2 2 2 2 2
left_child=1 4 -2 -3 5 -1
right_child=2 3 -4 -5 -6 -7
leaf_value=0.0052506211942876923 -0.012478999228178758 0.016896688866371547 0 0 -0.0035577328168245222 -0.00047717063672608637
leaf_weight=5.2125925049185771 8.192305423319338 10.063651055097578 1.4247064515948284 2.3260667473077765 4.540371410548687 2.4373404756188393
leaf_count=30 77 54 9 11 32 16
internal_value=0.00178134 0.00903044 -0.00884657 0.015635 0 0.000789852
internal_weight=34.197 24.58 9.61701 12.3897 12.1903 7.64993
internal_count=229 143 86 65 78 46
is_linear=0
shrinkage=0.03


Tree=89
num_leaves=7
num_cat=0
split_feature=68 60 11 6 52 30
split_gain=4.24166 5.51613 1.39469 1.10424 0.739571 0.300632
threshold=697.16046142578136 0.077600002288818373 7.5000000000000009 185.75000000000003 -0.38562110066413874 0.04593904688954354
decision_type=8 2 2 2 2 2
left_child=1 3 4 -1 5 -2
right_child=2 -3 -4 -5 -6 -7
leaf_value=0.018862372384050523 0 -0.0051332224150941819 8.6714758592052019e-05 0 0 -0.013795359365580235
leaf_weight=11.886821143329145 1.2742011249065406 5.9865765050053588 1.6522043496370304 1.63382889330387 3.8149454295635232 9.750794865190981
leaf_count=63 8 39 9 10 25 91
internal_value=0 0.00873227 -0.00769209 0.0169948 -0.0106599 -0.0128806
internal_weight=35.9994 19.5072 16.4921 13.5207 14.8399 11.025
internal_count=245 112 133 73 124 99
is_linear=0
shrinkage=0.03


Tree=90
num_leaves=7
num_cat=0
split_feature=58 0 62 21 60 30
split_gain=4.78523 3.97026 1.36089 0.333884 0.338513 0.163143
threshold=0.011799999978393318 0.83333334326744091 0.55140000581741344 0.27929142117500311 0.0061999999452382335 0.76715505123138439
decision_type=2 2 2 2 2 2
left_child=1 3 -2 4 -1 -5
right_child=2 -3 -4 5 -6 -7
leaf_value=0.0045511509284478901 -0.011882463564376463 0.017404038475395098 0 -0.0053758969822386314 0 0
leaf_weight=5.3215140253305453 8.9922861531376821 11.844087138772009 1.4234714210033406 5.0390299633145332 1.4190240502357481 1.3242467790842054
leaf_count=32 84 63 9 33 10 11
internal_value=0.00206488 0.0093318 -0.00844722 0 0.000870731 -0.00419385
internal_weight=35.3637 24.9479 10.4158 13.1038 6.74054 6.36328
internal_count=242 149 93 86 42 44
is_linear=0
shrinkage=0.03


Tree=91
num_leaves=7
num_cat=0
split_feature=0 53 38 14 60 51
split_gain=3.10913 2.36798 1.53554 0.615637 0.420163 0.330928
threshold=0.83333334326744091 -0.47694244980812067 0.092824693769216551 14.235917091369631 0.0030000000260770325 -0.3978706151247024
decision_type=2 2 2 2 2 2
left_child=2 -2 4 5 -1 -4
right_child=1 -3 3 -5 -6 -7
leaf_value=0.0056752436652793507 -0.00056173376075436122 0.014006387912060788 -0.012218467488305382 0 0 0
leaf_weight=2.2596577107906368 4.5946032628417006 11.047174543142317 10.21056596934795 1.6987267583608616 2.7650248631834984 2.2182228565216073
leaf_count=10 39 59 87 10 18 13
internal_value=0.000309741 0.00883701 -0.00523878 -0.00947343 0.00105482 -0.0110112
internal_weight=34.794 15.6418 19.1522 14.1275 5.02468 12.4288
internal_count=236 98 138 110 28 100
is_linear=0
shrinkage=0.03


Tree=92
num_leaves=7
num_cat=0
split_feature=12 60 48 53 44 33
split_gain=5.19498 1.79465 1.55506 1.11255 0.554428 0.455921
threshold=0.30952382087707525 0.0030000000260770325 0.13498388230800631 -0.49311269819736475 0.52804261445999157 0.23355001211166385
decision_type=2 2 2 2 2 2
left_child=4 2 3 -2 5 -1
right_child=1 -3 -4 -5 -6 -7
leaf_value=0 0 0 0 0.017338328248826612 0 -0.012860037425331709
leaf_weight=1.390256069600581 2.2394583821296683 5.2327920570969573 2.0038353800773612 10.189447060227396 1.129896119236945 11.353957109153269
leaf_count=13 13 31 10 50 8 110
internal_value=0 0.0083195 0.0122534 0.0150319 -0.0104802 -0.0117145
internal_weight=33.5396 19.6655 14.4327 12.4289 13.8741 12.7442
internal_count=235 104 73 63 131 123
is_linear=0
shrinkage=0.03


Tree=93
num_leaves=7
num_cat=0
split_feature=32 58 47 2 31 54
split_gain=4.24372 2.06984 2.01628 1.19563 0.14929 0.094285
threshold=0.27426053583621984 0.01480000000447035 0.090125467628240599 1.4670542478561404 0.75880935788154613 0.76592186093330394
decision_type=2 2 2 2 2 2
left_child=1 3 4 -1 -2 -4
right_child=2 -3 5 -5 -6 -7
leaf_value=0.016064665564120898 0 -0.00023557613398792303 -0.012135477308271116 0 0.0036232236763853016 0
leaf_weight=11.686887301504614 2.1813928708434132 3.0055418461561194 10.751902684569357 3.176846131682395 2.3500445485115051 1.9358844980597485
leaf_count=59 12 22 99 17 13 18
internal_value=0.000724154 0.00976706 -0.00659644 0.0134841 0.00138234 -0.0114439
internal_weight=35.0885 17.8693 17.2192 14.8637 4.53144 12.6878
internal_count=240 98 142 76 25 117
is_linear=0
shrinkage=0.03


Tree=94
num_leaves=7
num_cat=0
split_feature=68 60 52 7 4 0
split_gain=3.60945 4.08498 1.4724 1.01867 0.784343 0.721845
threshold=752.01473999023449 0.0030000000260770325 -0.30743762850761408 388.00000000000006 0.012527989223599436 3.1666666269302373
decision_type=8 2 2 2 10 2
left_child=1 3 5 -1 -3 -2
right_child=2 4 -4 -5 -6 -7
leaf_value=0.017743650692775281 -0.012583901478917954 -0.0072261406045661366 0.00034039703116425297 0 0.00055099004291287563 0
leaf_weight=9.7411476224660891 11.859226755797861 6.1028980463743201 1.4364262148737896 1.7495350316166867 1.8307465165853498 1.3087617158889759
leaf_count=53 110 40 7 11 10 6
internal_value=0 0.00773506 -0.00777673 0.0157018 -0.00277931 -0.0110167
internal_weight=34.0287 19.4243 14.6044 11.4907 7.93364 13.168
internal_count=237 114 123 64 50 116
is_linear=0
shrinkage=0.03


Tree=95
num_leaves=6
num_cat=0
split_feature=0 47 14 56 14
split_gain=3.94371 2.15385 1.29961 1.30324 1.05132
threshold=1.8333333134651186 0.085297085344791426 14.235917091369631 -0.60224470496177662 13.221588611602785
decision_type=2 2 2 2 2
left_child=1 -1 3 -3 -2
right_child=4 2 -4 -5 -6
leaf_value=0.0025665643246130803 0.012944310405672304 0 0 -0.014577905136171939 0
leaf_weight=3.0532222539186504 7.6648117601871473 1.4477856755256713 1.5768459290266026 16.966241754591465 2.3191800191998482
leaf_count=15 41 9 9 143 13
internal_value=0 -0.0068172 -0.0106289 -0.0126652 0.0100381
internal_weight=33.0281 23.0441 19.9909 18.414 9.98399
internal_count=230 176 161 152 54
is_linear=0
shrinkage=0.03


Tree=96
num_leaves=7
num_cat=0
split_feature=1 58 54 61 19 57
split_gain=3.90301 2.11224 1.39886 1.17806 0.695282 0.567576
threshold=0.83333334326744091 0.035399999469518668 0.069159060716629042 1.0000000180025095e-35 0.69315171241760265 0.99900001287460338
decision_type=2 2 2 2 2 2
left_child=2 4 -1 5 -2 -4
right_child=1 -3 3 -5 -6 -7
leaf_value=0.00080119325992491293 0.016066185501033069 -0.00062462066637826365 -0.013811335991171514 0 0 0
leaf_weight=2.007974490523341 8.0140859931707364 1.9807233586907376 12.056292839348316 6.0320426598191252 2.0101752728223792 1.1612910404801375
leaf_count=9 45 21 112 34 10 7
internal_value=0 0.0098333 -0.00665643 -0.00949362 0.0141761 -0.0126179
internal_weight=33.2626 12.005 21.2576 19.2496 10.0243 13.2176
internal_count=238 76 162 153 55 119
is_linear=0
shrinkage=0.03


Tree=97
num_leaves=7
num_cat=0
split_feature=33 52 60 68 19 18
split_gain=2.73265 1.93663 1.42101 1.46456 1.08944 0.61299
threshold=0.63803189992904674 -0.52933478355407704 1.0000000180025095e-35 752.01473999023449 0.75409188866615307 0.32529672980308538
decision_type=2 2 2 8 2 2
left_child=2 -2 3 5 -3 -1
right_child=1 4 -4 -5 -6 -7
leaf_value=0.010575139839253789 -0.00031277982246796934 0.015197587868702728 -0.010673731668625303 -0.0048605605207457511 0 0
leaf_weight=3.5161307454109201 3.5937299355864551 9.9883859828114492 6.4499683529138556 5.1635590493679056 2.7803837135434142 2.0275391563773155
leaf_count=17 29 56 53 43 18 15
internal_value=0.00083509 0.00847727 -0.0046816 0 0.0126372 0.0078583
internal_weight=33.5197 16.3625 17.1572 10.7072 12.7688 5.54367
internal_count=231 103 128 75 74 32
is_linear=0
shrinkage=0.03


Tree=98
num_leaves=7
num_cat=0
split_feature=58 30 60 62 68 43
split_gain=3.34787 3.1394 0.985826 0.909529 0.485194 0.153932
threshold=0.011799999978393318 0.3257004469633103 0.11800000071525575 0.55140000581741344 247.4860534667969 0.63758903741836559
decision_type=2 2 2 2 10 2
left_child=1 2 5 -2 -3 -1
right_child=3 4 -4 -5 -6 -7
leaf_value=0.016340614385290823 -0.010937968295625506 -0.0057390296448317502 0 0 0 0
leaf_weight=10.322631724178793 8.3330015763640386 5.2402512431144697 1.9238998442888249 1.0832537561655033 3.4227726235985756 2.1901211887598029
leaf_count=53 82 40 11 7 25 12
internal_value=0.000226838 0.00704006 0.0134196 -0.00841457 -0.00187032 0.015326
internal_weight=32.5159 23.0997 14.4367 9.41626 8.66302 12.5128
internal_count=230 141 76 89 65 65
is_linear=0
shrinkage=0.03


Tree=99
num_leaves=7
num_cat=0
split_feature=58 0 51 49 54 42
split_gain=4.12513 2.29811 0.538546 0.451406 0.285292 0.833412
threshold=0.011799999978393318 0.83333334326744091 -0.41610644757747645 0.14659953117370608 0.069159060716629042 0.31249549984931951
decision_type=2 2 2 2 2 2
left_child=1 4 -2 -3 -1 -6
right_child=2 3 -4 -5 5 -7
leaf_value=0.0027202180712359351 -0.010879678251669569 0.015779629929787913 0 0 0.00015574484762791217 -0.007513883647707692
leaf_weight=2.2728840410709408 8.3779477849602682 8.1006037145853025 1.0781586244702328 2.239431530237197 5.1199459284543973 6.2181625887751579
leaf_count=10 85 46 7 11 32 47
internal_value=0.000491126 0.00773716 -0.0093218 0.0141989 0 -0.00278874
internal_weight=33.4071 23.951 9.45611 10.34 13.611 11.3381
internal_count=238 146 92 57 89 79
is_linear=0
shrinkage=0.03


Tree=100
num_leaves=7
num_cat=0
split_feature=58 0 62 56 54 57
split_gain=2.31253 2.67669 1.13495 0.670753 0.604276 0.952194
threshold=0.011799999978393318 0.83333334326744091 0.55140000581741344 -0.55636668205261219 0.069159060716629042 0.1564000025391579
decision_type=2 2 2 2 2 2
left_child=1 4 -2 -3 -1 -6
right_child=2 3 -4 -5 5 -7
leaf_value=0.0026901071809716719 -0.01034344764790667 0 0 0.015246973692915132 -0.0087352966910791956 0
leaf_weight=2.247874632477763 7.9367343038320524 1.4335881769657124 1.3911370858550069 8.0492028146982175 7.2173672765493375 4.2775805816054344
leaf_count=10 79 9 9 44 53 27
internal_value=0.000157377 0.00597151 -0.00681452 0.0135786 -0.000258714 -0.00460995
internal_weight=32.5535 23.2256 9.32787 9.48279 13.7428 11.4949
internal_count=231 143 88 53 90 80
is_linear=0
shrinkage=0.03


Tree=101
num_leaves=7
num_cat=0
split_feature=30 58 47 60 26 51
split_gain=5.14364 1.98061 1.42067 0.84177 0.518168 0.323214
threshold=0.26237995922565466 0.018600000068545345 0.090125467628240599 0.19040000438690188 0.35454562306404119 -0.40721872448921198
decision_type=2 2 2 2 2 2
left_child=1 3 -2 4 -1 -4
right_child=2 -3 5 -5 -6 -7
leaf_value=0.016829094980618846 0 0 -0.012784374864217287 0 0 0
leaf_weight=10.767211571335794 3.20436206459999 2.8805475533008567 10.343724273145195 1.8664802983403195 1.9339699447154988 2.341496393084527
leaf_count=53 18 22 105 11 12 15
internal_value=0.000178504 0.0102347 -0.00823449 0.0137691 0.015445 -0.0115649
internal_weight=33.3378 17.4482 15.8896 14.5677 12.7012 12.6852
internal_count=236 98 138 76 65 120
is_linear=0
shrinkage=0.03


Tree=102
num_leaves=7
num_cat=0
split_feature=0 54 48 19 19 47
split_gain=3.04052 2.46624 2.22344 0.866833 0.230783 0.21704
threshold=2.1666666269302373 0.069159060716629042 -0.23816646635532376 0.57748931646347057 0.01931814476847649 0.86803746223449718
decision_type=2 2 2 2 2 2
left_child=1 -1 5 -2 -4 -3
right_child=3 2 4 -5 -6 -7
leaf_value=0.0052045872417847668 0.012515554252530408 0.0036266758193645018 0 0 -0.013838203188276174 0
leaf_weight=3.1526939123868969 7.6174653917551023 4.8513351604342487 1.2391397580504442 1.9084355533123014 15.218167398124931 1.6119005903601644
leaf_count=14 43 34 7 10 135 14
internal_value=0 -0.00458105 -0.00892172 0.0100685 -0.0132165 0
internal_weight=35.5991 26.0732 22.9205 9.5259 16.4573 6.46324
internal_count=257 204 190 53 142 48
is_linear=0
shrinkage=0.03


Tree=103
num_leaves=7
num_cat=0
split_feature=58 49 35 34 41 50
split_gain=2.61084 1.96503 1.45019 1.30019 0.922177 0.513034
threshold=0.005799999926239253 0.14026109874248507 0.36522072553634649 0.80959230661392223 0.36824350059032446 0.25274411588907247
decision_type=2 2 2 2 2 2
left_child=1 2 -1 -4 5 -2
right_child=4 -3 3 -5 -6 -7
leaf_value=0 -0.01119084489128888 -0.0015741096273894045 0.017586589107363913 0 0 0
leaf_weight=6.3478682786226335 8.8448263704776746 4.7460161447525016 7.7463832721114141 2.7464472651481628 1.1419522687792767 1.0220823064446438
leaf_count=39 83 30 45 20 7 9
internal_value=0 0.00636932 0.0105958 0.0145168 -0.00713106 -0.00977502
internal_weight=32.5956 21.5867 16.8407 10.4928 11.0089 9.86691
internal_count=233 134 104 65 99 92
is_linear=0
shrinkage=0.03


Tree=104
num_leaves=7
num_cat=0
split_feature=68 60 9 44 58 30
split_gain=3.61793 3.02654 1.7054 0.720372 0.647152 0.508716
threshold=752.01473999023449 0.31399999558925634 2.1666666269302373 0.069357667118310942 0.056599998846650131 0.57834297418594371
decision_type=8 2 2 2 2 2
left_child=1 4 3 -2 5 -1
right_child=2 -3 -4 -5 -6 -7
leaf_value=0.017939205217137641 0 -0.001736998936825868 0.0016837703704340966 -0.011868411543908247 0 0
leaf_weight=10.151829563081266 0.77376416325569053 3.7896489128470412 3.888695888221263 10.002302739769219 1.7826549485325802 1.8840049505233754
leaf_count=55 4 27 22 99 14 13
internal_value=0.00206436 0.0100032 -0.00522625 -0.010218 0.0151195 0.0165385
internal_weight=32.2729 17.6081 14.6648 10.7761 13.8185 12.0358
internal_count=234 109 125 103 82 68
is_linear=0
shrinkage=0.03


Tree=105
num_leaves=7
num_cat=0
split_feature=32 47 58 55 35 25
split_gain=3.15734 2.52793 1.72232 0.467259 0.408389 0.14375
threshold=0.27426053583621984 0.090125467628240599 0.01480000000447035 0.14269554615020755 0.1045847423374653 0.91219913959503185
decision_type=2 2 2 2 2 2
left_child=2 -2 3 4 -1 -3
right_child=1 5 -4 -5 -6 -7
leaf_value=0 0.0024883492919042685 -0.012959673442654432 -0.00068652418433703542 0 0.014246836707781393 0
leaf_weight=2.2389429211616543 3.9177979230880764 11.583038117736574 2.6660853028297415 2.2667316645383826 9.0528523176908475 0.90787867456674654
leaf_count=12 21 112 21 12 50 10
internal_value=0 -0.00703394 0.00765068 0.0114324 0.0128205 -0.0124668
internal_weight=32.6333 16.4087 16.2246 13.5585 11.2918 12.4909
internal_count=238 143 95 74 62 122
is_linear=0
shrinkage=0.03


Tree=106
num_leaves=7
num_cat=0
split_feature=32 28 47 59 53 54
split_gain=2.36749 1.05215 0.765349 0.687358 0.341446 0.112171
threshold=0.37618413567543035 0.520310938358307 0.13558906316757205 0.27939999103546148 -0.49601510167121882 0.76592186093330394
decision_type=2 2 2 2 2 2
left_child=1 3 -2 4 -1 -4
right_child=2 -3 5 -5 -6 -7
leaf_value=0 0 0 -0.0093738908337363449 0 0.012864167862250026 0
leaf_weight=2.1861072629690197 4.473468452692031 1.7240763679146756 6.2684864886105043 4.2314284965395919 10.440031431615358 1.7696658447384832
leaf_count=13 28 15 71 26 55 16
internal_value=0.000674523 0.00726778 -0.00533088 0.00956394 0.0116583 -0.0085821
internal_weight=31.0933 18.5816 12.5116 16.8576 12.6261 8.03815
internal_count=224 109 115 94 68 87
is_linear=0
shrinkage=0.03


Tree=107
num_leaves=7
num_cat=0
split_feature=68 60 11 30 7 4
split_gain=3.29505 2.38558 1.23703 0.770776 0.548556 0.438541
threshold=697.16046142578136 0.0030000000260770325 7.5000000000000009 0.056518919765949256 357.50000000000006 0.012527989223599436
decision_type=8 2 2 2 2 10
left_child=1 4 3 -2 -1 -3
right_child=2 5 -4 -5 -6 -7
leaf_value=0.015812986665722856 0 -0.0047335293144153837 2.9522105620156626e-05 -0.011732608827423049 0 0.0018177021690508237
leaf_weight=8.3951967135071808 1.2584975957870472 5.82589167356491 1.8615685701370228 10.5061011724174 1.7138665914535511 2.1327131241559982
leaf_count=49 7 39 10 104 10 12
internal_value=0.000469523 0.0083544 -0.00655681 -0.00989049 0.0142894 0
internal_weight=31.6938 18.0677 13.6262 11.7646 10.1091 7.9586
internal_count=231 110 121 111 59 51
is_linear=0
shrinkage=0.03


Tree=108
num_leaves=7
num_cat=0
split_feature=68 60 14 54 4 55
split_gain=2.92013 1.84067 1.14197 0.932509 0.900513 0.918574
threshold=697.16046142578136 0.31399999558925634 13.058030128479006 0.069159060716629042 0.0050959466025233277 0.16589002311229709
decision_type=8 2 2 2 8 2
left_child=1 2 -1 -2 -5 -6
right_child=3 -3 -4 4 5 -7
leaf_value=0.01471567006852212 0 -0.00062507614468568652 0 0 -0.013150027871510877 0
leaf_weight=9.9810021519661003 1.9936488270759571 3.3781013041734687 3.7031520828604689 1.4878856539726228 9.9904119893908483 1.0090676248073585
leaf_count=56 9 25 25 13 98 8
internal_value=0 0.00780304 0.0118024 -0.0063282 -0.00899543 -0.0111913
internal_weight=31.5433 17.0623 13.6842 14.481 12.4874 10.9995
internal_count=234 106 81 128 119 106
is_linear=0
shrinkage=0.03


Tree=109
num_leaves=6
num_cat=0
split_feature=3 54 32 38 7
split_gain=2.81307 1.54474 1.21239 0.310052 0.157111
threshold=4.1666667461395273 0.069159060716629042 0.19966991245746615 0.11142597720026971 85.000000000000014
decision_type=2 2 2 2 2
left_child=1 -1 4 -4 -3
right_child=-2 2 3 -5 -6
leaf_value=0.0033728255954854117 0.010990449796736506 -0.001242161508443664 0 -0.012059253682911528 0.0029702762581572837
leaf_weight=2.580782398581511 6.6479750275611869 4.8138002380728739 1.4889797568321217 11.579406060278414 3.4363416954874992
leaf_count=12 39 29 12 115 18
internal_value=0 -0.00391978 -0.00751346 -0.0111329 0
internal_weight=30.5473 23.8993 21.3185 13.0684 8.25014
internal_count=225 186 174 127 47
is_linear=0
shrinkage=0.03


Tree=110
num_leaves=7
num_cat=0
split_feature=0 54 31 25 56 54
split_gain=2.59396 1.58105 1.59584 0.675476 0.619796 0.589077
threshold=1.8333333134651186 0.069159060716629042 0.15461797267198565 0.91219913959503185 -0.52962470054626454 0.36973252892494207
decision_type=2 2 2 2 2 2
left_child=1 -1 5 -4 -2 -3
right_child=4 2 3 -5 -6 -7
leaf_value=0.0040352316709263217 0 -0.0023635350262061908 -0.012533961818793772 0 0.012315102021627101 0.0057470016573983292
leaf_weight=2.894997954368594 1.3792259097099302 3.085426531732085 12.875550296157597 1.0339293032884587 6.9545160382986051 3.8388492986559868
leaf_count=13 10 20 123 9 40 20
internal_value=0.000608251 -0.00315902 -0.00708912 -0.011175 0.0104798 0
internal_weight=32.0625 23.7288 20.8338 13.9095 8.33374 6.92428
internal_count=235 185 172 132 50 40
is_linear=0
shrinkage=0.03


Tree=111
num_leaves=7
num_cat=0
split_feature=68 60 47 5 14 7
split_gain=3.06783 1.85293 1.72686 1.38087 0.507934 0.381949
threshold=385.15440368652349 0.34340000152587896 0.087287481874227538 0.73926940560340892 13.058030128479006 431.00000000000006
decision_type=8 2 2 2 2 2
left_child=1 4 -2 5 -1 -4
right_child=2 -3 3 -5 -6 -7
leaf_value=0.015212168889418787 0.0021125953514309591 -8.0316352175022212e-05 -0.013160619539166271 0 0 0
leaf_weight=8.2904732674360258 4.4278689399361637 2.2039346098899832 11.612265694886444 1.3016301840543736 3.0020706653594962 1.3737044781446446
leaf_count=47 22 14 115 8 20 12
internal_value=0.000572304 0.00947161 -0.00481941 -0.0094234 0.0133159 -0.0121612
internal_weight=32.2119 13.4965 18.7155 14.2876 11.2925 12.986
internal_count=238 81 157 135 67 127
is_linear=0
shrinkage=0.03


Tree=112
num_leaves=7
num_cat=0
split_feature=0 14 51 43 47 51
split_gain=1.85125 1.34198 1.03906 1.43727 0.59665 0.379003
threshold=1.5000000000000002 13.560840129852297 -0.43886667490005488 0.15180068463087085 0.79380273818969738 -0.38059848546981806
decision_type=2 2 2 2 2 2
left_child=2 -2 3 -1 -5 -4
right_child=1 -3 5 4 -6 -7
leaf_value=0.00015896039687507426 0.01157955260883586 0 0.0050270884144570293 -0.012807932155631722 0 0
leaf_weight=2.1918182373046902 8.2930937036871892 1.7786993980407704 3.7298184856772423 9.3885651081800443 3.491208352148532 2.2348733693361309
leaf_count=11 50 13 22 95 30 14
internal_value=0 0.00787596 -0.00368329 -0.00733889 -0.010749 0.000606463
internal_weight=31.1081 10.0718 21.0363 15.0716 12.8798 5.96469
internal_count=235 63 172 136 125 36
is_linear=0
shrinkage=0.03


Tree=113
num_leaves=7
num_cat=0
split_feature=58 30 51 60 50 35
split_gain=3.27594 2.08136 1.31629 0.55889 0.404199 0.278769
threshold=0.009599999990314247 0.3257004469633103 -0.41610644757747645 0.11800000071525575 0.14968683570623401 0.36522072553634649
decision_type=2 2 2 2 2 2
left_child=1 3 -2 -1 5 -3
right_child=2 4 -4 -5 -6 -7
leaf_value=0.013412896312250564 -0.011707956181841632 0 0 0 -0.005116002312978059 0.0044686182332568276
leaf_weight=12.04685313999653 8.5513331666588766 1.9661684334278087 1.4740707129240025 1.8181743472814549 3.6753498986363411 2.8582783415913582
leaf_count=65 91 16 9 11 29 22
internal_value=4.56315e-05 0.00700943 -0.00823577 0.0120467 -3.43491e-05 0.000629209
internal_weight=32.3902 22.3648 10.0254 13.865 8.4998 4.82445
internal_count=243 143 100 76 67 38
is_linear=0
shrinkage=0.03


Tree=114
num_leaves=7
num_cat=0
split_feature=68 60 24 7 46 48
split_gain=2.67492 3.12278 1.17116 0.73146 0.716731 0.259063
threshold=752.01473999023449 0.31399999558925634 0.12352829426527025 388.00000000000006 0.067703194916248335 -0.3183924257755279
decision_type=8 2 2 2 2 2
left_child=1 3 -2 5 -4 -1
right_child=2 -3 4 -5 -6 -7
leaf_value=0 0 -0.0038376764704783871 0 0 -0.011578987562867918 0.015397397592479168
leaf_weight=1.7594721987843502 2.6989429071545592 3.6709407940506926 1.6301196366548527 2.187847487628459 9.1322377994656545 11.274676036089661
leaf_count=11 17 27 8 14 97 68
internal_value=0.000203397 0.0073082 -0.00607557 0.0128309 -0.00961654 0.0144516
internal_weight=32.3542 18.8929 13.4613 15.222 10.7624 13.0341
internal_count=242 120 122 93 105 79
is_linear=0
shrinkage=0.03


Tree=115
num_leaves=7
num_cat=0
split_feature=58 0 17 62 44 17
split_gain=1.91847 1.94898 1.02872 0.986945 0.365542 0.311697
threshold=0.011799999978393318 0.83333334326744091 0.68966230750083934 0.55140000581741344 0.29836738109588629 0.52652013301849376
decision_type=2 2 2 2 2 2
left_child=1 4 -3 -2 5 -1
right_child=3 2 -4 -5 -6 -7
leaf_value=0.0045754800800048004 -0.009391461160353165 0.014260033836421252 0 0 -0.0043924278927747352 0
leaf_weight=4.2315500527620369 7.2756286934018117 8.5961542949080449 2.2459394484758368 1.3576443269848821 6.1494120880961418 1.3812868744134901
leaf_count=27 76 51 13 9 42 14
internal_value=0.000501979 0.00581256 0.0117053 -0.00583978 0 0.00105601
internal_weight=31.2376 22.6043 10.8421 8.63327 11.7622 5.61284
internal_count=232 147 64 85 83 41
is_linear=0
shrinkage=0.03


Tree=116
num_leaves=7
num_cat=0
split_feature=32 52 55 60 53 49
split_gain=1.6096 1.58475 0.862426 0.634684 0.477624 0.395907
threshold=0.27426053583621984 -0.38562110066413874 0.14269554615020755 0.31399999558925634 -0.49601510167121882 0.084880977869033827
decision_type=2 2 2 2 2 2
left_child=2 -2 3 4 -1 -3
right_child=1 5 -4 -5 -6 -7
leaf_value=0 -0.0090213746635625647 0 0 0 0.012705612560293761 0.0057282651297054839
leaf_weight=2.6122242063283911 10.011356744915245 2.1481175534427157 2.638629123568534 1.6565859392285336 8.3437721543014067 3.3371495008468628
leaf_count=17 104 16 16 10 48 20
internal_value=0.000683851 -0.00333553 0.0068476 0.00931056 0.0109908 0.00229154
internal_weight=30.7478 15.4966 15.2512 12.6126 10.956 5.48527
internal_count=231 140 91 75 65 36
is_linear=0
shrinkage=0.03


Tree=117
num_leaves=7
num_cat=0
split_feature=19 47 57 48 26 7
split_gain=1.88512 1.89231 1.06362 0.514442 0.350957 0.210662
threshold=0.23182993382215503 0.13558906316757205 0.87619999051094066 0.13498388230800631 0.012223247904330494 373.50000000000006
decision_type=2 2 2 2 2 2
left_child=4 3 -3 -2 -1 -6
right_child=1 2 -4 -5 5 -7
leaf_value=0 0.0069873091233580154 -0.01119164991050659 0 0 0.0110619470788824 0
leaf_weight=1.158634722232821 5.4057013317942646 9.6294088736176473 2.3720647655427447 2.0325101539492607 8.7950860224664194 1.9520132988691319
leaf_count=7 33 94 17 12 54 13
internal_value=0.00211688 -0.00172353 -0.00826075 0.00407201 0.00905076 0.0100854
internal_weight=31.3454 19.4397 12.0015 7.43821 11.9057 10.7471
internal_count=230 156 111 45 74 67
is_linear=0
shrinkage=0.03


Tree=118
num_leaves=7
num_cat=0
split_feature=26 60 68 0 11 68
split_gain=2.83658 1.41792 2.45151 0.515109 0.194317 0.0790063
threshold=0.52387118339538585 0.31399999558925634 752.01473999023449 1.8333333134651186 3.8500000238418584 125.49837112426759
decision_type=2 2 8 2 2 10
left_child=1 2 -1 -2 -4 -3
right_child=3 5 4 -5 -6 -7
leaf_value=0.014771883525045569 -0.010157240516200337 0 -0.0036071414417496884 0 0 -0.0024430089232309834
leaf_weight=11.299434151500472 7.9092141389846784 1.2036615386605256 3.4408775307238093 1.16516787558794 2.1334856413304806 2.518219456076622
leaf_count=64 87 8 28 7 13 20
internal_value=0 0.00618083 0.00953128 -0.00851837 0 -0.000512687
internal_weight=29.6701 20.5957 16.8738 9.07438 5.57436 3.72188
internal_count=227 133 105 94 41 28
is_linear=0
shrinkage=0.03


Tree=119
num_leaves=5
num_cat=0
split_feature=0 54 43 14
split_gain=2.42945 2.84158 1.10043 0.811542
threshold=3.5000000000000004 0.069159060716629042 0.15180068463087085 1.3474708795547488
decision_type=2 2 2 2
left_child=1 -1 -3 -4
right_child=-2 2 3 -5
leaf_value=0.0051372779010622188 0.0087332141263333097 0 0 -0.01337877653019868
leaf_weight=3.2599599957466188 4.9253449887037268 2.186033837497237 0.98318706452846782 17.802476145327091
leaf_count=15 31 12 5 164
internal_value=0 -0.00553352 -0.0102526 -0.0121452
internal_weight=29.157 24.2317 20.9717 18.7857
internal_count=227 196 181 169
is_linear=0
shrinkage=0.03


Tree=120
num_leaves=7
num_cat=0
split_feature=47 1 30 53 48 40
split_gain=2.44348 3.04245 0.874602 0.871876 0.426263 0.123504
threshold=0.090125467628240599 0.83333334326744091 0.13510000705718997 -0.22608545422554013 0.13498388230800631 0.12321859225630762
decision_type=2 2 2 2 2 2
left_child=4 3 -3 -2 -1 -4
right_child=1 2 5 -5 -6 -7
leaf_value=0.010403085555384498 -0.013649387550677705 0.0082010926153173926 -0.0029617537024316212 0 0 0
leaf_weight=5.8600409030914333 12.558656767010691 4.474708139896391 2.6729313619434838 1.124845691025256 2.0355134755373001 1.0709670335054395
leaf_count=31 118 26 28 6 12 7
internal_value=0 -0.00521113 0.00319873 -0.0120135 0.00862999 -3.14311e-05
internal_weight=29.7977 21.9021 8.21861 13.6835 7.89555 3.7439
internal_count=228 185 61 124 43 35
is_linear=0
shrinkage=0.03


Tree=121
num_leaves=7
num_cat=0
split_feature=58 28 62 60 17 56
split_gain=3.56253 2.06107 1.24364 0.972336 0.474528 0.17522
threshold=0.011799999978393318 0.520310938358307 0.55140000581741344 0.31399999558925634 0.80976635217666637 -0.37773197889327997
decision_type=2 2 2 2 2 2
left_child=1 3 -2 4 -1 -3
right_child=2 5 -4 -5 -6 -7
leaf_value=0.016371347317002634 -0.010680849279112383 -0.003380944742426604 0 0 0 0
leaf_weight=11.723475664854055 7.0360591411590558 3.7958953678607941 1.1664717718958852 2.3580783233046523 1.6561375111341465 1.5886207222938526
leaf_count=64 77 38 7 17 9 11
internal_value=0.0026833 0.00925402 -0.00672903 0.0132523 0.0151911 0
internal_weight=29.3247 21.1222 8.20253 15.7377 13.3796 5.38452
internal_count=223 139 84 90 73 49
is_linear=0
shrinkage=0.03


Tree=122
num_leaves=7
num_cat=0
split_feature=58 19 9 35 50 54
split_gain=3.09401 1.40683 0.882119 0.597494 0.301898 0.132493
threshold=1.0000000180025095e-35 0.44250741600990301 4.6666667461395273 0.1045847423374653 0.25274411588907247 0.094577819108963027
decision_type=2 2 2 2 2 2
left_child=1 3 4 -1 5 -2
right_child=2 -3 -4 -5 -6 -7
leaf_value=0 0 0 0 0.013631058789304276 0 -0.010735554993181854
leaf_weight=2.3264662921428743 1.0103639140725116 6.5080104805529109 1.2278455197811116 10.148047536611555 1.0814831666648377 7.9549489319324493
leaf_count=12 7 51 8 62 9 85
internal_value=0.00099183 0.00818092 -0.00644784 0.0119434 -0.00915007 -0.0101403
internal_weight=30.2572 18.9825 11.2746 12.4745 10.0468 8.96531
internal_count=234 125 109 74 101 92
is_linear=0
shrinkage=0.03


Tree=123
num_leaves=7
num_cat=0
split_feature=12 60 58 55 18 19
split_gain=2.38006 1.45529 0.881716 0.884688 0.53532 0.027206
threshold=0.30952382087707525 0.31399999558925634 0.045199999585747726 0.14797452092170718 0.32529672980308538 0.91512048244476329
decision_type=2 2 2 2 2 2
left_child=4 2 3 -2 -1 -6
right_child=1 -3 -4 -5 5 -7
leaf_value=0 0.013502233270632463 -0.00065790955642848383 0 0 -0.008936533569133329 0
leaf_weight=3.3717720769345787 12.918553180992609 2.8591460213065139 1.6213657408952702 2.4117412045598021 7.0794525034725648 0.95503697171807278
leaf_count=34 71 18 13 13 80 10
internal_value=4.10931e-06 0.00656375 0.00980017 0.011555 -0.00632998 -0.00861828
internal_weight=31.2171 19.8108 16.9517 15.3303 11.4063 8.03449
internal_count=239 115 97 84 124 90
is_linear=0
shrinkage=0.03


Tree=124
num_leaves=7
num_cat=0
split_feature=58 60 26 62 19 0
split_gain=2.20193 2.00045 1.2144 0.79864 0.720294 0.166964
threshold=0.011799999978393318 0.16399999707937243 0.78245297074317943 0.55140000581741344 0.69315171241760265 0.83333334326744091
decision_type=2 2 2 2 2 2
left_child=1 2 4 -2 -1 -3
right_child=3 5 -4 -5 -6 -7
leaf_value=0.014814497211118998 -0.0087507315800171032 -0.0037662378783966926 0 0 0 0
leaf_weight=12.736509025096902 6.9133486673235884 3.1056022532284251 2.4155346341431132 1.0691782198846338 2.6157485768198958 1.1068861261010168
leaf_count=73 75 28 21 7 14 7
internal_value=0.00140232 0.00681193 0.0108165 -0.00566141 0.0130864 -0.00158333
internal_weight=29.9628 21.9803 17.7678 7.98253 15.3523 4.21249
internal_count=225 143 108 82 87 35
is_linear=0
shrinkage=0.03


Tree=125
num_leaves=7
num_cat=0
split_feature=0 30 54 54 58 57
split_gain=2.52236 1.5247 1.45191 0.363444 0.310657 0.625736
threshold=3.5000000000000004 0.14627855271101001 0.069159060716629042 0.76592186093330394 0.003199999919161201 0.009000000078231098
decision_type=2 2 2 2 2 2
left_child=1 4 -3 -4 5 -1
right_child=-2 2 3 -5 -6 -7
leaf_value=0 0.0077779982920741786 0 -0.014400134611777811 0 -0.00129166661042104 0.0077046409009535518
leaf_weight=2.1061818599700981 5.5509007945656768 1.6986041069030751 11.038986120373009 2.3365471400320521 2.6393749564886093 3.8417297452688217
leaf_count=12 37 8 115 20 18 17
internal_value=-0.000835073 -0.00634851 -0.0104323 -0.0131394 0 0.00402607
internal_weight=29.2123 23.6614 15.0741 13.3755 8.58729 5.94791
internal_count=227 190 143 135 47 29
is_linear=0
shrinkage=0.03


Tree=126
num_leaves=7
num_cat=0
split_feature=68 0 60 30 54 60
split_gain=3.00529 1.61855 1.52277 1.10318 0.893802 0.23185
threshold=697.16046142578136 3.1666666269302373 0.31399999558925634 0.35304744541645056 0.069159060716629042 0.88940000534057628
decision_type=8 2 2 2 2 2
left_child=2 4 3 -1 -2 -6
right_child=1 -3 -4 -5 5 -7
leaf_value=0.013403726745946856 0 8.1881256177930876e-05 -0.00063019111370481401 0 -0.014413723126730489 0
leaf_weight=9.044821880757814 1.3158130794763554 2.3628349751234046 3.3677689731121054 3.7200288847088805 9.7872929014265502 0.84995451569557268
leaf_count=51 6 12 25 28 105 10
internal_value=0 -0.00821557 0.00637951 0.010329 -0.011879 -0.0137509
internal_weight=30.4485 14.3159 16.1326 12.7649 11.9531 10.6372
internal_count=237 133 104 79 121 115
is_linear=0
shrinkage=0.03


Tree=127
num_leaves=7
num_cat=0
split_feature=68 58 0 51 30 43
split_gain=3.67821 1.33196 1.02673 0.63314 0.36366 0.0955627
threshold=697.16046142578136 0.011799999978393318 3.1666666269302373 -0.40207976102828974 0.57834297418594371 0.14653412997722629
decision_type=8 2 2 2 2 2
left_child=1 4 3 5 -1 -2
right_child=2 -3 -4 -5 -6 -7
leaf_value=0.013503475581535411 0 0 0 0 0 -0.012348302077531285
leaf_weight=9.9064231961965579 0.78653058409690757 3.8917391598224631 1.9901791214942921 2.5860280692577353 1.969277724623679 8.277125418186186
leaf_count=59 5 30 10 16 15 99
internal_value=9.91537e-05 0.0090357 -0.00714554 -0.00992141 0.0122869 -0.0119029
internal_weight=29.4073 15.7674 13.6399 11.6497 11.8757 9.06366
internal_count=234 104 130 120 74 104
is_linear=0
shrinkage=0.03


Tree=128
num_leaves=7
num_cat=0
split_feature=68 60 11 54 4 7
split_gain=1.65717 1.51115 1.35265 0.986802 0.538581 0.41854
threshold=529.38558959960949 0.31399999558925634 5.6070852279663095 0.069159060716629042 0.005215203622356058 294.50000000000006
decision_type=8 2 2 2 8 2
left_child=1 5 3 -2 -5 -1
right_child=2 -3 -4 4 -6 -7
leaf_value=0.012383545862491104 0 -7.0679344499740968e-05 0.00234882794324443 0 -0.012126837898288329 0
leaf_weight=9.045653238892557 1.9973634928464878 3.0365877225995055 3.2642947509884825 1.2383637167513342 9.2514188438653946 1.2036144733428944
leaf_count=58 9 22 20 12 98 9
internal_value=0.00041281 0.00713077 -0.00349228 -0.0080529 -0.0107012 0.0112087
internal_weight=29.0373 13.2859 15.7514 12.4871 10.4898 10.2493
internal_count=228 89 139 119 110 67
is_linear=0
shrinkage=0.03


Tree=129
num_leaves=7
num_cat=0
split_feature=1 47 58 54 17 27
split_gain=2.56239 2.51033 1.79857 1.63876 0.201905 0.1512
threshold=0.83333334326744091 0.085297085344791426 0.009599999990314247 0.56555533409118663 0.68966230750083934 0.40733300149440771
decision_type=2 2 2 2 2 2
left_child=1 -1 4 -3 -2 -5
right_child=2 3 -4 5 -6 -7
leaf_value=0.0046208007732873244 0.014149191259715276 -0.014505206995086489 -0.00012493764326406789 0.0028301134607653833 0 -0.0013927565218337624
leaf_weight=3.386283375322825 7.2193037793040258 9.5219944305717927 2.3666501753032199 4.0290898978710166 1.8039747923612592 2.2246923446655273
leaf_count=17 44 90 28 22 10 24
internal_value=0 -0.00475403 0.00877506 -0.0101061 0.013102 0
internal_weight=30.552 19.1621 11.3899 15.7758 9.02328 6.25378
internal_count=235 153 82 136 54 46
is_linear=0
shrinkage=0.03


Tree=130
num_leaves=7
num_cat=0
split_feature=58 68 60 62 38 17
split_gain=2.46862 1.5487 1.33363 0.771236 0.158093 0.449478
threshold=0.005799999926239253 984.45333862304699 0.31399999558925634 0.55140000581741344 0.53331512212753307 0.80976635217666637
decision_type=2 8 2 2 2 2
left_child=1 2 -1 -2 -3 -6
right_child=3 4 -4 -5 5 -7
leaf_value=0.013763291167249911 -0.009728970446386551 -0.0032495389380644123 0 0 0.0054372433724889447 -0.0012738934107165611
leaf_weight=10.290624670684343 7.6051167547702772 3.4744960367679578 2.3316479064524165 1.2951585426926611 3.0356630235910416 1.7999282032251356
leaf_count=58 87 29 17 9 19 15
internal_value=2.61029e-05 0.00635574 0.0108096 -0.00717229 0 0
internal_weight=29.8326 20.9324 12.6223 8.90028 8.31009 4.83559
internal_count=234 138 75 96 63 34
is_linear=0
shrinkage=0.03


Tree=131
num_leaves=7
num_cat=0
split_feature=51 28 17 61 29 22
split_gain=2.04538 1.13139 0.896947 0.828918 0.698845 0.10075
threshold=-0.51844158768653859 0.10189286246895791 0.89189520478248607 0.01060000015422702 0.2463038116693497 0.92299482226371776
decision_type=2 2 2 2 2 2
left_child=1 -1 3 -2 -3 -6
right_child=2 4 -4 -5 5 -7
leaf_value=0.00016618135785628272 0.011622581643362558 0 0 0 -0.011334730708461882 0
leaf_weight=4.7084221169352558 11.446353510022162 1.4732879064977158 1.8050261624157418 2.52912863343954 7.4372441843152028 0.85791330412030209
leaf_count=28 74 15 12 17 79 9
internal_value=0.000377378 -0.00453226 0.00721971 0.00947198 -0.00877053 -0.0108395
internal_weight=30.2574 14.4769 15.7805 13.9755 9.76845 8.29516
internal_count=234 131 103 91 103 88
is_linear=0
shrinkage=0.03


Tree=132
num_leaves=7
num_cat=0
split_feature=68 60 11 6 51 41
split_gain=2.24877 2.40344 1.14638 1.11322 0.563001 0.105402
threshold=697.16046142578136 0.31399999558925634 7.5000000000000009 185.75000000000003 -0.40207976102828974 0.033363632857799537
decision_type=8 2 2 2 2 2
left_child=1 3 4 -1 5 -2
right_child=2 -3 -4 -5 -6 -7
leaf_value=0.014538288619628761 0 -0.0020588244006633973 0.00062463452775325667 0 0 -0.011343394463893864
leaf_weight=11.590781271457677 0.79267686232924539 3.8208671286702147 2.1768397539854041 1.3816123008728016 2.9453110173344585 7.1563119739294052
leaf_count=73 8 29 13 9 19 86
internal_value=0.000552035 0.00737436 -0.00500958 0.0124514 -0.00876712 -0.0108492
internal_weight=29.8644 16.7933 13.0711 12.9724 10.8943 7.94899
internal_count=237 111 126 82 113 94
is_linear=0
shrinkage=0.03


Tree=133
num_leaves=7
num_cat=0
split_feature=19 9 14 59 36 39
split_gain=2.50025 1.06243 0.984212 0.941477 0.69549 0.231857
threshold=0.24221903830766681 5.1666667461395273 15.311172962188722 0.28880000114440924 0.055899698287248618 0.21782656759023669
decision_type=2 2 2 2 2 2
left_child=3 2 5 4 -1 -2
right_child=1 -3 -4 -5 -6 -7
leaf_value=0 -0.011829502153286981 0 0 0 0.011924961814810394 0
leaf_weight=1.4775604903697992 12.42459081113339 1.4832732006907452 2.50502124428749 2.83945258706808 8.5374319814145547 1.2090107426047314
leaf_count=8 125 10 13 20 54 8
internal_value=0 -0.00627428 -0.00884206 0.00713304 0.0100216 -0.0111332
internal_weight=30.4763 17.6219 16.1386 12.8544 10.015 13.6336
internal_count=238 156 146 82 62 133
is_linear=0
shrinkage=0.03


Tree=134
num_leaves=7
num_cat=0
split_feature=0 56 47 48 19 51
split_gain=1.5622 1.37043 1.14024 1.20075 0.354531 0.18558
threshold=0.83333334326744091 -0.52565115690231312 0.096516769379377379 -0.25831684470176691 0.69315171241760265 -0.6166270077228545
decision_type=2 2 2 2 2 2
left_child=2 -2 -1 -4 -3 -5
right_child=1 4 3 5 -6 -7
leaf_value=0.0011584753836030779 0 0.011932658396685275 0 0 0 -0.012392210532866389
leaf_weight=3.1333336830139222 3.5146821178495875 7.6025059483945352 4.5565335340797928 1.1320442333817498 1.4896317869424818 7.6362482383847166
leaf_count=18 35 52 37 11 9 71
internal_value=0 0.00649588 -0.00413347 -0.0079134 0.0107036 -0.0116364
internal_weight=29.065 12.6068 16.4582 13.3248 9.09214 8.76829
internal_count=233 96 137 119 61 82
is_linear=0
shrinkage=0.03


Tree=135
num_leaves=7
num_cat=0
split_feature=1 47 53 58 37 17
split_gain=1.79633 1.85681 1.57333 1.13821 0.590557 0.5022
threshold=0.83333334326744091 0.085297085344791426 -0.22608545422554013 0.009599999990314247 0.92703926563262951 0.76204764842987072
decision_type=2 2 2 2 2 2
left_child=1 -1 4 5 -3 -2
right_child=3 2 -4 -5 -6 -7
leaf_value=0.0041038998031554018 0.012862352511603753 -0.012929687951117983 0.00010042299458220371 0 0 0
leaf_weight=3.1845967844128671 6.6127728819847089 12.378282330930235 1.8895122632384254 2.0378676652908316 1.0989464074373234 1.6030858084559438
leaf_count=16 42 119 10 25 10 9
internal_value=3.37025e-05 -0.00347455 -0.0084091 0.00792501 -0.0116924 0.011228
internal_weight=28.8051 18.5513 15.3667 10.2537 13.4772 8.21586
internal_count=231 155 139 76 129 51
is_linear=0
shrinkage=0.03


Tree=136
num_leaves=7
num_cat=0
split_feature=0 51 31 25 14 58
split_gain=2.06682 0.940439 1.40421 0.810317 0.644335 0.225518
threshold=1.8333333134651186 -0.4306392222642898 0.15461797267198565 0.89278802275657665 13.221588611602785 1.0000000180025095e-35
decision_type=2 2 2 2 2 2
left_child=1 2 5 -4 -2 -1
right_child=4 -3 3 -5 -6 -7
leaf_value=0.0039812457932692606 0.011427176723086617 0.00087568313692429757 -0.012464927323322854 0 0 0
leaf_weight=2.805209934711459 6.6872690320014936 6.7633003704249886 9.9290635287761653 0.84770662337541658 1.9308128096163271 2.0525400005280972
leaf_count=13 45 42 108 9 12 15
internal_value=0.000464353 -0.00288605 -0.00656073 -0.010674 0.00926775 0
internal_weight=31.0159 22.3978 15.6345 10.7768 8.61808 4.85775
internal_count=244 187 145 117 57 28
is_linear=0
shrinkage=0.03


Tree=137
num_leaves=7
num_cat=0
split_feature=68 60 3 5 51 59
split_gain=2.11406 3.306 0.789695 0.297603 0.343503 0.188204
threshold=752.01473999023449 0.077600002288818373 3.5000000000000004 0.52374428510665905 -0.38627026975154871 0.56760001182556163
decision_type=8 2 2 2 2 2
left_child=1 5 3 4 -2 -1
right_child=2 -3 -4 -5 -6 -7
leaf_value=0.015030456514622757 -0.010223062371701707 -0.0028377209204515494 0 0 0 0
leaf_weight=10.07668018713594 6.482086595147849 5.5672802738845339 2.7374969720840445 2.179589856415987 1.1967753246426553 1.5323040187358845
leaf_count=62 77 41 14 23 8 11
internal_value=0.00110289 0.00746933 -0.00438681 -0.00759516 -0.00894142 0.0142147
internal_weight=29.7722 17.1763 12.5959 9.85845 7.67886 11.609
internal_count=236 114 122 108 85 73
is_linear=0
shrinkage=0.03


Tree=138
num_leaves=7
num_cat=0
split_feature=58 0 62 55 18 68
split_gain=2.02584 1.76667 0.838163 0.647227 0.3489 0.306302
threshold=0.011799999978393318 0.83333334326744091 0.55140000581741344 0.14269554615020755 0.35518549382686621 697.16046142578136
decision_type=2 2 2 2 2 8
left_child=1 4 -2 -3 5 -1
right_child=2 3 -4 -5 -6 -7
leaf_value=0.0043995159170502271 -0.010358599914399155 0.012931078173853859 0 0 -0.0045274369353905317 0
leaf_weight=4.4969672039151245 6.8721260428428641 7.5807325541973096 0.96630123630166043 1.8329463824629781 5.0788777880370617 2.2150844670832157
leaf_count=23 81 51 7 10 44 19
internal_value=0 0.00495848 -0.00769418 0.0110191 0 0.000543006
internal_weight=29.043 21.2046 7.83843 9.41368 11.7909 6.71205
internal_count=235 147 88 61 86 42
is_linear=0
shrinkage=0.03


Tree=139
num_leaves=7
num_cat=0
split_feature=58 28 62 35 36 68
split_gain=1.34811 1.67837 0.879672 0.828524 0.423125 0.0415738
threshold=1.0000000180025095e-35 0.53557017445564281 0.83859997987747203 0.36522072553634649 0.15900072455406192 206.68585205078128
decision_type=2 2 2 2 2 10
left_child=1 3 4 -1 -2 -3
right_child=2 5 -4 -5 -6 -7
leaf_value=0 0 -0.0028306571298084816 0 0.012713562912811152 -0.0099692467652329111 0
leaf_weight=6.2233073562383705 2.3352216966450197 2.7135284356772895 1.3093686774373043 7.5868861526250839 7.4563653320074081 0.96344497427344311
leaf_count=38 18 28 9 46 80 9
internal_value=0 0.00486623 -0.00516263 0.0093846 -0.00827153 -0.00217082
internal_weight=28.5881 17.4872 11.101 13.8102 9.79159 3.67697
internal_count=228 121 107 84 98 37
is_linear=0
shrinkage=0.03


Tree=140
num_leaves=7
num_cat=0
split_feature=51 34 32 50 68 17
split_gain=2.05677 1.07577 0.987764 0.607983 0.412861 0.298431
threshold=-0.51844158768653859 0.79708495736122142 0.095296666026115431 0.181180015206337 150.08340454101565 0.16936624795198443
decision_type=2 2 2 2 8 2
left_child=2 3 -1 4 -2 -4
right_child=1 -3 5 -5 -6 -7
leaf_value=0.0006181691163323279 0 0 0 0 0.01343672297598366 -0.0092069932509352553
leaf_weight=4.0608298778533962 1.5303015336394281 2.1258928105235091 2.6525969542562944 1.7367240749299515 9.5629631914198399 7.075740609318018
leaf_count=27 11 17 20 13 60 83
internal_value=0.00151772 0.00811901 -0.00352316 0.0106989 0.0122406 -0.00773025
internal_weight=28.745 14.9559 13.7892 12.83 11.0933 9.72834
internal_count=231 101 130 84 71 103
is_linear=0
shrinkage=0.03


Tree=141
num_leaves=7
num_cat=0
split_feature=58 30 68 2 38 54
split_gain=1.39526 1.09144 0.559751 0.491666 0.234874 0.163645
threshold=0.00059999998484272521 0.26237995922565466 376.21420288085943 1.4670542478561404 0.025804423727095131 0.069159060716629042
decision_type=2 2 8 2 2 2
left_child=1 3 -2 4 -1 -3
right_child=2 5 -4 -5 -6 -7
leaf_value=0 0 0.00056621513751552307 -0.0080198949292629162 0 0.011657347228605609 -0.0029737435694514869
leaf_weight=1.4684540107846311 4.1536910533905003 2.3324960768222791 5.5615087337791929 1.7647943124175061 7.6225690022110939 6.2076712399721146
leaf_count=8 29 11 77 11 43 57
internal_value=0 0.00508002 -0.00502146 0.00913639 0.0106943 0
internal_weight=29.1112 19.396 9.7152 10.8558 9.09102 8.54017
internal_count=236 130 106 62 51 68
is_linear=0
shrinkage=0.03


Tree=142
num_leaves=7
num_cat=0
split_feature=58 0 17 62 60 33
split_gain=1.89441 1.7206 0.790973 0.602257 0.239576 0.447252
threshold=0.011799999978393318 0.83333334326744091 0.76204764842987072 0.55140000581741344 0.0030000000260770325 0.50689494609832775
decision_type=2 2 2 2 2 2
left_child=1 4 -3 -2 5 -1
right_child=3 2 -4 -5 -6 -7
leaf_value=0.0050365434528264093 -0.0084806291980733702 0.013284455632698587 0 0 -0.0038005149121130627 -0.00071130244419804057
leaf_weight=5.8855091407895141 6.8175465427339068 8.7275159358978254 1.7128055840730656 1.0828865878283975 4.4606145434081546 2.476742759346962
leaf_count=36 81 56 11 8 37 16
internal_value=0.0004152 0.00560382 0.0112633 -0.00610654 0 0.000606316
internal_weight=31.1636 23.2632 10.4403 7.90043 12.8229 8.36225
internal_count=245 156 67 89 89 52
is_linear=0
shrinkage=0.03


Tree=143
num_leaves=7
num_cat=0
split_feature=47 32 5 56 48 47
split_gain=1.37576 2.36506 0.825394 0.573919 0.369488 0.234847
threshold=0.090125467628240599 0.19966991245746615 0.0013698629918508234 -0.31618131697177881 0.13498388230800631 0.86477184295654308
decision_type=2 2 2 2 2 2
left_child=4 2 -2 5 -1 -3
right_child=1 3 -4 -5 -6 -7
leaf_value=0.0093543567437435957 0 -0.012109919368920887 0.0077318054730340603 0 0 0
leaf_weight=5.3540182188153294 3.1201029196381587 9.3216509595513362 6.6100154519081116 1.2521058470010711 1.5843220651149748 1.4040851965546597
leaf_count=29 19 112 42 8 10 15
internal_value=0 -0.00267676 0.00356039 -0.00978811 0.00772574 -0.011248
internal_weight=28.6463 21.708 9.73012 11.9778 6.93834 10.7257
internal_count=235 196 61 135 39 127
is_linear=0
shrinkage=0.03


Tree=144
num_leaves=7
num_cat=0
split_feature=58 28 55 34 62 51
split_gain=2.30932 1.32827 1.25124 1.24894 0.808235 0.0931696
threshold=0.011799999978393318 0.520310938358307 0.14269554615020755 0.078262127935886397 0.55140000581741344 -0.39158758521080012
decision_type=2 2 2 2 2 2
left_child=1 2 3 -1 -2 -3
right_child=4 5 -4 -5 -6 -7
leaf_value=0 -0.010237102206354095 -0.0023863101839093795 0 0.014672042659855214 0 0
leaf_weight=2.7678177729249098 6.9002808146178713 4.7252611368894577 2.9033288881182662 10.812549721449612 1.0142528936266897 1.4121103957295407
leaf_count=15 88 47 16 68 7 9
internal_value=0 0.00563188 0.00917646 0.0119303 -0.00763285 0
internal_weight=30.5356 22.6211 16.4837 13.5804 7.91453 6.13737
internal_count=250 155 99 83 95 56
is_linear=0
shrinkage=0.03


Tree=145
num_leaves=6
num_cat=0
split_feature=0 47 43 14 50
split_gain=1.77812 0.990566 0.745671 0.724884 0.609811
threshold=1.8333333134651186 0.085297085344791426 0.15180068463087085 8.2942690849304217 0.24566179513931277
decision_type=2 2 2 2 2
left_child=1 -1 -3 -2 -4
right_child=3 2 4 -5 -6
leaf_value=0 0.0095430763986770056 0 -0.011084480496084639 0 0
leaf_weight=3.0994738563895288 5.5728656798601133 2.0736542120575931 13.976738911122082 2.8023485019803047 1.4041492901742447
leaf_count=16 40 12 142 17 13
internal_value=0 -0.00522604 -0.00792887 0.0064558 -0.00971826
internal_weight=28.9292 20.554 17.4545 8.37521 15.3809
internal_count=240 183 167 57 155
is_linear=0
shrinkage=0.03


Tree=146
num_leaves=7
num_cat=0
split_feature=0 60 53 53 34 61
split_gain=1.51682 0.813069 0.732046 0.68886 0.388834 0.294099
threshold=2.1666666269302373 0.0030000000260770325 -0.22608545422554013 -0.44541835784912104 0.74843773245811474 0.0014000000082887711
decision_type=2 2 2 2 2 2
left_child=1 3 -3 5 -5 -1
right_child=-2 2 -4 4 -6 -7
leaf_value=-0.0044133275611215449 0.0093131109026054378 -0.0088516227822319458 0 0.0079496669926023399 0 0
leaf_weight=4.4627948887646225 7.1127933338284484 7.5273443907499313 1.0479219704866389 5.6735758110880878 1.9111252464354036 1.4096013158559797
leaf_count=56 50 74 6 30 14 8
internal_value=0.00188723 -0.000795994 -0.0062018 0.00126625 0.00603556 -0.0010352
internal_weight=29.1452 22.0324 8.57527 13.4571 7.5847 5.8724
internal_count=238 188 80 108 44 64
is_linear=0
shrinkage=0.03


Tree=147
num_leaves=7
num_cat=0
split_feature=68 60 11 7 41 4
split_gain=2.56702 2.09849 0.941843 0.841652 0.54954 0.196287
threshold=697.16046142578136 0.0030000000260770325 5.6070852279663095 388.00000000000006 0.47431828081607824 0.016200970858335498
decision_type=8 2 2 2 2 10
left_child=1 3 4 -1 -2 -3
right_child=2 5 -4 -5 -6 -7
leaf_value=0.015520444744939851 -0.010152951567387609 -0.0033945704466044448 0 0 0 9.1136886230671032e-06
leaf_weight=8.0113682895898872 9.239427372813223 5.3307093344628802 2.2573062665760508 1.2809519469737995 1.2698621526360501 1.6597231477499006
leaf_count=51 103 41 17 9 7 11
internal_value=0.000771068 0.00802477 -0.00530617 0.0136245 -0.00851967 0
internal_weight=29.0493 16.2828 12.7666 9.29232 10.5093 6.99043
internal_count=239 112 127 60 110 52
is_linear=0
shrinkage=0.03


Tree=148
num_leaves=7
num_cat=0
split_feature=22 35 56 19 57 34
split_gain=1.06782 1.05072 0.818497 0.356832 0.271762 0.117002
threshold=0.40322783589363104 0.36522072553634649 -0.35178464651107783 0.89738315343856823 0.87619999051094066 0.13194701820611957
decision_type=2 2 2 2 2 2
left_child=1 5 3 4 -2 -1
right_child=2 -3 -4 -5 -6 -7
leaf_value=0.00039452960118652658 -0.0094050830138887563 0.010014745770903772 0.00051758868367152893 0 0 -0.0027792048039185788
leaf_weight=5.2595106810331362 7.0786993689835054 6.922266509383916 2.9937216676771632 1.0447019301354874 1.3783341720700262 3.3255526460707188
leaf_count=31 74 48 22 10 16 29
internal_value=0.000248181 0.00542817 -0.00306847 -0.00696102 -0.00828241 0
internal_weight=28.0028 15.5073 12.4955 9.50174 8.45703 8.58506
internal_count=230 108 122 100 90 60
is_linear=0
shrinkage=0.03


Tree=149
num_leaves=7
num_cat=0
split_feature=68 6 11 51 48 68
split_gain=1.5394 0.883141 0.865517 0.812616 0.501803 0.574203
threshold=752.01473999023449 192.00000000000003 5.6070852279663095 -0.40207976102828974 -0.3183924257755279 36.717102050781257
decision_type=8 2 2 2 2 10
left_child=1 4 3 -2 -1 -6
right_child=2 -3 -4 -5 5 -7
leaf_value=0 -0.010524006587235998 0 0 0 0 0.011424151476823357
leaf_weight=2.080578714609147 7.7021352946758279 1.7213743701577175 2.3898440748453131 2.9393416196107838 1.6205646544694943 10.675773493945597
leaf_count=15 94 13 18 18 11 73
internal_value=0 0.0059861 -0.0044216 -0.00771699 0.00842433 0.00989178
internal_weight=29.1296 16.0983 13.0313 10.6415 14.3769 12.2963
internal_count=242 112 130 112 99 84
is_linear=0
shrinkage=0.03


Tree=150
num_leaves=7
num_cat=0
split_feature=54 1 53 58 55 21
split_gain=1.3734 2.25067 0.927726 0.737137 0.673474 0.272805
threshold=0.069159060716629042 0.83333334326744091 -0.22608545422554013 0.009599999990314247 0.14269554615020755 0.15470241755247119
decision_type=2 2 2 2 2 2
left_child=-1 2 5 4 -3 -2
right_child=1 3 -4 -5 -6 -7
leaf_value=0.0083012002591201766 0 0.010025390068551139 0 0 0 -0.011764006212388383
leaf_weight=4.2253200486302402 1.2811621911823774 5.2765218093991262 1.339685983955859 2.2908231765031815 1.4687857925891874 12.371308356523512
leaf_count=22 14 35 8 29 8 117
internal_value=0 -0.00274173 -0.00898034 0.00373719 0.00744955 -0.0109779
internal_weight=28.2536 24.0283 14.9922 9.03613 6.74531 13.6525
internal_count=233 211 139 72 43 131
is_linear=0
shrinkage=0.03


Tree=151
num_leaves=6
num_cat=0
split_feature=0 54 54 14 68
split_gain=2.09211 1.67731 1.61908 0.440135 0.167521
threshold=3.5000000000000004 0.069159060716629042 0.66878628730773937 1.3474708795547488 313.60475158691412
decision_type=2 2 2 2 8
left_child=1 -1 3 -3 -4
right_child=-2 2 4 -5 -6
leaf_value=0.0022610357173630962 0.0077861923146459247 0 0.0035026045230957779 -0.013639887499012803 -0.00055099076222128284
leaf_weight=3.0105193555355134 4.7497493475675574 0.73766410350799816 1.9356241524219502 13.037171866744755 4.2958019934594631
leaf_count=14 36 4 10 131 41
internal_value=-0.00015665 -0.00547481 -0.00900405 -0.0127911 0
internal_weight=27.7665 23.0168 20.0063 13.7748 6.23143
internal_count=236 200 186 135 51
is_linear=0
shrinkage=0.03


Tree=152
num_leaves=6
num_cat=0
split_feature=58 19 1 62 44
split_gain=2.06387 1.15014 0.907191 0.649449 0.206482
threshold=0.011799999978393318 0.84375298023223888 0.83333334326744091 0.55140000581741344 0.29836738109588629
decision_type=2 2 2 2 2
left_child=1 2 4 -2 -1
right_child=3 -3 -4 -5 -6
leaf_value=0.0029813320064363573 -0.0089955731224960079 -0.00018210435138139573 0.013220955020705477 0 -0.0017152332918577669
leaf_weight=5.8843064606189817 6.0746188610792151 1.9235199354588974 7.1552169770002356 1.0545940957963464 5.1760401092469692
leaf_count=42 80 16 50 8 35
internal_value=0.000407789 0.00617016 0.00879423 -0.00646646 0
internal_weight=27.2683 20.1391 18.2156 7.12921 11.0603
internal_count=231 143 127 88 77
is_linear=0
shrinkage=0.03


Tree=153
num_leaves=7
num_cat=0
split_feature=58 62 0 23 45 68
split_gain=1.56103 0.770196 0.661713 0.218817 0.135336 0.246445
threshold=1.0000000180025095e-35 0.55140000581741344 1.1666666865348818 0.90556073188781749 0.065303474664688124 353.45547485351568
decision_type=2 2 2 2 2 8
left_child=2 3 4 -2 -1 -6
right_child=1 -3 -4 -5 5 -7
leaf_value=0.0017729101851318299 -0.0098978505348304279 0 0.0084898823716869597 0 0 -0.0044466845523748631
leaf_weight=3.4269990622997337 7.3681889623403531 1.9591014683246601 6.4968538209795943 0.66455591097474087 1.9511075988411901 5.2429760508239269
leaf_count=16 92 14 43 7 13 51
internal_value=0 -0.00637078 0.00467832 -0.00913433 0 -0.00215161
internal_weight=27.1098 9.99185 17.1179 8.03274 10.6211 7.19408
internal_count=236 113 123 99 80 64
is_linear=0
shrinkage=0.03


Tree=154
num_leaves=7
num_cat=0
split_feature=58 28 17 2 47 4
split_gain=2.60348 1.02804 0.854752 0.723335 0.489889 0.140808
threshold=0.003199999919161201 0.81790655851364147 0.90320709347724926 1.9959999918937685 0.16693903505802157 0.10223663970828058
decision_type=2 2 2 2 2 10
left_child=1 2 3 -1 -2 -6
right_child=4 -3 -4 -5 5 -7
leaf_value=0.012519550233919549 0 0 0 0 -0.0095865033813074905 0
leaf_weight=13.94106814265252 0.96390713006257822 2.2093962095677844 1.4116540476679791 1.5790215805172909 6.4003418497741222 0.94313829392194737
leaf_count=90 7 22 8 13 82 7
internal_value=0.000302646 0.0069485 0.00930578 0.0110241 -0.00716398 -0.00892169
internal_weight=27.4485 19.1411 16.9317 15.5201 8.30739 7.34348
internal_count=229 133 111 103 96 89
is_linear=0
shrinkage=0.03


Tree=155
num_leaves=7
num_cat=0
split_feature=12 30 60 52 4 53
split_gain=1.3808 0.668782 0.647525 0.462333 0.38623 0.225244
threshold=0.50757575035095226 0.13510000705718997 0.31399999558925634 -0.37571489810943598 0.016200970858335498 -0.44541835784912104
decision_type=2 2 2 2 8 2
left_child=1 -1 4 -3 -2 -6
right_child=2 3 -4 -5 5 -7
leaf_value=0 0 -0.0092398752884546662 0 0 0 0.0096332523886229517
leaf_weight=2.0581943988800058 1.8791480585932703 9.2731675356626493 2.141639471054078 2.2289701625704756 1.5797837525606127 8.8402718827128428
leaf_count=13 12 113 14 18 11 54
internal_value=0 -0.00516058 0.00501735 -0.00756132 0.00732979 0.00870016
internal_weight=28.0012 13.5603 14.4408 11.5021 12.2992 10.4201
internal_count=235 144 91 131 77 65
is_linear=0
shrinkage=0.03


Tree=156
num_leaves=7
num_cat=0
split_feature=58 19 62 68 51 14
split_gain=1.52279 1.24374 0.54667 0.511021 0.259276 0.129741
threshold=1.0000000180025095e-35 0.44250741600990301 0.83859997987747203 697.16046142578136 -0.64645934104919422 1.5289260745048525
decision_type=2 2 2 10 2 2
left_child=1 3 4 -1 -2 -6
right_child=2 -3 -4 -5 5 -7
leaf_value=0.010965698377920562 0 0 0 0 0 -0.0085458913211576785
leaf_weight=10.540382836014038 0.78592172637581725 5.7902106791734687 1.1497555635869492 1.3313503749668587 0.829284667968749 8.1016550026833993
leaf_count=68 8 48 9 11 5 92
internal_value=0 0.00567421 -0.0047956 0.0095864 -0.00702085 -0.00797903
internal_weight=28.5286 17.6619 10.8666 11.8717 9.71686 8.93094
internal_count=241 127 114 79 105 97
is_linear=0
shrinkage=0.03


Tree=157
num_leaves=7
num_cat=0
split_feature=68 60 0 44 4 4
split_gain=1.52961 2.51095 0.651878 0.477415 0.623042 0.470559
threshold=752.01473999023449 0.0030000000260770325 3.1666666269302373 0.65886381268501293 0.005215203622356058 0.012527989223599436
decision_type=8 2 2 2 8 10
left_child=1 -1 3 4 -2 -3
right_child=2 5 -4 -5 -6 -7
leaf_value=0.013055728563047877 0 -0.0054845644291161479 0 0 -0.010598410951176324 0
leaf_weight=8.5942551940679568 0.93280683457851132 5.4528436027467242 2.0359758585691443 1.6208803206682194 7.8306805118918428 1.6128274947404859
leaf_count=57 9 43 11 10 97 11
internal_value=0 0.00608751 -0.00435771 -0.00704753 -0.00876685 -0.00155614
internal_weight=28.0803 15.6599 12.4203 10.3844 8.76349 7.06567
internal_count=238 111 127 116 106 54
is_linear=0
shrinkage=0.03


Tree=158
num_leaves=7
num_cat=0
split_feature=51 68 17 34 54 0
split_gain=1.24521 1.05629 1.0549 1.01306 0.671034 0.50975
threshold=-0.51844158768653859 313.60475158691412 0.89189520478248607 0.79708495736122142 0.50692990422248851 3.1666666269302373
decision_type=2 8 2 2 2 2
left_child=1 4 3 -2 -1 -3
right_child=2 5 -4 -5 -6 -7
leaf_value=-0.00065795132543705192 0.012225358384447833 -0.0091594471699688648 0 0 0.006827657085110829 0
leaf_weight=2.3003879114985475 9.5801366418600065 7.6044127307832241 1.3764134645462025 1.8321965672075737 3.7153843939304352 0.82975752651691426
leaf_count=18 66 98 10 16 22 5
internal_value=0.00119122 -0.00210424 0.00683707 0.00969999 0.00159536 -0.00743182
internal_weight=27.2387 14.4499 12.7887 11.4123 6.01577 8.43417
internal_count=235 143 92 82 40 103
is_linear=0
shrinkage=0.03


Tree=159
num_leaves=7
num_cat=0
split_feature=58 62 60 34 19 14
split_gain=1.93893 0.837008 0.830891 0.681266 0.745452 0.270479
threshold=1.0000000180025095e-35 0.89659997820854198 0.19040000438690188 0.77916738390922557 0.81449943780899059 1.4842136502265932
decision_type=2 2 2 2 2 2
left_child=2 5 3 4 -1 -2
right_child=1 -3 -4 -5 -6 -7
leaf_value=0.012821823537327715 0 0 0 0 0 -0.0088007313439369857
leaf_weight=10.460781496018177 0.82852282375097175 1.0358180105686177 2.9101751111447802 2.5221054926514617 1.5711382851004589 8.6339083239436132
leaf_count=68 5 6 26 22 10 101
internal_value=0.000937429 -0.00466722 0.00696386 0.00920318 0.0110555 -0.00785162
internal_weight=27.9624 10.4982 17.4642 14.554 12.0319 9.46243
internal_count=238 112 126 100 78 106
is_linear=0
shrinkage=0.03


Tree=160
num_leaves=7
num_cat=0
split_feature=58 0 62 54 55 28
split_gain=1.7456 1.99883 0.897767 0.202982 0.550184 0.0606306
threshold=0.011799999978393318 0.83333334326744091 0.55140000581741344 0.069159060716629042 -0.15479367971420285 0.520310938358307
decision_type=2 2 2 2 2 2
left_child=1 3 -2 -1 -5 -3
right_child=2 5 -4 4 -6 -7
leaf_value=0.00061909342882911732 -0.0086927496967701499 0.013099224881587076 0 0 -0.0065419467497483267 0
leaf_weight=1.7898656278848708 5.9443959407508364 8.03557390719652 1.1735956482589243 2.8834364898502844 5.7330977171659434 1.2919682599604119
leaf_count=8 84 55 8 20 50 11
internal_value=0.00134836 0.00646094 -0.00481478 0 -0.00309358 0.0125418
internal_weight=26.8519 19.7339 7.11799 10.4064 8.61653 9.32754
internal_count=236 144 92 78 70 66
is_linear=0
shrinkage=0.03


Tree=161
num_leaves=7
num_cat=0
split_feature=68 26 60 11 51 7
split_gain=1.66656 0.890205 0.850728 0.825502 0.599414 0.376689
threshold=505.51928710937506 0.14372427761554721 0.31399999558925634 7.5000000000000009 -0.38627026975154871 321.00000000000006
decision_type=8 2 2 2 2 2
left_child=2 -2 5 4 -3 -1
right_child=1 3 -4 -5 -6 -7
leaf_value=0.011313268707071758 0.00058922174434298386 -0.011548257587806976 0 0 0 0
leaf_weight=8.8819632083177584 4.6339954249560824 7.2778367511928055 2.2793280445039263 1.1980557702481736 1.6363342851400382 1.4723209142684925
leaf_count=60 28 98 18 8 12 11
internal_value=0.00100572 -0.00301991 0.00761368 -0.00712771 -0.00965932 0.0101033
internal_weight=27.3798 14.7462 12.6336 10.1122 8.91417 10.3543
internal_count=235 146 89 118 110 71
is_linear=0
shrinkage=0.03


Tree=162
num_leaves=7
num_cat=0
split_feature=68 60 11 51 30 7
split_gain=1.37209 1.3379 0.939552 0.939841 0.153558 0.111294
threshold=385.15440368652349 0.34340000152587896 5.6070852279663095 -0.4306392222642898 0.0243340227752924 321.00000000000006
decision_type=8 2 2 2 2 2
left_child=1 5 3 4 -2 -1
right_child=2 -3 -4 -5 -6 -7
leaf_value=0.011023856946033573 0 -0.00026202571780032275 0.00080492056287333256 0 -0.011031810331206864 0
leaf_weight=7.9694425612688082 0.69961984455585646 2.2923836037516585 2.8471127972006789 4.71193604171276 7.8791339471936226 1.6106191128492353
leaf_count=51 5 17 23 31 105 11
internal_value=0 0.00634409 -0.00368314 -0.00715351 -0.0104728 0.0103157
internal_weight=28.0102 11.8724 16.1378 13.2907 8.57875 9.58006
internal_count=243 79 164 141 110 62
is_linear=0
shrinkage=0.03


Tree=163
num_leaves=7
num_cat=0
split_feature=68 60 47 0 42 52
split_gain=2.06773 1.14152 1.01055 1.07664 0.644394 0.0494157
threshold=385.15440368652349 0.34340000152587896 0.085297085344791426 3.1666666269302373 0.18874773383140567 -0.38562110066413874
decision_type=8 2 2 2 2 2
left_child=1 -1 5 4 -4 -2
right_child=2 -3 3 -5 -6 -7
leaf_value=0.010996646850493584 0 0 0 0 -0.012639010498290268 0.0018803021000492564
leaf_weight=9.652093246579172 1.7828278839588163 1.924705609679221 1.6677035316824902 1.3795389533042897 8.5941144898533803 2.5791754648089436
leaf_count=65 10 15 19 9 108 13
internal_value=0 0.00790725 -0.00443679 -0.00810424 -0.0108616 1.05677e-06
internal_weight=27.5802 11.5768 16.0034 11.6414 10.2618 4.362
internal_count=239 80 159 136 127 23
is_linear=0
shrinkage=0.03


Tree=164
num_leaves=7
num_cat=0
split_feature=68 60 51 30 7 33
split_gain=0.981733 1.22733 1.15705 0.873439 0.401439 0.0921349
threshold=385.15440368652349 0.026600000448524955 -0.40207976102828974 0.12004877626895906 321.00000000000006 0.63803189992904674
decision_type=8 2 2 2 2 2
left_child=1 4 3 -2 -1 -3
right_child=2 5 -4 -5 -6 -7
leaf_value=0.010539100794853888 0 -0.0027038931710781991 0.00045374126825962102 -0.011391488692700607 0 0
leaf_weight=6.5739160701632517 3.038581468164919 2.4839854761958122 4.5499235317111006 7.9140762202441692 1.3552610948681829 1.6673623993992803
leaf_count=45 21 19 28 109 10 10
internal_value=0 0.00416679 -0.00442871 -0.0085691 0.00908435 -0.000768122
internal_weight=27.5831 12.0805 15.5026 10.9527 7.92918 4.15135
internal_count=242 84 158 130 55 29
is_linear=0
shrinkage=0.03


Tree=165
num_leaves=7
num_cat=0
split_feature=46 32 47 37 58 57
split_gain=1.73323 0.975778 0.443104 0.330005 0.307701 0.361245
threshold=0.081586226820945754 0.15498365461826327 0.79380273818969738 0.86705854535102855 0.01060000015422702 0.026200000196695331
decision_type=2 2 2 2 2 2
left_child=-1 4 3 -3 5 -2
right_child=1 2 -4 -5 -6 -7
leaf_value=0.0085535285481507517 0 -0.010336144415418217 0 0 -0.0003226650457989674 0.0064399166996180843
leaf_weight=7.6777662336826351 2.1998333409428614 7.2228186130523664 2.067769978195428 0.78019694238901127 1.8091550618410108 4.5099937468767166
leaf_count=48 15 94 23 10 16 26
internal_value=0.000105993 -0.00305575 -0.00755044 -0.00925789 0.000225714 0.00406889
internal_weight=26.2675 18.5898 10.0708 8.00302 8.51898 6.70983
internal_count=232 184 127 104 57 41
is_linear=0
shrinkage=0.03


Tree=166
num_leaves=7
num_cat=0
split_feature=58 34 19 38 38 68
split_gain=1.50183 1.20672 0.841283 1.09751 0.382305 0.226448
threshold=0.005799999926239253 0.80959230661392223 0.82340154051780712 0.26062692701816564 0.092824693769216551 171.88907623291018
decision_type=2 2 2 2 2 8
left_child=1 2 3 -1 -2 -6
right_child=4 -3 -4 -5 5 -7
leaf_value=0 0 -8.3976609447896077e-05 0 0.014417555988798698 0 -0.0076281230979573147
leaf_weight=4.6411503553390565 1.3377766087651242 2.5504428073763838 1.5915709696710099 8.6200068816542608 0.94268014281988133 5.2661252170801163
leaf_count=28 10 24 11 62 9 74
internal_value=0.000901205 0.00615931 0.00924802 0.0111323 -0.00440472 -0.0064985
internal_weight=24.9498 17.4032 14.8527 13.2612 7.54658 6.20881
internal_count=218 125 101 90 93 83
is_linear=0
shrinkage=0.03


Tree=167
num_leaves=7
num_cat=0
split_feature=58 35 28 62 55 17
split_gain=1.80191 0.822386 0.952436 0.535478 0.176865 0.170979
threshold=0.011799999978393318 0.32889331877231603 0.81790655851364147 0.55140000581741344 0.14431183785200122 0.89189520478248607
decision_type=2 2 2 2 2 2
left_child=1 -1 4 5 -3 -2
right_child=3 2 -4 -5 -6 -7
leaf_value=0 -0.0077233453056466395 0.01340548283160293 0 0 0 0
leaf_weight=6.5495482794940534 5.2877396978437892 8.3014518767595273 1.7064013369381417 0.81396193429827679 2.0234715193510047 0.66104119643568982
leaf_count=44 72 63 19 6 12 10
internal_value=0.00229874 0.00732227 0.0101563 -0.00405847 0.012409 -0.00689414
internal_weight=25.3436 18.5809 12.0313 6.76274 10.3249 5.94878
internal_count=226 138 94 88 75 82
is_linear=0
shrinkage=0.03


Tree=168
num_leaves=7
num_cat=0
split_feature=68 60 11 51 30 31
split_gain=1.44294 1.52499 0.805411 0.514608 0.446264 0.251351
threshold=667.86233520507824 0.31399999558925634 5.6070852279663095 -0.40207976102828974 0.6851727068424226 0.073563203215599074
decision_type=8 2 2 2 2 2
left_child=1 4 3 5 -1 -2
right_child=2 -3 -4 -5 -6 -7
leaf_value=0.01245712224186052 0 -0.00010124968064176373 0.00084342553354128523 0 0 -0.0098675423334135294
leaf_weight=9.0308781191706675 1.0071216262876976 3.0778113678097716 2.3278476335108271 2.4113758727908126 1.1571776121854771 6.2208625860512257
leaf_count=61 8 25 17 15 11 88
internal_value=0.00124382 0.00711931 -0.00281389 -0.00673194 0.0112423 -0.0088626
internal_weight=25.2331 13.2659 11.9672 9.63936 10.1881 7.22798
internal_count=225 97 128 111 72 96
is_linear=0
shrinkage=0.03


Tree=169
num_leaves=7
num_cat=0
split_feature=1 47 58 53 55 55
split_gain=1.1376 0.99329 0.881359 0.673274 0.865115 0.478455
threshold=0.83333334326744091 0.085297085344791426 0.009599999990314247 -0.23700707405805585 -0.15479367971420285 0.14269554615020755
decision_type=2 2 2 2 2 2
left_child=1 -1 5 4 -3 -2
right_child=2 3 -4 -5 -6 -7
leaf_value=0.00096218037518600182 0.01091852776536895 0 0 0 -0.011658583177401073 0
leaf_weight=3.2672370672226014 5.4928888529539091 4.297623664140704 2.2598063610494137 1.164469871670003 9.620943643152712 1.8836643621325491
leaf_count=17 41 38 32 8 106 11
internal_value=0 -0.00375951 0.0056333 -0.0071502 -0.00888528 0.00902829
internal_weight=27.9866 18.3503 9.63636 15.083 13.9186 7.37655
internal_count=253 169 84 152 144 52
is_linear=0
shrinkage=0.03


Tree=170
num_leaves=7
num_cat=0
split_feature=68 60 26 6 47 4
split_gain=1.30411 1.97215 1.01333 0.310289 0.173785 0.098146
threshold=50.487812042236335 0.0030000000260770325 0.16030008345842364 185.75000000000003 0.13558906316757205 0.0085945865139365214
decision_type=10 2 2 2 2 10
left_child=2 3 -1 -2 -3 -6
right_child=1 4 -4 -5 5 -7
leaf_value=0 0.012303508059609664 0 -0.0088016130773980617 0 -0.004377761987799017 0
leaf_weight=4.5722611322999018 8.0159922912716848 1.1237721368670452 7.8482884131371975 1.2249860502779473 4.3365385606884956 1.1151717081665991
leaf_count=29 58 7 86 10 42 10
internal_value=0 0.00521839 -0.00458184 0.0112794 -0.00134576 -0.00347348
internal_weight=28.237 15.8165 12.4205 9.24098 6.57548 5.45171
internal_count=242 127 115 68 59 52
is_linear=0
shrinkage=0.03


Tree=171
num_leaves=7
num_cat=0
split_feature=47 32 52 5 47 14
split_gain=1.25991 1.04204 0.585428 0.456025 0.0412781 0.0160622
threshold=0.087287481874227538 0.27426053583621984 -0.37571489810943598 0.044748857617378242 0.79380273818969738 13.089718341827394
decision_type=2 2 2 2 2 2
left_child=5 3 -3 4 -2 -1
right_child=1 2 -4 -5 -6 -7
leaf_value=0.0084348663434518356 -0.0017472068850728406 -0.0092668855073683009 0 0.005341596119556237 0 0
leaf_weight=4.6688086017966297 2.1695294789969943 7.8994064144790199 2.5587268732488111 5.6795389279723167 1.4574812352657316 1.7434618249535558
leaf_count=29 18 105 20 40 8 9
internal_value=0.00035703 -0.00191671 -0.00702711 0.00138354 0 0.00791886
internal_weight=26.177 19.7647 10.4581 9.30655 3.62701 6.41227
internal_count=229 191 125 66 26 38
is_linear=0
shrinkage=0.03


Tree=172
num_leaves=7
num_cat=0
split_feature=0 58 54 57 53 21
split_gain=1.01037 1.42842 0.762688 1.15507 0.263624 0.0390536
threshold=0.83333334326744091 0.009599999990314247 0.069159060716629042 0.32060000300407415 -0.22608545422554013 0.92408251762390148
decision_type=2 2 2 2 2 2
left_child=2 5 -1 4 -4 -2
right_child=1 -3 3 -5 -6 -7
leaf_value=0.00049327496575691339 0.011047375299659082 -0.00069121026062796435 -0.011114739633048114 0 0 0
leaf_weight=2.5768129229545655 5.9332947507500631 2.890158548951149 8.1281877681612986 5.0385054759681216 1.0685138404369308 1.3434186242520807
leaf_count=12 45 38 84 44 6 9
internal_value=0 0.00558925 -0.00322768 -0.00630258 -0.0102128 0.0105129
internal_weight=26.9789 10.1669 16.812 14.2352 9.1967 7.27671
internal_count=238 92 146 134 90 54
is_linear=0
shrinkage=0.03


Tree=173
num_leaves=7
num_cat=0
split_feature=58 50 47 62 17 2
split_gain=1.58616 1.1594 0.864049 0.613168 0.326203 0.281946
threshold=1.0000000180025095e-35 0.14968683570623401 0.8404977321624757 0.70939999818801891 0.021675205789506439 1.9959999918937685
decision_type=2 2 2 2 2 2
left_child=1 2 5 4 -2 -1
right_child=3 -3 -4 -5 -6 -7
leaf_value=0.012504662623169426 0 0 0 0 -0.0093809360043613805 0
leaf_weight=7.7308387830853516 0.64487712085246673 5.9571169689297667 1.6618579626083363 0.86938968300819475 7.9010065384209156 1.6183413304388521
leaf_count=49 5 48 16 7 94 13
internal_value=0 0.00508622 0.00910311 -0.00613136 -0.00831336 0.0114094
internal_weight=26.3834 16.9682 11.011 9.41527 8.54588 9.34918
internal_count=232 126 78 106 99 62
is_linear=0
shrinkage=0.03


Tree=174
num_leaves=7
num_cat=0
split_feature=68 60 46 4 7 15
split_gain=1.02472 1.02743 0.787201 0.478198 0.316111 0.238917
threshold=529.38558959960949 0.0030000000260770325 0.07509393617510797 0.0050959466025233277 294.50000000000006 5.6700842380523691
decision_type=8 2 2 8 2 2
left_child=1 4 -2 -4 -1 -5
right_child=2 -3 3 5 -6 -7
leaf_value=0.0097795525593078973 0 -2.4077571463487757e-05 0 -0.010217218262332149 0 0
leaf_weight=5.8217756450176257 1.9969497472047795 6.3437094017863274 1.0957887358963461 8.8915303181856853 1.22342973947525 0.86601185798645097
leaf_count=38 10 50 13 110 9 6
internal_value=0 0.00360531 -0.00520151 -0.00797629 0.00849024 -0.00943041
internal_weight=26.2392 13.3889 12.8503 10.8533 7.04521 9.75754
internal_count=236 97 139 129 47 116
is_linear=0
shrinkage=0.03


Tree=175
num_leaves=7
num_cat=0
split_feature=68 60 0 45 44 57
split_gain=2.11785 1.58347 0.881004 0.741464 0.212853 0.118851
threshold=752.01473999023449 0.0030000000260770325 3.1666666269302373 0.058614067733287818 0.062766630202531828 0.89219999313354503
decision_type=8 2 2 2 2 2
left_child=1 5 3 -2 -5 -1
right_child=2 -3 -4 4 -6 -7
leaf_value=0.011877106478724246 0 0 0 0 -0.011942819636803862 0
leaf_weight=7.9769200608134287 1.2696657106280316 6.4828558303415766 2.02465496957302 0.61380062997340967 7.9064717255532742 1.3963732309639452
leaf_count=57 7 50 12 4 108 9
internal_value=0 0.00623088 -0.00643109 -0.00925506 -0.0112943 0.0111972
internal_weight=27.6707 15.8561 11.8146 9.78994 8.52027 9.37329
internal_count=247 116 131 119 112 66
is_linear=0
shrinkage=0.03


Tree=176
num_leaves=7
num_cat=0
split_feature=68 60 11 6 56 24
split_gain=0.872883 0.88883 0.771136 0.562863 0.35277 0.180381
threshold=752.01473999023449 0.31399999558925634 5.6070852279663095 185.75000000000003 -0.36945162713527674 0.12352829426527025
decision_type=8 2 2 2 2 2
left_child=1 3 4 -1 5 -2
right_child=2 -3 -4 -5 -6 -7
leaf_value=0.0093993055243748024 0 0 0 0 0 -0.0097793041761901449
leaf_weight=9.6522349081933516 1.6252825781702984 3.0108633562922469 2.1269865706562987 1.2202804759144772 1.5301311425864685 5.9958728905767202
leaf_count=70 13 25 16 8 13 79
internal_value=0 0.0042416 -0.00408976 0.0076754 -0.00740424 -0.00880914
internal_weight=25.1617 13.8834 11.2783 10.8725 9.15129 7.62116
internal_count=224 103 121 78 105 92
is_linear=0
shrinkage=0.03


Tree=177
num_leaves=7
num_cat=0
split_feature=62 30 60 36 6 6
split_gain=1.1796 1.06331 0.76492 0.334073 0.0944105 0.0755639
threshold=0.0010000000183936211 0.13510000705718997 0.0061999999452382335 0.84326621890068065 72.133331298828139 80.041667938232436
decision_type=2 2 2 2 2 2
left_child=1 5 3 4 -2 -1
right_child=2 -3 -4 -5 -6 -7
leaf_value=0 0.011207119427590378 -0.0077690326760577084 0 0 0 0.0030131329772964772
leaf_weight=1.638336069881918 6.9403299391269666 6.8372006583958864 5.967950325459241 1.5423211678862561 1.428097568452358 2.2838580831885338
leaf_count=12 48 95 51 10 8 12
internal_value=0.00160848 -0.00222524 0.00638078 0.0093538 0.0105456 0.00176798
internal_weight=26.6381 10.7594 15.8787 9.91075 8.36843 3.92219
internal_count=236 119 117 66 56 24
is_linear=0
shrinkage=0.03


Tree=178
num_leaves=6
num_cat=0
split_feature=58 36 17 50 44
split_gain=1.84652 1.31932 0.814969 0.420365 0.320268
threshold=0.011799999978393318 0.79395568370819103 0.80976635217666637 -0.023702638223767277 0.46435987949371343
decision_type=2 2 2 2 2
left_child=1 2 3 -1 -2
right_child=4 -3 -4 -5 -6
leaf_value=0 -0.008207279984532273 -0.0010198095385674185 0 0.011566993336150544 0
leaf_weight=1.4008708596229613 5.6571319028735152 2.8983918465673915 2.0664387494325629 13.776774264872076 0.67414654418826092
leaf_count=11 85 27 16 96 5
internal_value=0 0.00545044 0.00871542 0.0105511 -0.00685049
internal_weight=26.4738 20.1425 17.2441 15.1776 6.33128
internal_count=240 150 123 107 90
is_linear=0
shrinkage=0.03


Tree=179
num_leaves=7
num_cat=0
split_feature=68 6 38 48 37 58
split_gain=1.44065 0.689676 0.559638 0.49666 0.305014 0.103748
threshold=667.86233520507824 192.00000000000003 0.53331512212753307 -0.32985320687294001 0.25891791284084326 0.0038000000640749936
decision_type=8 2 2 2 2 2
left_child=1 3 -2 -1 -5 -4
right_child=2 -3 5 4 -6 -7
leaf_value=0 -0.006608218862155798 0 0.0024969208089894732 0 0.011977788592598843 0
leaf_weight=1.7961098253726948 5.2478504721075279 1.3215148635208596 4.9765678830444813 2.5223917365074175 7.7112190797924995 1.7167562767863271
leaf_count=14 67 11 37 18 59 28
internal_value=0.00135038 0.00716494 -0.00271873 0.00908801 0.0105837 0
internal_weight=25.2924 13.3512 11.9412 12.0297 10.2336 6.69332
internal_count=234 102 132 91 77 65
is_linear=0
shrinkage=0.03


Tree=180
num_leaves=7
num_cat=0
split_feature=58 0 62 21 42 14
split_gain=0.84481 1.00372 0.588401 0.313877 0.314584 0.290735
threshold=0.011799999978393318 0.83333334326744091 0.55140000581741344 0.26361444592475897 0.22498039156198504 13.604084968566896
decision_type=2 2 2 2 2 2
left_child=1 3 -2 -1 -5 -3
right_child=2 5 -4 4 -6 -7
leaf_value=0.0014783028103850264 -0.0079609009309196607 0.009858603598592806 0 0 -0.0056136192009368976 0
leaf_weight=2.5841848924756112 5.4419297464191905 5.1890376769006243 0.91120761260390271 1.5496160946786384 7.0760902538895607 1.9360516034066675
leaf_count=13 78 42 7 10 59 13
internal_value=0 0.00331427 -0.0052404 0 -0.00370002 0.00842168
internal_weight=24.6881 18.335 6.35314 11.2099 8.62571 7.12509
internal_count=222 137 85 82 69 55
is_linear=0
shrinkage=0.03


Tree=181
num_leaves=7
num_cat=0
split_feature=1 54 58 42 32 48
split_gain=1.26616 1.19069 1.1627 0.553351 0.319653 0.00761992
threshold=0.83333334326744091 0.069159060716629042 0.009599999990314247 0.23753813654184344 0.82274550199508678 -0.23816646635532376
decision_type=2 2 2 2 2 2
left_child=1 -1 -2 5 -5 -3
right_child=2 3 -4 4 -6 -7
leaf_value=0.0028654351374233105 0.010894898614524019 0.00077969622525594733 0 -0.010115507711721206 0 0
leaf_weight=2.6600421369075837 6.8231751099228841 1.2808561436831953 2.2849163748323917 8.9864047244191152 1.5124655403196801 2.5442676134407511
leaf_count=12 50 9 33 86 17 32
internal_value=9.08501e-05 -0.00264918 0.00705275 -0.00689698 -0.00898551 0
internal_weight=26.0921 16.984 9.10809 14.324 10.4989 3.82512
internal_count=239 156 83 144 103 41
is_linear=0
shrinkage=0.03


Tree=182
num_leaves=7
num_cat=0
split_feature=58 17 3 44 50 45
split_gain=0.907024 1.34305 0.394615 0.387854 0.258453 0.182358
threshold=1.0000000180025095e-35 0.51415646076202404 6.0000000000000009 0.351733148097992 0.25274411588907247 0.065303474664688124
decision_type=2 2 2 2 2 2
left_child=1 3 4 -1 -2 -3
right_child=2 5 -4 -5 -6 -7
leaf_value=0.010858656143782322 -0.007353205737539649 0 0 0 0 -0.0035587619447867438
leaf_weight=6.8788618817925506 7.617307392880317 1.0950756222009648 0.89537909626960832 4.6064774505794048 1.1306891478598116 4.470206655561924
leaf_count=49 96 6 8 32 10 42
internal_value=0 0.00408555 -0.00430943 0.00873977 -0.00619691 -0.00110889
internal_weight=26.694 17.0506 9.64338 11.4853 8.748 5.56528
internal_count=243 129 114 81 106 48
is_linear=0
shrinkage=0.03


Tree=183
num_leaves=7
num_cat=0
split_feature=58 34 60 62 17 50
split_gain=1.30769 1.19622 0.946428 0.560521 0.285385 0.256171
threshold=1.0000000180025095e-35 0.77916738390922557 0.25939999520778662 0.92620000243186962 0.82969683408737194 0.25274411588907247
decision_type=2 2 2 2 2 2
left_child=1 2 4 5 -1 -2
right_child=3 -3 -4 -5 -6 -7
leaf_value=0.01289981678045945 -0.0071726688053894124 0 0 0 0 0
leaf_weight=9.3946252204477805 7.9011094663292152 2.8222822323441497 2.2651438936591139 1.0061521604657162 1.4694853276014317 1.3703294694423673
leaf_count=66 96 27 19 6 9 14
internal_value=0.00118828 0.00633696 0.00957101 -0.00302814 0.0119321 -0.00598543
internal_weight=26.2291 15.9515 13.1293 10.2776 10.8641 9.27144
internal_count=237 121 94 116 75 110
is_linear=0
shrinkage=0.03


Tree=184
num_leaves=7
num_cat=0
split_feature=62 30 55 29 61 4
split_gain=1.05738 0.653837 0.62166 0.750795 0.12089 0.0102915
threshold=0.0010000000183936211 0.13510000705718997 0.14431183785200122 0.25961717963218695 0.0022000001044943933 0.034439895302057273
decision_type=2 2 2 2 2 8
left_child=1 5 3 -2 -3 -1
right_child=2 4 -4 -5 -6 -7
leaf_value=0.00086536708470782596 0 -0.0076380799718877663 0 0.010240177909690866 0 0
leaf_weight=2.36855208873749 3.4292661733925334 5.2894230969250202 2.9105726778507224 9.0810776911675912 0.67791289836168278 1.3879071511328218
leaf_count=14 24 86 20 71 5 11
internal_value=0.000499002 -0.00314214 0.00548809 0.00767258 -0.00700352 0
internal_weight=25.1447 9.7238 15.4209 12.5103 5.96734 3.75646
internal_count=231 116 115 95 91 25
is_linear=0
shrinkage=0.03


Tree=185
num_leaves=7
num_cat=0
split_feature=58 35 34 62 50 4
split_gain=1.14804 0.737132 0.654009 0.315423 0.243127 0.257401
threshold=1.0000000180025095e-35 0.32889331877231603 0.77916738390922557 0.92620000243186962 0.25274411588907247 0.0079052620567381399
decision_type=2 2 2 2 2 10
left_child=1 -1 -3 4 5 -2
right_child=3 2 -4 -5 -6 -7
leaf_value=0 -0.0070107960706362266 0.011779318554939241 0 0 0 0
leaf_weight=6.6267002858221593 5.7222560606896842 7.974577743560074 2.3195316083729267 0.90372312068939287 1.1605400294065473 2.0169861391186714
leaf_count=44 74 59 20 5 11 21
internal_value=0.00259425 0.00679226 0.00968967 -0.00139274 -0.0041295 -0.00552299
internal_weight=26.7243 16.9208 10.2941 9.80351 8.89978 7.73924
internal_count=234 123 79 111 106 95
is_linear=0
shrinkage=0.03


Tree=186
num_leaves=7
num_cat=0
split_feature=51 50 68 1 48 22
split_gain=0.987093 0.722156 0.544998 0.401609 0.298898 0.150414
threshold=-0.51844158768653859 0.15126202255487445 292.94918823242193 1.1666666865348818 -0.18684633076190946 0.11548638716340066
decision_type=2 2 8 2 2 2
left_child=2 5 4 -4 -1 -2
right_child=1 -3 3 -5 -6 -7
leaf_value=0.0046230926531597742 0 0 -0.0078104877650159877 0 -0.00010529713385601494 0.0098170916009919854
leaf_weight=2.5799087956547737 1.6351291462779025 5.1513964198529711 5.3477650023996839 2.2073455527424812 2.4117315039038667 6.8991932347416878
leaf_count=15 10 44 79 20 19 49
internal_value=0.00104136 0.00596707 -0.0019339 -0.00572223 0 0.00897602
internal_weight=26.2325 13.6857 12.5468 7.55511 4.99164 8.53432
internal_count=236 103 133 99 34 59
is_linear=0
shrinkage=0.03


Tree=187
num_leaves=7
num_cat=0
split_feature=51 68 50 48 11 22
split_gain=0.75417 1.00626 0.946101 0.454328 0.43589 0.362216
threshold=-0.51844158768653859 292.94918823242193 0.15375538915395739 -0.13797362893819806 6.5000000000000009 0.18465863913297656
decision_type=2 8 2 2 2 2
left_child=1 3 5 -1 -3 -2
right_child=2 4 -4 -5 -6 -7
leaf_value=0.0059316053008857308 0 -0.0090099278699855082 0 0 0 0.010325068575182254
leaf_weight=2.7176064923405647 1.8262993916869144 6.7534965816885233 4.4518142230808726 2.2796071171760568 1.3150684647262094 6.4792973138391972
leaf_count=16 12 98 35 16 11 47
internal_value=0.00018526 -0.00208901 0.00504544 0.00160349 -0.00731838 0.00884097
internal_weight=25.8232 13.0658 12.7574 4.99721 8.06857 8.3056
internal_count=235 141 94 32 109 59
is_linear=0
shrinkage=0.03


Tree=188
num_leaves=7
num_cat=0
split_feature=54 68 11 0 46 30
split_gain=1.29754 1.58184 0.963888 0.296479 0.291922 0.229093
threshold=0.069159060716629042 385.15440368652349 5.6070852279663095 3.1666666269302373 0.19557714462280276 0.37630313634872442
decision_type=2 8 2 2 2 2
left_child=-1 4 3 -3 -2 -6
right_child=1 2 -4 -5 5 -7
leaf_value=0.0067010152447700838 0 -0.012617534598743454 0 0 0.0058610409276872747 0
leaf_weight=4.3913426175713566 4.4089796915650386 9.2447056788951141 1.9621087759733189 1.0006962865591038 4.108794130384922 1.3373213373124597
leaf_count=24 34 121 18 6 26 12
internal_value=0 -0.00403324 -0.00932114 -0.0117539 0.000890605 0.00424606
internal_weight=26.4539 22.0626 12.2075 10.2454 9.8551 5.44612
internal_count=241 217 145 127 72 38
is_linear=0
shrinkage=0.03


Tree=189
num_leaves=7
num_cat=0
split_feature=68 60 54 0 68 30
split_gain=1.24952 1.16261 0.588692 0.794616 0.381254 0.151416
threshold=697.16046142578136 0.31399999558925634 0.069159060716629042 3.1666666269302373 36.717102050781257 0.84136217832565319
decision_type=8 2 2 2 10 2
left_child=1 4 -2 5 -1 -4
right_child=2 -3 3 -5 -6 -7
leaf_value=0 0 0 -0.0096190526391370466 0 0.011009992678281661 0
leaf_weight=1.9129521399736429 2.1235265806317321 2.8515056744217864 7.1341572441160661 1.7341545224189756 9.1767738014459592 0.8216682020574807
leaf_count=14 10 24 91 10 68 16
internal_value=0.000640519 0.00624976 -0.0030589 -0.00610526 0.00969302 -0.00898347
internal_weight=25.7547 13.9412 11.8135 9.68998 11.0897 7.95583
internal_count=233 106 127 117 82 107
is_linear=0
shrinkage=0.03


Tree=190
num_leaves=7
num_cat=0
split_feature=68 60 9 41 4 52
split_gain=1.17422 1.5033 0.634032 0.598106 0.153367 0.220874
threshold=752.01473999023449 0.0030000000260770325 5.1666667461395273 0.031330440193414695 0.012527989223599436 -0.35618743300437922
decision_type=8 2 2 2 10 2
left_child=1 -1 3 -2 5 -3
right_child=2 4 -4 -5 -6 -7
leaf_value=0.010959509581870348 0 -0.0050216448753942254 0 -0.0085402806798178157 0 0
leaf_weight=7.8554098680615443 1.0850278139114369 3.3567752391099925 1.3638327717781056 8.8470632117241603 1.6596518233418462 1.79580944031477
leaf_count=57 9 28 8 112 13 12
internal_value=0.000125688 0.00566506 -0.0035323 -0.00647762 0 -0.00301817
internal_weight=25.9636 14.6676 11.2959 9.93209 6.81224 5.15258
internal_count=239 110 129 121 53 40
is_linear=0
shrinkage=0.03


Tree=191
num_leaves=7
num_cat=0
split_feature=68 60 26 6 9 68
split_gain=0.99022 1.44945 1.14065 0.78383 0.42138 0.320148
threshold=50.487812042236335 0.31399999558925634 0.10526142641901971 192.00000000000003 4.6666667461395273 752.01473999023449
decision_type=10 2 2 2 2 10
left_child=2 3 -1 5 -4 -2
right_child=1 -3 4 -5 -6 -7
leaf_value=0.0015848888350521563 0.012615705456254253 -0.0015373898969043053 -0.0095345050077626902 0 0 0
leaf_weight=2.2942041866481331 8.1994905322790128 2.3035570681095114 8.0249297898262704 1.16108914092183 0.85703265666961748 1.6116036195307959
leaf_count=15 63 26 92 11 6 18
internal_value=0 0.00519247 -0.00352846 0.00952566 -0.00816675 0.0114745
internal_weight=24.4519 13.2757 11.1762 10.9722 8.88196 9.81109
internal_count=231 118 113 92 98 81
is_linear=0
shrinkage=0.03


Tree=192
num_leaves=7
num_cat=0
split_feature=0 68 14 14 32 50
split_gain=0.997274 0.831698 0.425731 0.410261 0.14438 0.0750781
threshold=1.8333333134651186 529.38558959960949 15.311172962188722 8.2942690849304217 0.88642621040344249 0.15898903459310534
decision_type=2 8 2 2 2 2
left_child=1 5 4 -2 -3 -1
right_child=3 2 -4 -5 -6 -7
leaf_value=0.0020410803104393923 0.0069277968137066038 -0.010066128687970046 0 0 0 -7.0374877161140598e-05
leaf_weight=6.203604452311998 4.4473153203725806 8.1098905727267212 0.91685096919536668 2.3069930672645569 0.76644888333976346 3.3046358935534954
leaf_count=38 39 103 7 17 11 27
internal_value=0 -0.00442366 -0.00817231 0.00439858 -0.00950415 0
internal_weight=26.0557 19.3014 9.79319 6.75431 8.87634 9.50824
internal_count=242 186 121 56 114 65
is_linear=0
shrinkage=0.03


Tree=193
num_leaves=7
num_cat=0
split_feature=68 60 11 51 7 4
split_gain=0.674145 1.34372 0.567423 0.482226 0.438594 0.212613
threshold=752.01473999023449 0.0030000000260770325 5.6070852279663095 -0.40207976102828974 388.00000000000006 0.012527989223599436
decision_type=8 2 2 2 2 10
left_child=1 4 3 -2 -1 -3
right_child=2 5 -4 -5 -6 -7
leaf_value=0.010411921254023746 -0.008782708662944682 -0.0038937565323372836 0 0 0 0
leaf_weight=6.8625226803123969 6.8045617565512648 4.6805008165538302 1.85720670595765 2.4256828874349585 1.1555256173014639 1.3468863964080808
leaf_count=51 100 37 16 17 9 11
internal_value=0 0.00325765 -0.00408304 -0.00669607 0.00891897 -0.00139578
internal_weight=25.1329 14.0454 11.0875 9.23024 8.01805 6.02739
internal_count=241 108 133 117 60 48
is_linear=0
shrinkage=0.03


Tree=194
num_leaves=7
num_cat=0
split_feature=1 47 53 58 33 49
split_gain=0.634704 1.19157 0.961946 0.746677 0.515488 0.44561
threshold=0.83333334326744091 0.085297085344791426 -0.22608545422554013 0.009599999990314247 0.23355001211166385 0.14659953117370608
decision_type=2 2 2 2 2 2
left_child=1 -1 4 5 -3 -2
right_child=3 2 -4 -5 -6 -7
leaf_value=0.003438736006147853 0.010058364910131592 0 0 0 -0.010657920847101066 0
leaf_weight=3.5696264207363191 5.5101872235536558 1.451815921813252 1.4257715269923164 2.1326447706669569 10.395553715527056 1.8378897085785864
leaf_count=18 44 18 8 34 114 11
internal_value=0 -0.00167282 -0.00651247 0.0050465 -0.00920909 0.00820577
internal_weight=26.3235 16.8428 13.2731 9.48072 11.8474 7.34808
internal_count=247 158 140 89 132 55
is_linear=0
shrinkage=0.03


Tree=195
num_leaves=7
num_cat=0
split_feature=68 6 11 51 30 30
split_gain=0.927689 0.528824 0.50741 0.427978 0.182607 0.127589
threshold=697.16046142578136 195.87500000000003 5.6070852279663095 -0.38627026975154871 0.020111607387661937 0.3257004469633103
decision_type=8 2 2 2 2 2
left_child=1 5 3 4 -2 -1
right_child=2 -3 -4 -5 -6 -7
leaf_value=0.0081453581400063105 0 0 0 0 -0.0088925979947986258 0
leaf_weight=7.2565001770854014 0.53009796142578025 1.314970277249812 1.6760161109268654 1.5055815801024426 6.2746585533022881 4.5515920892357826
leaf_count=49 3 11 15 10 91 39
internal_value=0 0.0048954 -0.00374813 -0.00634625 -0.00817338 0.0068727
internal_weight=23.1094 13.1231 9.98635 8.31034 6.80476 11.8081
internal_count=218 99 119 104 94 88
is_linear=0
shrinkage=0.03


Tree=196
num_leaves=7
num_cat=0
split_feature=68 60 6 11 44 44
split_gain=1.08392 1.22861 0.640807 0.472836 0.306253 0.2538
threshold=752.01473999023449 0.31399999558925634 185.75000000000003 5.6070852279663095 0.062766630202531828 0.65886381268501293
decision_type=8 2 2 2 2 2
left_child=1 2 -1 4 -2 -6
right_child=3 -3 -4 -5 5 -7
leaf_value=0.011388775381947472 0 0 0 0 -0.0079336039446630657 0
leaf_weight=9.7577368728816527 0.81554060429334541 2.978725839406251 1.4496262744069088 2.0700649172067633 6.8021252490580064 1.4239891394972799
leaf_count=72 5 25 10 17 94 8
internal_value=0.000961222 0.00603259 0.00967697 -0.00246194 -0.00539153 -0.00674477
internal_weight=25.2978 14.1861 11.2074 11.1117 9.04165 8.22611
internal_count=231 107 82 124 107 102
is_linear=0
shrinkage=0.03


Tree=197
num_leaves=7
num_cat=0
split_feature=51 28 50 29 22 68
split_gain=1.31167 0.891541 0.73853 0.358816 0.2814 0.0656387
threshold=-0.51844158768653859 0.10189286246895791 0.15126202255487445 0.2463038116693497 0.11548638716340066 414.06513977050787
decision_type=2 2 2 2 2 8
left_child=1 5 4 -3 -2 -1
right_child=2 3 -4 -5 -6 -7
leaf_value=0.0021930313776657062 0 0 0 -0.0089144846227209897 0.010495131374389533 0
leaf_weight=2.3949236795306232 1.7012560293078403 0.92742816358804514 4.2774405926465979 7.4420744348317385 6.6932994797825813 1.9116327501833437
leaf_count=16 11 13 35 99 47 15
internal_value=0.000212454 -0.0033946 0.00637288 -0.00760763 0.00928398 0.000193767
internal_weight=25.3481 12.6761 12.672 8.3695 8.39456 4.30656
internal_count=236 143 93 112 58 31
is_linear=0
shrinkage=0.03


Tree=198
num_leaves=7
num_cat=0
split_feature=54 33 53 14 35 34
split_gain=1.03461 1.41566 0.477645 0.298981 0.277066 0.355109
threshold=0.069159060716629042 0.63803189992904674 -0.22608545422554013 1.3474708795547488 0.36522072553634649 0.76888278126716625
decision_type=2 2 2 2 2 2
left_child=-1 2 3 -2 -3 -6
right_child=1 4 -4 -5 5 -7
leaf_value=0.0065771489266393353 0 0 0 -0.010733731385675729 0.0059822475373571158 0
leaf_weight=4.0502005070447948 0.77192693948745983 2.0469264984130842 1.1184080354869355 9.6990354303270561 6.6479384191334248 1.2649504449218509
leaf_count=23 5 19 8 108 56 16
internal_value=0 -0.00320144 -0.00852935 -0.00988554 0.00115934 0.00392662
internal_weight=25.5994 21.5492 11.5894 10.471 9.95982 7.91289
internal_count=235 212 121 113 91 72
is_linear=0
shrinkage=0.03


Tree=199
num_leaves=7
num_cat=0
split_feature=68 60 55 7 52 43
split_gain=0.678925 1.78354 0.541832 0.347364 0.300184 0.244902
threshold=752.01473999023449 0.31399999558925634 0.14431183785200122 397.00000000000006 -0.38562110066413874 0.14653412997722629
decision_type=8 2 2 2 2 2
left_child=1 2 3 -1 5 -2
right_child=4 -3 -4 -5 -6 -7
leaf_value=0.012778814757922372 0 -0.002377214963495492 0 0 0 -0.0057058553987213252
leaf_weight=7.9179356470704096 0.8537842109799384 3.0843229703605166 1.6185680665075768 1.2586444765329359 2.7307474203407747 6.3869307115674019
leaf_count=58 5 26 13 8 21 90
internal_value=0.000882183 0.00498936 0.0101104 0.0116738 -0.00146612 -0.00426148
internal_weight=23.8509 13.8795 10.7951 9.17658 9.97146 7.24071
internal_count=221 105 79 66 116 95
is_linear=0
shrinkage=0.03


Tree=200
num_leaves=7
num_cat=0
split_feature=58 60 28 59 68 49
split_gain=1.18944 0.861931 0.826575 0.509555 0.207076 0.00160994
threshold=0.011799999978393318 0.16399999707937243 0.74747824668884288 0.64460000395774852 125.49837112426759 0.048165421932935722
decision_type=2 2 2 2 8 2
left_child=1 2 3 -1 -2 -3
right_child=4 5 -4 -5 -6 -7
leaf_value=0.010974653795168819 0 0 0 0 -0.0066005205544647548 -0.00034315102742799112
leaf_weight=11.523529559373861 1.2161264196038235 1.1498623080551618 1.8350092209875573 1.5722039975225914 4.7533283792436123 2.3050272427499294
leaf_count=76 9 11 19 13 78 22
internal_value=0 0.00465127 0.00746647 0.00961185 -0.00534591 0
internal_weight=24.3551 18.3856 14.9307 13.0957 5.96945 3.45489
internal_count=228 141 108 89 87 33
is_linear=0
shrinkage=0.03


Tree=201
num_leaves=6
num_cat=0
split_feature=0 47 53 57 14
split_gain=0.928786 0.89005 0.755401 0.768829 0.376246
threshold=1.8333333134651186 0.085297085344791426 -0.22608545422554013 0.87619999051094066 13.609868049621584
decision_type=2 2 2 2 2
left_child=1 -1 3 -3 -2
right_child=4 2 -4 -5 -6
leaf_value=3.7574633967718555e-05 0.0064659036261240687 -0.011437254636373928 0 0 0
leaf_weight=3.2819953709840837 5.406763616949319 10.665251359343531 1.3493736721575214 3.3463665731251231 1.4292298220098016
leaf_count=18 46 131 8 26 10
internal_value=0 -0.00430323 -0.00724563 -0.00915223 0.00425979
internal_weight=25.479 18.643 15.361 14.0116 6.83599
internal_count=239 183 165 157 56
is_linear=0
shrinkage=0.03


Tree=202
num_leaves=7
num_cat=0
split_feature=68 60 11 4 56 7
split_gain=0.713133 1.61524 0.596517 0.438657 0.225344 0.106083
threshold=752.01473999023449 0.0030000000260770325 5.6070852279663095 0.012527989223599436 -0.37773197889327997 371.50000000000006
decision_type=8 2 2 10 2 2
left_child=1 5 4 -3 -2 -1
right_child=2 3 -4 -5 -6 -7
leaf_value=0.0098983914563885566 -0.0083503188191505467 -0.0056750301886863115 0 0 0 0
leaf_weight=7.3740790784358996 6.4620426241308442 4.7593163214623919 1.8863703422248352 1.5992794930934904 2.3306422643363467 1.1566074378788469
leaf_count=56 91 40 17 13 19 8
internal_value=0 0.0030638 -0.00444288 -0.00221897 -0.00709143 0.00931185
internal_weight=25.5683 14.8893 10.6791 6.3586 8.79268 8.53069
internal_count=244 117 127 53 110 64
is_linear=0
shrinkage=0.03


Tree=203
num_leaves=7
num_cat=0
split_feature=68 60 26 7 56 56
split_gain=0.487254 1.29549 0.630669 0.409722 0.403741 0.14024
threshold=50.487812042236335 0.0030000000260770325 0.14372427761554721 379.50000000000006 -0.36945162713527674 -0.32746349275112147
decision_type=10 2 2 2 2 2
left_child=2 3 -1 -2 -4 -3
right_child=1 5 4 -5 -6 -7
leaf_value=0 0.010121926576096339 -0.0033056509075661497 -0.0083486673803710096 0 0 0
leaf_weight=3.5784327276051062 6.9697162974625808 4.6422683913260698 6.2380433417856693 1.4055193737149236 1.2139445841312406 1.0469683334231366
leaf_count=23 52 49 81 14 12 7
internal_value=0 0.00314289 -0.0030902 0.00863418 -0.00663559 -0.00146745
internal_weight=25.0949 14.0645 11.0304 8.37524 7.45199 5.68924
internal_count=238 122 116 66 93 56
is_linear=0
shrinkage=0.03


Tree=204
num_leaves=7
num_cat=0
split_feature=51 24 27 36 25 17
split_gain=0.661542 0.681342 0.520557 0.349464 0.265902 0.0284847
threshold=-0.50530260801315297 0.1770737171173096 0.3617959469556809 0.75758782029151928 0.92418843507766735 0.10218383744359018
decision_type=2 2 2 2 2 2
left_child=1 -1 -2 -4 5 -3
right_child=2 4 3 -5 -6 -7
leaf_value=0 0 0 0.0085867753522107185 0 0 -0.0083887933105791009
leaf_weight=4.9452328942716139 4.5611957162618619 0.64590356498956669 5.6167957708239555 1.8689386658370493 0.6704859323799609 5.7036341372877359
leaf_count=37 28 6 48 17 8 83
internal_value=0 -0.00321429 0.00408804 0.00691844 -0.00702582 -0.0081255
internal_weight=24.0122 11.9653 12.0469 7.48573 7.02002 6.34954
internal_count=227 134 93 65 97 89
is_linear=0
shrinkage=0.03


Tree=205
num_leaves=7
num_cat=0
split_feature=60 68 1 7 32 26
split_gain=0.958315 1.31163 0.608708 0.479888 0.374721 0.18032
threshold=0.0030000000260770325 752.01473999023449 0.83333334326744091 397.00000000000006 0.82274550199508678 0.16030008345842364
decision_type=2 8 2 2 2 2
left_child=1 3 4 -1 -2 -3
right_child=2 5 -4 -5 -6 -7
leaf_value=0.011450336235429251 -0.0083846258068905766 0 0 0 0 -0.0031617529962457256
leaf_weight=7.0666184648871475 5.9678911808878166 2.590038947761057 1.9210278950631616 1.2615428194403646 1.1809488125145433 6.2341692205518484
leaf_count=53 66 16 18 9 13 77
internal_value=8.27791e-05 0.00479867 -0.00352896 0.00992577 -0.00676717 0
internal_weight=26.2222 17.1524 9.06987 8.32816 7.14884 8.82421
internal_count=252 155 97 62 79 93
is_linear=0
shrinkage=0.03


Tree=206
num_leaves=7
num_cat=0
split_feature=32 58 60 44 2 23
split_gain=0.800171 0.628099 0.651527 0.589708 0.450482 0.354344
threshold=0.27426053583621984 0.045199999585747726 0.19040000438690188 0.65886381268501293 1.4670542478561404 0.92635458707809459
decision_type=2 2 2 2 2 2
left_child=1 2 4 5 -1 -2
right_child=3 -3 -4 -5 -6 -7
leaf_value=0.010645098686324739 -0.0074543315222158884 0 0 0 0 0
leaf_weight=8.3123199976980704 8.9281306192278844 1.3073081076145161 1.39760261774063 1.6796420440077771 2.0579048618674269 1.0517480876296748
leaf_count=57 108 16 10 10 14 14
internal_value=0 0.00473807 0.00705454 -0.00305488 0.00905356 -0.00605644
internal_weight=24.7347 13.0751 11.7678 11.6595 10.3702 9.97988
internal_count=229 97 81 132 71 122
is_linear=0
shrinkage=0.03


Tree=207
num_leaves=7
num_cat=0
split_feature=58 19 39 62 21 4
split_gain=0.601647 0.633564 0.467784 0.394507 0.208433 0.23935
threshold=1.0000000180025095e-35 0.47075448930263525 0.20223893225193026 0.89659997820854198 0.88802599906921398 0.014416149351745846
decision_type=2 2 2 2 2 10
left_child=1 2 -1 4 5 -2
right_child=3 -3 -4 -5 -6 -7
leaf_value=0.0086381585252112408 -0.0070567427886175172 0 0 0 0 0
leaf_weight=9.2878948450088519 7.1117320284247363 5.0352483093738547 1.5781904682517041 0.96725276112556535 0.87506473436951626 0.83766403049230564
leaf_count=68 91 43 10 7 13 7
internal_value=0.000128177 0.00415893 0.00698553 -0.00218004 -0.00488449 -0.00595587
internal_weight=25.693 15.9013 10.8661 9.79171 8.82446 7.9494
internal_count=239 121 78 118 111 98
is_linear=0
shrinkage=0.03


Tree=208
num_leaves=7
num_cat=0
split_feature=60 58 26 31 6 49
split_gain=0.837643 0.915614 0.967147 0.423914 0.321977 0.152652
threshold=0.0030000000260770325 0.025799999944865707 0.81814831495285045 0.72432744503021251 181.37500000000003 1.0000000180025095e-35
decision_type=2 2 2 2 2 2
left_child=1 2 4 5 -1 -2
right_child=3 -3 -4 -5 -6 -7
leaf_value=0.011266851971520195 0 0 0 0 0 -0.0067541609812130921
leaf_weight=10.178505208343269 1.2617237959057073 2.6729617770761243 1.2182615250349034 1.724310230463743 1.7616930156946171 5.2645352222025394
leaf_count=76 14 46 15 17 12 59
internal_value=0.000152665 0.00472718 0.00777873 -0.00311807 0.0101755 -0.00581572
internal_weight=24.082 15.8314 13.1585 8.25057 11.9402 6.52626
internal_count=239 149 103 90 88 73
is_linear=0
shrinkage=0.03


Tree=209
num_leaves=7
num_cat=0
split_feature=19 58 7 54 51 32
split_gain=0.912435 0.70461 0.638029 0.418518 0.23985 0.115779
threshold=0.43198791146278387 1.0000000180025095e-35 371.50000000000006 0.070939652621746077 -0.38627026975154871 0.15498365461826327
decision_type=2 2 2 2 2 2
left_child=1 2 -1 -2 5 -5
right_child=3 -3 -4 4 -6 -7
leaf_value=0.0096819474690193561 0 0 0 0 0 -0.008018663027691976
leaf_weight=8.7241323255002516 1.2869616374373416 4.571563968434929 1.2630412429571141 1.5708166249096382 1.0962686315178878 5.1028366163372993
leaf_count=66 9 45 8 13 10 74
internal_value=0 0.00471869 0.00768679 -0.00379436 -0.00605283 -0.00721055
internal_weight=23.6156 14.5587 9.98717 9.05688 7.76992 6.67365
internal_count=225 119 74 106 97 87
is_linear=0
shrinkage=0.03


Tree=210
num_leaves=7
num_cat=0
split_feature=0 58 60 68 55 38
split_gain=0.920908 1.01533 0.865142 0.57849 0.542971 0.136526
threshold=0.83333334326744091 0.009599999990314247 0.0030000000260770325 752.01473999023449 0.14269554615020755 0.53331512212753307
decision_type=2 2 2 8 2 2
left_child=2 4 3 -1 -2 -5
right_child=1 -3 -4 5 -6 -7
leaf_value=0.00527525237281329 0.010703117330096065 -9.4158158593928587e-05 -0.0084834021866357669 -0.0042218311219668573 0 0
leaf_weight=4.7267175205051908 5.9248137325048429 2.5849847290664911 6.4727163668721905 3.1113993041217336 1.7484944909811018 1.2008741442114113
leaf_count=28 49 41 71 32 11 14
internal_value=0 0.00456374 -0.0039936 0 0.00869326 -0.00278265
internal_weight=25.77 10.2583 15.5117 9.03899 7.67331 4.31227
internal_count=246 101 145 74 60 46
is_linear=0
shrinkage=0.03


Tree=211
num_leaves=7
num_cat=0
split_feature=19 31 44 59 7 51
split_gain=0.729535 0.483267 0.446394 0.369402 0.465602 0.189465
threshold=0.24221903830766681 0.69415679574012767 0.093806218355894103 0.27939999103546148 373.50000000000006 -0.36981226503849024
decision_type=2 2 2 2 2 2
left_child=3 2 -2 4 -1 -4
right_child=1 -3 5 -5 -6 -7
leaf_value=0.0078054008807172462 0 0 -0.0089034080883523322 0 0 0
leaf_weight=7.9067826345562953 1.9407868012785892 3.7187367212027302 6.7065609637647858 2.2529649473726741 1.4619421064853666 1.0752397701144225
leaf_count=61 17 45 75 19 13 7
internal_value=0 -0.00367812 -0.00617514 0.00396228 0.00588989 -0.0080553
internal_weight=25.063 13.4413 9.72259 11.6217 9.36872 7.7818
internal_count=237 144 99 93 74 82
is_linear=0
shrinkage=0.03


Tree=212
num_leaves=7
num_cat=0
split_feature=54 1 43 39 17 58
split_gain=0.670814 0.757733 0.560446 0.409554 0.399856 0.113985
threshold=0.069159060716629042 0.83333334326744091 0.15180068463087085 0.20778678357601169 0.68966230750083934 0.0042000000830739745
decision_type=2 2 2 2 2 2
left_child=-1 2 -2 -4 5 -3
right_child=1 4 3 -5 -6 -7
leaf_value=0.0059374783671353615 0 0.0060050530314809955 -0.0087396067167906273 0 0 0
leaf_weight=3.8858145885169533 1.8297270685434366 3.3827709890902034 11.589641345664857 1.0186390243470658 1.860759016126394 1.2850277386605737
leaf_count=23 11 29 128 8 18 19
internal_value=0 -0.00192044 -0.00563517 -0.00752566 0.00110372 0.00508994
internal_weight=24.8524 20.9666 14.438 12.6083 6.52856 4.6678
internal_count=236 213 147 136 66 48
is_linear=0
shrinkage=0.03


Tree=213
num_leaves=7
num_cat=0
split_feature=68 60 0 47 4 7
split_gain=0.756449 1.14618 0.452381 0.49434 0.715721 0.184539
threshold=752.01473999023449 0.026600000448524955 3.1666666269302373 0.073408186435699477 0.0050959466025233277 371.50000000000006
decision_type=8 2 2 2 8 2
left_child=1 5 3 -2 -5 -1
right_child=2 -3 -4 4 -6 -7
leaf_value=0.0096743757406911272 0 -0.00018500252282136129 0 0 -0.010231683922518716 0
leaf_weight=7.4549757465720194 1.653859555721281 5.4986150786280623 1.2544042021036137 0.72599393501877774 6.6251928322017193 1.2392525635659692
leaf_count=59 8 45 8 9 97 9
internal_value=0 0.00424791 -0.00347219 -0.00585446 -0.00794877 0.0088603
internal_weight=24.4523 14.1928 10.2595 9.00505 7.35119 8.69423
internal_count=235 113 122 114 106 68
is_linear=0
shrinkage=0.03


Tree=214
num_leaves=7
num_cat=0
split_feature=58 2 62 47 35 57
split_gain=0.73861 0.689058 0.625057 0.558699 0.177202 0.116585
threshold=1.0000000180025095e-35 1.4670542478561404 0.89659997820854198 0.8404977321624757 0.11878597363829614 0.78940001130104076
decision_type=2 2 2 2 2 2
left_child=1 3 4 -1 -2 -6
right_child=2 -3 -4 -5 5 -7
leaf_value=0.0088232111454866653 0 0 0 0 -0.0080622407296501285 0
leaf_weight=10.294892963021995 1.1197091732174138 3.4973473362624636 1.1383121237158764 1.418939571827649 5.9193187039345503 1.1856579706072805
leaf_count=75 12 33 8 14 79 14
internal_value=0 0.00425737 -0.00327588 0.00704306 -0.00650147 -0.00737292
internal_weight=24.5742 15.2112 9.363 11.7138 8.22469 7.10498
internal_count=235 122 113 89 105 93
is_linear=0
shrinkage=0.03


Tree=215
num_leaves=7
num_cat=0
split_feature=33 14 53 33 15 44
split_gain=0.651943 0.590791 0.526516 0.547054 0.489405 0.185227
threshold=0.63803189992904674 13.125421047210695 -0.22608545422554013 0.25491730868816381 5.3150601387023935 0.65173587203025829
decision_type=2 2 2 2 2 2
left_child=2 4 3 -1 -2 -5
right_child=1 -3 -4 5 -6 -7
leaf_value=0 0.0094651919877040119 0 0 -0.0088278096451413317 0 0
leaf_weight=3.7832995764911157 5.7569927256554347 2.8982649166136971 1.4220447167754198 6.4271928891539574 2.4559564888477325 0.95529494434595097
leaf_count=35 52 33 9 79 21 6
internal_value=0 0.00456266 -0.0025533 -0.00541716 0.00730239 -0.00800356
internal_weight=23.699 11.1112 12.5878 11.1658 8.21295 7.38249
internal_count=235 106 129 120 73 85
is_linear=0
shrinkage=0.03


Tree=216
num_leaves=7
num_cat=0
split_feature=58 19 34 35 62 51
split_gain=0.816696 0.627053 0.7941 0.600187 0.585503 0.259661
threshold=1.0000000180025095e-35 0.84375298023223888 0.79708495736122142 0.32889331877231603 0.83859997987747203 -0.6166270077228545
decision_type=2 2 2 2 2 2
left_child=1 2 3 -1 5 -2
right_child=4 -3 -4 -5 -6 -7
leaf_value=0 0 0 0 0.011789879895507335 0 -0.0077076759952953858
leaf_weight=5.1695837639272266 1.4493514802306879 2.2537030912935725 2.1700340621173373 6.5724577456712723 1.0756985396146763 7.0226460248231879
leaf_count=37 20 17 22 52 9 92
internal_value=0 0.00430259 0.00662254 0.00900592 -0.00358077 -0.00648812
internal_weight=25.7135 16.1658 13.9121 11.742 9.5477 8.472
internal_count=249 128 111 89 121 112
is_linear=0
shrinkage=0.03


Tree=217
num_leaves=7
num_cat=0
split_feature=68 60 38 6 58 19
split_gain=0.762911 1.17152 0.433804 0.431776 0.0855674 0.265473
threshold=697.16046142578136 0.31399999558925634 0.53331512212753307 185.75000000000003 0.0038000000640749936 0.84375298023223888
decision_type=8 2 2 2 2 2
left_child=1 3 -2 -1 5 -4
right_child=2 -3 4 -5 -6 -7
leaf_value=0.010429188037687269 -0.0056351216184480366 -0.00026644620885534783 0.0049093343690632309 0 0 0
leaf_weight=8.994883958250286 4.6779648568481189 3.1257872134447089 3.1085286103188992 1.2384319491684426 1.5598202031105755 1.4129613526165483
leaf_count=70 64 28 23 9 31 12
internal_value=0.000618357 0.00516848 -0.00190921 0.0091052 0 0.00230287
internal_weight=24.1184 13.3591 10.7593 10.2333 6.08131 4.52149
internal_count=237 107 130 79 66 35
is_linear=0
shrinkage=0.03


Tree=218
num_leaves=7
num_cat=0
split_feature=32 51 60 53 23 27
split_gain=1.11385 0.920239 0.445941 0.50807 0.270269 0.136342
threshold=0.27426053583621984 -0.4306392222642898 0.026600000448524955 -0.49601510167121882 0.91513192653656017 0.45465503633022314
decision_type=2 2 2 2 2 2
left_child=2 4 3 -1 -2 -3
right_child=1 5 -4 -5 -6 -7
leaf_value=0 -0.0092140376879800562 0 0 0.0094792871058336538 0 0.0031248416963186192
leaf_weight=2.6536078937351695 6.5352421216666698 1.6386589203029851 3.1888860426843157 7.0127387233078506 0.75616660714149464 2.5665909871459007
leaf_count=22 97 10 23 52 12 19
internal_value=0 -0.00393205 0.00541474 0.00738115 -0.0081926 0
internal_weight=24.3519 11.4967 12.8552 9.66635 7.29141 4.20525
internal_count=235 138 97 74 109 29
is_linear=0
shrinkage=0.03


Tree=219
num_leaves=7
num_cat=0
split_feature=19 51 19 30 0 49
split_gain=0.694739 1.15136 0.459703 0.499912 0.39278 0.051586
threshold=0.23182993382215503 -0.3978706151247024 0.92837941646575939 0.12004877626895906 0.83333334326744091 0.097420729696750655
decision_type=2 2 2 2 2 2
left_child=4 2 3 -2 -1 -3
right_child=1 5 -4 -5 -6 -7
leaf_value=0 0 0 0 -0.010568876906128438 0.00735898815062953 0.0028425708161669999
leaf_weight=5.702191788703205 2.2049280405044529 1.3483909443020814 0.79351023957133371 8.3958399780094606 4.2190925627946854 2.4013189934194088
leaf_count=43 17 11 7 111 39 16
internal_value=0 -0.00288125 -0.00746175 -0.00882642 0.00457261 0.00197768
internal_weight=25.0653 15.144 11.3943 10.6008 9.92128 3.74971
internal_count=244 162 135 128 82 27
is_linear=0
shrinkage=0.03


Tree=220
num_leaves=7
num_cat=0
split_feature=51 50 61 36 0 48
split_gain=0.447199 0.771765 0.567067 0.52383 0.415166 0.338448
threshold=-0.51844158768653859 0.15375538915395739 1.0000000180025095e-35 0.097918644547462477 3.5000000000000004 -0.18684633076190946
decision_type=2 2 2 2 2 2
left_child=2 3 4 -2 -1 -4
right_child=1 -3 5 -5 -6 -7
leaf_value=-0.0075939765899505256 0 0 0.0049434395188679885 0.0092685128749097345 0 0
leaf_weight=5.9977144040167349 1.333474189043043 4.6314694304019204 2.5616886094212532 7.7851682268083096 0.66860066354274739 2.326918751001358
leaf_count=96 9 42 14 56 5 18
internal_value=8.48616e-05 0.00390305 -0.00137796 0.00743335 -0.00573895 0.000399315
internal_weight=25.305 13.7501 11.5549 9.11864 6.66632 4.88861
internal_count=240 107 133 65 101 32
is_linear=0
shrinkage=0.03


Tree=221
num_leaves=7
num_cat=0
split_feature=58 17 35 62 50 40
split_gain=0.623407 0.645549 0.380369 0.256392 0.252864 0.0281264
threshold=1.0000000180025095e-35 0.51415646076202404 0.36522072553634649 0.55140000581741344 0.22214166074991229 0.27648943662643438
decision_type=2 2 2 2 2 2
left_child=1 2 -1 4 -2 -3
right_child=3 5 -4 -5 -6 -7
leaf_value=0 -0.0059287295260722662 -0.0013573536121072173 0.0096098808893341509 0 0 0
leaf_weight=4.1569674126803893 5.0804100930690748 3.7395078130066386 5.3627592250704765 1.5262302234768865 1.7810904644429681 1.3945114687085149
leaf_count=30 73 38 44 10 22 10
internal_value=0.000429651 0.00448277 0.00742597 -0.00197527 -0.00423557 0
internal_weight=23.0415 14.6537 9.51973 8.38773 6.8615 5.13402
internal_count=227 122 74 105 95 48
is_linear=0
shrinkage=0.03


Tree=222
num_leaves=7
num_cat=0
split_feature=58 19 4 7 62 31
split_gain=1.07451 0.591512 0.358468 0.340441 0.228769 0.00985459
threshold=1.0000000180025095e-35 0.44250741600990301 0.0079052620567381399 383.50000000000006 0.55140000581741344 0.27553521096706396
decision_type=2 2 10 2 2 2
left_child=1 3 4 -1 -2 -3
right_child=2 5 -4 -5 -6 -7
leaf_value=0.0094626265783085434 -0.0068943752334968194 0 0 0 0 -0.00079511082507031743
leaf_weight=8.457339499145748 4.7372736632823926 1.0212414003908623 2.8572662752121687 1.2112792581319798 1.1182707771658895 4.0289647728204727
leaf_count=63 77 6 28 8 9 40
internal_value=0.000751181 0.00573827 -0.00303162 0.00827339 -0.00558521 0
internal_weight=23.4316 14.7188 8.71281 9.66862 5.85554 5.05021
internal_count=231 117 114 71 86 46
is_linear=0
shrinkage=0.03


Tree=223
num_leaves=7
num_cat=0
split_feature=52 32 25 47 53 20
split_gain=0.470846 1.83569 0.34715 0.294842 0.285718 0.274574
threshold=-0.38562110066413874 0.17417489737272265 0.91219913959503185 0.16693903505802157 -0.49601510167121882 0.1329416707158089
decision_type=2 2 2 2 2 2
left_child=1 4 5 -2 -1 -3
right_child=3 2 -4 -5 -6 -7
leaf_value=0 0.006327810263605408 0 0 0 0.0055731463059684556 -0.010850917726395893
leaf_weight=2.1650089919567108 4.761522974818944 1.332010177895423 0.66711752116680223 1.2279227990657089 5.3641308359801831 7.7476935759186745
leaf_count=17 33 14 10 12 37 108
internal_value=0 -0.00189598 -0.00880262 0.00451335 0.00354318 -0.00982704
internal_weight=23.2654 17.276 9.74682 5.98945 7.52914 9.0797
internal_count=231 186 132 45 54 122
is_linear=0
shrinkage=0.03


Tree=224
num_leaves=7
num_cat=0
split_feature=1 58 17 42 47 14
split_gain=0.500972 0.496524 0.529527 0.421226 0.826425 0.133666
threshold=0.83333334326744091 0.009599999990314247 0.80976635217666637 0.23753813654184344 0.085297085344791426 1.3474708795547488
decision_type=2 2 2 2 2 2
left_child=3 2 -2 -1 -5 -6
right_child=1 -3 -4 4 5 -7
leaf_value=0 0.0093273449458410804 0 0 0 0 -0.0084782314205419946
leaf_weight=3.6075155325233998 4.6751595474779597 1.7584318276494739 1.1125931665301321 3.3956370875239363 0.71328186988830466 8.6528642252087575
leaf_count=40 39 31 7 17 5 99
internal_value=0 0.00448715 0.00711913 -0.00192378 -0.00457632 -0.00793858
internal_weight=23.9155 7.54618 5.78775 16.3693 12.7618 9.36615
internal_count=238 77 46 161 121 104
is_linear=0
shrinkage=0.03


Tree=225
num_leaves=7
num_cat=0
split_feature=68 60 14 68 55 38
split_gain=0.584651 0.714356 0.465103 0.246622 0.35513 0.124628
threshold=752.01473999023449 0.34340000152587896 12.842658996582033 36.717102050781257 -0.25077556073665613 0.54652696847915661
decision_type=8 2 2 10 2 2
left_child=1 3 5 -1 -5 -2
right_child=2 -3 -4 4 -6 -7
leaf_value=0 0 0 -0.0060767842769478483 0 0.0094347218370468972 0.0029804995824215721
leaf_weight=1.764237374067309 2.8962562046945077 2.8559339903295031 4.5759121347218752 1.1631393916904906 7.8738854788243771 2.6264291442930698
leaf_count=13 29 27 81 9 61 19
internal_value=0 0.00414538 -0.00243998 0.0071029 0.00817228 0
internal_weight=23.7558 13.6572 10.0986 10.8013 9.03702 5.52269
internal_count=239 110 129 83 70 48
is_linear=0
shrinkage=0.03


Tree=226
num_leaves=7
num_cat=0
split_feature=68 60 0 52 53 55
split_gain=0.991472 0.758104 0.708574 0.508691 0.278586 0.250411
threshold=697.16046142578136 0.10199999809265138 3.1666666269302373 -0.31572489440441126 -0.44541835784912104 0.16589002311229709
decision_type=8 2 2 2 2 2
left_child=1 4 3 5 -1 -2
right_child=2 -3 -4 -5 -6 -7
leaf_value=0 -0.010301625302233294 0 0 0 0.008998447507010409 0
leaf_weight=2.8583295457065097 7.5228436850011331 3.8365939185023299 2.0094654560089102 0.75763296335935493 5.8902741260826614 0.65468347631394852
leaf_count=23 102 33 13 5 49 11
internal_value=0 0.00395707 -0.0050714 -0.0078821 0.00743332 -0.00948172
internal_weight=23.5298 12.5852 10.9446 8.93516 8.7486 8.17753
internal_count=236 105 131 118 72 113
is_linear=0
shrinkage=0.03


Tree=227
num_leaves=7
num_cat=0
split_feature=19 31 14 59 7 42
split_gain=0.500285 0.511985 0.812178 0.411519 0.19249 0.136592
threshold=0.23182993382215503 0.69415679574012767 15.311172962188722 0.28880000114440924 373.50000000000006 0.53325569629669201
decision_type=2 2 2 2 2 2
left_child=3 2 5 4 -1 -2
right_child=1 -3 -4 -5 -6 -7
leaf_value=0.0074738638417216367 -0.0089499466260744755 0 0 0 0 0
leaf_weight=5.3017013277858513 8.1495993174612487 3.6164221800863734 1.7948872745037068 2.1292296200990677 1.3292439449578521 0.90902357175946313
leaf_count=42 96 44 11 18 9 8
internal_value=0 -0.0023845 -0.0053636 0.00407238 0.00640135 -0.00835648
internal_weight=23.2301 14.4699 10.8535 8.76017 6.63095 9.05862
internal_count=228 159 115 69 51 104
is_linear=0
shrinkage=0.03


Tree=228
num_leaves=7
num_cat=0
split_feature=68 19 6 48 26 32
split_gain=0.689124 0.688623 0.600488 0.568208 0.344208 0.119262
threshold=50.487812042236335 0.2999271303415299 174.37500000000003 -0.3183924257755279 0.83013883233070385 0.82274550199508678
decision_type=10 2 2 2 2 2
left_child=1 -1 3 -2 -5 -3
right_child=2 5 -4 4 -6 -7
leaf_value=0 0 -0.0075432070316332088 0 0.0099791515760142609 0 0
leaf_weight=5.7535379435867089 1.0410374402999867 5.0397076681256294 1.5574895422905672 8.6091476976871473 1.1854621730744828 0.68419042602181424
leaf_count=46 11 67 18 74 13 8
internal_value=0 -0.00244756 0.00468518 0.00703775 0.00883004 -0.00689911
internal_weight=23.8706 11.4774 12.3931 10.8356 9.79461 5.7239
internal_count=237 121 116 98 87 75
is_linear=0
shrinkage=0.03


Tree=229
num_leaves=7
num_cat=0
split_feature=58 62 17 34 35 14
split_gain=0.56051 0.618224 0.594014 0.642647 0.673651 0.354375
threshold=1.0000000180025095e-35 0.83859997987747203 0.8604593575000764 0.80959230661392223 0.32889331877231603 1.3885855674743655
decision_type=2 2 2 2 2 2
left_child=2 5 3 4 -1 -2
right_child=1 -3 -4 -5 -6 -7
leaf_value=0 0 0 0 0 0.010680244729580679 -0.0082324040735096728
leaf_weight=4.1708431616425532 0.66059391200542261 1.0197748094797132 1.5293491296470154 2.0568906106054774 6.9666112773120403 7.1712427325546741
leaf_count=32 6 8 13 19 57 104
internal_value=0 -0.00391131 0.00295618 0.00568898 0.00792949 -0.00688302
internal_weight=23.5753 8.85161 14.7237 13.1943 11.1375 7.83184
internal_count=239 118 121 108 89 110
is_linear=0
shrinkage=0.03


Tree=230
num_leaves=7
num_cat=0
split_feature=54 32 30 11 21 68
split_gain=0.57393 0.962912 0.433066 0.353026 0.206402 0.0825991
threshold=0.070939652621746077 0.19966991245746615 0.84942904114723217 3.8500000238418584 0.21817453950643542 262.56336975097662
decision_type=2 2 2 2 2 8
left_child=-1 3 4 5 -3 -2
right_child=1 2 -4 -5 -6 -7
leaf_value=0.0043572692354111086 0 0 0 0.0048484022767491869 -0.0095856510081300042 -0.0023513115080438241
leaf_weight=4.0185391567647484 1.7103683352470413 0.49750110134482284 1.1948438044637431 3.5654748380184174 8.4067917633801681 3.4576539285480976
leaf_count=26 10 8 18 29 113 28
internal_value=0 -0.00294687 -0.00745076 0.00025558 -0.00892413 -6.48049e-05
internal_weight=22.8512 18.8326 10.0991 8.7335 8.90429 5.16802
internal_count=232 206 139 67 121 38
is_linear=0
shrinkage=0.03


Tree=231
num_leaves=7
num_cat=0
split_feature=54 68 4 48 4 68
split_gain=0.87999 0.795716 0.582085 0.469373 0.134595 0.038435
threshold=0.069159060716629042 385.15440368652349 0.0050959466025233277 0.14886464178562167 0.0079052620567381399 247.4860534667969
decision_type=2 8 8 2 10 10
left_child=-1 4 -3 -4 5 -2
right_child=1 2 3 -5 -6 -7
leaf_value=0.0062201589706535037 -0.00159740751369698 0 -0.010081660361094943 0 0.00306482891960231 0
leaf_weight=4.0968942195177105 3.5561893433332461 0.76303137652575692 8.7823144458234292 0.66762013733387071 2.8961464650928974 2.6411435790359974
leaf_count=25 27 9 122 9 28 19
internal_value=0 -0.00290064 -0.00690137 -0.00874254 0 0
internal_weight=23.4033 19.3064 10.213 9.44993 9.09348 6.19733
internal_count=239 214 140 131 74 46
is_linear=0
shrinkage=0.03


Tree=232
num_leaves=7
num_cat=0
split_feature=68 60 43 9 22 4
split_gain=0.749283 1.20493 0.513855 0.623121 0.166122 0.0976288
threshold=697.16046142578136 0.0061999999452382335 0.15180068463087085 5.1666667461395273 0.11548638716340066 0.012527989223599436
decision_type=8 2 2 2 2 10
left_child=1 -1 -2 4 -4 -3
right_child=2 5 3 -5 -6 -7
leaf_value=0.0094976615528633273 0 -0.0024935869422391295 0 0 -0.0089866010720129376 0
leaf_weight=7.3194580748677271 1.3498354703187931 4.1355195418000221 1.5422401688992939 0.95682498812675554 6.9546062499284744 1.1061625853180883
leaf_count=59 8 35 14 6 100 10
internal_value=0 0.00460246 -0.00307296 -0.0058199 -0.0081205 -4.31434e-05
internal_weight=23.3646 12.5611 10.8035 9.45367 8.49685 5.24168
internal_count=232 104 128 120 114 45
is_linear=0
shrinkage=0.03


Tree=233
num_leaves=7
num_cat=0
split_feature=68 11 60 6 42 24
split_gain=0.662903 0.896716 0.658646 0.485383 0.429183 0.352888
threshold=385.15440368652349 5.6070852279663095 0.34340000152587896 185.75000000000003 0.18874773383140567 0.85718193650245678
decision_type=8 2 2 2 2 2
left_child=2 4 3 -1 -2 -6
right_child=1 -3 -4 -5 5 -7
leaf_value=0.0085136245314966618 0 0.00047067744992418988 0 0 -0.0098358774991370787 0
leaf_weight=7.6210473366081732 1.3021962475031603 2.6711952332407227 2.0252296887338153 1.1667647734284399 9.1962833125144225 1.2003610264509905
leaf_count=60 17 23 17 8 110 17
internal_value=0 -0.00378447 0.00344897 0.00668797 -0.00729033 -0.00868791
internal_weight=25.1831 14.37 10.813 8.78781 11.6988 10.3966
internal_count=252 167 85 68 144 127
is_linear=0
shrinkage=0.03


Tree=234
num_leaves=7
num_cat=0
split_feature=14 38 31 52 45 60
split_gain=0.45328 0.675252 0.520657 0.270661 0.257167 0.250402
threshold=13.089718341827394 0.42017959058284765 0.15461797267198565 -0.33105434477329249 0.46331016719341284 0.21280000358819964
decision_type=2 2 2 2 2 2
left_child=1 -1 -2 -4 5 -3
right_child=2 4 3 -5 -6 -7
leaf_value=0 0 0.0094016057378822522 -0.0072904590230409199 0 0 0
leaf_weight=7.9599629975855368 1.5726786460727433 4.9749791547656059 6.199874484911561 0.75565775483846653 0.92259423434734333 1.2744508441537616
leaf_count=62 13 48 84 6 11 12
internal_value=0 0.00321086 -0.00283438 -0.00603451 0.00710487 0.00822124
internal_weight=23.6602 15.132 8.52821 6.95553 7.17202 6.24943
internal_count=236 133 103 90 71 60
is_linear=0
shrinkage=0.03


Tree=235
num_leaves=7
num_cat=0
split_feature=47 30 51 24 4 36
split_gain=0.487346 0.512107 0.367583 0.171296 0.118368 0.0777792
threshold=0.096516769379377379 0.13510000705718997 -0.43886667490005488 0.9225657880306245 0.0079052620567381399 0.69807201623916637
decision_type=2 2 2 2 10 2
left_child=5 4 3 -3 -2 -1
right_child=1 2 -4 -5 -6 -7
leaf_value=0.0047638788087096201 0 -0.0080956503044273161 0 0 0.0028362508786420313 0
leaf_weight=5.0315377265214947 3.3270444124937084 6.9876908678561485 2.2290510833263344 0.67871289327740658 3.2430204562842846 1.5818143486976621
leaf_count=34 24 111 19 11 27 11
internal_value=0 -0.00251559 -0.00561995 -0.00736852 0 0.00403982
internal_weight=23.0789 16.4655 9.89545 7.6664 6.57006 6.61335
internal_count=237 192 141 122 51 45
is_linear=0
shrinkage=0.03


Tree=236
num_leaves=7
num_cat=0
split_feature=68 6 60 11 40 55
split_gain=0.561336 0.583181 0.630155 0.489042 0.421811 0.22649
threshold=529.38558959960949 192.00000000000003 0.31399999558925634 5.6070852279663095 0.042804293334484107 0.16926126182079318
decision_type=8 2 2 2 2 2
left_child=1 2 -1 4 -2 -6
right_child=3 -3 -4 -5 5 -7
leaf_value=0.0087462471184380393 0 0 0 0 -0.0083755811520819946 0
leaf_weight=8.6472707353532332 1.0119113959372024 1.2436200790107239 2.1417665667831889 2.2314587384462348 7.0256566852331161 0.59609573893249024
leaf_count=70 8 11 19 20 95 12
internal_value=0 0.00389615 0.00642924 -0.00286066 -0.00572573 -0.00749732
internal_weight=22.8978 12.0327 10.789 10.8651 8.63366 7.62175
internal_count=235 100 89 135 115 107
is_linear=0
shrinkage=0.03


Tree=237
num_leaves=7
num_cat=0
split_feature=68 60 7 11 4 32
split_gain=0.815775 1.16051 0.430018 0.2389 0.265793 0.159143
threshold=752.01473999023449 0.026600000448524955 388.00000000000006 5.6070852279663095 0.0050959466025233277 0.82274550199508678
decision_type=8 2 2 2 8 2
left_child=1 2 -1 4 -2 -6
right_child=3 -3 -4 -5 5 -7
leaf_value=0.01128084522068528 0 0 0 0 -0.0062527193574187902 0
leaf_weight=7.2874596659094113 0.94200909137725641 5.0411840043961993 1.1694626957178114 1.7834020629525182 6.1914560832083225 0.60124700888991345
leaf_count=56 12 42 10 17 86 13
internal_value=0.00145469 0.00571876 0.00991088 -0.00135011 -0.00375896 -0.00540069
internal_weight=23.0162 13.4981 8.45692 9.51811 7.73471 6.7927
internal_count=236 108 66 128 111 99
is_linear=0
shrinkage=0.03


Tree=238
num_leaves=7
num_cat=0
split_feature=0 54 17 27 21 56
split_gain=0.64405 0.67397 0.550472 0.409677 0.387632 0.271733
threshold=0.83333334326744091 0.069159060716629042 0.021675205789506439 0.81575027108192455 0.95105892419815075 -0.55636668205261219
decision_type=2 2 2 2 2 2
left_child=1 -1 -3 -4 5 -2
right_child=4 2 3 -5 -6 -7
leaf_value=0 0 0 -0.0096325787801632042 0 0 0.0071206682448785533
leaf_weight=2.457079857587817 1.3658436536788929 1.7016384303569783 9.3476299531757814 1.3338406644761551 0.87155091017484743 6.735992003232238
leaf_count=12 20 11 100 21 7 68
internal_value=0 -0.00361431 -0.00644956 -0.00830508 0.00366713 0.0057765
internal_weight=23.8136 14.8402 12.3831 10.6815 8.97339 8.10184
internal_count=239 144 132 121 95 88
is_linear=0
shrinkage=0.03


Tree=239
num_leaves=7
num_cat=0
split_feature=1 47 58 42 19 57
split_gain=0.489537 0.706595 0.564778 0.529692 0.339253 0.110616
threshold=0.83333334326744091 0.096516769379377379 0.009599999990314247 0.23753813654184344 0.69315171241760265 0.87619999051094066
decision_type=2 2 2 2 2 2
left_child=1 -1 4 -3 -2 -5
right_child=2 3 -4 5 -6 -7
leaf_value=0.00088964665085114708 0.0088326802858376512 0 0 -0.0088862723192765381 0 0
leaf_weight=3.4427928701043156 4.5710255093872538 3.2731104455888262 1.8769871126860378 6.7035359814763051 1.2612638249993322 1.3691617958247659
leaf_count=22 43 39 33 82 9 12
internal_value=0 -0.00217657 0.0042717 -0.00589874 0.00724679 -0.00821431
internal_weight=22.4979 14.7886 7.70928 11.3458 5.83229 8.0727
internal_count=240 155 85 133 52 94
is_linear=0
shrinkage=0.03


Tree=240
num_leaves=7
num_cat=0
split_feature=47 4 54 51 32 68
split_gain=0.700649 0.970603 1.28507 0.243394 0.236162 0.199625
threshold=0.096516769379377379 0.0079052620567381399 0.66878628730773937 -0.4306392222642898 0.24938692152500155 865.87020874023449
decision_type=2 10 2 2 2 8
left_child=3 2 -2 -1 5 -3
right_child=1 4 -4 -5 -6 -7
leaf_value=0 -0.011601347943056043 0.0054360787107969738 0 0.0058876323073415934 0 0
leaf_weight=1.4259698726236818 7.5447658803313988 3.2972564697265616 3.2370950933545828 4.9328781440854099 1.7205600533634422 1.2512926310300825
leaf_count=11 103 27 30 34 25 10
internal_value=0 -0.00350332 -0.00761406 0.00427224 0.000213063 0.00382886
internal_weight=23.4098 17.051 10.7819 6.35885 6.26911 4.54855
internal_count=240 195 133 45 62 37
is_linear=0
shrinkage=0.03


Tree=241
num_leaves=7
num_cat=0
split_feature=54 32 31 38 5 56
split_gain=0.425175 0.824974 0.450213 0.35213 0.291559 0.1218
threshold=0.070939652621746077 0.15498365461826327 0.69415679574012767 0.11142597720026971 0.0013698629918508234 -0.52962470054626454
decision_type=2 2 2 2 2 2
left_child=-1 4 3 -3 -2 -6
right_child=1 2 -4 -5 5 -7
leaf_value=0.0046905655375029951 0 0 0 -0.0097058163363673098 0 0.0055016879870095313
leaf_weight=4.0510431379079845 2.8501075245440033 1.58598083630204 3.3076623808592558 6.0315808784216642 1.8707164786756036 3.2117951661348343
leaf_count=28 21 15 47 84 17 24
internal_value=0 -0.00159608 -0.00613704 -0.00823005 0.00124686 0.00438706
internal_weight=22.9089 18.8578 10.9252 7.61756 7.93262 5.08251
internal_count=236 208 146 99 62 41
is_linear=0
shrinkage=0.03


Tree=242
num_leaves=7
num_cat=0
split_feature=68 60 11 46 62 55
split_gain=0.583818 0.840994 0.53168 0.54964 0.302404 0.0708221
threshold=752.01473999023449 0.31399999558925634 5.6070852279663095 0.061190232634544379 0.0010000000183936211 0.14431183785200122
decision_type=8 2 2 2 2 2
left_child=1 4 3 -2 -1 -6
right_child=2 -3 -4 -5 5 -7
leaf_value=0 0 -0.001254638282663078 0 -0.0090809653826257816 0.0088929208614371685 0
leaf_weight=2.6375812646001595 0.4931650608777981 3.029283244162797 1.6927670333534477 6.7194451242685318 5.0746261589229107 1.3725254796445368
leaf_count=22 2 30 16 101 41 10
internal_value=0 0.00232824 -0.00463166 -0.00716673 0.00669822 0.00828305
internal_weight=21.0194 12.114 8.90538 7.21261 9.08473 6.44715
internal_count=222 103 119 103 73 51
is_linear=0
shrinkage=0.03


Tree=243
num_leaves=7
num_cat=0
split_feature=60 68 6 0 52 48
split_gain=0.677298 0.762397 0.708238 0.331104 0.336155 0.190184
threshold=0.0030000000260770325 752.01473999023449 192.00000000000003 4.1666667461395273 -0.30743762850761408 -0.32985320687294001
decision_type=2 8 2 2 2 2
left_child=1 2 5 4 -2 -1
right_child=3 -3 -4 -5 -6 -7
leaf_value=0 -0.0065847311167007922 0 0 0 0 0.011153685868811977
leaf_weight=0.95534169301390637 5.428476931527257 7.6888271775096646 1.0586340501904485 1.169909995049238 0.87205950915813346 6.537978753447538
leaf_count=7 69 89 9 11 5 52
internal_value=0.000799001 0.00463059 0.00820456 -0.00197906 -0.0047412 0.0103839
internal_weight=23.7112 16.2408 8.55195 7.47045 6.30054 7.49332
internal_count=242 157 68 85 74 59
is_linear=0
shrinkage=0.03


Tree=244
num_leaves=7
num_cat=0
split_feature=33 48 53 47 33 53
split_gain=0.703126 0.464206 0.527234 0.393185 0.406146 0.35579
threshold=0.63803189992904674 0.12663277238607409 -0.47694244980812067 0.096516769379377379 0.23355001211166385 -0.22608545422554013
decision_type=2 2 2 2 2 2
left_child=3 2 -2 -1 -5 -6
right_child=1 -3 -4 4 5 -7
leaf_value=0 0 0 0.0092214081971633607 0 -0.0080745463192840958 0
leaf_weight=3.5103886276483562 2.3663258105516425 1.6797798238694657 6.7482469547539941 1.366014003753661 7.4934348110109541 1.0080055929720408
leaf_count=20 33 14 60 17 94 8
internal_value=0 0.00505748 0.00704861 -0.00207785 -0.00478453 -0.00665874
internal_weight=24.1722 10.7944 9.11457 13.3778 9.86745 8.50144
internal_count=246 107 93 139 119 102
is_linear=0
shrinkage=0.03


Tree=245
num_leaves=7
num_cat=0
split_feature=0 47 48 53 19 61
split_gain=0.661736 0.526447 0.922275 0.471968 0.19363 0.0855507
threshold=0.83333334326744091 0.096516769379377379 -0.25831684470176691 -0.4992534071207046 0.69315171241760265 0.0014000000082887711
decision_type=2 2 2 2 2 2
left_child=1 -1 5 -2 -5 -3
right_child=3 2 -4 4 -6 -7
leaf_value=0.00051375536313716819 0 0 -0.0089961550289117016 0.0084105770152731185 0 0.0025790016266772492
leaf_weight=3.9383436813950565 1.9870466906577346 2.3910446204245086 6.7628046274185172 6.0996620655059797 1.2758054733276365 1.5761116147041319
leaf_count=23 29 30 82 59 13 8
internal_value=0.000144499 -0.00151282 -0.00504003 0.0052801 0.0074508 0
internal_weight=24.0308 14.6683 10.73 9.36251 7.37547 3.96716
internal_count=244 143 120 101 72 38
is_linear=0
shrinkage=0.03


Tree=246
num_leaves=7
num_cat=0
split_feature=68 11 60 6 22 27
split_gain=0.718634 0.775626 0.608974 0.566914 0.109781 0.0532321
threshold=752.01473999023449 5.6070852279663095 0.0030000000260770325 192.00000000000003 0.11548638716340066 0.63863244652748119
decision_type=8 2 2 2 2 2
left_child=2 4 3 -1 -2 -4
right_child=1 -3 5 -5 -6 -7
leaf_value=0.00872358550000343 0 0 -0.0018342582012211069 0 -0.0088822693653495197 0
leaf_weight=6.8350691199302691 1.6132763978093843 1.9278785418719051 4.2395247407257557 1.0563172250986097 5.4734275788068771 1.5312930382788179
leaf_count=55 14 17 37 9 87 14
internal_value=0 -0.00472162 0.00306898 0.00656431 -0.00810329 0
internal_weight=22.6768 9.01458 13.6622 7.89139 7.0867 5.77082
internal_count=233 118 115 64 101 51
is_linear=0
shrinkage=0.03


Tree=247
num_leaves=7
num_cat=0
split_feature=19 31 14 28 4 22
split_gain=0.311276 0.451281 0.588235 0.295265 0.190254 0.212491
threshold=0.24221903830766681 0.69415679574012767 14.235917091369631 0.013348476495593788 0.0049020785372704276 0.32294894754886633
decision_type=2 2 2 2 8 2
left_child=3 2 -2 -1 -5 -6
right_child=1 -3 -4 4 5 -7
leaf_value=0 -0.007576566862503447 0 0 0 0.0072289570349170842 0
leaf_weight=1.2094733417034174 7.3182057850062829 3.9551823716610661 2.4910576567053795 0.90154399722814282 6.2613095138221988 1.5263406578451393
leaf_count=9 99 51 13 8 51 17
internal_value=0 -0.00156999 -0.00484357 0.00333692 0.00510631 0.00608459
internal_weight=23.6631 13.7644 9.80926 9.89867 8.68919 7.78765
internal_count=248 163 112 85 76 68
is_linear=0
shrinkage=0.03


Tree=248
num_leaves=7
num_cat=0
split_feature=1 58 47 42 56 29
split_gain=0.65744 0.495202 0.440969 0.730127 0.424315 0.0309888
threshold=0.83333334326744091 0.009599999990314247 0.085297085344791426 0.23753813654184344 -0.29210740327835077 0.88392093777656566
decision_type=2 2 2 2 2 2
left_child=2 5 -1 -4 -5 -2
right_child=1 -3 3 4 -6 -7
leaf_value=0 0.0083395148397163218 0 0 -0.0091025664679244833 0 0
leaf_weight=3.6118960380554261 4.1290254741907111 1.3973801005631683 3.3795587271451941 8.3267988041043299 0.90141178481280348 1.2652953341603277
leaf_count=20 36 28 40 100 5 12
internal_value=0 0.00550605 -0.00177522 -0.00460538 -0.00768842 0.00787525
internal_weight=23.0114 6.7917 16.2197 12.6078 9.22821 5.39432
internal_count=241 76 165 145 105 48
is_linear=0
shrinkage=0.03


Tree=249
num_leaves=7
num_cat=0
split_feature=68 6 38 30 48 2
split_gain=0.761584 0.737823 0.359508 0.203617 0.213629 0.154262
threshold=697.16046142578136 195.87500000000003 0.53331512212753307 0.6851727068424226 -0.35934472084045405 1.313725531101227
decision_type=8 2 2 2 2 2
left_child=1 3 -2 4 -1 -4
right_child=2 -3 5 -5 -6 -7
leaf_value=0 -0.0050781443257361444 0 0.0031814906473778205 0 0.009553088715285693 -0.00014614625969630075
leaf_weight=0.85582790896296224 4.4245438389480096 1.4805443882942189 3.6902301385998726 1.6568919979035843 8.6989764235913789 2.3854503612965345
leaf_count=7 68 12 34 17 72 32
internal_value=0.000949513 0.0054213 -0.0015368 0.00792132 0.00879973 0
internal_weight=23.1925 12.6922 10.5002 11.2117 9.5548 6.07568
internal_count=242 108 134 96 79 66
is_linear=0
shrinkage=0.03


Tree=250
num_leaves=7
num_cat=0
split_feature=60 68 4 53 57 19
split_gain=0.52136 0.806594 0.403997 0.305869 0.280748 0.168122
threshold=0.0030000000260770325 11.441227912902834 0.012527989223599436 -0.22608545422554013 0.89219999313354503 0.098570112138986601
decision_type=2 10 10 2 2 2
left_child=1 5 3 -2 -3 -1
right_child=2 4 -4 -5 -6 -7
leaf_value=0 -0.007505197295734501 0.0085933182278197292 0 0 0 -0.0031592439129584536
leaf_weight=1.8535689599812055 4.9112620279192916 6.8838423825800401 1.4951677266508339 1.0166209787130354 1.243753984570503 5.1600511539727449
leaf_count=13 63 60 18 6 9 63
internal_value=0 0.00326604 -0.00339689 -0.00595397 0.0074054 0
internal_weight=22.5643 15.1412 7.42305 5.92788 8.1276 7.01362
internal_count=232 145 87 69 69 76
is_linear=0
shrinkage=0.03


Tree=251
num_leaves=7
num_cat=0
split_feature=19 38 56 49 54 31
split_gain=0.290252 0.423843 0.398183 0.127551 0.218904 0.235372
threshold=0.44250741600990301 0.23701349645853045 -0.54589617252349842 0.15206046402454379 0.070939652621746077 0.14182729274034503
decision_type=2 2 2 2 2 2
left_child=1 -1 -3 4 -2 -6
right_child=3 2 -4 -5 5 -7
leaf_value=0 0 0 0.0078330059449983613 0 0 -0.0062182625397389077
leaf_weight=7.2866561207920331 1.2988948151469211 1.3116422500461338 5.6654161792248487 1.3930875863879917 1.0463411603122947 4.5739245004951954
leaf_count=59 10 16 51 22 10 63
internal_value=0 0.00302034 0.00595877 -0.00147577 -0.0030236 -0.00474501
internal_weight=22.576 14.2637 6.97706 8.31225 6.91916 5.62027
internal_count=231 126 67 105 83 73
is_linear=0
shrinkage=0.03


Tree=252
num_leaves=7
num_cat=0
split_feature=68 11 6 47 42 49
split_gain=0.505136 0.689625 0.577355 0.384151 0.268759 0.170807
threshold=385.15440368652349 5.6070852279663095 192.00000000000003 0.070282794535160079 0.18874773383140567 0.15371701866388324
decision_type=8 2 2 2 2 2
left_child=2 3 5 -2 -5 -1
right_child=1 -3 -4 4 -6 -7
leaf_value=0.0076778288923662298 0 0.00094037920913977492 0 0 -0.008437470808243152 0
leaf_weight=7.4809064492583293 0.79664461314678092 2.5134412795305243 1.1345500089228142 0.86038986407220264 8.1863168124109489 1.4258444532752035
leaf_count=60 4 22 9 12 110 12
internal_value=0 -0.00208816 0.00422138 -0.00596935 -0.00743475 0.00680975
internal_weight=22.3981 12.3568 10.0413 9.84335 9.04671 8.90675
internal_count=229 148 81 126 122 72
is_linear=0
shrinkage=0.03


Tree=253
num_leaves=7
num_cat=0
split_feature=58 17 62 48 35 14
split_gain=0.60298 0.670043 0.518051 0.214906 0.107379 0.0850473
threshold=1.0000000180025095e-35 0.51415646076202404 0.83859997987747203 0.12237955629825593 0.1045847423374653 1.4842136502265932
decision_type=2 2 2 2 2 2
left_child=1 3 5 4 -1 -2
right_child=2 -3 -4 -5 -6 -7
leaf_value=0 0 -0.0011519526632403018 0 0 0.0076263391840086436 -0.0079958896293884398
leaf_weight=1.9602385461330429 0.74358514696359534 5.1960828211158505 0.84085352160036553 1.4518841356039045 5.7238141596317291 6.3317798301577568
leaf_count=12 6 51 8 11 53 101
internal_value=-9.20386e-05 0.00130729 -0.00529001 0.0057125 0.00680067 -0.00752778
internal_weight=22.2482 14.332 7.91622 9.13594 7.68405 7.07536
internal_count=242 127 115 76 65 107
is_linear=0
shrinkage=0.03


Tree=254
num_leaves=7
num_cat=0
split_feature=68 4 48 55 47 4
split_gain=0.196615 0.34607 0.235908 0.244944 0.214523 0.339316
threshold=752.01473999023449 0.011484991759061815 -0.38353930413722986 0.14269554615020755 0.073408186435699477 0.0050959466025233277
decision_type=8 8 2 2 2 8
left_child=1 -1 -3 -4 -2 -6
right_child=4 2 3 -5 5 -7
leaf_value=0 0 0 0.0069554202121622725 0 0 -0.0055645125351260006
leaf_weight=2.2760274708271035 1.5750554502010325 0.72997660934924979 8.7364699840545637 1.4267689436674125 0.71685721538960923 6.5744282025843859
leaf_count=18 8 7 74 12 10 99
internal_value=0 0.00264588 0.00476138 0.00583278 -0.000884269 -0.00346684
internal_weight=22.0356 13.1692 10.8932 10.1632 8.86634 7.29129
internal_count=228 111 93 86 117 109
is_linear=0
shrinkage=0.03


Tree=255
num_leaves=7
num_cat=0
split_feature=1 47 54 58 19 59
split_gain=0.370938 0.409298 0.69663 0.352 0.269314 0.0687306
threshold=0.83333334326744091 0.096516769379377379 0.56555533409118663 0.009599999990314247 0.69315171241760265 1.0000000180025095e-35
decision_type=2 2 2 2 2 2
left_child=1 -1 5 4 -2 -3
right_child=3 2 -4 -5 -6 -7
leaf_value=0.0007780162676254862 0.0079057752521855488 0 0 0 0 -0.008329248800398821
leaf_weight=3.7580922618508366 4.0802482441067687 0.80982638522982409 4.9599538575857878 1.4375316333025692 1.3535128980875013 5.3057524841278791
leaf_count=23 38 10 52 28 9 70
internal_value=0 -0.000723343 -0.00420712 0.00436091 0.0064277 -0.00787729
internal_weight=21.7049 14.8336 11.0755 6.87129 5.43376 6.11558
internal_count=230 155 132 75 47 80
is_linear=0
shrinkage=0.03


Tree=256
num_leaves=7
num_cat=0
split_feature=1 61 47 2 42 60
split_gain=0.683025 0.693872 0.369689 0.315704 0.167358 0.126282
threshold=0.83333334326744091 1.0000000180025095e-35 0.085297085344791426 1.4670542478561404 0.18874773383140567 0.0061999999452382335
decision_type=2 2 2 2 2 2
left_child=1 2 -1 -2 -4 -3
right_child=3 5 4 -5 -6 -7
leaf_value=0 0.0063419164890513562 0.0029400820336544691 0 0 -0.0092559320833328351 0
leaf_weight=2.4238585308194178 5.4461810514330855 3.1482003331184378 0.48378899879753579 1.70047852396965 6.1713919304311275 2.6465565226972103
leaf_count=14 56 17 7 20 96 22
internal_value=0 -0.00334079 -0.0068762 0.004434 -0.00861047 0
internal_weight=22.0205 14.8738 9.07904 7.14666 6.65518 5.79476
internal_count=232 156 117 76 103 39
is_linear=0
shrinkage=0.03


Tree=257
num_leaves=7
num_cat=0
split_feature=17 58 36 35 48 62
split_gain=0.458689 0.823268 0.317399 0.178817 0.173433 0.0703596
threshold=0.51415646076202404 1.0000000180025095e-35 0.055899698287248618 0.67171353101730358 0.12663277238607409 0.55140000581741344
decision_type=2 2 2 2 2 2
left_child=1 2 -1 -2 -4 -3
right_child=3 5 4 -5 -6 -7
leaf_value=0 -0.0035558075940409009 -0.0021119222786138139 0.0097095923065072115 0 0 0
leaf_weight=1.2898679897189165 4.2641706410795432 4.1974328197538844 6.879974137991665 3.7719786949455738 1.3035761006176469 1.3928605839610098
leaf_count=8 51 57 58 50 10 8
internal_value=0.000679611 0.00403807 0.00768348 -0.00103759 0.00888445 0
internal_weight=23.0999 15.0637 9.47342 8.03615 8.18355 5.59029
internal_count=242 141 76 101 68 65
is_linear=0
shrinkage=0.03


Tree=258
num_leaves=7
num_cat=0
split_feature=68 60 52 11 46 31
split_gain=0.346675 0.645448 0.334525 0.306799 0.213674 0.203737
threshold=697.16046142578136 0.077600002288818373 -0.38562110066413874 7.5000000000000009 0.80203181505203258 0.073563203215599074
decision_type=8 2 2 2 2 2
left_child=1 4 3 5 -1 -2
right_child=2 -3 -4 -5 -6 -7
leaf_value=0.007632503732402306 0 0 0 0 0 -0.0076695099844790908
leaf_weight=6.6292278841137904 0.45718440413475026 3.9513299521058798 2.4224078468978387 0.95079010725021351 1.0939401574432848 4.9101160243153572
leaf_count=60 4 37 21 7 8 88
internal_value=0 0.00300352 -0.00249307 -0.00505849 0.00661882 -0.00671859
internal_weight=20.415 11.6745 8.7405 6.31809 7.72317 5.3673
internal_count=225 105 120 99 68 92
is_linear=0
shrinkage=0.03


Tree=259
num_leaves=7
num_cat=0
split_feature=0 55 51 49 53 17
split_gain=0.2844 0.333086 0.284996 0.464986 0.212953 0.0223744
threshold=0.83333334326744091 0.14269554615020755 -0.3978706151247024 0.0070755204651504764 -0.46282260119915003 0.52652013301849376
decision_type=2 2 2 2 2 2
left_child=2 4 3 5 -2 -1
right_child=1 -3 -4 -5 -6 -7
leaf_value=0.0012317207133152621 0 0 0 -0.0069753419371894132 0.0068558428123931953 0
leaf_weight=3.273028012365101 2.3959139622747889 1.8233102746307848 3.3485994376242187 5.1964323408901691 4.5309234801679841 1.455945625901222
leaf_count=28 34 17 22 66 43 21
internal_value=0 0.00319628 -0.0016635 -0.00401312 0.00538766 0
internal_weight=22.0242 8.75015 13.274 9.92541 6.92684 4.72897
internal_count=231 94 137 115 77 49
is_linear=0
shrinkage=0.03


Tree=260
num_leaves=7
num_cat=0
split_feature=68 60 6 26 41 68
split_gain=0.263674 0.670613 0.614688 0.259931 0.317782 0.216593
threshold=36.717102050781257 0.31399999558925634 192.00000000000003 0.10526142641901971 0.49817629158496862 697.16046142578136
decision_type=10 2 2 2 2 10
left_child=3 2 5 -1 -5 -2
right_child=1 -3 -4 4 -6 -7
leaf_value=0 0.0091530341242266697 -0.00024865156224325766 0 -0.0057315304394653394 0 0
leaf_weight=2.0893694572150734 8.4835781753063184 1.877788608893751 1.303410343825816 7.0378338508307916 0.97837809845805157 1.5457556080073107
leaf_count=16 69 25 15 98 5 21
internal_value=0 0.00291738 0.0061252 -0.00140624 -0.00389765 0.00822071
internal_weight=23.3161 13.2105 11.3327 10.1056 8.01621 10.0293
internal_count=249 130 105 119 103 90
is_linear=0
shrinkage=0.03


Tree=261
num_leaves=7
num_cat=0
split_feature=60 53 48 30 27 4
split_gain=0.309333 0.657065 0.471114 0.483907 0.0588598 0.0308346
threshold=0.31399999558925634 -0.46945028007030482 0.13498388230800631 0.69834941625595104 0.63863244652748119 0.011484991759061815
decision_type=2 2 2 2 2 10
left_child=1 5 3 -3 -2 -1
right_child=4 2 -4 -5 -6 -7
leaf_value=-0.0014579998064303725 -0.0031541081524721752 0.0091886982473860408 0 0 0 0
leaf_weight=3.0546686742454812 2.8272119164466853 9.5972841624170524 2.0070035532116899 1.4178525283932675 0.89181453920900811 1.848577609285712
leaf_count=53 35 84 17 18 11 16
internal_value=0 0.00270124 0.00587684 0.00761654 -0.00233246 0
internal_weight=21.6444 17.9254 13.0221 11.0151 3.71903 4.90325
internal_count=234 188 119 102 46 69
is_linear=0
shrinkage=0.03


Tree=262
num_leaves=7
num_cat=0
split_feature=47 37 53 4 29 53
split_gain=0.446089 0.297192 0.367351 0.334636 0.157918 0.0521738
threshold=0.090125467628240599 0.63392627239227306 -0.22608545422554013 0.016200970858335498 0.87276113033294689 -0.32106773555278773
decision_type=2 2 2 10 2 2
left_child=-1 2 3 -2 5 -3
right_child=1 4 -4 -5 -6 -7
leaf_value=0.0052082137096894476 -0.0071510228710320806 0.0038893687571668165 0 0 0 0
leaf_weight=5.2270080074667957 7.4457407202571613 2.9715172369033098 1.2327650636434544 0.77778484299778927 2.3180124554783106 1.2212421782314766
leaf_count=37 103 34 7 6 29 13
internal_value=0.000608864 -1.2037e-05 -0.00365795 -0.00569456 0.000657601 0.003243
internal_weight=21.1941 15.9671 9.45629 8.22353 6.51077 4.19276
internal_count=229 192 116 109 76 47
is_linear=0
shrinkage=0.03


Tree=263
num_leaves=7
num_cat=0
split_feature=54 32 22 60 7 22
split_gain=0.526648 0.696729 0.27885 0.198692 0.181648 0.124391
threshold=0.069159060716629042 0.27426053583621984 0.87604647874832164 0.79899999499320995 22.500000000000004 0.46039514243602758
decision_type=2 2 2 2 2 2
left_child=-1 4 3 -3 -2 -6
right_child=1 2 -4 -5 5 -7
leaf_value=0.0048016767029541571 -1.4612667742690822e-05 -0.0085338493124196817 0 0 0.0043739001970908506 0
leaf_weight=3.0175184383988407 4.5409852769225854 6.8989752065390331 1.4257026780396698 0.6403862703591584 4.3971499837934971 1.8496702648699281
leaf_count=21 37 99 23 10 36 16
internal_value=0 -0.00241726 -0.00649851 -0.00774416 0 0.00317211
internal_weight=22.7704 19.7529 8.96506 7.53936 10.7878 6.24682
internal_count=242 221 132 109 89 52
is_linear=0
shrinkage=0.03


Tree=264
num_leaves=7
num_cat=0
split_feature=68 60 54 4 0 36
split_gain=0.573817 0.581717 0.313747 0.533846 0.522874 0.102872
threshold=505.51928710937506 0.31399999558925634 0.069159060716629042 0.0050959466025233277 3.1666666269302373 0.81128785014152538
decision_type=8 2 2 8 2 2
left_child=1 5 -2 -4 -5 -1
right_child=2 -3 3 4 -6 -7
leaf_value=0.0081146759717895395 0 0 0 -0.008652750868644284 0 0
leaf_weight=7.288333263248207 2.601397678256034 2.281937424093484 1.0386360548436613 6.6752064228057861 1.5053717941045759 1.2303777337074278
leaf_count=64 13 22 12 106 10 8
internal_value=0.000800234 0.00501083 -0.000830588 -0.00393389 -0.00654116 0.00751489
internal_weight=22.6213 10.8006 11.8206 9.21921 8.18058 8.51871
internal_count=235 94 141 128 116 72
is_linear=0
shrinkage=0.03


Tree=265
num_leaves=7
num_cat=0
split_feature=0 56 51 56 19 36
split_gain=0.357994 0.580175 0.477589 0.462906 0.339568 0.00230088
threshold=0.83333334326744091 -0.52962470054626454 -0.4306392222642898 -0.55317553877830494 0.69315171241760265 0.52646353840827953
decision_type=2 2 2 2 2 2
left_child=2 -2 3 -1 -3 -4
right_child=1 4 5 -5 -6 -7
leaf_value=0 0 0.007820361940381073 0 -0.0082586002336803768 0 0.00040556344004930272
leaf_weight=2.1910136528313151 2.2805532049387693 4.9227174594998342 2.4402519389987019 5.8899221159517756 1.0727253817021845 2.5898183416575193
leaf_count=25 36 52 17 74 8 19
internal_value=0 0.00215502 -0.00320447 -0.00607437 0.00616039 0
internal_weight=21.387 8.276 13.111 8.08094 5.99544 5.03007
internal_count=231 96 135 99 60 36
is_linear=0
shrinkage=0.03


Tree=266
num_leaves=7
num_cat=0
split_feature=60 28 18 58 56 0
split_gain=0.509364 0.578194 0.423845 0.36733 0.225255 0.345455
threshold=0.0030000000260770325 0.82930251955986034 0.94038009643554699 0.035399999469518668 -0.29210740327835077 0.83333334326744091
decision_type=2 2 2 2 2 2
left_child=1 2 3 -1 5 -2
right_child=4 -3 -4 -5 -6 -7
leaf_value=0.0089992829511026506 -0.0061659997884020677 0 0 0 0 0
leaf_weight=10.698623772710564 4.282208951190114 1.2891362663358439 1.0524527858942736 1.3450154624879349 1.0438623093068589 1.8001087829470632
leaf_count=86 57 18 10 28 7 18
internal_value=0.000685929 0.00426652 0.00646143 0.00781333 -0.00130943 -0.0037989
internal_weight=21.5114 14.3852 13.0961 12.0436 7.12618 6.08232
internal_count=224 142 124 114 82 75
is_linear=0
shrinkage=0.03


Tree=267
num_leaves=7
num_cat=0
split_feature=58 34 35 19 62 32
split_gain=0.683801 0.466981 0.653316 0.974558 0.125204 8.42103e-05
threshold=0.011799999978393318 0.77916738390922557 0.32889331877231603 0.81449943780899059 0.37680000066757208 0.37618413567543035
decision_type=2 2 2 2 2 2
left_child=1 2 5 -4 -2 -1
right_child=4 -3 3 -5 -6 -7
leaf_value=0 -0.0054338698789037996 0 0.011281397469539262 0 0 -8.0827395277031434e-05
leaf_weight=4.1712493523955407 4.1544081997126332 2.2687716577202073 7.2510284036397916 1.2027619592845438 0.55182383395731438 1.6008766666054723
leaf_count=26 80 26 65 13 6 17
internal_value=0 0.00342152 0.00549105 0.00845253 -0.00455595 0
internal_weight=21.2009 16.4947 14.2259 8.45379 4.70623 5.77213
internal_count=233 147 121 78 86 43
is_linear=0
shrinkage=0.03


Tree=268
num_leaves=7
num_cat=0
split_feature=51 28 68 60 3 51
split_gain=0.878327 0.426875 0.348656 0.199837 0.026207 0.00931027
threshold=-0.51844158768653859 0.81790655851364147 292.94918823242193 0.10199999809265138 5.1666667461395273 -0.57383322715759266
decision_type=2 2 8 2 2 2
left_child=2 3 5 -2 -4 -1
right_child=1 -3 4 -5 -6 -7
leaf_value=0.00082052330327348237 0.0075639890338448637 0 -0.0068118641031348374 0 0 0
leaf_weight=2.445800956338644 7.5124812275171262 1.7069024983793486 4.8692154306918392 2.3529437519609928 0.54851702600717533 1.5755896009504802
leaf_count=19 59 21 92 22 4 13
internal_value=0 0.00450555 -0.00425881 0.00643302 -0.00657426 0
internal_weight=21.0115 11.5723 9.43912 9.86542 5.41773 4.02139
internal_count=230 102 128 81 96 32
is_linear=0
shrinkage=0.03


Tree=269
num_leaves=7
num_cat=0
split_feature=68 60 38 45 58 33
split_gain=0.371548 0.680226 0.299378 0.27432 0.238911 0.107504
threshold=385.15440368652349 0.077600002288818373 0.53331512212753307 0.065303474664688124 0.005799999926239253 0.87737929821014415
decision_type=8 2 2 2 2 2
left_child=1 -1 3 -2 5 -4
right_child=2 -3 4 -5 -6 -7
leaf_value=0.0076856917021099818 0 0 0.0047906010113872152 -0.0059972300956660663 0 0
leaf_weight=6.333245664834978 1.7311604544520358 2.7322178073227406 3.7222467437386513 4.2681058123707771 1.5323338396847246 0.97703948616981495
leaf_count=55 9 23 31 71 34 9
internal_value=0.000762695 0.00430048 0 -0.00407969 0.00044056 0.00385256
internal_weight=21.2963 9.06546 12.2309 5.99927 6.23162 4.69929
internal_count=232 78 154 80 74 40
is_linear=0
shrinkage=0.03


Tree=270
num_leaves=7
num_cat=0
split_feature=60 68 1 53 26 31
split_gain=0.396854 0.719207 0.661659 0.34016 0.14521 0.189379
threshold=0.0030000000260770325 752.01473999023449 0.83333334326744091 -0.22608545422554013 0.14372427761554721 0.75880935788154613
decision_type=2 8 2 2 2 2
left_child=1 -1 3 -2 -3 -6
right_child=2 4 -4 -5 5 -7
leaf_value=0.0071912913573445349 -0.0081551772073681274 0 0.00013693047561935771 0 -0.0046559396932085969 0
leaf_weight=7.1599771510809669 5.3134833872318268 2.1275541521608838 1.542099507525563 0.75212155282497306 3.89119135402143 1.2631909269839523
leaf_count=59 71 13 17 5 52 21
internal_value=0 0.00313445 -0.00257811 -0.00665864 0 -0.00293663
internal_weight=22.0496 14.4419 7.6077 6.0656 7.28194 5.15438
internal_count=238 145 93 76 86 73
is_linear=0
shrinkage=0.03


Tree=271
num_leaves=7
num_cat=0
split_feature=51 39 28 61 19 23
split_gain=0.412346 0.378409 0.374986 0.317433 0.343899 0.221458
threshold=-0.51844158768653859 0.20223893225193026 0.10189286246895791 0.01060000015422702 0.74196732044219982 0.92635458707809459
decision_type=2 2 2 2 2 2
left_child=2 3 -1 4 -2 -4
right_child=1 -3 5 -5 -6 -7
leaf_value=0 0.0089157980333491125 0 -0.0058894418725557295 0 0 0
leaf_weight=3.295778729021551 5.9513215906918031 2.4410893246531478 6.5972080742940307 1.6534156389534471 1.4025794398039577 0.58548820763826359
leaf_count=28 49 19 104 15 14 8
internal_value=0 0.00393569 -0.00137795 0.00594951 0.0074318 -0.00468018
internal_weight=21.9269 11.4484 10.4785 9.00732 7.3539 7.1827
internal_count=237 97 140 78 63 112
is_linear=0
shrinkage=0.03


Tree=272
num_leaves=7
num_cat=0
split_feature=55 53 36 48 22 48
split_gain=0.398586 0.591483 0.385728 0.283007 0.0516427 0.0174577
threshold=0.14269554615020755 -0.46945028007030482 0.077054243534803404 -0.34321959316730494 0.25290773808956152 -0.23816646635532376
decision_type=2 2 2 2 2 2
left_child=1 5 -3 -4 -2 -1
right_child=4 2 3 -5 -6 -7
leaf_value=0 0 0 0 0.0082338369037980412 -0.0034873312510921555 -0.0011056785606670522
leaf_weight=2.2883767075836658 1.5273947808891524 1.862615771591664 0.93759415671229618 10.445389682427043 2.604112665168941 2.8520262818783566
leaf_count=20 13 13 12 97 30 47
internal_value=0 0.00297907 0.00580843 0.00727405 -0.00274919 0
internal_weight=22.5175 18.386 13.2456 11.383 4.13151 5.1404
internal_count=232 189 122 109 43 67
is_linear=0
shrinkage=0.03


Tree=273
num_leaves=7
num_cat=0
split_feature=68 15 48 4 14 68
split_gain=0.525593 0.459755 0.396894 0.504158 0.320722 0.187733
threshold=50.487812042236335 0.49256454408168798 -0.3183924257755279 0.0075805915985256442 1.3474708795547488 752.01473999023449
decision_type=10 2 2 8 2 10
left_child=1 4 -2 -4 -1 -5
right_child=2 -3 3 5 -6 -7
leaf_value=0 0 0 0 0.0083148561524657751 -0.0075622044403474385 0
leaf_weight=0.49899861216545272 1.2262866497039784 4.1626222059130669 1.2405613567680092 8.2160276938229782 5.6674008704721928 1.297096565365792
leaf_count=3 12 41 17 73 76 17
internal_value=0 -0.00308552 0.00356592 0.00553884 -0.00612918 0.00747545
internal_weight=22.309 10.329 11.98 10.7537 6.1664 9.51312
internal_count=239 120 119 107 79 90
is_linear=0
shrinkage=0.03


Tree=274
num_leaves=7
num_cat=0
split_feature=0 58 47 17 14 14
split_gain=0.745661 0.518207 0.470778 0.51206 0.507813 0.30481
threshold=0.83333334326744091 0.01480000000447035 0.077529683709144606 0.021675205789506439 13.604084968566896 13.604084968566896
decision_type=2 2 2 2 2 2
left_child=2 5 -1 -4 -5 -2
right_child=1 -3 3 4 -6 -7
leaf_value=0 0.0077497690035644743 0 0 -0.010128183353619924 0 0
leaf_weight=2.131816782057288 5.3495295047759992 1.4167901203036306 1.6036738734692324 7.8545470107346755 2.4063356090337038 1.2527160607278345
leaf_count=11 54 27 11 90 32 11
internal_value=0 0.00317078 -0.00451852 -0.00646422 -0.00823648 0.00624528
internal_weight=22.0154 8.01904 13.9964 11.8646 10.2609 6.60225
internal_count=236 92 144 133 122 65
is_linear=0
shrinkage=0.03


Tree=275
num_leaves=7
num_cat=0
split_feature=54 1 42 30 2 48
split_gain=0.405377 0.181247 0.476025 0.319744 0.166535 0.0193855
threshold=0.069159060716629042 0.83333334326744091 0.23753813654184344 0.84942904114723217 1.1376050710678103 -0.18684633076190946
decision_type=2 2 2 2 2 2
left_child=-1 2 5 -4 -3 -2
right_child=1 4 3 -5 -6 -7
leaf_value=0.0052340667232108791 0.0011960507367403598 0.0034470645207589808 -0.0069044725996141561 0 0 0
leaf_weight=3.659679755568507 2.1961085014045243 2.8554819058626881 8.384997299872337 1.1438225042074908 2.8482501450926065 1.3260749895125652
leaf_count=25 16 30 92 14 35 25
internal_value=0.000537765 0 -0.00263668 -0.00549035 0.000427527 0
internal_weight=22.4144 18.7547 13.051 9.52882 5.70373 3.52218
internal_count=237 212 147 106 65 41
is_linear=0
shrinkage=0.03


Tree=276
num_leaves=7
num_cat=0
split_feature=26 47 11 26 33 33
split_gain=0.298181 0.817263 0.345028 0.328841 0.326548 0.301787
threshold=0.17967677861452105 0.090125467628240599 0.91111111640930187 0.012223247904330494 0.87116658687591564 0.23355001211166385
decision_type=2 2 2 2 2 2
left_child=2 -2 -1 -4 5 -3
right_child=1 4 3 -5 -6 -7
leaf_value=0 0.0010081996482287931 0 0 0.006647483336753017 0 -0.0091157732298135577
leaf_weight=0.90577212721109646 3.4367499426007262 0.76383395306765844 1.1978267282247523 6.8582310546189547 1.3288153856992719 7.0556154996156693
leaf_count=7 25 12 10 54 18 103
internal_value=0 -0.00239822 0.00270229 0.00498664 -0.00666957 -0.0080183
internal_weight=21.5468 12.585 8.96183 8.05606 9.14826 7.81945
internal_count=229 158 71 64 133 115
is_linear=0
shrinkage=0.03


Tree=277
num_leaves=7
num_cat=0
split_feature=32 47 58 38 31 46
split_gain=0.576799 0.541914 0.355692 0.230052 0.234061 0.00065233
threshold=0.19966991245746615 0.090125467628240599 0.018600000068545345 0.11142597720026971 0.69415679574012767 0.06552468985319139
decision_type=2 2 2 2 2 2
left_child=2 5 -1 -3 -5 -2
right_child=1 3 -4 4 -6 -7
leaf_value=0.0071249852123872401 0 0 0 -0.007477274727563041 0 0.0015728860882174892
leaf_weight=6.6481418646872061 1.5282184183597558 1.3930194228887538 1.5924489088356493 5.8645763527601957 2.0041579678654671 1.9055335521697996
leaf_count=56 12 11 15 93 32 13
internal_value=0.000726626 -0.000677764 0.00536502 -0.00493593 -0.00615222 0.00146589
internal_weight=20.9361 12.6955 8.24059 9.26175 7.86873 3.43375
internal_count=232 161 71 136 125 25
is_linear=0
shrinkage=0.03


Tree=278
num_leaves=7
num_cat=0
split_feature=58 62 17 49 68 33
split_gain=0.632926 0.489784 0.409251 0.371056 0.477085 0.1197
threshold=1.0000000180025095e-35 0.89659997820854198 0.52652013301849376 0.13890706002712253 505.51928710937506 0.23355001211166385
decision_type=2 2 2 2 10 2
left_child=2 5 3 4 -1 -2
right_child=1 -3 -4 -5 -6 -7
leaf_value=0.0095316148257037579 0 0 0 0 0 -0.0071371988518536579
leaf_weight=5.7258328571915644 0.88720617815852065 0.85237788408994664 4.5844585075974456 1.6155539378523824 1.4428610354661939 6.1191532462835312
leaf_count=49 14 7 44 13 14 91
internal_value=0 -0.00390672 0.0035654 0.00595171 0.00762936 -0.00647669
internal_weight=21.2274 7.85874 13.3687 8.78425 7.16869 7.00636
internal_count=232 112 120 76 63 105
is_linear=0
shrinkage=0.03


Tree=279
num_leaves=7
num_cat=0
split_feature=33 54 36 53 48 45
split_gain=0.291969 0.38441 0.294085 0.289008 0.264398 0.190414
threshold=0.63803189992904674 0.079683117568492903 0.14051674306392672 -0.48418669402599329 0.12663277238607409 0.053456643596291549
decision_type=2 2 2 2 2 2
left_child=1 -1 -3 -2 5 -5
right_child=3 2 -4 4 -6 -7
leaf_value=0 0 0 -0.0064411561098171024 0 0 0.0074756600305819765
leaf_weight=3.5338400509208467 2.0702639054507008 2.1690207347273809 6.4179787104949355 1.3180286251008491 1.2713978588581083 5.41899917088449
leaf_count=21 30 17 98 13 11 53
internal_value=0 -0.00178538 -0.00473361 0.0030944 0.00501196 0.00642226
internal_weight=22.1995 12.1208 8.587 10.0787 8.00843 6.73703
internal_count=243 136 115 107 77 66
is_linear=0
shrinkage=0.03


Tree=280
num_leaves=7
num_cat=0
split_feature=68 60 4 38 47 50
split_gain=0.270994 0.606194 0.416551 0.238897 0.314069 0.138036
threshold=667.86233520507824 0.0030000000260770325 0.0080972984433174151 0.53331512212753307 0.067132897675037398 -0.023702638223767277
decision_type=8 2 8 2 2 2
left_child=1 2 -1 4 -2 -4
right_child=3 -3 5 -5 -6 -7
leaf_value=0 0 0 0 0 -0.0059958896547221072 0.0092619261727533223
leaf_weight=1.0201172903180138 0.49012435972690394 5.7548199351876974 0.79269495606422413 6.1721002534031868 4.1160002127289772 4.9071988463401794
leaf_count=8 2 53 6 69 65 43
internal_value=0 0.00322729 0.00682864 -0.000687117 -0.00392327 0.00857549
internal_weight=23.2531 12.4748 6.72001 10.7782 4.60612 5.69989
internal_count=246 110 57 136 67 49
is_linear=0
shrinkage=0.03


Tree=281
num_leaves=7
num_cat=0
split_feature=58 60 34 19 68 16
split_gain=0.350672 0.520406 0.603267 0.438653 0.147186 0.0404639
threshold=0.011799999978393318 0.16399999707937243 0.87014615535736095 0.84375298023223888 125.49837112426759 0.53998553752899181
decision_type=2 2 2 2 8 2
left_child=1 2 3 -1 -2 -3
right_child=4 5 -4 -5 -6 -7
leaf_value=0.0087499459382064451 0 -0.0017229240904770733 0 0 -0.0041944953027935553 0
leaf_weight=11.007380302995449 1.0156077034771431 2.2681115139275785 1.6257960274815548 1.2250649295747269 3.9712565243244171 1.0124979801476
leaf_count=91 8 26 15 10 83 10
internal_value=0 0.00273001 0.00530179 0.0073882 -0.00275002 0
internal_weight=22.1257 17.1389 13.8582 12.2324 4.98686 3.28061
internal_count=243 152 116 101 91 36
is_linear=0
shrinkage=0.03


Tree=282
num_leaves=7
num_cat=0
split_feature=58 19 39 62 47 36
split_gain=0.439577 0.661941 0.558961 0.294061 0.180138 0.160324
threshold=1.0000000180025095e-35 0.44250741600990301 0.20223893225193026 0.55140000581741344 0.8404977321624757 0.055899698287248618
decision_type=2 2 2 2 2 2
left_child=1 2 5 4 -2 -1
right_child=3 -3 -4 -5 -6 -7
leaf_value=0 -0.0053921831479501236 0 0 0 0 0.009865106005809322
leaf_weight=1.0606707632541672 5.1207094499841324 5.0769352596253148 1.4919079914689062 1.614393677562475 0.88872219994664181 6.8915768172591925
leaf_count=7 84 51 12 13 9 60
internal_value=0.000749046 0.00404286 0.007159 -0.000854373 -0.0041635 0.00913963
internal_weight=22.1449 14.5211 9.44416 7.62383 6.00943 7.95225
internal_count=236 130 79 106 93 67
is_linear=0
shrinkage=0.03


Tree=283
num_leaves=7
num_cat=0
split_feature=68 60 6 26 39 35
split_gain=0.496811 0.756489 0.619147 0.571641 0.150309 0.0145847
threshold=50.487812042236335 0.31399999558925634 192.00000000000003 0.14372427761554721 0.20778678357601169 0.1045847423374653
decision_type=10 2 2 2 2 2
left_child=3 2 -2 5 -5 -1
right_child=1 -3 -4 4 -6 -7
leaf_value=0 0.0092657671909333952 0 0 -0.0070402776711153935 0 0.001031110055046454
leaf_weight=1.3259368799626847 8.655886843800543 2.4134970102459183 1.1459000781178463 4.7938769459724426 1.0313306823372839 2.3461041525006294
leaf_count=9 79 30 13 74 7 18
internal_value=0 0.00404573 0.00726262 -0.0020696 -0.00614712 0
internal_weight=21.7125 12.2153 9.80179 9.49725 5.82521 3.67204
internal_count=230 122 92 108 81 27
is_linear=0
shrinkage=0.03


Tree=284
num_leaves=7
num_cat=0
split_feature=60 28 17 58 4 53
split_gain=0.386885 0.668581 0.55321 0.575436 0.397235 0.338444
threshold=0.00059999998484272521 0.81790655851364147 0.8604593575000764 0.025799999944865707 0.011484991759061815 -0.22608545422554013
decision_type=2 2 2 2 10 2
left_child=1 2 3 -1 5 -2
right_child=4 -3 -4 -5 -6 -7
leaf_value=0.0097147764186093361 -0.0071384667484361928 -5.808714222877047e-05 0 0 0 0
leaf_weight=9.8026982843875903 4.8918722858652472 1.7396476846188296 1.436996093019842 1.4002674911171187 1.8396812397986648 0.88331487029790778
leaf_count=80 71 26 13 24 23 5
internal_value=0 0.00321155 0.00613863 0.0079824 -0.00234354 -0.00536615
internal_weight=21.9945 14.3796 12.64 11.203 7.61487 5.77519
internal_count=242 143 117 104 99 76
is_linear=0
shrinkage=0.03


Tree=285
num_leaves=7
num_cat=0
split_feature=51 18 34 32 31 22
split_gain=0.430029 0.385254 0.550979 0.362959 0.0873346 0.0372386
threshold=-0.51844158768653859 0.30347275733947759 0.22959042340517047 0.27426053583621984 0.93551212549209606 0.38423712551593786
decision_type=2 2 2 2 2 2
left_child=3 -2 -3 5 -4 -1
right_child=1 2 4 -5 -6 -7
leaf_value=0.0015152273532683931 0 0 0.0092681684184900068 -0.0049152118465316235 0 0
leaf_weight=4.5975428707897681 4.8345485739409906 1.0843275785446165 4.9120393507182598 4.6820746166631579 1.1191381290554998 1.1998870465904472
leaf_count=36 35 8 43 84 13 15
internal_value=0.000150865 0.00404821 0.00642458 -0.00117024 0.00866021 0
internal_weight=22.4296 11.9501 7.11551 10.4795 6.03118 5.79743
internal_count=234 99 64 135 56 51
is_linear=0
shrinkage=0.03


Tree=286
num_leaves=7
num_cat=0
split_feature=1 20 48 47 32 4
split_gain=0.245412 0.288464 0.23942 0.455668 0.200697 0.0348325
threshold=0.83333334326744091 0.75883689522743236 -0.19895818084478376 0.085297085344791426 0.82274550199508678 0.0079052620567381399
decision_type=2 2 2 2 2 10
left_child=2 5 -1 -4 -5 -2
right_child=1 -3 3 4 -6 -7
leaf_value=0 0 0 0 -0.0076275382967877885 0 0.005470658037745775
leaf_weight=4.6124387569725522 0.91778862476348777 1.3303461913019416 3.118423730134964 5.3925557443872094 1.4368779957294462 4.1176683884114027
leaf_count=47 18 15 18 70 17 46
internal_value=0 0.00283514 -0.00190706 -0.00390894 -0.00651761 0.00510061
internal_weight=20.9261 6.3658 14.5603 9.94786 6.82943 5.03546
internal_count=231 79 152 105 87 64
is_linear=0
shrinkage=0.03


Tree=287
num_leaves=7
num_cat=0
split_feature=68 38 60 2 68 19
split_gain=0.410162 0.575905 0.469768 0.325518 0.11979 0.0610998
threshold=385.15440368652349 0.53331512212753307 0.34340000152587896 1.313725531101227 50.487812042236335 0.83544328808784496
decision_type=8 2 2 2 10 2
left_child=2 -2 4 5 -1 -3
right_child=1 3 -4 -5 -6 -7
leaf_value=0 -0.0060777323647375515 0.0050677461571544203 0 -0.00036287194327420426 0.007500838409596134 0
leaf_weight=1.7640650719404236 5.2287980588152987 3.486084058880806 1.4519639648497102 2.5941655114293098 5.2050555385649204 1.2496265377849338
leaf_count=15 77 32 12 39 46 14
internal_value=0 -0.0014009 0.00419952 5.50495e-05 0.00663779 0.00444662
internal_weight=20.9798 12.5587 8.42108 7.32988 6.96912 4.73571
internal_count=235 162 73 85 61 46
is_linear=0
shrinkage=0.03


Tree=288
num_leaves=7
num_cat=0
split_feature=58 35 28 2 62 47
split_gain=0.440101 0.61792 0.519446 0.456487 0.371642 0.0359978
threshold=0.011799999978393318 0.32889331877231603 0.81790655851364147 1.313725531101227 0.55140000581741344 0.090125467628240599
decision_type=2 2 2 2 2 2
left_child=1 5 3 -3 -2 -1
right_child=4 2 -4 -5 -6 -7
leaf_value=0 -0.0052114848643066902 0.010520749686063809 0 0 0 -0.0014831955933456962
leaf_weight=1.6328335106372893 4.0454447250813237 6.1428322512656433 1.5499623436480749 2.553398922085762 1.129501214250922 4.7272353991866112
leaf_count=9 79 53 20 27 9 37
internal_value=0.000318291 0.00363896 0.00669851 0.00857875 -0.00175971 0
internal_weight=21.7812 16.6063 10.2462 8.69623 5.17495 6.36007
internal_count=234 146 100 80 88 46
is_linear=0
shrinkage=0.03


Tree=289
num_leaves=7
num_cat=0
split_feature=51 48 11 68 48 33
split_gain=0.315303 0.394282 0.515612 0.193255 0.174976 0.159685
threshold=-0.43886667490005488 -0.19895818084478376 7.5000000000000009 292.94918823242193 0.13498388230800631 0.23355001211166385
decision_type=2 2 2 8 2 2
left_child=1 3 5 -1 -2 -3
right_child=4 2 -4 -5 -6 -7
leaf_value=0.003796779534134456 0.0050500337141199227 0 0 0 0 -0.0078666407947261159
leaf_weight=2.0654433295130739 6.1364556495100251 0.81369904056191433 2.004335904493928 3.1154692228883505 1.1786622628569601 6.0355838779360056
leaf_count=14 51 13 22 46 8 85
internal_value=0 -0.00111211 -0.00451643 0 0.0038304 -0.0070969
internal_weight=21.3496 14.0345 8.85362 5.18091 7.31512 6.84928
internal_count=239 180 120 60 59 98
is_linear=0
shrinkage=0.03


Tree=290
num_leaves=7
num_cat=0
split_feature=58 50 34 56 62 34
split_gain=0.495262 0.542883 0.35258 0.356387 0.294951 0.199895
threshold=1.0000000180025095e-35 0.14968683570623401 0.078262127935886397 -0.55636668205261219 0.83859997987747203 0.16196272522211078
decision_type=2 2 2 2 2 2
left_child=1 2 -1 -4 5 -2
right_child=4 -3 3 -5 -6 -7
leaf_value=0 0 0 0 0.0091416899721735462 0 -0.0064214597581309495
leaf_weight=2.0013032183051127 1.4397974424064148 4.1609777025878421 1.0082403346896169 6.4737223349511623 0.75223889388144005 5.5461050365120173
leaf_count=13 14 45 10 55 8 90
internal_value=0 0.00325201 0.00615726 0.00777196 -0.00332142 -0.00521041
internal_weight=21.3824 13.6442 9.48327 7.48196 7.73814 6.9859
internal_count=235 123 78 65 112 104
is_linear=0
shrinkage=0.03


Tree=291
num_leaves=7
num_cat=0
split_feature=54 33 29 22 55 37
split_gain=0.268185 0.773911 0.249072 0.18642 0.168479 0.241063
threshold=0.069159060716629042 0.63803189992904674 0.2463038116693497 0.019397587515413765 0.13327334821224215 0.667617827653885
decision_type=2 2 2 2 2 2
left_child=-1 2 -2 -4 5 -3
right_child=1 4 3 -5 -6 -7
leaf_value=0.0035284744496426709 0 0 0 -0.0081362508366986663 0 0.0050147935678365538
leaf_weight=3.0925831533968475 1.086680825799706 1.6519802827388028 0.82737120985984614 7.4612366473302245 2.3466586340218782 5.0906994119286537
leaf_count=21 17 19 6 104 22 56
internal_value=0 -0.00165921 -0.00627933 -0.0073505 0.000756186 0.00311585
internal_weight=21.5572 18.4646 9.37529 8.28861 9.08934 6.74268
internal_count=245 224 127 110 97 75
is_linear=0
shrinkage=0.03


Tree=292
num_leaves=7
num_cat=0
split_feature=28 58 55 2 12 0
split_gain=0.351262 0.49149 0.578068 0.533656 0.105442 0.0397621
threshold=0.520310938358307 0.011799999978393318 0.14269554615020755 1.9439166784286501 0.58748272061347973 1.8333333134651186
decision_type=2 2 2 2 2 2
left_child=1 2 3 -1 5 -2
right_child=4 -3 -4 -5 -6 -7
leaf_value=0.0090877220657113161 -0.004787688770625226 0 0 0 0 0
leaf_weight=8.7956417016685027 4.7213330622762433 2.5963374692946664 2.1343665122985831 1.2153488770127285 1.32930401712656 0.53340032324194897
leaf_count=69 84 40 16 13 11 5
internal_value=0 0.00210256 0.00499134 0.00731912 -0.00353091 -0.00444686
internal_weight=21.3257 14.7417 12.1454 10.011 6.58404 5.25473
internal_count=238 138 98 82 100 89
is_linear=0
shrinkage=0.03


Tree=293
num_leaves=7
num_cat=0
split_feature=19 68 31 26 22 31
split_gain=0.197639 0.236051 0.272398 0.270549 0.162824 0.159507
threshold=0.24221903830766681 102.1502151489258 0.75880935788154613 0.12377285212278367 0.33983196318149572 0.026976145803928379
decision_type=2 10 2 2 2 2
left_child=4 2 3 -2 5 -1
right_child=1 -3 -4 -5 -6 -7
leaf_value=0 0 0 0 -0.0070383485177606918 0 0.0053090684060512075
leaf_weight=1.3703510574996487 0.60185060277581026 6.4570073001086712 1.366938631981611 4.4111465606838465 1.130561478435993 6.1485457830131054
leaf_count=11 6 71 17 61 18 52
internal_value=0 -0.000748864 -0.00370834 -0.00559764 0.00297508 0.00421747
internal_weight=21.4864 12.8369 6.37994 5.013 8.64946 7.5189
internal_count=236 155 84 67 81 63
is_linear=0
shrinkage=0.03


Tree=294
num_leaves=6
num_cat=0
split_feature=54 1 57 22 52
split_gain=0.476932 0.934978 0.574557 0.274523 0.00297226
threshold=0.069159060716629042 0.83333334326744091 0.65219998359680187 0.38423712551593786 -0.5759015381336211
decision_type=2 2 2 2 2
left_child=-1 2 4 -3 -2
right_child=1 3 -4 -5 -6
leaf_value=0.0044733819173933161 0 0.0044201037558123353 0 0 -0.0090897725297044898
leaf_weight=3.2996702007949379 0.51643647812307136 3.8357171453535548 3.4466429911553851 2.3589345961809158 8.1679952740669233
leaf_count=22 8 40 37 33 101
internal_value=0 -0.00239956 -0.00665898 0.00119798 -0.00895528
internal_weight=21.6254 18.3257 12.1311 6.19465 8.68443
internal_count=241 219 146 73 109
is_linear=0
shrinkage=0.03


Tree=295
num_leaves=7
num_cat=0
split_feature=51 28 68 59 54 2
split_gain=0.300791 0.454502 0.420012 0.334823 0.101958 0.0812744
threshold=-0.51844158768653859 0.81790655851364147 313.60475158691412 0.19579999893903735 0.56555533409118663 1.9959999918937685
decision_type=2 2 8 2 2 2
left_child=2 3 4 5 -1 -2
right_child=1 -3 -4 -5 -6 -7
leaf_value=0 0.0076138856839553497 0 -0.0057210225158463249 0 0.0027193760313574044 0
leaf_weight=2.0446893572807321 6.0075472593307477 1.3316653706133363 5.4074038127437243 1.0546284094452856 2.4086136855185032 0.85569265112280835
leaf_count=20 49 16 100 11 17 9
internal_value=0 0.00273924 -0.00252151 0.00555791 0 0.00711983
internal_weight=19.1102 9.24953 9.86071 7.91787 4.4533 6.86324
internal_count=222 85 137 69 37 58
is_linear=0
shrinkage=0.03


Tree=296
num_leaves=7
num_cat=0
split_feature=51 28 44 29 31 25
split_gain=0.277174 0.390587 0.344712 0.191119 0.0106127 0.0595424
threshold=-0.51844158768653859 0.10189286246895791 0.351733148097992 0.2463038116693497 0.74556332826614391 0.26354065537452703
decision_type=2 2 2 2 2 2
left_child=1 -1 -2 -3 5 -4
right_child=2 3 4 -5 -6 -7
leaf_value=0 0.0051564548323735403 0 0 -0.0066452366330725576 0 -0.0021459175047360514
leaf_weight=2.9714500680565852 3.9039093535393459 0.76454999297857273 1.6191973611712454 6.1584235122427344 1.8334754481911657 3.7112060002982616
leaf_count=27 36 14 10 100 20 34
internal_value=0 -0.00309043 0.00167984 -0.00565685 0 -0.000789328
internal_weight=20.9622 9.89442 11.0678 6.92297 7.16388 5.3304
internal_count=241 141 100 114 64 44
is_linear=0
shrinkage=0.03


Tree=297
num_leaves=7
num_cat=0
split_feature=26 31 29 35 41 31
split_gain=0.32618 0.368341 0.338493 0.201655 0.165315 0.146398
threshold=0.17967677861452105 0.69415679574012767 0.2463038116693497 0.1045847423374653 0.45105154812335974 0.026976145803928379
decision_type=2 2 2 2 2 2
left_child=3 2 -2 -1 -4 -5
right_child=1 -3 4 5 -6 -7
leaf_value=0 0 0 -0.0069027264322869689 0 0 0.006139476128501682
leaf_weight=2.6592978574335593 0.96376439929008384 3.8549809977412215 7.0742819998413307 0.60565417259931553 1.065981540828943 5.3395058456808329
leaf_count=19 12 56 93 5 7 48
internal_value=0 -0.00111639 -0.00434172 0.00377373 -0.00605358 0.00529134
internal_weight=21.5635 12.959 9.10403 8.60446 8.14026 5.94516
internal_count=240 168 112 72 100 53
is_linear=0
shrinkage=0.03


Tree=298
num_leaves=7
num_cat=0
split_feature=68 61 48 43 0 30
split_gain=0.232583 0.288648 0.548678 0.286366 0.309501 0.13591
threshold=752.01473999023449 0.01060000015422702 -0.30998553335666651 0.14653412997722629 3.1666666269302373 0.88804084062576305
decision_type=8 2 2 2 2 2
left_child=1 2 -1 -2 5 -5
right_child=3 -3 -4 4 -6 -7
leaf_value=0 0 0 0.0075507239993807297 -0.006784544785837396 0 0
leaf_weight=1.6042379662394521 1.139766339212654 4.1487416960299015 5.8124289643019456 5.6418816866353154 0.8177625685930251 0.61711387336254109
leaf_count=14 8 35 52 93 6 10
internal_value=0 0.00261906 0.00483831 -0.00183587 -0.00432294 -0.00606299
internal_weight=19.7819 11.5654 7.41667 8.21652 7.07676 6.259
internal_count=218 101 66 117 109 103
is_linear=0
shrinkage=0.03


Tree=299
num_leaves=7
num_cat=0
split_feature=52 32 57 4 25 4
split_gain=0.277009 0.536597 0.326139 0.173746 0.163554 0.138142
threshold=-0.38562110066413874 0.17417489737272265 0.0016000000759959223 0.0042826749850064525 0.89278802275657665 0.047441400587558753
decision_type=2 2 2 10 2 10
left_child=1 3 -2 -1 5 -3
right_child=2 4 -4 -5 -6 -7
leaf_value=0 0.0055950959035149421 -0.0068957558274038615 0 0.003367286964076374 0 0
leaf_weight=2.0219992697238949 5.7192179821431628 6.91536622866988 1.9610686805099247 3.8664550073444843 0.69905133359134186 0.67249066755175579
leaf_count=18 48 105 18 36 12 9
internal_value=0 -0.00144875 0.00335127 0.000231993 -0.00539786 -0.00621806
internal_weight=21.8556 14.1754 7.68029 5.88845 8.28691 7.58786
internal_count=246 180 66 54 126 114
is_linear=0
shrinkage=0.03


end of trees

feature_importances:
Column_68=152
Column_60=132
Column_58=112
Column_0=97
Column_54=74
Column_47=71
Column_51=65
Column_30=63
Column_14=56
Column_4=54
Column_62=45
Column_32=40
Column_19=39
Column_48=39
Column_53=35
Column_12=33
Column_11=30
Column_17=30
Column_55=30
Column_26=25
Column_31=25
Column_56=25
Column_6=24
Column_7=24
Column_1=23
Column_28=22
Column_38=22
Column_35=21
Column_34=20
Column_43=20
Column_57=20
Column_44=19
Column_50=19
Column_52=19
Column_33=18
Column_61=18
Column_2=16
Column_22=16
Column_42=16
Column_36=14
Column_49=12
Column_9=11
Column_5=10
Column_45=10
Column_46=10
Column_25=9
Column_29=9
Column_59=9
Column_21=8
Column_24=8
Column_39=7
Column_41=7
Column_18=6
Column_27=6
Column_37=5
Column_3=4
Column_15=4
Column_23=4
Column_40=4
Column_20=2
Column_16=1

parameters:
[boosting: gbdt]
[objective: binary]
[metric: binary_logloss]
[tree_learner: serial]
[device_type: cpu]
[data_sample_strategy: bagging]
[data: ]
[valid: ]
[num_iterations: 300]
[learning_rate: 0.03]
[num_leaves: 7]
[num_threads: -1]
[seed: 50474]
[deterministic: 0]
[force_col_wise: 1]
[force_row_wise: 0]
[histogram_pool_size: -1]
[max_depth: 4]
[min_data_in_leaf: 10]
[min_sum_hessian_in_leaf: 0.001]
[bagging_fraction: 0.8]
[pos_bagging_fraction: 1]
[neg_bagging_fraction: 1]
[bagging_freq: 1]
[bagging_seed: 50474]
[bagging_by_query: 0]
[feature_fraction: 0.8]
[feature_fraction_bynode: 1]
[feature_fraction_seed: 50474]
[extra_trees: 0]
[extra_seed: 28696]
[early_stopping_round: 0]
[early_stopping_min_delta: 0]
[first_metric_only: 0]
[max_delta_step: 0]
[lambda_l1: 2]
[lambda_l2: 10]
[linear_lambda: 0]
[min_gain_to_split: 0]
[drop_rate: 0.1]
[max_drop: 50]
[skip_drop: 0.5]
[xgboost_dart_mode: 0]
[uniform_drop: 0]
[drop_seed: 20372]
[top_rate: 0.2]
[other_rate: 0.1]
[min_data_per_group: 100]
[max_cat_threshold: 32]
[cat_l2: 10]
[cat_smooth: 10]
[max_cat_to_onehot: 4]
[top_k: 20]
[monotone_constraints: ]
[monotone_constraints_method: basic]
[monotone_penalty: 0]
[feature_contri: ]
[forcedsplits_filename: ]
[refit_decay_rate: 0.9]
[cegb_tradeoff: 1]
[cegb_penalty_split: 0]
[cegb_penalty_feature_lazy: ]
[cegb_penalty_feature_coupled: ]
[path_smooth: 0]
[interaction_constraints: ]
[verbosity: -1]
[saved_feature_importance_type: 0]
[use_quantized_grad: 0]
[num_grad_quant_bins: 4]
[quant_train_renew_leaf: 0]
[stochastic_rounding: 1]
[linear_tree: 0]
[max_bin: 63]
[max_bin_by_feature: ]
[min_data_in_bin: 3]
[bin_construct_sample_cnt: 200000]
[data_random_seed: 50474]
[is_enable_sparse: 1]
[enable_bundle: 1]
[use_missing: 1]
[zero_as_missing: 0]
[feature_pre_filter: 1]
[pre_partition: 0]
[two_round: 0]
[header: 0]
[label_column: ]
[weight_column: ]
[group_column: ]
[ignore_column: ]
[categorical_feature: ]
[forcedbins_filename: ]
[precise_float_parser: 0]
[parser_config_file: ]
[objective_seed: 8700]
[num_class: 1]
[is_unbalance: 0]
[scale_pos_weight: 1]
[sigmoid: 1]
[boost_from_average: 1]
[reg_sqrt: 0]
[alpha: 0.9]
[fair_c: 1]
[poisson_max_delta_step: 0.7]
[tweedie_variance_power: 1.5]
[lambdarank_truncation_level: 30]
[lambdarank_norm: 1]
[label_gain: ]
[lambdarank_position_bias_regularization: 0]
[eval_at: ]
[multi_error_top_k: 1]
[auc_mu_weights: ]
[num_machines: 1]
[local_listen_port: 12400]
[time_out: 120]
[machine_list_filename: ]
[machines: ]
[gpu_platform_id: -1]
[gpu_device_id: -1]
[gpu_use_dp: 0]
[num_gpu: 1]

end of parameters

pandas_categorical:null
