tree
version=v4
num_class=1
num_tree_per_iteration=1
label_index=0
max_feature_idx=68
objective=binary sigmoid:1
feature_names=Column_0 Column_1 Column_2 Column_3 Column_4 Column_5 Column_6 Column_7 Column_8 Column_9 Column_10 Column_11 Column_12 Column_13 Column_14 Column_15 Column_16 Column_17 Column_18 Column_19 Column_20 Column_21 Column_22 Column_23 Column_24 Column_25 Column_26 Column_27 Column_28 Column_29 Column_30 Column_31 Column_32 Column_33 Column_34 Column_35 Column_36 Column_37 Column_38 Column_39 Column_40 Column_41 Column_42 Column_43 Column_44 Column_45 Column_46 Column_47 Column_48 Column_49 Column_50 Column_51 Column_52 Column_53 Column_54 Column_55 Column_56 Column_57 Column_58 Column_59 Column_60 Column_61 Column_62 Column_63 Column_64 Column_65 Column_66 Column_67 Column_68
feature_infos=[0.3333333432674408:336] [0.3333333432674408:12] [1:5] [0.3333333432674408:1285.6666259765625] [0.0027173913549631834:2] [0:1] [0:736] [0:813] [0:206.66667175292969] [0:1079] [1:2] [0.20689655840396881:230] [0:1] [0:1] [0.10853985697031021:23.409765243530273] [0:9.559722900390625] [0:2.2245702743530273] [0.00086893513798713684:0.99371588230133057] [0.00085803942056372762:0.99902480840682983] [0.0009152420680038631:0.99332702159881592] [0.00085803942056372762:0.99905753135681152] [0.069869920611381531:0.99943888187408447] [0.0008778013288974762:0.99582791328430176] [0.00084575643995776772:0.99472630023956299] [0.00092586869141086936:0.99597734212875366] [0.069715835154056549:0.9963722825050354] [1.9455832443782128e-05:0.99557089805603027] [8.0112249634112231e-06:0.99911469221115112] [1.4877989087835886e-05:0.99486535787582397] [0.06536749005317688:0.99881237745285034] [0.00081704684998840094:0.99729245901107788] [0.00068631937028840184:0.99277728796005249] [0.00081704684998840094:0.99767279624938965] [0.064658395946025848:0.99326097965240479] [0.0013728630729019642:0.99855345487594604] [0.0011603961465880275:0.99900662899017334] [0.0012911449884995818:0.99849265813827515] [0.064545534551143646:0.99937349557876587] [0.0008308000979013741:0.99996340274810791] [-0.016299232840538025:0.27312231063842773] [0.021422695368528366:0.39662343263626099] [0.014004096388816833:0.52571952342987061] [0.012244179844856262:0.61878496408462524] [0.011788684874773026:0.76856034994125366] [0.010643605142831802:0.72686493396759033] [-0.35783752799034119:0.82238095998764038] [-0.13986162841320038:0.90728151798248291] [-0.045592710375785828:0.94214212894439697] [-0.54495495557785034:0.24392011761665344] [-0.46942317485809326:0.29012987017631531] [-0.30070480704307556:0.34854093194007874] [-0.8218265175819397:0.35784703493118286] [-0.79348605871200562:0.5239940881729126] [-0.76840311288833618:0.5740964412689209] [-0.15482039749622345:0.91189897060394287] [-0.46882593631744385:0.27871313691139221] [-0.78299355506896973:0.5548558235168457] [0:1] [0:0.9660000205039978] [0:1] [0:1] [0:0.98040002584457397] [0:1] none [0:1] [0:0.87120002508163452] none none [7.0710678100585938:1337.1051025390625]
tree_sizes=874 821 830 842 806 817 814 864 718 747 843 726 817 811 833 731 705 843 667 811 811 826 814 726 722 668 823 817 756 804 723 827 823 759 802 820 830 805 740 820 813 820 822 837 835 822 827 717 839 822 824 719 808 842 838 820 837 830 657 758 803 831 817 831 803 810 832 831 844 816 835 819 797 815 797 724 814 812 827 806 808 830 879 807 815 785 797 731 823 796 702 823 843 829 824 804 805 828 792 850 824 815 835 801 817 830 839 798 825 753 842 834 788 815 795 818 809 808 813 663 803 830 841 809 845 800 794 812 821 821 834 633 804 788 824 831 802 798 800 817 775 823 792 788 816 807 786 811 806 793 822 808 844 793 789 812 779 831 782 787 802 786 815 782 794 793 802 813 802 821 830 780 744 811 757 785 723 782 818 785 784 776 820 798 836 791 797 780 811 800 806 809 804 790 800 805 805 782 835 807 801 804 796 709 631 799 792 807 813 780 785 724 786 794 808 811 789 792 826 793 819 815 828 783 800 812 818 783 780 808 783 781 781 706 793 808 787 797 794 789 807 785 801 827 802 815 789 830 712 785 727 719 786 795 826 801 810 798 789 780 813 823 784 792 787 807 696 783 782 785 781 797 786 812 786 784 784 797 785 788 799 824 805 731 810 753 798 782 784 783 810 785 782 812 782 781 794 798 795 789

Tree=0
num_leaves=7
num_cat=0
split_feature=9 61 47 30 43 46
split_gain=42.6858 8.97187 5.86038 2.41448 0.539618 0.0360621
threshold=2.8333333730697636 1.0000000180025095e-35 0.085297085344791426 0.30031621456146246 0.16046787053346637 0.20967218279838565
decision_type=2 2 2 2 2 2
left_child=1 2 -1 -3 -4 -5
right_child=-2 3 4 5 -6 -7
leaf_value=-0.86552790101394772 -0.82945223101540866 -0.85393223809627583 -0.86681067461078543 -0.87053306180055112 -0.89315435856470571 -0.86681067461078543
leaf_weight=3.1252603232860592 9.5841316580772382 4.1670137643814069 2.7085589468479183 2.5002082586288452 25.418783962726593 2.0835068821907043
leaf_count=15 46 20 13 12 122 10
internal_value=-0.866811 -0.881699 -0.888182 -0.862697 -0.891949 -0.869917
internal_weight=49.5875 40.0033 31.2526 8.75073 28.1273 4.58372
internal_count=238 192 150 42 135 22
is_linear=0
shrinkage=1


Tree=1
num_leaves=7
num_cat=0
split_feature=0 12 68 58 51 31
split_gain=45.706 9.061 1.34604 1.61395 1.1723 1.12251
threshold=2.1666666269302373 0.80625000596046459 752.01473999023449 1.0000000180025095e-35 -0.40207976102828974 0.12636836245656016
decision_type=2 2 8 2 2 2
left_child=1 4 3 -3 5 -1
right_child=-2 2 -4 -5 -6 -7
leaf_value=0 0.040028775168623396 0.014512328666096728 -0.0015777085712625981 0 0 -0.024846542801964504
leaf_weight=2.2760516554117229 9.2728392183780652 3.7576741725206348 3.3193409144878396 2.498254582285881 3.1057211458683041 22.737624496221542
leaf_count=11 44 18 16 12 15 110
internal_value=0.000211289 -0.0146648 0.00369065 0.00942792 -0.0218177 -0.0234172
internal_weight=46.9675 37.6947 9.57527 6.25593 28.1194 25.0137
internal_count=226 182 46 30 136 121
is_linear=0
shrinkage=0.03


Tree=2
num_leaves=7
num_cat=0
split_feature=0 68 30 58 51 47
split_gain=29.7264 8.82799 3.14707 2.35316 1.3605 1.32534
threshold=3.5000000000000004 752.01473999023449 0.31507937610149389 0.018600000068545345 -0.4306392222642898 0.085297085344791426
decision_type=2 8 2 2 2 2
left_child=1 2 3 -1 -4 -3
right_child=-2 5 4 -5 -6 -7
leaf_value=0.017215615277643016 0.034611596279681738 0 -0.0099193135510566507 0 0.0011278670893848034 -0.022777683915628552
leaf_weight=5.6391069740057018 7.0820180773735038 2.919038966298106 6.7853224575519571 2.0736619532108307 2.4916029870510075 19.490390405058861
leaf_count=27 33 14 33 10 12 95
internal_value=0 -0.0112842 0.00217664 0.0119212 -0.00479381 -0.0208636
internal_weight=46.4811 39.3991 16.9897 7.71277 9.27693 22.4094
internal_count=224 191 82 37 45 109
is_linear=0
shrinkage=0.03


Tree=3
num_leaves=7
num_cat=0
split_feature=12 4 47 60 68 68
split_gain=35.8517 10.6883 3.09448 1.75246 1.90949 0.594537
threshold=0.36666667461395269 0.0079052620567381399 0.13558906316757205 0.00059999998484272521 752.01473999023449 1.0000000180025095e-35
decision_type=2 10 2 2 8 10
left_child=2 3 -1 4 -2 -3
right_child=1 5 -4 -5 -6 -7
leaf_value=0 0.013798256460217661 0 -0.022835930909227902 -0.0081567355434266006 -0.00083631162143235085 0.039366703339733883
leaf_weight=2.681887403130534 2.3227372616529482 2.5308391451835623 21.373751178383827 4.1352167427539825 3.0943295210599899 8.6167129725217801
leaf_count=13 11 12 105 20 15 40
internal_value=0.000322614 0.0246781 -0.0199658 0 0.00642673 0.0365919
internal_weight=44.7555 20.6998 24.0556 9.55228 5.41707 11.1476
internal_count=216 98 118 46 26 52
is_linear=0
shrinkage=0.03


Tree=4
num_leaves=7
num_cat=0
split_feature=12 0 51 61 60 68
split_gain=36.8445 11.7549 1.75739 1.45152 1.41225 1.15989
threshold=0.30952382087707525 1.1666666865348818 -0.41610644757747645 0.0014000000082887711 0.00059999998484272521 697.16046142578136
decision_type=2 2 2 2 2 8
left_child=2 4 3 -1 5 -2
right_child=1 -3 -4 -5 -6 -7
leaf_value=-0.024709737460720055 0.011246562540035599 0.036696125342558769 0 0 -0.0070044420531335657 0
leaf_weight=19.922004804015167 2.3390529453754443 11.058829814195631 2.6684042364358893 3.0619725584983817 5.3726148307323456 3.2897337526082993
leaf_count=99 11 51 13 15 26 16
internal_value=0 0.0235486 -0.0207709 -0.0226778 0 0.00575045
internal_weight=47.7126 22.0602 25.6524 22.984 11.0014 5.62879
internal_count=231 104 127 114 53 27
is_linear=0
shrinkage=0.03


Tree=5
num_leaves=7
num_cat=0
split_feature=12 0 30 47 68 60
split_gain=37.5194 9.51001 4.54442 1.26261 0.667549 0.971025
threshold=0.50757575035095226 0.83333334326744091 0.13510000705718997 0.13558906316757205 697.16046142578136 0.00059999998484272521
decision_type=2 2 2 2 8 2
left_child=2 4 -1 -4 5 -2
right_child=1 -3 3 -5 -6 -7
leaf_value=0 0.0096561205423827696 0.035808342930054859 0 -0.02609892189403035 -0.0048614432163418941 0
leaf_weight=2.8807126879692104 2.1364802122116098 9.7072164863347989 3.2870156764984158 22.804840132594109 4.5175787359476098 2.7072528749704361
leaf_count=14 10 44 16 114 22 13
internal_value=-0.00103112 0.0239762 -0.0209584 -0.0242412 0 0.00416656
internal_weight=48.0411 19.0685 28.9726 26.0919 9.36131 4.84373
internal_count=233 89 144 130 45 23
is_linear=0
shrinkage=0.03


Tree=6
num_leaves=7
num_cat=0
split_feature=12 1 60 31 47 49
split_gain=36.3887 15.4207 2.06599 1.20413 1.24261 0.627085
threshold=0.36666667461395269 0.83333334326744091 0.00059999998484272521 0.12636836245656016 0.16693903505802157 0.13157444447278979
decision_type=2 2 2 2 2 2
left_child=3 2 5 -1 -5 -2
right_child=1 -3 -4 4 -6 -7
leaf_value=0 0.0092051399618589894 0.039022178417890366 -0.0087476866728124908 0 -0.022950210841693294 0
leaf_weight=2.0170952230691936 3.9898751974105853 11.38639624416828 6.1827926188707352 3.0554163157939938 20.894578725099564 2.0833907723426819
leaf_count=10 19 51 30 15 106 10
internal_value=0.000360752 0.0235682 0 -0.0197789 -0.0211274 0.006216
internal_weight=49.6095 23.6425 12.2561 25.9671 23.95 6.07327
internal_count=241 110 59 131 121 29
is_linear=0
shrinkage=0.03


Tree=7
num_leaves=7
num_cat=0
split_feature=12 9 30 60 52 68
split_gain=26.2247 11.5821 5.13742 1.75463 1.6125 1.38615
threshold=0.50757575035095226 1.1666666865348818 0.13510000705718997 0.00059999998484272521 -0.38562110066413874 667.86233520507824
decision_type=2 2 2 2 2 8
left_child=2 3 -1 5 -4 -2
right_child=1 -3 4 -5 -6 -7
leaf_value=0.0020722500213700306 0.011042992331814308 0.033152367338321935 -0.023912817812471274 -0.0094628897299746505 0 -0.00089978672057019105
leaf_weight=2.8974694907665279 2.3668656200170535 9.4777108281850797 22.753044202923782 4.7240075021982193 3.8605082929134324 3.1054414212703705
leaf_count=14 11 42 116 23 19 15
internal_value=-0.00130874 0.0192483 -0.0179351 -0.000720753 -0.0217231 0.00418652
internal_weight=49.185 19.674 29.511 10.1963 26.6136 5.47231
internal_count=240 91 149 49 135 26
is_linear=0
shrinkage=0.03


Tree=8
num_leaves=6
num_cat=0
split_feature=0 58 68 31 56
split_gain=29.2991 6.96253 3.88744 1.40799 0.77907
threshold=2.1666666269302373 0.00059999998484272521 752.01473999023449 0.58823850750923168 -0.37773197889327997
decision_type=2 2 8 2 2
left_child=1 2 3 -1 -4
right_child=-2 -3 4 -5 -6
leaf_value=0.013757756095230599 0.030809152404300183 -0.022069111880659461 -0.011217135479634169 0 0
leaf_weight=7.1024724096059817 9.2623868286609632 19.466498181223869 7.7228231132030487 2.3957732319831848 2.2654256075620633
leaf_count=34 41 99 39 12 11
internal_value=0 -0.0128516 0 0.0100513 -0.00874555
internal_weight=48.2154 38.953 19.4865 9.49825 9.98825
internal_count=236 195 96 46 50
is_linear=0
shrinkage=0.03


Tree=9
num_leaves=6
num_cat=0
split_feature=3 32 54 68 60
split_gain=30.3383 8.10433 7.04545 2.05219 2.39367
threshold=3.5000000000000004 0.19966991245746615 0.069159060716629042 697.16046142578136 0.0061999999452382335
decision_type=2 2 2 8 2
left_child=1 3 -3 4 -1
right_child=-2 2 -4 -5 -6
leaf_value=0.017783872072383348 0.031941077535525823 0.0048291847923104666 -0.02369782389947471 -0.0028294405590617027 0
leaf_weight=3.4432480484247181 9.6464017629623395 2.1129120886325863 26.061924397945404 3.821207359433175 2.6993732899427414
leaf_count=16 42 10 134 19 13
internal_value=0 -0.0122812 -0.0192822 0.00425245 0.0113985
internal_weight=47.7851 38.1387 28.1748 9.96383 6.14262
internal_count=234 192 144 48 29
is_linear=0
shrinkage=0.03


Tree=10
num_leaves=7
num_cat=0
split_feature=3 26 54 58 41 68
split_gain=33.726 5.24345 3.66556 1.23857 1.03521 0.486398
threshold=3.1666666269302373 0.14372427761554721 0.069159060716629042 0.020399999804794792 0.14429184049367907 292.94918823242193
decision_type=2 2 2 2 2 8
left_child=1 3 -3 4 -1 -4
right_child=-2 2 5 -5 -6 -7
leaf_value=0.012131482397359002 0.032088157271851901 0.00012271164112626185 0 -0.0033013030649879662 0 -0.023357106891616526
leaf_weight=3.2049765139818183 11.483128696680067 2.0786097049713161 4.6056462526321438 2.419603630900383 2.2536839097738266 20.54416635632515
leaf_count=15 50 10 23 12 11 107
internal_value=0.000347977 -0.013516 -0.0186342 0.00134571 0.00808996 -0.0214853
internal_weight=46.5898 35.1067 27.2284 7.87826 5.45866 25.1498
internal_count=228 178 140 38 26 130
is_linear=0
shrinkage=0.03


Tree=11
num_leaves=6
num_cat=0
split_feature=0 58 68 31 15
split_gain=30.168 6.10285 3.29632 0.955171 0.5769
threshold=2.1666666269302373 0.00059999998484272521 752.01473999023449 0.2714486569166184 1.3445127010345461
decision_type=2 2 8 2 2
left_child=1 2 3 -1 -4
right_child=-2 -3 4 -5 -6
leaf_value=0.013061991912666226 0.031625642334713266 -0.02083778996439677 -0.010137375082870813 0 0
leaf_weight=5.1120945364236849 10.407664775848387 18.192093744874001 7.1962019056081754 3.9942825585603714 2.4307825565338135
leaf_count=24 45 95 37 20 12
internal_value=0.000395093 -0.0119925 0 0.00948444 -0.00797402
internal_weight=47.3331 36.9255 18.7334 9.10638 9.62698
internal_count=233 188 93 44 49
is_linear=0
shrinkage=0.03


Tree=12
num_leaves=7
num_cat=0
split_feature=12 4 60 54 32 68
split_gain=27.5226 10.0223 1.98851 1.83718 1.1572 0.85569
threshold=0.36666667461395269 0.0082645257934927958 0.00059999998484272521 0.079683117568492903 0.15498365461826327 752.01473999023449
decision_type=2 10 2 2 2 8
left_child=3 2 5 -1 -5 -2
right_child=1 -3 -4 4 -6 -7
leaf_value=0 0.010865469810270558 0.033702313152274309 -0.008480835908318848 0 -0.019876461112451907 0
leaf_weight=2.2011329531669643 2.3900919258594531 11.738915920257567 5.2524707317352295 1.9786964803934122 20.150852143764496 2.2391593307256699
leaf_count=11 11 51 26 10 107 11
internal_value=0.00145566 0.0222627 0 -0.0163851 -0.0183937 0.00688083
internal_weight=45.9513 21.6206 9.88172 24.3307 22.1295 4.62925
internal_count=227 99 48 128 117 22
is_linear=0
shrinkage=0.03


Tree=13
num_leaves=7
num_cat=0
split_feature=0 68 14 47 30 68
split_gain=26.5392 6.85611 4.65698 3.34718 1.37772 0.149287
threshold=1.8333333134651186 376.21420288085943 13.221588611602785 0.085297085344791426 0.30031621456146246 247.4860534667969
decision_type=2 8 2 2 2 10
left_child=1 4 -2 -3 -1 -6
right_child=2 3 -4 -5 5 -7
leaf_value=0.0092914464533359956 0.032133637521940497 0 0 -0.022958917809202693 -0.0039039249748790213 0
leaf_weight=4.4756124764680845 9.7105756253004056 2.4972605705261257 2.262077569961547 21.920853242278099 3.4954803735017776 2.492711529135704
leaf_count=21 41 12 11 116 18 13
internal_value=0 -0.0131185 0.0271204 -0.0200335 0.00199039 -0.00211208
internal_weight=46.8546 34.8819 11.9727 24.4181 10.4638 5.98819
internal_count=232 180 52 128 52 31
is_linear=0
shrinkage=0.03


Tree=14
num_leaves=7
num_cat=0
split_feature=0 54 61 46 43 14
split_gain=24.1125 8.04678 4.91259 2.00281 1.75063 0.660395
threshold=2.1666666269302373 0.069159060716629042 1.0000000180025095e-35 0.20967218279838565 0.16046787053346637 13.058030128479006
decision_type=2 2 2 2 2 2
left_child=1 -1 4 -4 -3 -2
right_child=5 2 3 -5 -6 -7
leaf_value=0.0099979650332586469 0.029911201919575119 0 -0.0063752663911794483 0.0094821748688197083 -0.023586505510419114 0
leaf_weight=3.183386266231536 8.6391629725694639 2.7908619046211305 3.5508774966001502 3.922175332903862 21.537696361541748 2.1918769627809516
leaf_count=15 36 14 18 19 115 10
internal_value=0.000283184 -0.0111812 -0.0166212 0 -0.0215685 0.027785
internal_weight=45.816 34.985 31.8016 7.47305 24.3286 10.831
internal_count=227 181 166 37 129 46
is_linear=0
shrinkage=0.03


Tree=15
num_leaves=6
num_cat=0
split_feature=12 58 30 60 38
split_gain=31.8465 6.28861 4.89389 3.09154 0.347749
threshold=0.50757575035095226 0.045199999585747726 0.13510000705718997 0.10199999809265138 0.11142597720026971
decision_type=2 2 2 2 2
left_child=2 3 -1 -2 -4
right_child=1 -3 4 -5 -6
leaf_value=0.0014014702403740097 0.031290944591955194 -0.0013149946410350654 0 0 -0.022889094019140493
leaf_weight=3.0790555030107525 15.362479016184812 2.5792872309684745 1.8505246490240121 2.3209204673767081 22.335779577493668
leaf_count=15 67 13 10 11 121
internal_value=0 0.0232882 -0.0181302 0.0282228 -0.0220544
internal_weight=47.528 20.2627 27.2654 17.6834 24.1863
internal_count=237 91 146 78 131
is_linear=0
shrinkage=0.03


Tree=16
num_leaves=6
num_cat=0
split_feature=0 24 51 15 14
split_gain=29.0435 5.04455 3.4306 1.72574 0.678837
threshold=2.1666666269302373 0.021322838962078098 -0.3978706151247024 5.6700842380523691 8.2942690849304217
decision_type=2 2 2 2 2
left_child=1 -1 3 -3 -2
right_child=4 2 -4 -5 -6
leaf_value=0.0043923807563363672 0.0309575384790295 -0.022080484776909947 0 0 0
leaf_weight=2.8010809868574134 8.9878411144018155 25.866376265883446 3.8871159404516247 2.6352631300687781 2.1816369444131842
leaf_count=13 37 140 19 13 10
internal_value=0 -0.0137573 -0.0174083 -0.020343 0.0288226
internal_weight=46.3593 35.1898 32.3888 28.5016 11.1695
internal_count=232 185 172 153 47
is_linear=0
shrinkage=0.03


Tree=17
num_leaves=7
num_cat=0
split_feature=0 68 54 31 14 58
split_gain=26.7113 6.84067 6.2412 1.03761 0.79479 0.471683
threshold=2.1666666269302373 376.21420288085943 0.069159060716629042 0.27553521096706396 8.2942690849304217 0.00059999998484272521
decision_type=2 8 2 2 2 2
left_child=1 3 -3 5 -2 -1
right_child=4 2 -4 -5 -6 -7
leaf_value=0.011265194446793587 0.031426596247260123 0.0039539451698721584 -0.022823025721519001 -0.00016155866113142458 0 0
leaf_weight=2.8214302957057935 9.5230725854635221 2.3306449055671719 22.456394419074059 4.5332489609718323 2.6622127741575232 2.3865638226270676
leaf_count=13 39 11 123 24 12 12
internal_value=0.00145791 -0.0112088 -0.0181676 0.00369219 0.0289288 0.00889246
internal_weight=46.7136 34.5283 24.787 9.74124 12.1853 5.20799
internal_count=234 183 134 49 51 25
is_linear=0
shrinkage=0.03


Tree=18
num_leaves=5
num_cat=0
split_feature=0 54 48 61
split_gain=30.1043 5.63161 4.0062 1.65279
threshold=2.1666666269302373 0.069159060716629042 -0.19895818084478376 1.0000000180025095e-35
decision_type=2 2 2 2
left_child=1 -1 3 -3
right_child=-2 2 -4 -5
leaf_value=0.0056189312588803561 0.029652919812099904 -0.0063015768845773278 -0.022945764902574686 0.0080162436749361132
leaf_weight=2.5328954756259909 11.831286266446112 7.2016287446022016 20.724023327231411 2.5183744132518768
leaf_count=12 49 39 113 12
internal_value=8.66585e-05 -0.0135564 -0.0176301 0
internal_weight=44.8082 32.9769 30.444 9.72
internal_count=225 176 164 51
is_linear=0
shrinkage=0.03


Tree=19
num_leaves=7
num_cat=0
split_feature=12 0 60 68 30 58
split_gain=25.0418 6.58873 1.36192 1.37068 1.09908 0.854833
threshold=0.36666667461395269 0.83333334326744091 0.0030000000260770325 752.01473999023449 0.15509434044361117 0.005799999926239253
decision_type=2 2 2 8 2 2
left_child=4 2 3 -2 -1 -3
right_child=1 5 -4 -5 -6 -7
leaf_value=0 0.011870035776920085 0.030128912301269389 -0.0067901270557576172 0 -0.018516005904500542 0
leaf_weight=1.9352028220891977 2.6613129973411578 11.758105441927908 4.6488336771726608 2.824655681848526 20.67831452190876 2.1653032451868048
leaf_count=10 12 49 24 14 117 10
internal_value=0.00086924 0.019576 0 0.00596135 -0.017093 0.0281679
internal_weight=46.6717 24.0582 10.1348 5.48597 22.6135 13.9234
internal_count=236 109 50 26 127 59
is_linear=0
shrinkage=0.03


Tree=20
num_leaves=7
num_cat=0
split_feature=0 68 60 44 30 14
split_gain=22.6532 7.18363 4.31781 2.48063 1.94529 1.49389
threshold=2.1666666269302373 697.16046142578136 1.0000000180025095e-35 0.65886381268501293 0.35304744541645056 8.2942690849304217
decision_type=2 8 2 2 2 2
left_child=1 2 4 -3 -1 -2
right_child=5 3 -4 -5 -6 -7
leaf_value=0.018685528090849151 0.028944881227968924 -0.021902253643762297 -0.0070222493434193628 0 0 0
leaf_weight=4.1457192152738553 9.1427422612905485 19.749977424740795 6.6052704900503159 2.0436874330043784 2.3761330991983414 2.4318782538175574
leaf_count=19 37 112 35 10 13 11
internal_value=0 -0.0112591 0.00228754 -0.019459 0.0138913 0.0260969
internal_weight=46.4954 34.9208 13.1271 21.7937 6.52185 11.5746
internal_count=237 189 67 122 32 48
is_linear=0
shrinkage=0.03


Tree=21
num_leaves=7
num_cat=0
split_feature=0 68 14 45 58 30
split_gain=26.9268 6.25517 3.92353 2.11529 0.666061 0.571903
threshold=1.8333333134651186 376.21420288085943 13.522191047668459 0.065303474664688124 0.00059999998484272521 0.35304744541645056
decision_type=2 8 2 2 2 2
left_child=1 4 -2 -3 5 -1
right_child=2 3 -4 -5 -6 -7
leaf_value=0.0096001941121565716 0.031334862080073141 0 0 -0.022029839163451012 -0.00035753671884719096 0
leaf_weight=2.6313401013612729 11.071295708417891 2.3770405054092434 2.0596706122159949 20.013506874442101 5.3183054774999619 2.0746962130069733
leaf_count=12 45 12 10 114 28 11
internal_value=0.000392835 -0.0129239 0.0272357 -0.0197718 0.00161057 0.0066454
internal_weight=45.5459 32.4149 13.131 22.3905 10.0243 4.70604
internal_count=232 177 55 126 51 23
is_linear=0
shrinkage=0.03


Tree=22
num_leaves=7
num_cat=0
split_feature=12 0 51 58 31 33
split_gain=29.0014 6.60558 1.46112 1.32133 0.771961 0.46144
threshold=0.36666667461395269 0.83333334326744091 -0.40207976102828974 0.005799999926239253 0.15461797267198565 0.27271996438503271
decision_type=2 2 2 2 2 2
left_child=2 5 4 -3 -1 -2
right_child=1 3 -4 -5 -6 -7
leaf_value=0 0.0043447469011205437 0.034147516127951548 0 0 -0.019884363707264735 -0.0030433055862482787
leaf_weight=2.3827441930770936 4.7801142185926455 11.475483044981955 2.6240043044090262 2.1565411090850821 17.258746966719627 4.715863436460495
leaf_count=13 23 47 14 10 102 24
internal_value=0.00321932 0.0232497 -0.0164847 0.0317698 -0.0184436 0
internal_weight=45.3935 23.128 22.2655 13.632 19.6415 9.49598
internal_count=233 104 129 57 115 47
is_linear=0
shrinkage=0.03


Tree=23
num_leaves=6
num_cat=0
split_feature=14 4 30 46 60
split_gain=18.2699 6.75802 2.74468 3.45867 0.868756
threshold=7.1417174339294442 0.0055944493506103763 0.13510000705718997 0.081586226820945754 0.00059999998484272521
decision_type=2 10 2 2 2
left_child=1 4 -2 -4 -1
right_child=2 -3 3 -5 -6
leaf_value=0.0031719247469658481 0 0.026663264172148506 0 -0.020619167143802047 -0.0066654687942437922
leaf_weight=3.171932220458987 2.9700102210044887 10.840141430497168 2.9776908606290844 21.264977425336838 4.6157645732164383
leaf_count=15 15 45 15 124 24
internal_value=0 0.0174664 -0.0143933 -0.0172417 0
internal_weight=45.8405 18.6278 27.2127 24.2427 7.7877
internal_count=238 84 154 139 39
is_linear=0
shrinkage=0.03


Tree=24
num_leaves=6
num_cat=0
split_feature=12 58 32 51 28
split_gain=22.0911 5.68593 2.78216 0.800782 0.0081863
threshold=0.50757575035095226 0.016199999488890175 0.19966991245746615 -0.41610644757747645 0.01563517423346639
decision_type=2 2 2 2 2
left_child=2 4 -1 -4 -2
right_child=1 -3 3 -5 -6
leaf_value=0 0 -0.00044172757863757546 -0.019094608492391436 0 0.027174834179535361
leaf_weight=3.7511500269174602 2.0867702066898408 3.7315184175968161 17.646832823753364 3.2094940692186311 14.763259813189505
leaf_count=19 10 19 105 17 63
internal_value=0.00158412 0.0207482 -0.0140746 -0.0174162 0.0260922
internal_weight=45.189 20.5815 24.6075 20.8563 16.85
internal_count=233 92 141 122 73
is_linear=0
shrinkage=0.03


Tree=25
num_leaves=5
num_cat=0
split_feature=0 54 32 53
split_gain=17.2749 6.25792 3.89101 0.433646
threshold=2.1666666269302373 0.069159060716629042 0.19966991245746615 -0.49601510167121882
decision_type=2 2 2 2
left_child=1 -1 3 -3
right_child=-2 2 -4 -5
leaf_value=0.0090850110922754603 0.023937651143518719 -0.0024092941391510381 -0.019344005947458463 0.0045605992485700624
leaf_weight=2.7998427301645306 10.961799860000609 2.236175149679184 21.191741853952408 5.3494486212730434
leaf_count=13 45 12 126 26
internal_value=0.00105087 -0.00929751 -0.0145149 0
internal_weight=42.539 31.5772 28.7774 7.58562
internal_count=222 177 164 38
is_linear=0
shrinkage=0.03


Tree=26
num_leaves=7
num_cat=0
split_feature=3 68 60 43 30 51
split_gain=15.5255 6.26051 3.80115 1.84692 1.43404 0.533761
threshold=4.1666667461395273 697.16046142578136 0.0030000000260770325 0.16046787053346637 0.35304744541645056 -0.40207976102828974
decision_type=2 8 2 2 2 2
left_child=1 2 4 -3 -1 -5
right_child=-2 3 -4 5 -6 -7
leaf_value=0.017902868260820194 0.024744450343525876 0 -0.0048843582821429194 -0.019774886558672232 0 0
leaf_weight=4.6708130985498411 10.137213736772535 2.1274480372667339 7.2621067613363266 14.028140023350716 2.7863679081201553 2.4823635965585717
leaf_count=21 41 11 39 85 16 13
internal_value=0.00265901 -0.00682798 0.00403437 -0.0159149 0.0139794 -0.0183387
internal_weight=43.4945 33.3572 14.7193 18.638 7.45718 16.5105
internal_count=226 185 76 109 37 98
is_linear=0
shrinkage=0.03


Tree=27
num_leaves=7
num_cat=0
split_feature=12 0 54 60 26 30
split_gain=21.7693 6.70571 2.032 0.685851 0.810125 0.126437
threshold=0.30952382087707525 1.1666666865348818 0.079683117568492903 0.00059999998484272521 0.14372427761554721 0.15509434044361117
decision_type=2 2 2 2 2 2
left_child=2 3 -1 4 -2 -4
right_child=1 -3 5 -5 -6 -7
leaf_value=0 0.008565058855214084 0.0279763882426282 0 -0.0049323104721084102 0 -0.018696237579341628
leaf_weight=2.0625551939010647 3.4611303955316561 12.267468422651289 1.8438397198915506 4.7513928264379501 2.6987132430076599 19.073385313153267
leaf_count=11 16 50 10 25 14 117
internal_value=0.000608243 0.0185307 -0.0157874 0 0.00399877 -0.0180284
internal_weight=46.1585 23.1787 22.9798 10.9112 6.15984 20.9172
internal_count=243 105 138 55 30 127
is_linear=0
shrinkage=0.03


Tree=28
num_leaves=6
num_cat=0
split_feature=0 54 68 46 43
split_gain=16.4621 5.4862 4.94973 1.23051 1.02127
threshold=2.1666666269302373 0.069159060716629042 376.21420288085943 0.20967218279838565 0.16046787053346637
decision_type=2 2 8 2 2
left_child=1 -1 3 -3 -4
right_child=-2 2 4 -5 -6
leaf_value=0.0085825639732096722 0.024116721890797575 -0.0037509797718259567 0 0.007608369422415568 -0.020586911434030967
leaf_weight=3.4601349830627433 11.014457747340201 4.307704761624338 3.0643855929374721 5.6812938153743744 18.484459862112999
leaf_count=16 45 23 16 29 112
internal_value=0.00169208 -0.00782307 -0.0127003 0.000282213 -0.0188021
internal_weight=46.0124 34.998 31.5378 9.989 21.5488
internal_count=241 196 180 52 128
is_linear=0
shrinkage=0.03


Tree=29
num_leaves=7
num_cat=0
split_feature=0 68 54 19 18 58
split_gain=20.7855 6.80199 3.32624 1.93766 1.05551 1.04106
threshold=2.1666666269302373 376.21420288085943 0.070939652621746077 0.57748931646347057 0.38717041909694677 1.0000000180025095e-35
decision_type=2 8 2 2 2 2
left_child=1 4 -3 -2 5 -1
right_child=3 2 -4 -5 -6 -7
leaf_value=0.013287269337968094 0.028241961174703761 0 -0.020374450792254084 0 0 0
leaf_weight=2.8331195712089521 10.421183049678801 2.0908611714839962 21.369350790977478 2.3201412111520758 3.7774491608142853 3.4833047091960907
leaf_count=13 42 10 129 10 21 18
internal_value=0.00147593 -0.00991927 -0.0173121 0.0252893 0.00434179 0.00902421
internal_weight=46.2954 33.5541 23.4602 12.7413 10.0939 6.31642
internal_count=243 191 139 52 52 31
is_linear=0
shrinkage=0.03


Tree=30
num_leaves=6
num_cat=0
split_feature=0 54 14 14 57
split_gain=19.8719 4.23774 3.92143 0.96111 0.277086
threshold=2.1666666269302373 0.069159060716629042 1.3474708795547488 8.2942690849304217 0.99680000543594371
decision_type=2 2 2 2 2
left_child=1 -1 -3 -2 -4
right_child=3 2 4 -5 -6
leaf_value=0.0044876398229364593 0.025952888305288819 0.0023602164654638364 -0.018718636996060863 0 0
leaf_weight=2.7864453792572013 9.7384586781263334 1.9889709353446985 26.3115947842598 2.2795602530241004 1.7594578564167012
leaf_count=13 39 9 158 10 10
internal_value=0 -0.0112832 -0.0149981 0.0237599 -0.0181009
internal_weight=44.8645 32.8465 30.06 12.018 28.0711
internal_count=239 190 177 49 168
is_linear=0
shrinkage=0.03


Tree=31
num_leaves=7
num_cat=0
split_feature=12 0 46 38 19 34
split_gain=19.6519 9.12059 1.90404 0.936206 0.47431 0.218712
threshold=0.36666667461395269 0.83333334326744091 0.081586226820945754 0.092824693769216551 0.23182993382215503 0.13194701820611957
decision_type=2 2 2 2 2 2
left_child=2 3 -1 5 -4 -2
right_child=1 -3 4 -5 -6 -7
leaf_value=0 0.0048411583818785747 0.027865983476731256 0 -0.006921307269828759 -0.018319848281546876 0
leaf_weight=2.0421240031719234 2.696629077196123 14.544534131884573 2.6872992813587215 5.5764551758766174 17.104911059141159 1.9804053753614423
leaf_count=11 13 60 17 29 107 10
internal_value=0.00148347 0.0176619 -0.0147823 -0.000462122 -0.0170592 0.00261973
internal_weight=46.6324 24.798 21.8343 10.2535 19.7922 4.67703
internal_count=247 112 135 52 124 23
is_linear=0
shrinkage=0.03


Tree=32
num_leaves=7
num_cat=0
split_feature=0 54 68 43 14 54
split_gain=14.5341 6.92991 3.17676 1.5207 1.15506 0.605275
threshold=2.1666666269302373 0.069159060716629042 376.21420288085943 0.15714317560195926 8.2942690849304217 0.56555533409118663
decision_type=2 2 8 2 2 2
left_child=1 -1 5 -4 -2 -3
right_child=4 2 3 -5 -6 -7
leaf_value=0.0092375213199061366 0.022990995141451743 -0.0037857412572263101 0 -0.021669262379501973 0 0.0048818716867538442
leaf_weight=3.2702344059944144 8.4732539206743223 6.8017570525407809 1.882367849349978 19.150483265519142 2.4690716266632071 2.7533843666315079
leaf_count=15 34 37 10 121 11 14
internal_value=0 -0.00996543 -0.0152668 -0.0199242 0.0204114 0
internal_weight=44.8006 33.8582 30.588 21.0329 10.9423 9.55514
internal_count=242 197 182 131 45 51
is_linear=0
shrinkage=0.03


Tree=33
num_leaves=6
num_cat=0
split_feature=0 54 68 4 54
split_gain=13.9878 4.5437 4.36085 1.54547 0.537911
threshold=2.1666666269302373 0.069159060716629042 376.21420288085943 0.0050959466025233277 0.36973252892494207
decision_type=2 2 8 8 2
left_child=1 -1 4 -4 -3
right_child=-2 2 3 -5 -6
leaf_value=0.0071089957454798175 0.022385494751837227 -0.0012438043019969826 0 -0.020692131206792631 0.005792687333737302
leaf_weight=3.2524824738502529 11.01018865406513 4.8810955882072466 1.9332397133111978 15.762244194746016 3.7434116899967194
leaf_count=15 45 26 12 100 19
internal_value=0.00215378 -0.00761588 -0.0125438 -0.0186562 5.91756e-05
internal_weight=40.5827 29.5725 26.32 17.6955 8.62451
internal_count=217 172 157 112 45
is_linear=0
shrinkage=0.03


Tree=34
num_leaves=7
num_cat=0
split_feature=12 58 48 46 28 31
split_gain=19.5542 5.41491 2.61478 2.0573 0.34561 0.131655
threshold=0.30952382087707525 0.016199999488890175 0.12663277238607409 0.081586226820945754 0.01563517423346639 0.15461797267198565
decision_type=2 2 2 2 2 2
left_child=3 2 4 -1 -2 -5
right_child=1 -3 -4 5 -6 -7
leaf_value=0 0 -0.0012947445082226105 0 0 0.027247277756696334 -0.018415720681766754
leaf_weight=1.9941736310720468 2.0771627277135947 4.0827291160821906 3.2269560843706122 1.8987291008234048 14.758607760071753 16.14038023352623
leaf_count=11 10 22 15 11 64 106
internal_value=0.00173648 0.0178397 0.0228648 -0.015152 0.0259492 -0.017662
internal_weight=44.1787 24.1455 20.0627 20.0333 16.8358 18.0391
internal_count=239 111 89 128 74 117
is_linear=0
shrinkage=0.03


Tree=35
num_leaves=7
num_cat=0
split_feature=0 32 52 60 14 53
split_gain=13.7105 4.19391 2.12429 2.06851 1.93163 1.73653
threshold=2.1666666269302373 0.26627056300640112 -0.38562110066413874 0.0022000001044943933 12.842658996582033 -0.49601510167121882
decision_type=2 2 2 2 2 2
left_child=1 3 -3 5 -2 -1
right_child=4 2 -4 -5 -6 -7
leaf_value=0 0.024121833666021875 -0.018034761845110561 0 -0.0042628007609040262 0 0.015007615570055914
leaf_weight=1.9863347113132475 9.6724795103073102 15.524051338434221 4.78799945116043 4.4663130640983582 2.2216439694166175 4.4771505892276782
leaf_count=11 39 101 27 24 10 21
internal_value=0.00125059 -0.00811272 -0.0145191 0.00217489 0.0210575 0.010155
internal_weight=43.136 31.2418 20.3121 10.9298 11.8941 6.46349
internal_count=233 184 128 56 49 32
is_linear=0
shrinkage=0.03


Tree=36
num_leaves=7
num_cat=0
split_feature=0 54 61 4 30 14
split_gain=15.452 4.64262 4.22489 1.49636 0.804216 0.0623482
threshold=2.1666666269302373 0.069159060716629042 1.0000000180025095e-35 0.0050959466025233277 0.30031621456146246 7.1417174339294442
decision_type=2 2 2 8 2 2
left_child=1 -1 3 -3 -4 -2
right_child=5 2 4 -5 -6 -7
leaf_value=0.0064451598860842787 0.023000666734660294 0 0.0066994554884500608 -0.020322824144263188 -0.0026686221747100926 0
leaf_weight=2.8349233269691458 9.1562158763408643 1.9441006928682387 3.899483695626258 20.562999382615089 4.0346135795116425 2.3832269459962836
leaf_count=13 37 12 18 133 23 10
internal_value=0 -0.00940595 -0.0135945 -0.0186249 0 0.0216308
internal_weight=44.8156 33.2761 30.4412 22.5071 7.9341 11.5394
internal_count=246 199 186 145 41 47
is_linear=0
shrinkage=0.03


Tree=37
num_leaves=7
num_cat=0
split_feature=12 58 60 68 31 47
split_gain=16.4853 4.89909 2.81881 2.7135 1.23815 0.467666
threshold=0.36666667461395269 0.018600000068545345 0.31399999558925634 1.0000000180025095e-35 0.15461797267198565 0.16693903505802157
decision_type=2 2 2 10 2 2
left_child=4 2 3 -2 -1 -6
right_child=1 -3 -4 -5 5 -7
leaf_value=0 0 -0.0013951897435703481 0 0.028454042448771328 0 -0.017609719359997313
leaf_weight=2.6123459041118648 5.5555327683687308 4.1049040853977194 2.0345228463411322 12.843853458762167 2.5475302338600185 13.825334936380385
leaf_count=15 26 22 10 54 15 94
internal_value=0.00167766 0.0162624 0.021074 0.0237752 -0.0142103 -0.0162539
internal_weight=43.524 24.5388 20.4339 18.3994 18.9852 16.3729
internal_count=236 112 90 80 124 109
is_linear=0
shrinkage=0.03


Tree=38
num_leaves=6
num_cat=0
split_feature=0 26 47 58 60
split_gain=14.2061 6.14459 2.26206 2.10642 1.17035
threshold=2.1666666269302373 0.20956973731517795 0.085297085344791426 0.016199999488890175 0.0030000000260770325
decision_type=2 2 2 2 2
left_child=1 3 -3 4 -1
right_child=-2 2 -4 -5 -6
leaf_value=0.015126898799693318 0.02268820242694838 0 -0.017757662903547883 -0.0024553524106159319 0
leaf_weight=5.3202823698520678 11.85915447771549 2.4644130468368557 18.210728645324707 3.1339759975671768 2.0588959604501724
leaf_count=24 49 12 119 18 11
internal_value=0.00285431 -0.00690806 -0.0149544 0.00556695 0.0118788
internal_weight=43.0475 31.1883 20.6751 10.5132 7.37918
internal_count=233 184 131 53 35
is_linear=0
shrinkage=0.03


Tree=39
num_leaves=7
num_cat=0
split_feature=68 60 47 4 0 4
split_gain=11.142 8.40222 3.84339 3.51419 2.55038 0.661108
threshold=697.16046142578136 0.077600002288818373 0.085297085344791426 0.0075805915985256442 3.1666666269302373 0.005315635586157442
decision_type=8 2 2 8 2 8
left_child=1 3 -2 -1 5 -4
right_child=2 -3 4 -5 -6 -7
leaf_value=0 0.0033670722754587218 -0.0041727106421528184 0 0.027122133014033576 0 -0.0193496026707945
leaf_weight=1.1926053166389472 4.3978173434734371 6.1428421735763541 1.5561616867780692 14.343702986836433 1.4509906023740757 14.163747757673264
leaf_count=7 20 35 10 65 6 95
internal_value=0.00236126 0.0153494 -0.00951972 0.0240292 -0.015053 -0.0181279
internal_weight=43.2479 21.6792 21.5687 15.5363 17.1709 15.7199
internal_count=238 107 131 72 111 105
is_linear=0
shrinkage=0.03


Tree=40
num_leaves=7
num_cat=0
split_feature=68 60 6 0 44 4
split_gain=12.844 6.70212 3.5003 3.0156 2.69913 1.43063
threshold=667.86233520507824 0.31399999558925634 192.00000000000003 3.1666666269302373 0.65886381268501293 0.0050959466025233277
decision_type=8 2 2 2 2 8
left_child=1 2 -1 4 5 -2
right_child=3 -3 -4 -5 -6 -7
leaf_value=0.025915347677172643 0 -0.0036154805111067514 0 0.0022680460690904123 0 -0.02008550583053488
leaf_weight=15.404876500368124 1.9444741457700825 4.245653122663497 1.7928407788276661 2.4454587846994391 2.1734344363212577 14.934043973684309
leaf_count=70 12 24 10 10 11 99
internal_value=0.00193779 0.0160165 0.0226165 -0.010827 -0.0147753 -0.0180649
internal_weight=42.9408 21.4434 17.1977 21.4974 19.052 16.8785
internal_count=236 104 80 132 122 111
is_linear=0
shrinkage=0.03


Tree=41
num_leaves=7
num_cat=0
split_feature=12 60 31 58 47 48
split_gain=11.473 3.37858 1.88074 1.82071 1.6938 1.31194
threshold=0.50757575035095226 0.31399999558925634 0.12636836245656016 0.018600000068545345 0.13558906316757205 0.13498388230800631
decision_type=2 2 2 2 2 2
left_child=2 3 -1 5 -4 -2
right_child=1 -3 4 -5 -6 -7
leaf_value=0.00042110586547566722 0.023886772079988558 -0.0006038179493732986 0 0 -0.015121338613012066 0
leaf_weight=2.048435881733897 13.507239297032365 2.2786009907722464 2.8654571771621731 2.4572271704673758 17.211823284626007 2.664972871541976
leaf_count=11 58 12 16 13 115 12
internal_value=0.00212088 0.0156366 -0.00967503 0.0192358 -0.0124975 0.0216186
internal_weight=43.0338 20.908 22.1257 18.6294 20.0773 16.1722
internal_count=237 95 142 83 131 70
is_linear=0
shrinkage=0.03


Tree=42
num_leaves=7
num_cat=0
split_feature=12 32 60 68 54 5
split_gain=11.2345 3.15188 3.06537 2.19713 1.4654 0.291418
threshold=0.50757575035095226 0.21870921552181247 0.077600002288818373 752.01473999023449 0.079683117568492903 0.31278538703918463
decision_type=2 2 2 8 2 2
left_child=1 5 3 -2 -3 -1
right_child=2 4 -4 -5 -6 -7
leaf_value=0 0.022896078788167375 0 -0.00011814538993966273 0 -0.016950758486896988 0.004908077453552399
leaf_weight=1.730701476335528 11.070812970399862 2.4052273333072689 2.8447900861501685 6.2736016660928717 17.568666651844978 2.5420897752046585
leaf_count=10 47 13 15 30 122 12
internal_value=0.000283695 -0.0105414 0.0144572 0.018211 -0.0148415 0.00167099
internal_weight=44.4359 24.2467 20.1892 17.3444 19.9739 4.27279
internal_count=249 157 92 77 135 22
is_linear=0
shrinkage=0.03


Tree=43
num_leaves=7
num_cat=0
split_feature=12 0 31 60 68 0
split_gain=11.5906 2.85591 2.66101 0.50339 0.589499 0.379377
threshold=0.50757575035095226 0.83333334326744091 0.12636836245656016 0.00059999998484272521 752.01473999023449 2.1666666269302373
decision_type=2 2 2 2 8 2
left_child=2 3 -1 4 -2 -4
right_child=1 -3 5 -5 -6 -7
leaf_value=0.00031790083268338506 0.0074236961283659511 0.018697281225050613 -0.017516981467789131 -0.0046626977317992136 0 0
leaf_weight=2.0717060863971737 2.3759078830480593 10.068553939461706 18.457621484994892 3.8701914101839066 2.5276589691638947 1.9895493686199177
leaf_count=11 10 42 128 21 13 9
internal_value=-0.00045815 0.0124148 -0.0135799 0 0.00318834 -0.0166006
internal_weight=41.3612 18.8423 22.5189 8.77376 4.90357 20.4472
internal_count=234 86 148 44 23 137
is_linear=0
shrinkage=0.03


Tree=44
num_leaves=7
num_cat=0
split_feature=0 14 31 54 58 42
split_gain=11.6224 3.84796 3.47921 1.56101 1.06964 0.692196
threshold=1.8333333134651186 13.221588611602785 0.14182729274034503 0.070939652621746077 0.020399999804794792 0.31249549984931951
decision_type=2 2 2 2 2 2
left_child=2 -2 4 -4 5 -1
right_child=1 -3 3 -5 -6 -7
leaf_value=0.010968892875931852 0.022204272366379726 -0.00055485458405558387 0 -0.016622260810832259 -0.0026343316959610446 0
leaf_weight=2.7164839357137707 9.9264133870601636 2.2448875606060019 2.0844345688819912 21.129690319299698 2.3878942281007767 1.9609111249446867
leaf_count=12 41 12 10 143 14 10
internal_value=0 0.0169434 -0.0100832 -0.0147194 0.00133296 0.00786115
internal_weight=42.4507 12.1713 30.2794 23.2141 7.06529 4.6774
internal_count=242 53 189 153 36 22
is_linear=0
shrinkage=0.03


Tree=45
num_leaves=7
num_cat=0
split_feature=68 60 58 11 28 30
split_gain=12.6673 7.49116 3.70776 2.73026 1.41815 1.10298
threshold=752.01473999023449 0.077600002288818373 0.011799999978393318 5.6070852279663095 0.59947708249092113 0.04593904688954354
decision_type=8 2 2 2 2 2
left_child=1 2 4 5 -1 -2
right_child=3 -3 -4 -5 -6 -7
leaf_value=0.028427598691367781 0 -0.0037440472855996758 0 0.00047192721121480321 0 -0.017960134329380387
leaf_weight=12.257008969783788 1.7170005738735259 6.4920437335968009 3.0046024024486533 2.732195332646369 1.8040214478969563 14.918321892619131
leaf_count=52 9 37 18 15 10 101
internal_value=0.000995799 0.0143001 0.0222284 -0.0125028 0.0263532 -0.0162636
internal_weight=42.9252 23.5577 17.0656 19.3675 14.061 16.6353
internal_count=242 117 80 125 62 110
is_linear=0
shrinkage=0.03


Tree=46
num_leaves=7
num_cat=0
split_feature=3 24 51 60 31 34
split_gain=10.9349 4.01278 2.29502 2.1827 0.968735 0.0627829
threshold=4.1666667461395273 0.15194876492023471 -0.4306392222642898 0.026600000448524955 0.15461797267198565 0.61274063587188732
decision_type=2 2 2 2 2 2
left_child=1 3 4 -1 -3 -4
right_child=-2 2 5 -5 -6 -7
leaf_value=0.011145983452341609 0.019557064585114178 0 0.002106655039091054 -0.0041389139767626188 -0.018678296374915658 0
leaf_weight=5.6470195204019564 9.3007829934358579 3.0254634320735994 2.7320127040147772 2.9046604782342911 15.245576702058314 2.1823246628046036
leaf_count=26 39 17 14 17 108 13
internal_value=0 -0.00767614 -0.0133001 0.00328758 -0.0167542 0
internal_weight=41.0378 31.7371 23.1854 8.55168 18.271 4.91434
internal_count=234 195 152 43 125 27
is_linear=0
shrinkage=0.03


Tree=47
num_leaves=6
num_cat=0
split_feature=12 30 58 48 19
split_gain=13.374 3.28344 2.5594 2.53022 0.526837
threshold=0.50757575035095226 0.13510000705718997 0.045199999585747726 0.12942958623170855 0.2999271303415299
decision_type=2 2 2 2 2
left_child=1 -1 3 -2 -3
right_child=2 4 -4 -5 -6
leaf_value=0.0015124577677078535 0.022253299380844277 0 0 0 -0.018346239903406763
leaf_weight=2.948077246546748 13.704547971487051 3.7416553571820286 1.9963838607072819 2.7843399047851554 14.594573706388472
leaf_count=15 60 26 11 13 102
internal_value=1.77706e-05 -0.0124877 0.0158521 0.0188994 -0.0165954
internal_weight=39.7696 21.2843 18.4853 16.4889 18.3362
internal_count=227 143 84 73 128
is_linear=0
shrinkage=0.03


Tree=48
num_leaves=7
num_cat=0
split_feature=12 4 31 60 68 40
split_gain=11.1907 3.42188 3.29402 0.991197 0.491615 0.428033
threshold=0.50757575035095226 0.0055944493506103763 0.15461797267198565 0.00059999998484272521 752.01473999023449 0.28280743956565862
decision_type=2 10 2 2 8 2
left_child=2 3 -1 4 -2 -4
right_child=1 -3 5 -5 -6 -7
leaf_value=0.0025963547867688323 0.0081667957979707929 0.020547536956413679 -0.016098627215725875 -0.0060224021696599185 0 0
leaf_weight=2.7758532613515881 2.1651199012994784 12.864037856459616 16.395007714629177 4.4242773205041885 2.1094153374433517 1.5184617340564717
leaf_count=15 9 55 118 24 11 9
internal_value=0.00122821 0.0144315 -0.010796 0 0.00508375 -0.0152075
internal_weight=42.2522 21.5629 20.6893 8.69881 4.27454 17.9135
internal_count=241 99 142 44 20 127
is_linear=0
shrinkage=0.03


Tree=49
num_leaves=7
num_cat=0
split_feature=0 26 54 58 14 39
split_gain=9.99095 4.02067 2.41627 1.38505 0.584392 0.37528
threshold=1.8333333134651186 0.20956973731517795 0.069159060716629042 0.0042000000830739745 8.2942690849304217 0.11140376701951028
decision_type=2 2 2 2 2 2
left_child=1 3 -3 5 -2 -1
right_child=4 2 -4 -5 -6 -7
leaf_value=0.011253099537540058 0.019861586049783702 0 -0.016545935370607005 -0.0020905585958447171 0 0
leaf_weight=3.5945548415184039 8.5570821911096555 2.1155481189489391 18.510934315621853 3.03230120241642 2.2580683156847945 2.157551646232605
leaf_count=16 36 10 131 18 11 11
internal_value=0.000421945 -0.00748212 -0.0135592 0.00321509 0.0180671 0.00937261
internal_weight=40.226 29.4109 20.6265 8.78441 10.8152 5.75211
internal_count=233 186 141 45 47 27
is_linear=0
shrinkage=0.03


Tree=50
num_leaves=7
num_cat=0
split_feature=58 30 51 54 17 52
split_gain=8.96965 6.83991 1.07767 0.832297 0.751852 0.365736
threshold=0.011799999978393318 0.3257004469633103 -0.41610644757747645 0.069159060716629042 0.79209938645362865 -0.38562110066413874
decision_type=2 2 2 2 2 2
left_child=1 4 -2 -3 -1 -5
right_child=2 3 -4 5 -6 -7
leaf_value=0.021254306374689183 -0.014240861964175195 0.00109101655974796 0 -0.0085123327098097293 0 0
leaf_weight=15.697184309363371 11.241325713694094 1.9733435362577427 1.5957327336072911 6.7417548894882193 2.011696331202983 1.9675337746739376
leaf_count=71 79 9 9 47 10 12
internal_value=0.00192752 0.0113264 -0.0120897 -0.00268519 0.0198627 -0.00687358
internal_weight=41.2286 28.3915 12.8371 10.6826 17.7089 8.70929
internal_count=237 149 88 68 81 59
is_linear=0
shrinkage=0.03


Tree=51
num_leaves=6
num_cat=0
split_feature=12 58 30 47 48
split_gain=10.3429 4.26278 1.97002 1.37473 0.872774
threshold=0.50757575035095226 0.018600000068545345 0.13510000705718997 0.16693903505802157 0.12942958623170855
decision_type=2 2 2 2 2
left_child=2 4 -1 -4 -2
right_child=1 -3 3 -5 -6
leaf_value=0 0.021237464067710286 -0.001817943067197812 0 -0.016063175147521758 0
leaf_weight=2.874854356050494 13.098324269056322 3.4648635536432257 3.3540057167410877 15.142899483442305 2.4671508818864814
leaf_count=15 57 19 20 113 11
internal_value=0.000426264 0.0141841 -0.010528 -0.0135735 0.0194108
internal_weight=40.4021 19.0303 21.3718 18.4969 15.5655
internal_count=235 87 148 133 68
is_linear=0
shrinkage=0.03


Tree=52
num_leaves=7
num_cat=0
split_feature=68 60 0 4 44 24
split_gain=10.4594 8.57743 3.52752 2.18123 1.21029 0.044264
threshold=697.16046142578136 0.077600002288818373 3.1666666269302373 0.0075805915985256442 0.65886381268501293 0.63725516200065624
decision_type=8 2 2 8 2 2
left_child=1 3 4 -1 -2 -5
right_child=2 -3 -4 5 -6 -7
leaf_value=0 -0.018775868424437483 -0.0062680715986068881 0.0023531128606720498 0.025036423834566817 0 0
leaf_weight=1.361768580973149 15.232083700597292 6.1064798682928076 2.1880240589380255 12.023205429315565 1.7323686778545369 1.7730302736163146
leaf_count=8 109 36 9 53 9 11
internal_value=0 0.0122802 -0.0126954 0.0216588 -0.0170144 0.0240509
internal_weight=40.417 21.2645 19.1525 15.158 16.9645 13.7962
internal_count=235 108 127 72 118 64
is_linear=0
shrinkage=0.03


Tree=53
num_leaves=7
num_cat=0
split_feature=12 4 30 47 60 38
split_gain=9.58311 2.87931 2.74636 1.64498 0.362887 0.514193
threshold=0.50757575035095226 0.0055944493506103763 0.13510000705718997 0.16693903505802157 0.00059999998484272521 0.15038478374481204
decision_type=2 10 2 2 2 2
left_child=2 4 -1 -4 5 -2
right_child=1 -3 3 -5 -6 -7
leaf_value=0.0032088049845425868 0.007036925383779021 0.020546662908267264 0 -0.015547256892700204 -0.0036216588587898737 0
leaf_weight=2.4444610029459026 2.3680156320333499 12.237137287855147 3.9351746290922192 14.829248808324335 3.4891353249549866 2.3680282980203629
leaf_count=12 10 53 24 112 19 12
internal_value=0.00259947 0.0149368 -0.00835311 -0.0125371 0 0.00318696
internal_weight=41.6712 20.4623 21.2089 18.7644 8.22518 4.73604
internal_count=242 94 148 136 41 22
is_linear=0
shrinkage=0.03


Tree=54
num_leaves=7
num_cat=0
split_feature=0 47 47 30 61 0
split_gain=11.5726 3.99977 2.48668 1.35252 0.822953 0.140649
threshold=2.1666666269302373 0.085297085344791426 0.8206942379474641 0.038227004930377013 1.0000000180025095e-35 3.5000000000000004
decision_type=2 2 2 2 2 2
left_child=1 -1 3 -3 -4 -2
right_child=5 2 4 -5 -6 -7
leaf_value=0.0052333974349222708 0 0 -0.0036029330517919965 -0.018195037961714872 0.0067580721655078587 0.020280176355449452
leaf_weight=4.211031615734103 2.4565788954496375 2.3804425150156083 2.9032977968454352 17.842979945242405 2.5495686680078506 9.4917084574699384
leaf_count=20 11 12 21 128 12 41
internal_value=0.000715783 -0.00799849 -0.012709 -0.0162699 0 0.0189601
internal_weight=41.8356 29.8873 25.6763 20.2234 5.45287 11.9483
internal_count=245 193 173 140 33 52
is_linear=0
shrinkage=0.03


Tree=55
num_leaves=7
num_cat=0
split_feature=3 68 60 14 57 27
split_gain=9.45463 4.57156 2.74041 1.47776 0.684285 0.648453
threshold=3.1666666269302373 697.16046142578136 0.0030000000260770325 8.2942690849304217 0.99900001287460338 0.59008869528770458
decision_type=2 8 2 2 2 2
left_child=1 2 5 -2 -3 -1
right_child=3 4 -4 -5 -6 -7
leaf_value=0.013801180286535097 0.019872915432775973 -0.016667307979157435 -0.0048549491682416453 0 0 0
leaf_weight=4.5192420184612292 9.4349418729543668 14.465380586683747 6.5268337056040764 2.0903453901410094 1.308856904506684 1.9139696359634397
leaf_count=21 41 109 38 10 8 13
internal_value=0.000389462 -0.00748704 0.00213934 0.0171695 -0.0154854 0.0115228
internal_weight=40.2596 28.7343 12.96 11.5253 15.7742 6.43321
internal_count=240 189 72 51 117 34
is_linear=0
shrinkage=0.03


Tree=56
num_leaves=7
num_cat=0
split_feature=0 54 61 14 42 30
split_gain=9.93702 3.12832 2.80443 1.92189 1.23947 0.290206
threshold=1.8333333134651186 0.069159060716629042 1.0000000180025095e-35 13.560840129852297 0.18874773383140567 0.35304744541645056
decision_type=2 2 2 2 2 2
left_child=1 -1 4 -2 -3 -4
right_child=3 2 5 -5 -6 -7
leaf_value=0.0043573017937394995 0.019887327894546211 0 0.00399343827877577 0 -0.018176868133797344 -0.0015336445626414486
leaf_weight=2.6434154063463238 10.497220247983931 1.9426972270011962 4.4778766036033621 1.8783472552895535 16.578246898949146 2.8815748989582062
leaf_count=12 46 14 21 10 123 18
internal_value=6.49897e-05 -0.00816212 -0.0119711 0.016882 -0.0163945 0
internal_weight=40.8994 28.5238 25.8804 12.3756 18.5209 7.35945
internal_count=244 188 176 56 137 39
is_linear=0
shrinkage=0.03


Tree=57
num_leaves=7
num_cat=0
split_feature=68 4 0 41 4 58
split_gain=8.05511 3.02202 2.98101 0.569668 0.752646 0.184933
threshold=697.16046142578136 0.0079052620567381399 2.1666666269302373 0.47431828081607824 0.0050959466025233277 1.0000000180025095e-35
decision_type=8 10 2 2 8 2
left_child=1 5 3 4 -2 -1
right_child=2 -3 -4 -5 -6 -7
leaf_value=0.0018851781664324546 0 0.018912015451599443 0.0016540848691200241 0 -0.017135651426024474 -0.002721213023240437
leaf_weight=5.5408578068017977 1.380658455193047 9.3072673380374891 3.8904499113559714 1.2673633843660344 13.495088890194893 5.018082819879055
leaf_count=30 10 41 17 7 102 32
internal_value=0 0.0118384 -0.0101003 -0.0147772 -0.0158146 0
internal_weight=39.8998 19.8662 20.0336 16.1431 14.8757 10.5589
internal_count=239 103 136 119 112 62
is_linear=0
shrinkage=0.03


Tree=58
num_leaves=5
num_cat=0
split_feature=0 47 68 57
split_gain=8.33822 3.36731 2.12821 1.13574
threshold=3.5000000000000004 0.085297085344791426 667.86233520507824 0.46420000493526464
decision_type=2 2 8 2
left_child=1 -1 3 -3
right_child=-2 2 -4 -5
leaf_value=0.0049286349323350784 0.017478884046552085 -0.0053793644706438505 -0.016530556361362428 0.0058765539332849802
leaf_weight=4.1486939489841488 8.1410164386033994 8.3745670244097727 14.022529095411299 4.2019377201795569
leaf_count=20 36 49 108 23
internal_value=0 -0.00693921 -0.0112705 0
internal_weight=38.8887 30.7477 26.599 12.5765
internal_count=236 200 180 72
is_linear=0
shrinkage=0.03


Tree=59
num_leaves=6
num_cat=0
split_feature=12 4 30 51 60
split_gain=9.76601 4.38495 2.91042 1.86131 0.632044
threshold=0.50757575035095226 0.0055944493506103763 0.13510000705718997 -0.40207976102828974 0.00059999998484272521
decision_type=2 10 2 2 2
left_child=2 4 -1 -4 -2
right_child=1 -3 3 -5 -6
leaf_value=0.0015733945688263769 0.0018720754927614562 0.019870523850011448 -0.018221279300970186 0 -0.0060087602745812355
leaf_weight=2.3060983568429974 3.2385687530040768 11.821609854698179 15.250929743051532 2.3833247274160358 4.4776573032140732
leaf_count=12 15 52 121 15 25
internal_value=0 0.0125736 -0.01173 -0.0155808 -0.000124698
internal_weight=39.4782 19.5378 19.9404 17.6343 7.71623
internal_count=240 92 148 136 40
is_linear=0
shrinkage=0.03


Tree=60
num_leaves=7
num_cat=0
split_feature=12 58 30 48 38 34
split_gain=8.84623 2.65386 2.17564 0.88397 0.709752 0.206898
threshold=0.50757575035095226 0.016199999488890175 0.13510000705718997 0.13498388230800631 0.11142597720026971 0.078262127935886397
decision_type=2 2 2 2 2 2
left_child=2 3 -1 5 -4 -2
right_child=1 -3 4 -5 -6 -7
leaf_value=0.00074279107210369728 0 0 0 0 -0.014654867607821646 0.02009370291848039
leaf_weight=2.4978491961956051 2.6784969866275814 2.7359081506729117 1.2330888509750391 2.0893880277872077 15.370823651552199 11.046172335743902
leaf_count=13 13 15 9 10 121 49
internal_value=0.000716936 0.0134011 -0.00991136 0.0170631 -0.0134462 0.018717
internal_weight=37.6517 18.55 19.1018 15.8141 16.6039 13.7247
internal_count=230 87 143 72 130 62
is_linear=0
shrinkage=0.03


Tree=61
num_leaves=7
num_cat=0
split_feature=12 0 30 61 60 68
split_gain=10.1209 2.57104 2.43927 0.740186 0.416874 0.603255
threshold=0.50757575035095226 0.83333334326744091 0.13510000705718997 0.0014000000082887711 0.0030000000260770325 752.01473999023449
decision_type=2 2 2 2 2 8
left_child=2 4 -1 -4 5 -2
right_child=1 -3 3 -5 -6 -7
leaf_value=0.0001412210616847031 0.0074806436524085121 0.018347117902163975 -0.017218142333066233 0 -0.0038079832204724103 0
leaf_weight=2.6618325710296658 2.6906328797340411 10.974763780832289 14.365758806467058 3.0583440810441962 4.3404855877161026 2.5216949582099915
leaf_count=14 11 49 119 19 24 13
internal_value=0 0.0124693 -0.0120414 -0.0154632 0 0.00331567
internal_weight=40.6135 20.5276 20.0859 17.4241 9.55281 5.21233
internal_count=249 97 152 138 48 24
is_linear=0
shrinkage=0.03


Tree=62
num_leaves=7
num_cat=0
split_feature=58 9 62 68 60 54
split_gain=6.03499 4.32822 1.5358 0.995665 0.794556 0.372231
threshold=0.011799999978393318 1.1666666865348818 0.55140000581741344 529.38558959960949 0.0061999999452382335 0.079683117568492903
decision_type=2 2 2 8 2 2
left_child=1 3 -2 4 -1 -5
right_child=2 -3 -4 5 -6 -7
leaf_value=0.0084466056048634157 -0.013157094723019709 0.018601551011651844 0 0 0 -0.0078220335592642312
leaf_weight=3.7534258067607889 9.633465074002741 11.689261145889757 1.4891749620437611 2.4600004851818085 2.7393200248479843 5.7714936807751656
leaf_count=18 75 55 9 13 16 43
internal_value=0.00202276 0.00995614 -0.00977072 0 0.00401706 -0.00587821
internal_weight=37.5361 26.4135 11.1226 14.7242 6.49275 8.23149
internal_count=229 145 84 90 34 56
is_linear=0
shrinkage=0.03


Tree=63
num_leaves=7
num_cat=0
split_feature=58 1 57 54 68 68
split_gain=8.21877 4.17216 0.575237 1.402 0.853879 0.294839
threshold=0.011799999978393318 0.83333334326744091 0.17520000040531161 0.069159060716629042 313.60475158691412 184.70973205566409
decision_type=2 2 2 2 8 8
left_child=1 2 3 -1 -4 -2
right_child=5 -3 4 -5 -6 -7
leaf_value=0.0019484305828977068 0 0.018978265144048285 0.0086819098742818967 -0.0094436261912201874 0 -0.014116668760743174
leaf_weight=1.9854575544595734 1.5386188775300951 11.093319982290266 2.4976532012224189 7.4977449104189873 2.4218074157834053 9.3090123981237411
leaf_count=9 9 51 11 49 19 76
internal_value=0.000777155 0.0104042 0 -0.00420307 0.00341041 -0.0131089
internal_weight=36.3436 25.496 14.4027 9.4832 4.91946 10.8476
internal_count=224 139 88 58 30 85
is_linear=0
shrinkage=0.03


Tree=64
num_leaves=7
num_cat=0
split_feature=58 26 28 30 62 56
split_gain=7.34213 5.31118 1.88395 2.16082 0.968435 0.330745
threshold=0.011799999978393318 0.52387118339538585 0.013348476495593788 0.3257004469633103 0.37680000066757208 -0.37773197889327997
decision_type=2 2 2 2 2 2
left_child=1 2 -1 -4 -2 -3
right_child=4 5 3 -5 -6 -7
leaf_value=0 -0.013306808258536194 -0.0057509168581628307 0.022956841282676606 0 0 0
leaf_weight=1.4837902784347594 9.8134606033563596 4.9073994755744934 13.457466021180155 3.9501468539237967 1.3543322756886471 1.9520115926861752
leaf_count=8 78 40 61 22 8 12
internal_value=0.00188302 0.0107578 0.0173751 0.0194962 -0.0111609 -0.00340408
internal_weight=36.9186 25.7508 18.8914 17.4076 11.1678 6.85941
internal_count=229 143 91 83 86 52
is_linear=0
shrinkage=0.03


Tree=65
num_leaves=7
num_cat=0
split_feature=58 0 14 38 14 62
split_gain=6.35701 5.93159 1.14137 1.11796 1.34055 0.673555
threshold=0.011799999978393318 0.83333334326744091 13.604084968566896 0.092824693769216551 13.604084968566896 0.37680000066757208
decision_type=2 2 2 2 2 2
left_child=1 3 -3 -1 -5 -2
right_child=5 2 -4 4 -6 -7
leaf_value=0.0026149901291101915 -0.013858228746010861 0.020735501332885029 0 -0.010941309475758674 0 0
leaf_weight=4.1072895228862789 10.313935473561285 10.212152980268 2.4105702415108672 8.5246525630354864 3.1456429809331885 1.1153563335537899
leaf_count=19 82 47 13 58 20 7
internal_value=0 0.00794871 0.0184049 -0.00198371 -0.00683081 -0.0124003
internal_weight=39.8296 28.4003 12.6227 15.7776 11.6703 11.4293
internal_count=246 157 60 97 78 89
is_linear=0
shrinkage=0.03


Tree=66
num_leaves=7
num_cat=0
split_feature=62 30 0 55 40 53
split_gain=6.70857 3.63181 2.40875 0.368862 0.591917 0.305445
threshold=0.0010000000183936211 0.13510000705718997 0.83333334326744091 1.0000000180025095e-35 0.26671595871448522 -0.49601510167121882
decision_type=2 2 2 2 2 2
left_child=1 5 3 -2 -5 -1
right_child=2 -3 -4 4 -6 -7
leaf_value=0 0.0035225137065527366 -0.01676103726845378 0.016059282200280488 -0.0068755324406996757 0 0.0050822621503566453
leaf_weight=2.157942071557045 2.2394320294261005 12.14270458370447 10.177292019128798 5.0790921375155431 3.8925147131085396 2.5737234503030804
leaf_count=12 12 102 47 33 22 12
internal_value=0 -0.0105688 0.00983461 0 -0.00308116 0.00183993
internal_weight=38.2627 16.8744 21.3883 11.211 8.97161 4.73167
internal_count=240 126 114 67 55 24
is_linear=0
shrinkage=0.03


Tree=67
num_leaves=7
num_cat=0
split_feature=58 1 26 21 48 43
split_gain=7.14732 4.41425 0.824111 1.10892 0.493194 0.361629
threshold=0.011799999978393318 0.83333334326744091 0.16030008345842364 0.26361444592475897 -0.0097141764126718027 0.42962278425693518
decision_type=2 2 2 2 2 2
left_child=1 2 4 -4 -1 -2
right_child=5 -3 3 -5 -6 -7
leaf_value=0.0067855126413329204 -0.013978254336914393 0.018030353203450679 0.00019825683403603724 -0.0091998716714390572 0 0
leaf_weight=3.5211840122938156 10.488295078277586 10.694481335580347 1.9926890283823002 8.4382368847727758 2.3057126104831758 1.2372604310512532
leaf_count=16 85 51 11 60 12 8
internal_value=0 0.00863427 0 -0.00524948 0.00336004 -0.0130109
internal_weight=38.6779 26.9523 16.2578 10.4309 5.8269 11.7256
internal_count=243 150 99 71 28 93
is_linear=0
shrinkage=0.03


Tree=68
num_leaves=7
num_cat=0
split_feature=58 30 62 56 2 39
split_gain=7.65762 4.92593 2.18084 0.672676 0.587569 0.270642
threshold=0.009599999990314247 0.3257004469633103 0.55140000581741344 -0.37773197889327997 1.4670542478561404 0.15838956087827685
decision_type=2 2 2 2 2 2
left_child=1 4 -2 5 -1 -3
right_child=2 3 -4 -5 -6 -7
leaf_value=0.02038787798115679 -0.014478305399500983 -0.0075417777313274426 0.00084244912752464199 0.0015332259530627594 0 0
leaf_weight=13.351574391126638 10.971153318881987 4.6062052324414253 1.4530395790934552 3.7001015916466695 3.1735034584999076 1.6565595865249632
leaf_count=62 89 36 8 20 16 10
internal_value=0.00250857 0.0114196 -0.0104342 -0.000837363 0.018601 -0.00600891
internal_weight=38.9121 26.4879 12.4242 9.96287 16.5251 6.26276
internal_count=241 144 97 66 78 46
is_linear=0
shrinkage=0.03


Tree=69
num_leaves=7
num_cat=0
split_feature=12 4 47 30 19 59
split_gain=7.17262 2.14035 1.64323 1.16326 0.462433 0.287077
threshold=0.36666667461395269 0.0079052620567381399 0.16693903505802157 0.13510000705718997 0.69315171241760265 0.10720000043511392
decision_type=2 10 2 2 2 2
left_child=2 5 -1 -4 -3 -2
right_child=1 4 3 -5 -6 -7
leaf_value=0 0.0025292742288398474 0.018618193245822475 0 -0.014645735632026508 0 -0.0034950201457333674
leaf_weight=3.414866320788863 6.2439890205860156 9.6286901682615262 1.443755269050597 11.607757851481436 2.1557397544383994 2.6443344354629517
leaf_count=23 31 44 8 103 10 15
internal_value=0.00156288 0.0120605 -0.00892664 -0.0124758 0.017124 0
internal_weight=37.1391 20.6728 16.4664 13.0515 11.7844 8.88832
internal_count=234 100 134 111 54 46
is_linear=0
shrinkage=0.03


Tree=70
num_leaves=7
num_cat=0
split_feature=32 68 46 60 56 25
split_gain=7.15164 2.77238 2.72519 2.05666 0.51139 0.313716
threshold=0.27426053583621984 697.16046142578136 0.081586226820945754 0.077600002288818373 -0.36945162713527674 0.583247870206833
decision_type=2 8 2 2 2 2
left_child=1 3 -2 -1 -4 -3
right_child=2 5 4 -5 -6 -7
leaf_value=0.020444055977679513 0.00092472067763216758 -0.0043908490654803239 -0.016055118586819295 0 0 0.0014376033844817151
leaf_weight=9.6593499034643191 4.9105534106493023 3.1595885530114165 11.205196931958199 1.8875854611396778 2.6112103015184376 3.8546334281563759
leaf_count=44 26 21 97 10 19 20
internal_value=2.11316e-05 0.0116414 -0.0094508 0.0171884 -0.0144976 0
internal_weight=37.2881 18.5612 18.727 11.5469 13.8164 7.01422
internal_count=237 95 142 54 116 41
is_linear=0
shrinkage=0.03


Tree=71
num_leaves=7
num_cat=0
split_feature=68 60 11 4 51 55
split_gain=6.09552 4.88604 2.75282 1.9881 0.897988 0.568605
threshold=697.16046142578136 0.31399999558925634 5.6070852279663095 0.0075805915985256442 -0.3978706151247024 0.14431183785200122
decision_type=8 2 2 8 2 2
left_child=1 3 4 -1 -2 -5
right_child=2 -3 -4 5 -6 -7
leaf_value=0 -0.014851981238205199 -0.0042517998968093678 0.003156186564698378 0.021149649311361849 0 0
leaf_weight=1.4835434556007445 11.751785822212696 3.6843490451574317 2.9708165824413291 13.262170530855654 3.0031244456768045 1.8328083306550969
leaf_count=9 95 23 16 68 16 10
internal_value=0.00151273 0.0114308 -0.00769451 0.017462 -0.0126954 0.0198556
internal_weight=37.9886 20.2629 17.7257 16.5785 14.7549 15.095
internal_count=237 110 127 87 111 78
is_linear=0
shrinkage=0.03


Tree=72
num_leaves=7
num_cat=0
split_feature=12 47 60 48 32 68
split_gain=7.123 2.04297 1.82135 1.76001 1.17456 0.361954
threshold=0.30952382087707525 0.16693903505802157 0.31399999558925634 0.12942958623170855 0.37618413567543035 292.94918823242193
decision_type=2 2 2 2 2 8
left_child=1 -1 3 4 -2 -3
right_child=2 5 -4 -5 -6 -7
leaf_value=0.00078035792425749928 0.019401254138978027 0 0 0 0 -0.014250703872585185
leaf_weight=2.9226439371705046 13.940715506672868 2.6070792898535702 2.2868372723460189 2.2114036232233039 2.527887485921382 9.9971570074558258
leaf_count=20 66 18 13 11 14 95
internal_value=0.00219975 -0.0086376 0.0123605 0.0149037 0.0173356 -0.0128549
internal_weight=36.4937 15.5269 20.9668 18.68 16.4686 12.6042
internal_count=237 133 104 91 80 113
is_linear=0
shrinkage=0.03


Tree=73
num_leaves=7
num_cat=0
split_feature=0 31 14 44 25 60
split_gain=5.51849 2.48183 1.41218 1.22626 0.809744 0.677918
threshold=1.8333333134651186 0.15461797267198565 13.221588611602785 0.65886381268501293 0.95008096098899852 0.0061999999452382335
decision_type=2 2 2 2 2 2
left_child=1 5 -2 4 -3 -1
right_child=2 3 -4 -5 -6 -7
leaf_value=0.006763887267295229 0.015973793049267292 -0.014349257202133056 0 0 0 -0.00041459642508933281
leaf_weight=4.7514226213097599 9.0351897329092008 16.127180375158794 2.4323744624853125 1.2348715215921391 1.1228724122047413 2.9323732182383537
leaf_count=24 43 130 14 7 9 16
internal_value=0 -0.00617816 0.0129247 -0.0111593 -0.0130642 0.00194615
internal_weight=37.6363 26.1687 11.4676 18.4849 17.2501 7.6838
internal_count=243 186 57 146 139 40
is_linear=0
shrinkage=0.03


Tree=74
num_leaves=7
num_cat=0
split_feature=58 28 60 62 47 11
split_gain=6.97441 3.88095 3.46839 1.1495 0.493746 0.185175
threshold=0.011799999978393318 0.53557017445564281 0.31399999558925634 0.55140000581741344 0.13558906316757205 1.4166666865348818
decision_type=2 2 2 2 2 2
left_child=1 2 5 -2 -3 -1
right_child=3 4 -4 -5 -6 -7
leaf_value=0 -0.01340494043077929 0 0 0 -0.0058705237723208469 0.02114687335417954
leaf_weight=1.9511548653245032 10.065428353846071 3.2228994369506827 3.3546497225761405 1.1203569397330273 4.0691465139389038 13.659998886287211
leaf_count=9 85 19 21 7 36 65
internal_value=0.00168084 0.0102911 0.0158668 -0.0110162 -0.0015303 0.0201647
internal_weight=37.4436 26.2578 18.9658 11.1858 7.29205 15.6112
internal_count=242 150 95 92 55 74
is_linear=0
shrinkage=0.03


Tree=75
num_leaves=6
num_cat=0
split_feature=0 54 43 51 17
split_gain=8.24054 3.13454 2.34187 0.582336 0.457851
threshold=2.1666666269302373 0.069159060716629042 0.15180068463087085 -0.65429282188415516 0.68966230750083934
decision_type=2 2 2 2 2
left_child=1 -1 -3 -4 -2
right_child=4 2 3 -5 -6
leaf_value=0.0030528229219537531 0.01542673557216203 0 0 -0.017155380246958986 0
leaf_weight=2.8219881653785732 7.6168599277734739 2.6998439803719547 1.4079857096076072 20.580496229231354 2.0706284940242767
leaf_count=13 37 14 11 160 10
internal_value=-0.000806119 -0.00988693 -0.0135494 -0.0162779 0.0138573
internal_weight=37.1978 27.5103 24.6883 21.9885 9.68749
internal_count=245 198 185 171 47
is_linear=0
shrinkage=0.03


Tree=76
num_leaves=7
num_cat=0
split_feature=58 0 56 68 60 45
split_gain=6.96266 3.68447 0.907334 0.478025 0.446095 0.254732
threshold=0.011799999978393318 0.83333334326744091 -0.55636668205261219 529.38558959960949 0.16399999707937243 0.065303474664688124
decision_type=2 2 2 8 2 2
left_child=1 3 -3 4 -1 -5
right_child=-2 2 -4 5 -6 -7
leaf_value=0.0057092156458521453 -0.012518182494879697 0 0.018371148151521327 0 0 -0.0061110699008470612
leaf_weight=4.3918607234954843 10.168488666415213 1.8692999556660641 11.500662386417387 1.6553660333156592 2.1055320575833321 5.8484278172254562
leaf_count=22 87 11 56 8 14 44
internal_value=0.000614252 0.00914273 0.0166 0 0.00202454 -0.00455145
internal_weight=37.5396 27.3711 13.37 14.0012 6.49739 7.50379
internal_count=242 155 67 88 36 52
is_linear=0
shrinkage=0.03


Tree=77
num_leaves=7
num_cat=0
split_feature=58 0 68 60 56 51
split_gain=7.72793 3.10922 0.767326 0.772415 0.648511 0.554129
threshold=0.011799999978393318 0.83333334326744091 752.01473999023449 0.31399999558925634 -0.55636668205261219 -0.40721872448921198
decision_type=2 2 8 2 2 2
left_child=1 2 3 -1 -3 -2
right_child=5 4 -4 -5 -6 -7
leaf_value=0.0082209997051508922 -0.012532672489785426 0 -0.0047241622540881356 0 0.019607933492834514 0
leaf_weight=5.2122188210487375 8.9973331838846189 1.681951843202113 6.025461971759797 2.080165907740593 11.485873661935328 1.1614942848682392
leaf_count=25 79 10 45 13 57 7
internal_value=0.00296026 0.0115636 0 0.0043879 0.0182035 -0.0111031
internal_weight=36.6445 26.4857 13.3178 7.29238 13.1678 10.1588
internal_count=236 150 83 38 67 86
is_linear=0
shrinkage=0.03


Tree=78
num_leaves=7
num_cat=0
split_feature=58 0 62 38 14 19
split_gain=4.93838 3.90764 0.995007 0.950516 0.643587 0.409621
threshold=0.011799999978393318 0.83333334326744091 0.55140000581741344 0.15038478374481204 13.604084968566896 0.69315171241760265
decision_type=2 2 2 2 2 2
left_child=1 3 -2 -1 -5 -3
right_child=2 5 -4 4 -6 -7
leaf_value=0.0032682719892085706 -0.012802283188015571 0.017834316055429619 0 -0.0086384636894826367 0 0
leaf_weight=4.5048451125621822 8.3827398717403394 9.570271007716654 1.2440946176648129 7.2000333517789823 2.1993151754140854 2.5711929798126212
leaf_count=23 75 48 8 52 14 13
internal_value=0.000585515 0.00806198 -0.0103867 -0.000396673 -0.00602535 0.0162628
internal_weight=35.6725 26.0457 9.62683 13.9042 9.39935 12.1415
internal_count=233 150 83 89 66 61
is_linear=0
shrinkage=0.03


Tree=79
num_leaves=7
num_cat=0
split_feature=12 60 58 48 47 50
split_gain=6.63617 2.73999 2.40957 1.79864 0.974301 0.0984977
threshold=0.30952382087707525 0.31399999558925634 0.045199999585747726 0.13498388230800631 0.13558906316757205 0.22214166074991229
decision_type=2 2 2 2 2 2
left_child=4 2 3 -2 -1 -6
right_child=1 -3 -4 -5 5 -7
leaf_value=0 0.019905876473131263 -0.0014582103507226531 0 0 -0.012897833879963325 0
leaf_weight=1.5258674770593632 15.019017726182947 3.0815682932734481 2.1941810697317115 2.6084312796592704 9.9221560731530172 1.850224807858466
leaf_count=10 72 18 15 13 91 17
internal_value=0.00117815 0.0105872 0.0143328 0.0173274 -0.0100402 -0.0121715
internal_weight=36.2014 22.9032 19.8216 17.6274 13.2982 11.7724
internal_count=236 118 100 85 118 108
is_linear=0
shrinkage=0.03


Tree=80
num_leaves=7
num_cat=0
split_feature=68 6 9 43 34 35
split_gain=4.59152 1.83438 1.81055 1.87804 0.88542 0.639228
threshold=697.16046142578136 192.00000000000003 5.1666667461395273 0.15180068463087085 0.80959230661392223 0.1045847423374653
decision_type=8 2 2 2 2 2
left_child=1 4 3 -2 5 -1
right_child=2 -3 -4 -5 -6 -7
leaf_value=0 0 -0.00079931534471973289 0.0010159249138564125 -0.014817072279205071 0 0.015305010930870954
leaf_weight=1.9938948675990129 1.836773008108145 1.8157668486237515 1.5535451918840397 14.291654631495474 1.6977136731147755 11.868847087025641
leaf_count=11 10 12 7 121 12 63
internal_value=0 0.00877306 -0.00855357 -0.0118077 0.0121132 0.0138044
internal_weight=35.0582 17.3762 17.682 16.1284 15.5605 13.8627
internal_count=236 98 138 131 86 74
is_linear=0
shrinkage=0.03


Tree=81
num_leaves=7
num_cat=0
split_feature=0 58 26 51 50 56
split_gain=4.76211 1.83397 0.656663 0.743628 0.550005 0.402673
threshold=3.5000000000000004 0.00059999998484272521 0.14372427761554721 -0.3978706151247024 0.24566179513931277 -0.47575244307518
decision_type=2 2 2 2 2 2
left_child=1 2 5 -4 -3 -1
right_child=-2 4 3 -5 -6 -7
leaf_value=0.0077832654402942951 0.012936040643852816 -0.013291415768179443 -0.0067960166767040116 0.00042145423401738379 0 0
leaf_weight=3.2380213141441345 7.3811170011758795 9.9414861127734167 7.7222136333584768 2.4053132236003876 1.2039945870637883 2.3764305561780956
leaf_count=14 37 84 57 13 10 12
internal_value=0 -0.00611052 0 -0.00274312 -0.0119663 0.00530564
internal_weight=34.2686 26.8875 15.742 10.1275 11.1455 5.61445
internal_count=227 190 96 70 94 26
is_linear=0
shrinkage=0.03


Tree=82
num_leaves=7
num_cat=0
split_feature=68 60 0 54 14 58
split_gain=5.06059 4.00862 2.3498 2.20834 1.26227 0.0103512
threshold=697.16046142578136 0.21280000358819964 3.1666666269302373 0.069159060716629042 13.058030128479006 0.00059999998484272521
decision_type=8 2 2 2 2 2
left_child=1 4 3 -2 -1 -6
right_child=2 -3 -4 -5 5 -7
leaf_value=0.018982379618065495 0.00015790972574409524 -0.003565105004104389 0.0020857269243610057 -0.015937221454448151 0.00061984422512786398 -0.00063416827223546155
leaf_weight=10.74191688001156 1.1392521262168909 3.5743640810251227 2.8435218334197989 12.455689333379267 1.8187087029218667 1.8738086000084875
leaf_count=54 5 23 13 108 10 14
internal_value=0.000355443 0.0101801 -0.00791779 -0.0125502 0.0161054 0
internal_weight=34.4473 18.0088 16.4385 13.5949 14.4344 3.69252
internal_count=227 101 126 113 78 24
is_linear=0
shrinkage=0.03


Tree=83
num_leaves=7
num_cat=0
split_feature=58 0 62 53 33 55
split_gain=6.0708 2.9174 0.323907 0.29242 0.606611 0.247878
threshold=0.011799999978393318 0.83333334326744091 0.30859999358654028 -0.22608545422554013 0.25491730868816381 0.14269554615020755
decision_type=2 2 2 2 2 2
left_child=1 3 -2 4 -1 -3
right_child=2 5 -4 -5 -6 -7
leaf_value=0 -0.01172178598002006 0.017866375005335663 0 0.0032952152831828923 -0.006009140134191784 0
leaf_weight=2.688390649855136 7.6032513529062253 10.011774078011511 1.1513436958193777 1.4232130050659204 8.9723983258008939 2.3963871449232093
leaf_count=15 71 51 8 6 62 11
internal_value=0.00213987 0.00998581 -0.01065 0 -0.00253447 0.0165866
internal_weight=34.2468 25.4922 8.7546 13.084 11.6608 12.4082
internal_count=224 145 79 83 77 62
is_linear=0
shrinkage=0.03


Tree=84
num_leaves=7
num_cat=0
split_feature=0 68 51 60 14 18
split_gain=3.68555 2.45486 2.31817 1.24893 0.66044 0.540055
threshold=1.8333333134651186 313.60475158691412 -0.40207976102828974 0.0061999999452382335 8.2942690849304217 0.91905805468559276
decision_type=2 8 2 2 2 2
left_child=1 3 5 -1 -2 -3
right_child=4 2 -4 -5 -6 -7
leaf_value=0.0088313762578883497 0.012929380795143672 -0.016403225325114575 0 -0.0022567334087844489 0 0
leaf_weight=4.4263224750757235 6.5091146379709226 11.785590447485449 3.613458275794982 3.8414434418082237 2.6692744642496109 1.4816159233450878
leaf_count=22 33 105 21 24 15 13
internal_value=0 -0.00572393 -0.011062 0.00197987 0.0106259 -0.0152001
internal_weight=34.3268 25.1484 16.8807 8.26777 9.17839 13.2672
internal_count=233 185 139 46 48 118
is_linear=0
shrinkage=0.03


Tree=85
num_leaves=7
num_cat=0
split_feature=12 59 51 30 34 61
split_gain=5.32277 2.01724 1.09182 1.2899 0.687372 0.268306
threshold=0.50757575035095226 0.19579999893903735 -0.41610644757747645 0.13510000705718997 0.06248129345476628 0.0014000000082887711
decision_type=2 2 2 2 2 2
left_child=2 4 3 -1 -2 -5
right_child=1 -3 -4 5 -6 -7
leaf_value=0 0 0 0 -0.014406942883319221 0.015729189633315262 0
leaf_weight=1.6725599765777612 2.0112637728452709 4.1225235164165488 2.976003870368003 10.249885171651838 11.855143725872038 2.5971306413412085
leaf_count=9 10 23 20 105 60 18
internal_value=0.000107319 0.0103063 -0.00813151 -0.0106875 0.0141646 -0.013168
internal_weight=35.4845 17.9889 17.4956 14.5196 13.8664 12.847
internal_count=245 93 152 132 70 123
is_linear=0
shrinkage=0.03


Tree=86
num_leaves=7
num_cat=0
split_feature=12 60 68 54 31 19
split_gain=4.18754 2.67859 2.096 1.39749 0.285929 0.0221934
threshold=0.30952382087707525 0.1418000012636185 752.01473999023449 0.079683117568492903 0.14182729274034503 0.91512048244476329
decision_type=2 2 8 2 2 2
left_child=3 2 -2 -1 -5 -6
right_child=1 -3 -4 4 5 -7
leaf_value=0 0.017405436801089767 -0.0023683111916032533 0 0 -0.012636160413996449 0
leaf_weight=1.6177500262856472 10.914059489965444 3.8192316964268676 6.7532649561762801 1.4017041027545918 9.9631085917353612 1.0332825258374203
leaf_count=10 53 23 37 10 100 10
internal_value=0 0.0081983 0.0126815 -0.00829512 -0.0113988 -0.0122826
internal_weight=35.5024 21.4866 17.6673 14.0158 12.3981 10.9964
internal_count=243 113 90 130 120 110
is_linear=0
shrinkage=0.03


Tree=87
num_leaves=6
num_cat=0
split_feature=58 30 2 51 11
split_gain=6.22721 3.59294 1.14426 0.565229 0.499427
threshold=0.011799999978393318 0.3257004469633103 1.4670542478561404 -0.40207976102828974 7.5000000000000009
decision_type=2 2 2 2 2
left_child=1 2 -1 4 -3
right_child=-2 3 -4 -5 -6
leaf_value=0.017038745711719327 -0.013087510583102082 -0.0081006360620108284 0 0.00040003719674563113 0
leaf_weight=12.394107662141325 9.3935077264904958 5.2520162761211395 2.6936945617198935 3.1883609592914564 1.0530171543359754
leaf_count=61 84 48 15 18 5
internal_value=0 0.00812467 0.0147681 -0.00151535 -0.00581508
internal_weight=33.9747 24.5812 15.0878 9.49339 6.30503
internal_count=231 147 76 71 53
is_linear=0
shrinkage=0.03


Tree=88
num_leaves=7
num_cat=0
split_feature=68 60 11 56 24 60
split_gain=4.97372 5.72169 1.59519 1.14174 0.70245 0.176503
threshold=697.16046142578136 0.077600002288818373 5.6070852279663095 -0.36945162713527674 0.63725516200065624 0.31399999558925634
decision_type=8 2 2 2 2 2
left_child=1 4 3 -2 -1 -3
right_child=2 5 -4 -5 -6 -7
leaf_value=0.019919247129382558 -0.014199912212579015 0 0.00030761949670094299 0 0 -0.0054994789721421397
leaf_weight=12.003634266555311 8.9642409458756429 2.067643128335475 2.6862879693508139 2.6361729130148879 1.6187534555792797 4.2664697915315628
leaf_count=61 80 13 17 17 12 29
internal_value=0.00155466 0.01037 -0.00748828 -0.0113779 0.0185155 -0.00408541
internal_weight=34.2432 19.9565 14.2867 11.6004 13.6224 6.33411
internal_count=229 115 114 97 73 42
is_linear=0
shrinkage=0.03


Tree=89
num_leaves=7
num_cat=0
split_feature=68 6 47 4 58 9
split_gain=3.87997 1.76353 1.29909 1.30054 0.911559 0.698726
threshold=667.86233520507824 185.75000000000003 0.085297085344791426 0.0050959466025233277 0.011799999978393318 2.8333333730697636
decision_type=8 2 2 8 2 2
left_child=1 4 -2 -4 -1 -5
right_child=2 -3 3 5 -6 -7
leaf_value=0.014099543871201846 0 -0.00046410576331539784 0 -0.014736094871779131 0 0
leaf_weight=12.567821212112905 3.7513840198516872 2.2878539934754363 1.2973812744021387 10.165562592446802 3.2040745615959159 1.4639658033847815
leaf_count=67 18 15 11 98 22 8
internal_value=0 0.00861281 -0.00727118 -0.0106074 0.0119268 -0.0131674
internal_weight=34.738 18.0597 16.6783 12.9269 15.7719 11.6295
internal_count=239 104 135 117 89 106
is_linear=0
shrinkage=0.03


Tree=90
num_leaves=6
num_cat=0
split_feature=68 47 60 0 7
split_gain=4.4912 2.7441 1.94445 1.37151 0.500142
threshold=385.15440368652349 0.085297085344791426 0.34340000152587896 3.1666666269302373 357.50000000000006
decision_type=8 2 2 2 2
left_child=2 -2 4 -3 -1
right_child=1 3 -4 -5 -6
leaf_value=0.015609080839892443 0.0028624323871998601 -0.014559180072934778 0 0 0
leaf_weight=9.7233583107590658 4.5169682875275639 13.691355437040327 2.1775687187910071 1.2237681001424778 1.739563614130019
leaf_count=52 22 125 14 6 10
internal_value=0 -0.0069868 0.0104979 -0.0123295 0.0142451
internal_weight=33.0726 19.4321 13.6405 14.9151 11.4629
internal_count=229 153 76 131 62
is_linear=0
shrinkage=0.03


Tree=91
num_leaves=7
num_cat=0
split_feature=0 26 47 14 60 54
split_gain=4.41781 2.01844 0.873962 0.827147 0.570596 0.0620298
threshold=1.8333333134651186 0.14372427761554721 0.085297085344791426 13.522191047668459 0.00059999998484272521 0.76592186093330394
decision_type=2 2 2 2 2 2
left_child=1 4 -3 -2 -1 -4
right_child=3 2 5 -5 -6 -7
leaf_value=0.005717816598170786 0.013122007270712497 0 -0.013940859534060044 0 -0.0014902639827594215 0
leaf_weight=4.9960820078849819 7.8505221605300886 2.3544092178344753 12.137074060738085 2.1304174959659576 2.0654837489128113 2.0363739952445021
leaf_count=24 41 12 112 12 13 19
internal_value=0 -0.00700202 -0.0114204 0.0107968 0.000455063 -0.0132539
internal_weight=33.5704 23.5894 16.5279 9.98094 7.06157 14.1734
internal_count=233 180 143 53 37 131
is_linear=0
shrinkage=0.03


Tree=92
num_leaves=7
num_cat=0
split_feature=0 54 68 54 14 30
split_gain=3.68601 2.11904 2.61591 1.2193 0.732386 0.650513
threshold=1.8333333134651186 0.069159060716629042 313.60475158691412 0.56555533409118663 8.2942690849304217 0.84942904114723217
decision_type=2 2 8 2 2 2
left_child=1 -1 3 -3 -2 -4
right_child=4 2 5 -5 -6 -7
leaf_value=0.0051634321041159406 0.014175714057958711 -0.0030264711362976808 -0.014836128659288683 0.0085141616644886352 0 0
leaf_weight=2.8302451968193081 7.6203729808330518 4.8743552863597888 12.693020686507223 3.3111011385917664 2.93753582239151 1.4629998505115498
leaf_count=13 41 31 110 16 16 16
internal_value=0.00112818 -0.00374745 -0.00797899 0.000457292 0.0118395 -0.0135109
internal_weight=35.7296 25.1717 22.3415 8.18546 10.5579 14.156
internal_count=243 186 173 47 57 126
is_linear=0
shrinkage=0.03


Tree=93
num_leaves=7
num_cat=0
split_feature=58 60 28 48 62 51
split_gain=3.69496 2.87744 2.57129 1.24592 0.568514 0.185358
threshold=0.011799999978393318 0.077600002288818373 0.70947712659835827 0.12663277238607409 0.37680000066757208 -0.39158758521080012
decision_type=2 2 2 2 2 2
left_child=1 2 3 -1 -2 -3
right_child=4 5 -4 -5 -6 -7
leaf_value=0.017634893692981792 -0.010879180302285263 -0.0045947932702120522 -0.00053459557413769183 0 0 0
leaf_weight=14.306940861046323 8.3049232140183431 4.2073927521705627 2.5729529932141295 2.2363600283861151 1.0069919154047955 1.4435441121458996
leaf_count=75 82 33 20 12 7 9
internal_value=5.08944e-05 0.00693217 0.011906 0.0155738 -0.00925691 -0.00291649
internal_weight=34.0791 24.7672 19.1163 16.5433 9.31192 5.65094
internal_count=238 149 107 87 89 42
is_linear=0
shrinkage=0.03


Tree=94
num_leaves=7
num_cat=0
split_feature=58 30 60 2 46 54
split_gain=5.00286 3.03033 1.42451 0.994659 0.399992 0.328296
threshold=0.011799999978393318 0.31507937610149389 0.31399999558925634 1.4670542478561404 0.09819377958774568 0.08475163578987123
decision_type=2 2 2 2 2 2
left_child=1 2 3 -1 -2 -3
right_child=4 5 -4 -5 -6 -7
leaf_value=0.01894106078621555 0 0.00010310589418132307 0 0 -0.011903067153265784 -0.004313427238525366
leaf_weight=10.205132327973844 0.94936028867959787 4.1645534634590131 1.7761775851249684 2.6984376162290564 7.8477629497647285 6.0294284820556641
leaf_count=50 6 22 10 15 78 53
internal_value=0.000554179 0.00820409 0.0143352 0.0166556 -0.0107413 -0.000380377
internal_weight=33.6709 24.8737 14.6797 12.9036 8.79712 10.194
internal_count=234 150 75 65 84 75
is_linear=0
shrinkage=0.03


Tree=95
num_leaves=7
num_cat=0
split_feature=58 32 60 62 55 54
split_gain=5.38 3.13363 1.62799 1.00391 0.773699 0.0200227
threshold=0.011799999978393318 0.60815632343292247 0.31399999558925634 0.55140000581741344 0.14269554615020755 0.08475163578987123
decision_type=2 2 2 2 2 2
left_child=1 2 4 -2 -1 -3
right_child=3 5 -4 -5 -6 -7
leaf_value=0.017872135785472434 -0.012300598018879227 0 0 0 0 -0.0027372914459147511
leaf_weight=15.262665554881105 8.1336535289883596 1.5367430448532093 2.6664540022611609 1.0956521257758129 2.8452300727367392 2.7491012513637543
leaf_count=82 80 10 18 7 14 27
internal_value=0.00191923 0.00950115 0.0138553 -0.00978249 0.0161959 -0.00232924
internal_weight=34.2895 25.0602 20.7743 9.22931 18.1079 4.28584
internal_count=238 151 114 87 96 37
is_linear=0
shrinkage=0.03


Tree=96
num_leaves=7
num_cat=0
split_feature=58 28 32 62 26 44
split_gain=4.35778 2.44927 1.17132 0.730551 0.434299 0.132102
threshold=0.005799999926239253 0.520310938358307 0.27426053583621984 0.55140000581741344 0.016218227334320549 0.61688560247421276
decision_type=2 2 2 2 2 2
left_child=1 2 4 -2 -1 -3
right_child=3 5 -4 -5 -6 -7
leaf_value=0 -0.011537497362520388 -0.0030676642992883986 0 0 0.016861937381812145 0
leaf_weight=1.7686468660831476 8.7832001224160177 4.1728869453072539 4.1221041902899733 1.3327501341700543 10.099518209695814 1.8172877877950666
leaf_count=9 85 37 27 9 50 10
internal_value=0.000127583 0.00806449 0.0128173 -0.00957128 0.0156031 -0.000951714
internal_weight=32.0964 21.9804 15.9903 10.116 11.8682 5.99017
internal_count=227 133 86 94 59 47
is_linear=0
shrinkage=0.03


Tree=97
num_leaves=7
num_cat=0
split_feature=4 68 51 57 32 56
split_gain=3.0664 2.25674 1.99814 1.17397 0.233105 0.229472
threshold=0.0079052620567381399 984.45333862304699 -0.4306392222642898 0.72819998860359203 0.38768170773983007 -0.35677005350589747
decision_type=10 8 2 2 2 2
left_child=2 4 3 -1 -2 -4
right_child=1 -3 5 -5 -6 -7
leaf_value=-0.013643588559717068 0.015662679546872463 -7.5104283052935167e-05 0.0046913983808016639 0 0 0
leaf_weight=8.8608908951282519 7.446597740054127 4.2828978598117837 2.5977538973093033 3.9158690869808188 1.8886703774332998 2.8935652300715473
leaf_count=80 39 28 14 31 13 17
internal_value=0.000385042 0.00929198 -0.00507044 -0.0103806 0.0145088 0.00213695
internal_weight=31.8862 13.6182 18.2681 12.7768 9.33527 5.49132
internal_count=222 80 142 111 52 31
is_linear=0
shrinkage=0.03


Tree=98
num_leaves=7
num_cat=0
split_feature=24 58 2 14 60 62
split_gain=3.16771 2.38977 1.20686 0.899611 0.601912 0.446621
threshold=0.53175202012062084 1.0000000180025095e-35 1.4670542478561404 13.99885940551758 0.31399999558925634 0.55140000581741344
decision_type=2 2 2 2 2 2
left_child=1 2 4 -2 -1 -3
right_child=3 5 -4 -5 -6 -7
leaf_value=0.015333589177521331 -0.011536343909740862 -0.0054652404936280678 0 0 0 0
leaf_weight=10.219270378351213 9.5970254093408567 6.0432766675949088 3.1219116598367682 1.2200915738940228 2.1445497572422019 1.242652580142021
leaf_count=51 86 53 19 9 15 7
internal_value=0 0.00566705 0.0110751 -0.00929481 0.013724 -0.00211379
internal_weight=33.5888 22.7717 15.4857 10.8171 12.3638 7.28593
internal_count=240 145 85 95 66 60
is_linear=0
shrinkage=0.03


Tree=99
num_leaves=7
num_cat=0
split_feature=28 58 54 5 23 37
split_gain=3.11321 2.87993 1.73558 1.33155 0.321998 0.0968804
threshold=0.37855115532875067 0.016199999488890175 0.070939652621746077 0.044748857617378242 0.92635458707809459 0.26503469049930578
decision_type=2 2 2 2 2 2
left_child=1 3 -2 5 -4 -1
right_child=2 -3 4 -5 -6 -7
leaf_value=0.0018079922424360788 0.00096013550255554566 -0.0034594996185543406 -0.012783493133534288 0.016266448087061115 0 -0.0018536332625348024
leaf_weight=3.3157715350389507 1.7824415564537037 3.8523290380835524 9.7234959304332715 9.0637856870889646 1.561659775674342 2.7083268389105797
leaf_count=15 9 33 97 47 15 17
internal_value=0 0.00700396 -0.0077408 0.0123812 -0.0117394 0
internal_weight=32.0078 18.9402 13.0676 15.0879 11.2852 6.0241
internal_count=233 112 121 79 112 32
is_linear=0
shrinkage=0.03


Tree=100
num_leaves=7
num_cat=0
split_feature=68 60 11 43 56 0
split_gain=2.88991 4.1157 1.8235 0.665252 0.646886 0.508791
threshold=752.01473999023449 0.077600002288818373 5.6070852279663095 0.15714317560195926 -0.57330232858657826 3.1666666269302373
decision_type=8 2 2 2 2 2
left_child=1 4 3 -2 -1 -5
right_child=2 -3 -4 5 -6 -7
leaf_value=0 0 -0.0039279004561728215 0.0022280969270845855 -0.013042021955141642 0.016869644146496037 0
leaf_weight=1.7104756981134421 0.9211932048201551 5.0922738611698142 3.1107833907008162 9.805039167404173 10.887817054986954 1.1196375638246525
leaf_count=11 6 35 20 96 59 5
internal_value=0.000780609 0.00826354 -0.00543066 -0.0102877 0.0154039 -0.0117945
internal_weight=32.6472 17.6906 14.9567 11.8459 12.5983 10.9247
internal_count=232 105 127 107 70 101
is_linear=0
shrinkage=0.03


Tree=101
num_leaves=7
num_cat=0
split_feature=0 68 14 60 14 32
split_gain=3.90216 2.85898 0.965391 0.728709 0.342398 0.33716
threshold=2.1666666269302373 376.21420288085943 15.311172962188722 0.0061999999452382335 8.2942690849304217 0.82274550199508678
decision_type=2 8 2 2 2 2
left_child=1 3 5 -1 -2 -3
right_child=4 2 -4 -5 -6 -7
leaf_value=0.0070325238719335 0.011811801163935418 -0.015390050797468031 0 -0.00057117900489734696 0 0
leaf_weight=4.3958745300769824 6.4921786189079267 11.970749668776987 1.4541189074516285 3.8902104273438454 2.1392797380685806 1.8119800463318814
leaf_count=24 37 112 8 25 10 19
internal_value=0 -0.00673173 -0.0126392 0.00182136 0.0103421 -0.0143544
internal_weight=32.1544 23.5229 15.2368 8.28608 8.63146 13.7827
internal_count=235 188 139 49 47 131
is_linear=0
shrinkage=0.03


Tree=102
num_leaves=7
num_cat=0
split_feature=58 30 68 54 17 4
split_gain=3.7027 2.90033 0.882451 0.785789 0.493042 0.0661831
threshold=0.011799999978393318 0.3257004469633103 1.0000000180025095e-35 0.069159060716629042 0.11143004521727563 0.063775084912776961
decision_type=2 2 10 2 2 10
left_child=1 2 -1 -3 -2 -5
right_child=4 3 -4 5 -6 -7
leaf_value=0 0 0.0020522698791616222 0.015780036740201182 -0.0067779215811813722 -0.010862055062785501 0
leaf_weight=4.7527648657560375 1.6971714869141559 2.1234633922576887 10.562565118074415 6.2412537857890129 7.2385328374803066 1.1387170180678365
leaf_count=26 12 10 55 53 78 9
internal_value=0.000298332 0.00708172 0.0130724 -0.00124876 -0.00916382 -0.00628515
internal_weight=33.7545 24.8188 15.3153 9.50343 8.9357 7.37997
internal_count=243 153 81 72 90 62
is_linear=0
shrinkage=0.03


Tree=103
num_leaves=7
num_cat=0
split_feature=58 28 60 48 51 19
split_gain=3.77536 2.15459 1.85093 0.887624 0.795117 0.161331
threshold=0.011799999978393318 0.520310938358307 0.31399999558925634 0.12663277238607409 -0.41610644757747645 0.81449943780899059
decision_type=2 2 2 2 2 2
left_child=1 2 3 -1 5 -2
right_child=4 -3 -4 -5 -6 -7
leaf_value=0.016970826697419086 -0.010545002904546833 -1.5699247346264666e-05 0 0 0 0
leaf_weight=14.37104508280755 6.9113460518419743 6.0199338868260375 2.415471412241458 1.9363932609558094 1.3791885524988154 0.79185514152050007
leaf_count=75 72 50 17 10 9 9
internal_value=0.00232605 0.0086761 0.0125922 0.0153767 -0.00731 -0.00990058
internal_weight=33.8252 24.7428 18.7229 16.3074 9.08239 7.7032
internal_count=242 152 102 85 90 81
is_linear=0
shrinkage=0.03


Tree=104
num_leaves=7
num_cat=0
split_feature=12 60 30 68 47 47
split_gain=3.11122 1.70152 1.42973 1.37635 0.51294 0.237319
threshold=0.50757575035095226 0.31399999558925634 0.13510000705718997 752.01473999023449 0.085297085344791426 0.79380273818969738
decision_type=2 2 2 8 2 2
left_child=2 3 -1 -2 -4 -6
right_child=1 -3 4 -5 5 -7
leaf_value=0.00072762415084670358 0.015372381588500876 -0.00071818929613439776 0 0 -0.012282639123234327 0
leaf_weight=2.7058743909001342 9.345168724656105 1.793427787721156 1.0652655363082875 5.5853895470500001 9.5402049273252469 2.5854220800101748
leaf_count=15 50 11 6 29 102 20
internal_value=0 0.00822402 -0.00619116 0.0115621 -0.0098994 -0.0111167
internal_weight=32.6208 16.724 15.8968 14.9306 13.1909 12.1256
internal_count=233 90 143 79 128 122
is_linear=0
shrinkage=0.03


Tree=105
num_leaves=7
num_cat=0
split_feature=1 54 58 61 17 46
split_gain=3.56073 2.82456 1.8838 1.76133 0.662942 0.47553
threshold=0.83333334326744091 0.069159060716629042 0.009599999990314247 1.0000000180025095e-35 0.68966230750083934 0.22840644419193271
decision_type=2 2 2 2 2 2
left_child=1 -1 4 -3 -2 -5
right_child=2 3 -4 5 -6 -7
leaf_value=0.0051070913989297272 0.015872998033079816 -0.014767959450909123 0 -0.003075915829899317 0 0.0047744724734022082
leaf_weight=3.0938851833343533 8.1737489476799947 11.566993288695814 2.4873469099402419 3.3021329566836348 1.9924468398094166 3.2535215988755226
leaf_count=14 45 110 27 21 10 17
internal_value=0 -0.00542233 0.0100473 -0.0105302 0.0140525 0
internal_weight=33.8701 21.2165 12.6535 18.1226 10.1662 6.55565
internal_count=244 162 82 148 55 38
is_linear=0
shrinkage=0.03


Tree=106
num_leaves=7
num_cat=0
split_feature=58 60 68 62 26 19
split_gain=3.16622 2.59021 1.87077 0.860811 0.300085 0.115256
threshold=0.011799999978393318 0.16399999707937243 1.0000000180025095e-35 0.55140000581741344 0.52387118339538585 0.2999271303415299
decision_type=2 2 10 2 2 2
left_child=1 2 5 -2 -4 -1
right_child=3 -3 4 -5 -6 -7
leaf_value=0.0013029887908531158 -0.010422670805823287 -0.0029816881022638963 0.016732378519241115 0 0 -0.002439165129018052
leaf_weight=3.3242731764912667 8.0167482271790487 3.9580290839076033 10.880161397159098 1.0555635094642628 1.758754476904868 3.6327803507447243
leaf_count=19 82 31 59 7 12 27
internal_value=0.000647589 0.00708645 0.0114677 -0.00787395 0.0156937 0
internal_weight=32.6263 23.554 19.596 9.07231 12.6389 6.95705
internal_count=237 148 117 89 71 46
is_linear=0
shrinkage=0.03


Tree=107
num_leaves=7
num_cat=0
split_feature=68 60 9 7 6 44
split_gain=3.05202 3.54102 1.06915 1.0054 0.831304 0.204622
threshold=752.01473999023449 0.036400001496076591 2.1666666269302373 388.00000000000006 264.00000762939459 0.65173587203025829
decision_type=8 2 2 2 2 2
left_child=1 3 4 -1 5 -2
right_child=2 -3 -4 -5 -6 -7
leaf_value=0.017788034884324684 -0.011773966920163319 -0.0019341176639491586 0 0 0 0
leaf_weight=10.031278297305109 7.7768645063042623 5.9486433267593375 3.8907087333500376 1.6636260524392117 1.589894451200961 1.42360483109951
leaf_count=56 83 41 23 11 15 8
internal_value=0.00174596 0.00913353 -0.00480475 0.0158254 -0.00858419 -0.0108975
internal_weight=32.3246 17.6435 14.6811 11.6949 10.7904 9.20047
internal_count=237 108 129 67 106 91
is_linear=0
shrinkage=0.03


Tree=108
num_leaves=7
num_cat=0
split_feature=68 60 11 7 30 60
split_gain=4.01864 2.73102 1.40439 0.75939 0.668791 0.075702
threshold=752.01473999023449 0.077600002288818373 5.6070852279663095 388.00000000000006 0.04593904688954354 0.64239999651908886
decision_type=8 2 2 2 2 2
left_child=1 3 4 -1 -2 -6
right_child=2 -3 -4 -5 5 -7
leaf_value=0.016843147710601861 0 -0.000232353937363029 0.00076945744739298429 0 -0.011975886845062999 0
leaf_weight=11.441461466252806 1.3787916153669346 5.4846222028136244 2.7102776654064646 1.8298276588320721 9.3543993011116946 0.96939877420663911
leaf_count=66 8 38 18 12 88 11
internal_value=0.00201241 0.0101152 -0.00589847 0.0152321 -0.00985038 -0.0115425
internal_weight=33.1688 18.7559 14.4129 13.2713 11.7026 10.3238
internal_count=241 116 125 78 107 99
is_linear=0
shrinkage=0.03


Tree=109
num_leaves=6
num_cat=0
split_feature=0 54 68 4 55
split_gain=2.49473 2.88235 1.691 0.853246 0.380818
threshold=3.5000000000000004 0.069159060716629042 292.94918823242193 0.0050959466025233277 0.036864625290036208
decision_type=2 2 8 8 2
left_child=1 -1 4 -4 -3
right_child=-2 2 3 -5 -6
leaf_value=0.0077669686294027651 0.011063316124603007 0.0049995855528423474 0 -0.013285172111146029 -0.0011474142288442786
leaf_weight=3.687377497553828 7.0376191884279242 3.02642594277859 1.9320347383618379 14.145730905234812 3.0105997622013092
leaf_count=17 42 16 17 130 18
internal_value=0.00100746 -0.00238346 -0.00783572 -0.0115746 0
internal_weight=32.8398 25.8022 22.1148 16.0778 6.03703
internal_count=240 198 181 147 34
is_linear=0
shrinkage=0.03


Tree=110
num_leaves=7
num_cat=0
split_feature=58 60 68 51 50 26
split_gain=2.79929 2.5551 1.92903 0.805313 0.847652 0.0734246
threshold=0.0042000000830739745 0.25939999520778662 1.0000000180025095e-35 -0.41610644757747645 0.25274411588907247 0.16030008345842364
decision_type=2 2 10 2 2 2
left_child=1 2 5 4 -2 -1
right_child=3 -3 -4 -5 -6 -7
leaf_value=0.0011994783497036986 -0.011281839452253457 -0.0026943716665148408 0.01647926259804609 0 0 -0.001819280225455259
leaf_weight=3.0082135796546998 7.3765067569911462 3.4292340129613867 11.525126598775385 1.4691516235470761 0.88902541249990452 4.3110890239477158
leaf_count=15 77 29 63 9 8 34
internal_value=0.00163227 0.00768745 0.0119359 -0.006057 -0.00890609 0
internal_weight=32.0083 22.2737 18.8444 9.73468 8.26553 7.3193
internal_count=235 141 112 94 85 49
is_linear=0
shrinkage=0.03


Tree=111
num_leaves=7
num_cat=0
split_feature=58 60 62 68 11 17
split_gain=2.26935 1.42746 1.11753 0.808643 0.388844 0.138296
threshold=1.0000000180025095e-35 0.25939999520778662 0.83859997987747203 1.0000000180025095e-35 7.5000000000000009 0.8604593575000764
decision_type=2 2 2 10 2 2
left_child=1 3 4 -1 5 -2
right_child=2 -3 -4 -5 -6 -7
leaf_value=0 -0.010698266332696962 -6.3797198348329297e-05 0.00039726523974285149 0.013324507988850922 0 0
leaf_weight=6.546933062374598 8.8955921605229342 3.5734565258026114 1.5020132064819325 9.013420917093752 1.4793124720454205 0.83805384114384729
leaf_count=43 83 27 9 50 10 10
internal_value=0.000349323 0.00684054 -0.00548854 0.0101781 -0.00892103 -0.0101629
internal_weight=31.8488 19.1338 12.715 15.5604 11.213 9.73365
internal_count=232 120 112 93 103 93
is_linear=0
shrinkage=0.03


Tree=112
num_leaves=7
num_cat=0
split_feature=12 60 58 30 47 34
split_gain=3.26604 1.58044 1.14909 0.819242 1.09455 0.0850092
threshold=0.50757575035095226 0.31399999558925634 0.045199999585747726 0.12004877626895906 0.096516769379377379 0.078262127935886397
decision_type=2 2 2 2 2 2
left_child=3 2 5 -1 -5 -2
right_child=1 -3 -4 4 -6 -7
leaf_value=0 0 0 0 0 -0.011133731552198434 0.014800334498730423
leaf_weight=2.0305960327386847 1.936152890324595 2.5256555527448645 1.609546162188052 2.0166284441947928 11.526981223374603 10.690784096717833
leaf_count=12 9 15 11 13 119 59
internal_value=0.000372278 0.00864312 0.0118818 -0.00608221 -0.00845582 0.014033
internal_weight=32.3363 16.7621 14.2365 15.5742 13.5436 12.6269
internal_count=238 94 79 144 132 68
is_linear=0
shrinkage=0.03


Tree=113
num_leaves=7
num_cat=0
split_feature=0 68 47 58 19 60
split_gain=2.432 1.82164 2.29945 1.37375 0.577287 0.430871
threshold=1.1666666865348818 262.56336975097662 0.080323282629251494 0.009599999990314247 0.69315171241760265 0.0061999999452382335
decision_type=2 8 2 2 2 2
left_child=1 5 -3 4 -2 -1
right_child=3 2 -4 -5 -6 -7
leaf_value=0.0058806732557145202 0.013528169602581835 0.00064381997084150551 -0.014427094488246511 0 0 0
leaf_weight=2.655109152197844 7.3093695640563947 2.8210057765245429 11.287176035344599 2.5683227218687525 1.9833348169922826 2.6688094660639763
leaf_count=13 41 13 111 26 11 18
internal_value=0 -0.00513781 -0.00990774 0.00803644 0.0117161 0.0018038
internal_weight=31.2931 19.4321 14.1082 11.861 9.2927 5.32392
internal_count=233 155 124 78 52 31
is_linear=0
shrinkage=0.03


Tree=114
num_leaves=7
num_cat=0
split_feature=0 68 51 14 15 49
split_gain=3.15149 1.99457 1.05048 1.04282 0.405639 0.265596
threshold=1.8333333134651186 376.21420288085943 -0.40207976102828974 8.2942690849304217 5.6700842380523691 0.0070755204651504764
decision_type=2 8 2 2 2 2
left_child=1 5 4 -2 -3 -1
right_child=3 2 -4 -5 -6 -7
leaf_value=0.0045015068415223914 0.012933246121375773 -0.014114211026394445 0 0 0 0
leaf_weight=3.1483449786901492 7.3461729586124402 9.8363560661673528 2.9318181574344626 2.278961569070816 1.2348936870694149 5.5967497751116753
leaf_count=17 45 107 18 13 8 36
internal_value=0 -0.00516431 -0.0104896 0.0100011 -0.0130465 0.00120893
internal_weight=32.3733 22.7482 14.0031 9.62513 11.0712 8.74509
internal_count=244 186 133 58 115 53
is_linear=0
shrinkage=0.03


Tree=115
num_leaves=7
num_cat=0
split_feature=0 58 47 55 56 49
split_gain=2.16941 2.44705 1.32256 1.50054 0.33566 0.271601
threshold=0.83333334326744091 0.01480000000447035 0.085297085344791426 -0.15479367971420285 -0.31618131697177881 0.14659953117370608
decision_type=2 2 2 2 2 2
left_child=2 5 -1 -4 -5 -2
right_child=1 -3 3 4 -6 -7
leaf_value=0.0013257232052088571 0.014196580892638793 -0.0022618155857323384 0 -0.013301101680893787 0 0
leaf_weight=3.2139262408018174 8.2515990287065488 3.1158860586583605 4.1836729273200062 9.6323058754205721 1.1682268530130304 2.0587138161063185
leaf_count=16 49 36 31 89 7 11
internal_value=0 0.00744593 -0.00481472 -0.00853675 -0.0123475 0.013003
internal_weight=31.6243 13.4262 18.1981 14.9842 10.8005 10.3103
internal_count=239 96 143 127 96 60
is_linear=0
shrinkage=0.03


Tree=116
num_leaves=7
num_cat=0
split_feature=12 60 68 30 54 61
split_gain=2.65071 1.40585 0.983037 0.628598 0.538016 0.231681
threshold=0.36666667461395269 0.31399999558925634 1.0000000180025095e-35 0.13510000705718997 0.079683117568492903 0.0022000001044943933
decision_type=2 2 10 2 2 2
left_child=3 2 -2 -1 -5 -6
right_child=1 -3 -4 4 5 -7
leaf_value=0 0 -0.00069773824121291265 0.012481901439734357 0 -0.011760244714635248 0
leaf_weight=1.3333735913038278 4.2983374148607281 2.4289455339312545 11.091987855732439 1.1112792491912831 8.0904415845870954 1.6851368248462666
leaf_count=8 24 15 62 8 99 13
internal_value=0 0.00640747 0.0097251 -0.00748082 -0.00930704 -0.0107691
internal_weight=30.0395 17.8193 15.3903 12.2202 10.8869 9.77558
internal_count=229 101 86 128 120 112
is_linear=0
shrinkage=0.03


Tree=117
num_leaves=7
num_cat=0
split_feature=0 68 42 60 51 14
split_gain=2.14698 1.84159 1.17004 0.651977 0.555047 0.353514
threshold=1.8333333134651186 376.21420288085943 0.18874773383140567 0.0061999999452382335 -0.40207976102828974 8.2942690849304217
decision_type=2 8 2 2 2 2
left_child=1 3 -3 -1 -4 -2
right_child=5 2 4 -5 -6 -7
leaf_value=0.0068607410231620748 0.011136716981009018 0 -0.013243800455314999 0 0 0
leaf_weight=5.397445805370813 6.1990212649106962 1.7541137076914299 8.9718554764986038 4.1599657163023949 2.6484554186463329 2.1204614266753197
leaf_count=29 38 16 97 27 17 13
internal_value=0.000588024 -0.00278596 -0.00871436 0.0026561 -0.0114371 0.00960745
internal_weight=31.2513 22.9318 13.3744 9.55741 11.6203 8.31948
internal_count=237 186 130 56 114 51
is_linear=0
shrinkage=0.03


Tree=118
num_leaves=7
num_cat=0
split_feature=68 11 6 55 14 48
split_gain=2.8491 1.55006 1.37121 0.915852 0.673238 0.391567
threshold=697.16046142578136 5.6070852279663095 192.00000000000003 0.14269554615020755 14.235917091369631 -0.32985320687294001
decision_type=8 2 2 2 2 2
left_child=2 4 3 5 -2 -1
right_child=1 -3 -4 -5 -6 -7
leaf_value=0 -0.012371204115268399 0.00090737892961397729 -0.00014741558403031304 0 0 0.01334084800632678
leaf_weight=2.3982791975140598 9.6889472380280477 2.4868571087718001 2.102652631700038 2.2921748012304297 2.0308694988489142 12.205209992825987
leaf_count=15 98 16 15 15 13 75
internal_value=0 -0.00649972 0.00729107 0.0101583 -0.010528 0.0120957
internal_weight=33.205 14.2067 18.9983 16.8957 11.7198 14.6035
internal_count=247 127 120 105 111 90
is_linear=0
shrinkage=0.03


Tree=119
num_leaves=5
num_cat=0
split_feature=0 54 61 54
split_gain=2.98557 2.78829 2.21449 0.300149
threshold=3.5000000000000004 0.069159060716629042 1.0000000180025095e-35 0.56555533409118663
decision_type=2 2 2 2
left_child=1 -1 -3 -4
right_child=-2 2 3 -5
leaf_value=0.0048232200607367919 0.010209697919108611 -0.014889038157459901 -0.001154987950723471 0.0044964707843597306
leaf_weight=3.4280042052269044 5.7126366645097724 13.634050451219084 3.9105466827750197 2.4430667906999588
leaf_count=16 36 139 25 12
internal_value=0 -0.00560332 -0.0104044 0
internal_weight=29.1283 23.4157 19.9877 6.35361
internal_count=228 192 176 37
is_linear=0
shrinkage=0.03


Tree=120
num_leaves=7
num_cat=0
split_feature=62 30 55 7 29 5
split_gain=2.45683 1.37823 1.10364 0.347899 0.341381 0.159229
threshold=0.0010000000183936211 0.13510000705718997 0.14269554615020755 357.50000000000006 0.25961717963218695 0.31278538703918463
decision_type=2 2 2 2 2 2
left_child=1 5 3 4 -2 -1
right_child=2 -3 -4 -5 -6 -7
leaf_value=0 0 -0.010229563489522619 0 0 0.012688920568825006 0.0033691213810897033
leaf_weight=1.5910931006073967 3.4170824103057411 7.9201431050896645 4.5335378944873801 1.5345829427242268 10.031824726611374 2.7407360523939133
leaf_count=11 22 90 27 9 65 15
internal_value=0.000936899 -0.00534677 0.00738928 0.0102111 0.0111554 0.000302752
internal_weight=31.769 12.252 19.517 14.9835 13.4489 4.33183
internal_count=239 116 123 96 87 26
is_linear=0
shrinkage=0.03


Tree=121
num_leaves=7
num_cat=0
split_feature=68 60 11 51 27 30
split_gain=2.05782 3.16609 1.12554 0.669742 0.407083 0.0913525
threshold=697.16046142578136 0.026600000448524955 5.6070852279663095 -0.40207976102828974 0.63863244652748119 0.57834297418594371
decision_type=8 2 2 2 2 2
left_child=1 5 3 -2 -3 -1
right_child=2 4 -4 -5 -6 -7
leaf_value=0.014769372901938303 -0.01066905497185338 -0.0057889413719498404 0.0010416746972732606 0 0 0
leaf_weight=9.3407128080725723 8.2359180264174938 4.1795639917254439 2.0564111471176139 3.3523992598056767 1.4292089939117429 1.426314815878867
leaf_count=53 90 28 15 20 10 11
internal_value=0.000652673 0.00727508 -0.00447312 -0.00826024 -0.00264027 0.0141136
internal_weight=30.0205 16.3758 13.6447 11.5883 5.60877 10.767
internal_count=227 102 125 110 38 64
is_linear=0
shrinkage=0.03


Tree=122
num_leaves=7
num_cat=0
split_feature=58 0 62 56 54 57
split_gain=2.49189 1.86636 0.967965 0.355872 0.246852 0.921345
threshold=0.011799999978393318 0.83333334326744091 0.55140000581741344 -0.54256087541580189 0.069159060716629042 0.17520000040531161
decision_type=2 2 2 2 2 2
left_child=1 4 -2 -3 -1 -6
right_child=2 3 -4 -5 5 -7
leaf_value=0.0025859701855703151 -0.0092543492207340181 0 0 0.01429158736660764 -0.0076061059359612496 0.00089577281710503617
leaf_weight=2.1943749934434953 7.2410485967993719 1.4666939377784718 1.3217815794050691 8.4625656902790052 6.5713510289788228 3.8722772002220154
leaf_count=10 80 10 9 52 52 26
internal_value=0.00180275 0.00737418 -0.00571086 0.0131585 0 -0.00262268
internal_weight=31.1301 22.5673 8.56283 9.92926 12.638 10.4436
internal_count=239 150 89 62 88 78
is_linear=0
shrinkage=0.03


Tree=123
num_leaves=7
num_cat=0
split_feature=62 30 60 36 14 61
split_gain=2.4753 1.61502 1.21207 0.971905 0.616068 0.224169
threshold=0.0010000000183936211 0.13510000705718997 0.31399999558925634 0.81128785014152538 13.089718341827394 0.0014000000082887711
decision_type=2 2 2 2 2 2
left_child=1 -1 3 4 -2 -3
right_child=2 5 -4 -5 -6 -7
leaf_value=0.0026208402171454155 0.015254240300233804 -0.010331302463464654 0 0 0 0
leaf_weight=4.1153022721409824 10.957690671086313 6.9464054293930513 3.5182013921439639 2.0120705589652053 2.2804796099662772 1.4976199045777319
leaf_count=24 64 87 26 14 15 10
internal_value=0.00302966 -0.00333208 0.00905084 0.0116848 0.0136381 -0.00933437
internal_weight=31.3278 12.5593 18.7684 15.2502 13.2382 8.44403
internal_count=240 121 119 93 79 97
is_linear=0
shrinkage=0.03


Tree=124
num_leaves=7
num_cat=0
split_feature=68 60 11 4 56 57
split_gain=2.08845 2.88699 1.1665 0.708207 0.566346 0.188306
threshold=667.86233520507824 0.0030000000260770325 5.6070852279663095 0.012527989223599436 -0.36945162713527674 0.99900001287460338
decision_type=8 2 2 10 2 2
left_child=1 -1 4 -3 5 -2
right_child=2 3 -4 -5 -6 -7
leaf_value=0.013910684506528354 -0.011660162453372289 -0.0067787403169821802 0.00024076745138563885 0.00080920565267917396 0 0
leaf_weight=8.9915964379906672 8.1644998267292941 5.0409376993775359 2.3622264303266993 1.9187421873211858 1.9838065989315499 1.2267643958330161
leaf_count=52 88 37 16 12 15 9
internal_value=0 0.00662288 -0.00558839 -0.00190534 -0.00915223 -0.0108912
internal_weight=29.6886 15.9513 13.7373 6.95968 11.3751 9.39126
internal_count=229 101 128 49 112 97
is_linear=0
shrinkage=0.03


Tree=125
num_leaves=7
num_cat=0
split_feature=58 0 19 62 68 60
split_gain=1.81902 1.74188 0.623837 0.620052 0.361947 0.125279
threshold=0.005799999926239253 0.83333334326744091 0.69315171241760265 0.55140000581741344 118.10935974121095 0.19040000438690188
decision_type=2 2 2 2 8 2
left_child=1 5 -3 4 -2 -1
right_child=3 2 -4 -5 -6 -7
leaf_value=0 0 0.013891511836400023 0 0 -0.0091564678012477484 -0.0029746473499358515
leaf_weight=8.4384607635438496 0.9873594492673855 7.2887117490172368 2.1856126636266708 1.5231276638805864 6.1296897977590561 2.7423111572861663
leaf_count=56 7 43 13 11 75 24
internal_value=0.000990267 0.00627516 0.0119368 -0.00501352 -0.00774428 0
internal_weight=29.2953 20.6551 9.47432 8.64018 7.11705 11.1808
internal_count=229 136 56 93 82 80
is_linear=0
shrinkage=0.03


Tree=126
num_leaves=7
num_cat=0
split_feature=60 58 2 1 45 32
split_gain=2.26034 1.71554 1.22918 1.11703 0.197148 0.0260175
threshold=0.0030000000260770325 0.035399999469518668 1.4670542478561404 0.83333334326744091 0.513055980205536 0.64906656742095958
decision_type=2 2 2 2 2 2
left_child=1 2 4 -2 -1 -3
right_child=3 5 -4 -5 -6 -7
leaf_value=0.01415204312439142 -0.010488716425114312 -0.0020861248327452842 0 0 0 0
leaf_weight=9.5780303440988117 7.4072213023900968 2.5488712154328819 4.7146699130535117 1.9873201362788675 1.6395717673003662 0.7093023546040057
leaf_count=56 69 31 34 15 15 9
internal_value=0 0.00620699 0.0100848 -0.00684869 0.0132831 -0.00153394
internal_weight=28.585 19.1904 15.9323 9.39454 11.2176 3.25817
internal_count=229 145 105 84 71 40
is_linear=0
shrinkage=0.03


Tree=127
num_leaves=7
num_cat=0
split_feature=0 58 38 44 60 55
split_gain=2.27191 1.99963 0.537208 0.598548 0.2391 0.228331
threshold=0.83333334326744091 0.009599999990314247 0.11142597720026971 0.61688560247421276 0.0030000000260770325 -0.15479367971420285
decision_type=2 2 2 2 2 2
left_child=2 -2 4 5 -1 -4
right_child=1 -3 3 -5 -6 -7
leaf_value=0.0042469129979507093 0.014534047161763115 0 0 0 0 -0.0084802590085030528
leaf_weight=2.4514408856630387 10.605277977883814 2.4638779349625102 2.4097193107008952 1.8108127787709225 2.4832584634423256 7.5573663152754271
leaf_count=13 65 30 22 10 17 74
internal_value=0.00372696 0.0105198 -0.00128842 -0.00487913 0.000792808 -0.00727626
internal_weight=29.7818 13.0692 16.7126 11.7779 4.9347 9.96709
internal_count=231 95 136 106 30 96
is_linear=0
shrinkage=0.03


Tree=128
num_leaves=7
num_cat=0
split_feature=58 5 62 68 17 50
split_gain=1.92898 1.73927 0.751776 0.320056 0.316168 0.271933
threshold=0.005799999926239253 0.058447489514946944 0.55140000581741344 150.08340454101565 0.68966230750083934 0.24566179513931277
decision_type=2 2 2 10 2 2
left_child=1 3 5 -1 -3 -2
right_child=2 4 -4 -5 -6 -7
leaf_value=-0.0040067053191516567 -0.009535656159352297 0.012843873605391793 0 0.0014030190211381849 0 0
leaf_weight=6.1112742274999672 6.6626510918140394 8.2184235230088216 1.3896504566073415 4.9382221400737762 1.6863523200154293 0.92849136143922795
leaf_count=47 77 52 9 32 11 10
internal_value=0.00057499 0.00610979 -0.00559312 0 0.0116916 -0.00849804
internal_weight=29.9351 20.9543 8.98079 11.0495 9.90478 7.59114
internal_count=238 142 96 79 63 87
is_linear=0
shrinkage=0.03


Tree=129
num_leaves=7
num_cat=0
split_feature=58 0 17 31 21 22
split_gain=2.10538 1.50137 0.526248 0.273852 0.0845207 0.428082
threshold=0.011799999978393318 0.83333334326744091 0.78189149498939525 0.69415679574012767 0.26361444592475897 0.030558655038475994
decision_type=2 2 2 2 2 2
left_child=1 4 -3 -2 -1 -6
right_child=3 2 -4 -5 5 -7
leaf_value=0.00024247515948549729 -0.0083192239129806257 0.012846004771145244 0 0 0 -0.0051687385286570972
leaf_weight=2.3865136504173341 5.5391700565814963 7.5174510851502401 1.7962515726685522 1.8940607495605943 1.8446001708507518 7.2412138544023037
leaf_count=13 64 47 11 20 9 61
internal_value=2.43298e-05 0.00588404 0.011187 -0.00689582 0 -0.00198682
internal_weight=28.2193 20.786 9.3137 7.43323 11.4723 9.08581
internal_count=225 141 58 84 83 70
is_linear=0
shrinkage=0.03


Tree=130
num_leaves=7
num_cat=0
split_feature=54 30 9 58 43 61
split_gain=1.53038 1.82968 1.24993 0.875795 0.674854 0.654298
threshold=0.070939652621746077 0.15509434044361117 5.1666667461395273 0.018600000068545345 0.35628303885459905 1.0000000180025095e-35
decision_type=2 2 2 2 2 2
left_child=-1 3 5 4 -2 -3
right_child=1 2 -4 -5 -6 -7
leaf_value=0.0091685356782074609 0.0099476367078806735 -0.012859916665416207 0 -0.00075435601729244035 0 0
leaf_weight=4.8120434656739262 6.3591501042246836 9.7347934097051603 1.4392663463950146 1.9149845615029324 2.500983864068985 4.2705643549561492
leaf_count=26 35 114 9 15 15 28
internal_value=0.0001547 -0.00191766 -0.00780463 0.00332747 0.00732321 -0.0105559
internal_weight=31.0318 26.2197 15.4446 10.7751 8.86013 14.0054
internal_count=242 216 151 65 50 142
is_linear=0
shrinkage=0.03


Tree=131
num_leaves=5
num_cat=0
split_feature=0 14 43 47
split_gain=2.17747 1.06734 0.942513 1.07644
threshold=3.5000000000000004 1.3474708795547488 0.15180068463087085 0.087287481874227538
decision_type=2 2 2 2
left_child=1 -1 -3 -4
right_child=-2 2 3 -5
leaf_value=0.00024951151339008414 0.0079790468290397518 0 0 -0.011988523527229145
leaf_weight=2.7874228060245576 5.6033633798360816 1.6742306277155901 2.9089811295270946 16.044239655137062
leaf_count=14 38 10 15 152
internal_value=0 -0.00537767 -0.00793029 -0.00978897
internal_weight=29.0182 23.4149 20.6275 18.9532
internal_count=229 191 177 167
is_linear=0
shrinkage=0.03


Tree=132
num_leaves=7
num_cat=0
split_feature=58 60 34 44 55 20
split_gain=1.50642 1.37228 1.33699 0.62405 0.40873 0.158769
threshold=0.011799999978393318 0.16399999707937243 0.77916738390922557 0.46435987949371343 0.14269554615020755 0.88782554864883434
decision_type=2 2 2 2 2 2
left_child=1 2 4 5 -1 -2
right_child=3 -3 -4 -5 -6 -7
leaf_value=0.012743006612537579 -0.0088306040622896757 -0.0011294605119998127 0 0 0 0
leaf_weight=12.25685854256154 5.8392721563577643 3.9696660526096812 2.3216453641653052 0.896908938884735 2.8951262086629859 0.73950514569878567
leaf_count=74 70 33 21 5 17 10
internal_value=0.000124434 0.0051247 0.00862338 -0.0055102 0.0113608 -0.00811679
internal_weight=28.919 21.4433 17.4736 7.47569 15.152 6.57878
internal_count=230 145 112 85 91 80
is_linear=0
shrinkage=0.03


Tree=133
num_leaves=7
num_cat=0
split_feature=58 26 2 35 62 19
split_gain=2.90897 0.923937 0.983917 0.744992 0.712152 0.384588
threshold=1.0000000180025095e-35 0.81814831495285045 1.9959999918937685 0.1045847423374653 0.89659997820854198 0.12348658964037897
decision_type=2 2 2 2 2 2
left_child=1 2 3 -1 5 -2
right_child=4 -3 -4 -5 -6 -7
leaf_value=0 0 0 0 0.014675813268978011 0 -0.009318855031584191
leaf_weight=2.3543532490730348 2.2578429505228979 1.7738820761442173 1.8034296110272396 11.648231841623781 1.0209744721651066 7.5001085437834263
leaf_count=12 17 17 13 74 6 85
internal_value=0.00222332 0.00908232 0.0109719 0.0128965 -0.00506307 -0.00770706
internal_weight=28.3588 17.5799 15.806 14.0026 10.7789 9.75795
internal_count=224 116 99 86 108 102
is_linear=0
shrinkage=0.03


Tree=134
num_leaves=7
num_cat=0
split_feature=51 35 34 48 3 61
split_gain=2.22784 0.950979 0.921948 0.742565 0.650026 0.184428
threshold=-0.51844158768653859 0.32889331877231603 0.79708495736122142 -0.23816646635532376 4.5000000000000009 1.0000000180025095e-35
decision_type=2 2 2 2 2 2
left_child=3 -2 -3 5 -5 -1
right_child=1 2 -4 4 -6 -7
leaf_value=-0.00057097829803248853 0 0.013667324699245587 0 -0.010057945614080478 0 0.0036427735499256664
leaf_weight=4.3460859209299079 4.6381316669285289 7.2342834100127202 2.2618675827980042 7.1741597503423709 1.3781938031315801 2.1560096517205238
leaf_count=40 29 47 19 80 9 12
internal_value=0.000568137 0.00797163 0.0110709 -0.00439542 -0.00788122 0
internal_weight=29.1887 14.1343 9.49615 15.0544 8.55235 6.5021
internal_count=236 95 66 141 89 52
is_linear=0
shrinkage=0.03


Tree=135
num_leaves=7
num_cat=0
split_feature=0 58 47 53 50 50
split_gain=1.59107 2.09486 1.34113 0.717623 0.448763 0.132965
threshold=0.83333334326744091 0.009599999990314247 0.096516769379377379 -0.22608545422554013 0.24409358203411105 0.15126202255487445
decision_type=2 2 2 2 2 2
left_child=2 -2 5 4 -4 -1
right_child=1 -3 3 -5 -6 -7
leaf_value=0.0046008832605885152 0.012711399157486203 -0.0012017476245933946 -0.01046729423021887 0 0 0
leaf_weight=2.3978081271052423 10.070750139653681 3.2534933984279624 10.560310624539854 1.324520576745267 1.0257420577108849 1.6808100342750547
leaf_count=12 63 39 98 7 9 11
internal_value=0.00143926 0.00768299 -0.00226677 -0.00724606 -0.00925458 0.00318447
internal_weight=30.3134 13.3242 16.9892 12.9106 11.5861 4.07862
internal_count=239 102 137 114 107 23
is_linear=0
shrinkage=0.03


Tree=136
num_leaves=7
num_cat=0
split_feature=51 35 28 59 26 4
split_gain=1.58695 1.15494 1.14671 1.08352 0.879076 0.160044
threshold=-0.51844158768653859 0.1045847423374653 0.81790655851364147 0.19579999893903735 0.17967677861452105 0.0055944493506103763
decision_type=2 2 2 2 2 10
left_child=4 -2 3 -3 5 -1
right_child=1 2 -4 -5 -6 -7
leaf_value=0 0 0.015097288005537014 0 0 -0.0074114680280304513 0.003249007736592814
leaf_weight=2.173736836761238 1.3520980589091767 9.0751087963581067 1.8343192972242821 1.9611419588327397 7.8790100887417793 3.781846709549427
leaf_count=16 9 55 18 14 91 24
internal_value=0.00130897 0.007329 0.0101163 0.0126619 -0.00284092 0.000300677
internal_weight=28.0573 14.2227 12.8706 11.0363 13.8346 5.95558
internal_count=227 96 87 69 131 40
is_linear=0
shrinkage=0.03


Tree=137
num_leaves=7
num_cat=0
split_feature=32 51 58 41 49 19
split_gain=1.46772 1.80761 1.23307 0.425259 0.330286 0.161852
threshold=0.17417489737272265 -0.46900960803031916 0.018600000068545345 0.23041956126689914 0.084880977869033827 0.91512048244476329
decision_type=2 2 2 2 2 2
left_child=2 5 3 -1 -3 -2
right_child=1 4 -4 -5 -6 -7
leaf_value=0.012045695929066964 -0.010517158078237948 0 0 0 0.0050739471464986688 0
leaf_weight=7.1505607515573519 8.2408495135605335 2.3303527347743502 2.0217364728450766 2.38433488458395 4.6459618583321571 0.78565351292491037
leaf_count=40 94 19 16 15 29 9
internal_value=0 -0.00353491 0.00679743 0.0103825 0.00216813 -0.00991903
internal_weight=27.5594 16.0028 11.5566 9.5349 6.97631 9.0265
internal_count=222 151 71 55 48 103
is_linear=0
shrinkage=0.03


Tree=138
num_leaves=7
num_cat=0
split_feature=47 33 29 35 53 14
split_gain=1.80023 1.8405 0.766207 0.531414 0.641776 0.517572
threshold=0.090125467628240599 0.63803189992904674 0.2463038116693497 0.36522072553634649 -0.47694244980812067 1.3885855674743655
decision_type=2 2 2 2 2 2
left_child=-1 2 -2 -3 -5 -4
right_child=1 3 5 4 -6 -7
leaf_value=0.0092485430389636254 0 0 0 0 0.0088558895104445499 -0.012145292218526185
leaf_weight=5.9916645288467434 1.9843392819166208 1.9147003293037395 0.91270388662814994 2.1919041238725177 5.1821975708007821 9.8590890355408174
leaf_count=34 19 14 5 23 37 100
internal_value=0 -0.0028062 -0.00882927 0.00264378 0.00594035 -0.0108904
internal_weight=28.0366 22.0449 12.7561 9.2888 7.3741 10.7718
internal_count=232 198 124 74 60 105
is_linear=0
shrinkage=0.03


Tree=139
num_leaves=7
num_cat=0
split_feature=32 54 58 60 62 54
split_gain=2.09878 1.68756 1.45449 0.451251 0.464086 0.126506
threshold=0.27426053583621984 0.070939652621746077 0.045199999585747726 0.11800000071525575 0.99939998984336864 0.76592186093330394
decision_type=2 2 2 2 2 2
left_child=2 -2 3 4 -1 -3
right_child=1 5 -4 -5 -6 -7
leaf_value=0.013247702083175597 0.0014948277288352092 -0.01112320567457103 -0.0007910748277747267 0 0 0
leaf_weight=7.7184145823121089 2.9863920286297789 10.272896703332661 1.985580414533614 1.7698997110128392 1.9257180839776991 1.8369732685387123
leaf_count=47 16 113 19 11 11 19
internal_value=0 -0.0060039 0.00648563 0.0103317 0.0117062 -0.0104066
internal_weight=28.4959 15.0963 13.3996 11.414 9.64413 12.1099
internal_count=236 148 88 69 58 132
is_linear=0
shrinkage=0.03


Tree=140
num_leaves=7
num_cat=0
split_feature=68 60 0 43 7 44
split_gain=2.34205 1.71394 0.800316 0.755195 0.526774 0.396857
threshold=697.16046142578136 0.0030000000260770325 3.1666666269302373 0.13800700753927234 388.00000000000006 0.65886381268501293
decision_type=8 2 2 2 2 2
left_child=1 4 3 -2 -1 -5
right_child=2 -3 -4 5 -6 -7
leaf_value=0.014029581395814932 0 0 0 -0.011643748953806751 0 0
leaf_weight=6.8682459145784396 1.0466548949480046 6.9793357104063025 2.0166375041007987 8.8930534496903402 1.3552011027932165 1.2606208994984616
leaf_count=42 6 50 11 105 9 8
internal_value=0 0.00719174 -0.00588592 -0.00848025 0.012497 -0.0104582
internal_weight=28.4197 15.2028 13.217 11.2003 8.22345 10.1537
internal_count=231 101 130 119 51 113
is_linear=0
shrinkage=0.03


Tree=141
num_leaves=7
num_cat=0
split_feature=68 60 11 47 6 68
split_gain=2.38707 2.54702 1.07635 0.869694 0.832354 0.233677
threshold=697.16046142578136 0.31399999558925634 5.6070852279663095 0.070282794535160079 185.75000000000003 50.487812042236335
decision_type=8 2 2 2 2 10
left_child=1 4 3 -2 5 -1
right_child=2 -3 -4 -5 -6 -7
leaf_value=0 0 -0.0025006032614628701 0.00013911956956051764 -0.010748844411555682 0 0.015472375797814868
leaf_weight=1.7679710537195266 0.90737725794315238 3.27658662572503 2.486821833997964 10.881627101451157 1.527522325515746 9.4585047923028451
leaf_count=12 4 25 18 119 10 61
internal_value=0.000252959 0.00756454 -0.00521974 -0.00864889 0.0127498 0.0144757
internal_weight=30.3064 16.0306 14.2758 11.789 12.754 11.2265
internal_count=249 108 141 123 83 73
is_linear=0
shrinkage=0.03


Tree=142
num_leaves=7
num_cat=0
split_feature=68 60 47 6 53 0
split_gain=2.32202 1.54362 1.31423 1.02229 0.668253 0.638997
threshold=752.01473999023449 0.36660000681877142 0.073408186435699477 195.87500000000003 -0.44541835784912104 3.1666666269302373
decision_type=8 2 2 2 2 2
left_child=1 3 -2 4 -1 -4
right_child=2 -3 5 -5 -6 -7
leaf_value=0 0 -0.00099091556004800101 -0.012310903074830459 0 0.014055612927939677 0
leaf_weight=1.869665063917634 1.9155716449022282 3.3327181898057452 9.3522665016353113 1.2827867195010174 9.2972847707569635 1.3390597105026234
leaf_count=14 9 25 111 9 59 7
internal_value=0 0.00595638 -0.00720969 0.0101018 0.0123165 -0.010675
internal_weight=28.3894 15.7825 12.6069 12.4497 11.1669 10.6913
internal_count=234 107 127 82 73 118
is_linear=0
shrinkage=0.03


Tree=143
num_leaves=7
num_cat=0
split_feature=58 26 2 60 62 50
split_gain=1.46018 0.88009 1.2199 0.852093 0.35298 0.336631
threshold=0.005799999926239253 0.78245297074317943 1.4670542478561404 0.026600000448524955 0.55140000581741344 0.25274411588907247
decision_type=2 2 2 2 2 2
left_child=1 2 3 -1 5 -2
right_child=4 -3 -4 -5 -6 -7
leaf_value=0.013228994530509615 -0.0082388371432888293 0 0 0 0 0
leaf_weight=10.116386406123647 5.8363337442278853 3.0015145391225806 4.1096300035715094 3.3252390474081031 1.1626863628625868 0.99854401126503933
leaf_count=60 70 28 29 25 9 11
internal_value=0.000311665 0.00531661 0.00775211 0.0108382 -0.00502415 -0.00677169
internal_weight=28.5503 20.5528 17.5513 13.4416 7.99756 6.83488
internal_count=232 142 114 85 90 81
is_linear=0
shrinkage=0.03


Tree=144
num_leaves=7
num_cat=0
split_feature=58 0 17 42 62 47
split_gain=1.31073 2.01438 0.769676 0.759789 0.427669 0.24645
threshold=0.011799999978393318 0.83333334326744091 0.78189149498939525 0.31249549984931951 0.37680000066757208 0.085297085344791426
decision_type=2 2 2 2 2 2
left_child=1 3 -3 -1 -2 -5
right_child=4 2 -4 5 -6 -7
leaf_value=0.0016155539094630971 -0.0077867572977630903 0.012971844724327346 0 0 0 -0.007618978001901219
leaf_weight=5.417228884994989 6.421273384243249 8.1534200236201269 1.6613095700740803 1.6796651929616926 0.86333723366260517 5.250078309327364
leaf_count=37 81 53 11 9 7 45
internal_value=0 0.0042057 0.0109179 -0.000943012 -0.00594446 -0.00626004
internal_weight=29.4463 22.1617 9.81473 12.347 7.28461 6.92974
internal_count=243 155 64 91 88 54
is_linear=0
shrinkage=0.03


Tree=145
num_leaves=7
num_cat=0
split_feature=62 31 60 4 5 26
split_gain=1.72754 1.18262 0.934896 0.988831 0.464546 0.0552102
threshold=0.0010000000183936211 0.15461797267198565 0.34340000152587896 0.016200970858335498 0.70273971557617199 0.81814831495285045
decision_type=2 2 2 8 2 2
left_child=1 -1 3 -2 -3 -5
right_child=2 4 -4 5 -6 -7
leaf_value=0.0018986009987601775 0 -0.0096484894084225455 0 0.012716159153442092 0 0
leaf_weight=3.06082905083895 2.5335261747241029 7.505053482949732 3.4690395928919306 10.492918346077202 0.91703316196799267 1.4580485746264464
leaf_count=18 15 89 27 70 8 12
internal_value=0.0020892 -0.00300689 0.00740469 0.00984696 -0.00810951 0.0121941
internal_weight=29.4364 11.4829 17.9535 14.4845 8.42209 11.951
internal_count=239 115 124 97 97 82
is_linear=0
shrinkage=0.03


Tree=146
num_leaves=7
num_cat=0
split_feature=51 26 36 35 24 58
split_gain=1.40712 1.36977 0.873238 1.32729 0.210908 0.198397
threshold=-0.51844158768653859 0.17967677861452105 0.81128785014152538 0.32889331877231603 0.9225657880306245 0.020399999804794792
decision_type=2 2 2 2 2 2
left_child=1 5 3 -2 -3 -1
right_child=2 4 -4 -5 -6 -7
leaf_value=0.0035229342942497497 0 -0.011053122149304075 0 0.012247487079895376 0 0
leaf_weight=4.3869511932134646 4.6676904335618001 7.186694547533989 2.2093761861324301 7.131684198975563 0.74280075728893269 1.5077005252242086
leaf_count=25 29 90 19 47 9 14
internal_value=0 -0.00533118 0.00495429 0.00794259 -0.010321 0
internal_weight=27.8329 13.8241 14.0088 11.7994 7.9295 5.89465
internal_count=233 138 95 76 99 39
is_linear=0
shrinkage=0.03


Tree=147
num_leaves=7
num_cat=0
split_feature=32 54 58 60 2 25
split_gain=1.86943 2.05353 1.53936 0.673092 0.947982 0.316425
threshold=0.27426053583621984 0.069159060716629042 0.01480000000447035 0.026600000448524955 1.4670542478561404 0.8993315100669862
decision_type=2 2 2 2 2 2
left_child=2 -2 3 4 -1 -3
right_child=1 5 -4 -5 -6 -7
leaf_value=0.014695322431453391 0.0031760800598438434 -0.011406516596211417 -0.0008930924906227943 0 0 0
leaf_weight=7.9600444287061709 2.7810684144496909 10.307858549058436 2.7498193979263297 2.923293098807334 1.8438311070203779 1.1711113937199105
leaf_count=47 14 114 24 18 10 12
internal_value=0 -0.00512899 0.00640231 0.010318 0.0123598 -0.0104764
internal_weight=29.737 14.26 15.477 12.7272 9.80388 11.479
internal_count=239 140 99 75 57 126
is_linear=0
shrinkage=0.03


Tree=148
num_leaves=7
num_cat=0
split_feature=58 60 28 62 17 25
split_gain=1.67325 1.79362 1.10483 0.881721 0.497982 0.182637
threshold=0.009599999990314247 0.25939999520778662 0.74747824668884288 0.55140000581741344 0.83876022696495067 0.86794385313987743
decision_type=2 2 2 2 2 2
left_child=1 2 4 5 -1 -2
right_child=3 -3 -4 -5 -6 -7
leaf_value=0.013244780102717976 -0.0091897934802913292 -0.0019684583647186318 0 0 0 0
leaf_weight=13.660431914031514 6.1541783027350885 3.1358162574470034 2.416476394981145 1.2406785711646078 1.543796844780444 0.70580534264445294
leaf_count=84 79 27 21 9 9 10
internal_value=0.00107769 0.00610072 0.00990178 -0.004738 0.0121201 -0.00843609
internal_weight=28.8572 20.7565 17.6207 8.10066 15.2042 6.85998
internal_count=239 141 114 98 93 89
is_linear=0
shrinkage=0.03


Tree=149
num_leaves=7
num_cat=0
split_feature=54 68 5 6 9 1
split_gain=1.32439 1.47339 1.02313 0.383521 0.629078 0.225773
threshold=0.069159060716629042 385.15440368652349 0.68173515796661388 192.00000000000003 0.5000000149011613 0.83333334326744091
decision_type=2 8 2 2 2 2
left_child=-1 3 5 4 -2 -3
right_child=1 2 -4 -5 -6 -7
leaf_value=0.0083235414994131014 0 -0.011953140207679701 0 0 0.0083032971088858199 0
leaf_weight=4.5006759241223362 4.1590500324964541 7.8693780750036222 1.8885785154998291 1.2400551661849011 4.4404998645186424 2.5267814546823502
leaf_count=24 30 90 13 9 30 25
internal_value=0 -0.00241478 -0.00800811 0.0020608 0.00480499 -0.0107338
internal_weight=26.625 22.1243 12.2847 9.83961 8.59955 10.3962
internal_count=221 197 128 69 60 115
is_linear=0
shrinkage=0.03


Tree=150
num_leaves=7
num_cat=0
split_feature=68 54 60 9 4 19
split_gain=1.21392 1.52537 1.33758 0.918247 0.795559 0.214476
threshold=385.15440368652349 0.069159060716629042 0.34340000152587896 5.1666667461395273 0.0050959466025233277 0.57748931646347057
decision_type=8 2 2 2 8 2
left_child=2 -2 5 4 -3 -1
right_child=1 3 -4 -5 -6 -7
leaf_value=0.010777300168380575 0.0027964109842538594 0 -0.00064357444121858928 0 -0.012316001528927331 0
leaf_weight=8.1959829479455966 2.953351952135562 0.95726579427718839 2.3635404706001273 1.0324922800064076 10.996032316237688 1.3318509235978115
leaf_count=53 14 10 17 7 119 10
internal_value=0 -0.00378083 0.00574187 -0.00845281 -0.0106045 0.00991684
internal_weight=27.8305 15.9391 11.8914 12.9858 11.9533 9.52783
internal_count=230 150 80 136 129 63
is_linear=0
shrinkage=0.03


Tree=151
num_leaves=7
num_cat=0
split_feature=68 60 11 4 41 6
split_gain=1.91522 1.54047 1.11477 0.558434 0.426922 0.403241
threshold=697.16046142578136 0.077600002288818373 5.6070852279663095 0.0050959466025233277 0.49817629158496862 174.37500000000003
decision_type=8 2 2 8 2 2
left_child=1 5 3 -2 -5 -1
right_child=2 -3 -4 4 -6 -7
leaf_value=0.012435054644607752 0 0 0.00056760270851484657 -0.011391982770991458 0 0
leaf_weight=9.0888374224305171 1.0559096969664068 4.9454370960593215 2.4315555430948725 8.5557203739881498 0.81977245956659395 1.250663250684737
leaf_count=62 11 36 17 102 5 8
internal_value=0.000134138 0.00689589 -0.00477825 -0.00862893 -0.0102204 0.0112818
internal_weight=28.1479 15.2849 12.863 10.4314 9.37549 10.3395
internal_count=241 106 135 118 107 70
is_linear=0
shrinkage=0.03


Tree=152
num_leaves=7
num_cat=0
split_feature=0 58 53 51 55 49
split_gain=2.49947 2.21926 1.0179 0.856143 0.697448 0.0408391
threshold=0.83333334326744091 0.009599999990314247 -0.22608545422554013 -0.3978706151247024 -0.15479367971420285 0.094472233206033721
decision_type=2 2 2 2 2 2
left_child=2 -2 3 4 -1 -5
right_child=1 -3 -4 5 -6 -7
leaf_value=0 0.013842885341456177 -0.00099026213411111674 0.0005908882350726209 0 -0.012638975556626627 0.0017416004314558934
leaf_weight=2.8122123703360584 8.9883403554558736 2.8646986708044997 1.863535694777968 1.4761525318026536 8.1936690993607026 2.1177371293306351
leaf_count=25 61 37 10 11 88 10
internal_value=0.000117802 0.00869966 -0.0047462 -0.00782976 -0.0104152 0
internal_weight=28.3163 11.853 16.4633 14.5998 11.0059 3.59389
internal_count=242 98 144 134 113 21
is_linear=0
shrinkage=0.03


Tree=153
num_leaves=7
num_cat=0
split_feature=58 28 28 2 62 23
split_gain=1.15552 1.17641 0.58506 0.52898 0.373759 0.173314
threshold=0.011799999978393318 0.53557017445564281 0.013348476495593788 1.9959999918937685 0.55140000581741344 0.90556073188781749
decision_type=2 2 2 2 2 2
left_child=1 2 -1 -4 5 -2
right_child=4 -3 3 -5 -6 -7
leaf_value=0 -0.0078330241627285867 -0.00062845475229385294 0.010819879206987548 0 0 0
leaf_weight=1.16354231536389 5.3340373970568171 5.2919041775166979 12.609229300171135 1.6200934760272492 0.85714264586567868 0.6440029852092265
leaf_count=7 71 49 77 13 7 8
internal_value=0 0.0043905 0.00804682 0.00946535 -0.0051613 -0.00700863
internal_weight=27.52 20.6848 15.3929 14.2293 6.83518 5.97804
internal_count=232 146 97 90 86 79
is_linear=0
shrinkage=0.03


Tree=154
num_leaves=7
num_cat=0
split_feature=68 60 11 7 4 42
split_gain=2.47731 1.7059 0.665069 0.658938 0.414055 0.381625
threshold=697.16046142578136 0.036400001496076591 7.5000000000000009 388.00000000000006 0.0050959466025233277 0.55946046113967907
decision_type=8 2 2 2 8 2
left_child=1 3 4 -1 -2 -6
right_child=2 -3 -4 -5 5 -7
leaf_value=0.014209615940364864 0 0 0 0 -0.009907960794952337 0
leaf_weight=8.9946669451892394 1.1503494754433603 3.9501902461051932 1.604799598455428 1.3857566639780987 8.9977632053196412 0.95978107303381044
leaf_count=58 12 30 10 10 103 5
internal_value=0.000863664 0.00837587 -0.00492223 0.0126129 -0.00737751 -0.00873138
internal_weight=27.0433 14.3306 12.7127 10.3804 11.1079 9.95754
internal_count=228 98 130 68 120 108
is_linear=0
shrinkage=0.03


Tree=155
num_leaves=7
num_cat=0
split_feature=58 24 2 62 47 11
split_gain=1.27309 1.17584 0.762308 0.757405 0.323422 0.238829
threshold=1.0000000180025095e-35 0.63725516200065624 1.4670542478561404 0.55140000581741344 0.8404977321624757 7.5000000000000009
decision_type=2 2 2 2 2 2
left_child=1 2 -1 4 5 -2
right_child=3 -3 -4 -5 -6 -7
leaf_value=0.011164852669516244 -0.0093343544433693078 -2.1045428636797039e-05 0 0 0 0
leaf_weight=10.81546668708325 7.049904700368641 3.2240279652178279 2.2388188466429702 2.2831277437508097 1.0724328905343998 0.97642720490694035
leaf_count=67 89 31 19 16 8 7
internal_value=0.000257124 0.00568871 0.00909887 -0.00373243 -0.00716156 -0.00839563
internal_weight=27.6602 16.2783 13.0543 11.3819 9.09876 8.02633
internal_count=237 117 86 120 104 96
is_linear=0
shrinkage=0.03


Tree=156
num_leaves=7
num_cat=0
split_feature=68 60 47 6 9 4
split_gain=1.65735 1.19309 0.817059 0.758068 0.492717 0.689469
threshold=529.38558959960949 0.31399999558925634 0.073408186435699477 185.75000000000003 4.6666667461395273 0.0050959466025233277
decision_type=8 2 2 2 2 8
left_child=1 3 -2 -1 5 -4
right_child=2 -3 4 -5 -6 -7
leaf_value=0.011555745808140425 0 0 0 0 0 -0.010899033015314259
leaf_weight=10.065867312252523 2.026775434613227 2.9969597980380049 0.93581758439540408 1.2922972440719593 0.98136520385742265 9.9301475770771503
leaf_count=70 10 24 9 9 6 113
internal_value=0 0.00615762 -0.00487834 0.00967015 -0.00772429 -0.00915002
internal_weight=28.2292 14.3551 13.8741 11.3582 11.8473 10.866
internal_count=241 103 138 79 128 122
is_linear=0
shrinkage=0.03


Tree=157
num_leaves=7
num_cat=0
split_feature=54 1 68 58 23 55
split_gain=1.29122 1.79195 1.1247 0.766598 0.148428 0.0956108
threshold=0.069159060716629042 0.83333334326744091 313.60475158691412 0.009599999990314247 0.91513192653656017 0.036864625290036208
decision_type=2 2 8 2 2 2
left_child=-1 2 5 -3 -4 -2
right_child=1 3 4 -5 -6 -7
leaf_value=0.008290226413210703 0.0024212980453970591 0.0074550503034340335 -0.012290721458063102 0 0 -0.00076836692586871799
leaf_weight=4.2182009443640736 3.4157706052064905 6.01323653757572 8.1610288769006711 2.438972495496273 0.73535348102450449 2.5295286253094673
leaf_count=23 19 41 95 33 9 18
internal_value=0 -0.00235665 -0.00801949 0.00329258 -0.0117522 0
internal_weight=27.5121 23.2939 14.8417 8.45221 8.89638 5.9453
internal_count=238 215 141 74 104 37
is_linear=0
shrinkage=0.03


Tree=158
num_leaves=7
num_cat=0
split_feature=0 56 54 47 31 19
split_gain=1.37311 0.854763 0.725529 0.860982 0.449059 0.30608
threshold=0.83333334326744091 -0.52962470054626454 0.069159060716629042 0.79380273818969738 0.75880935788154613 0.69315171241760265
decision_type=2 2 2 2 2 2
left_child=2 -2 -1 4 -4 -3
right_child=1 5 3 -5 -6 -7
leaf_value=0 0 0.0098278648039794025 -0.011546890772969807 0 0 0
leaf_weight=2.2687610536813798 3.2807370945811263 6.7796958163380605 8.6894185580313188 3.7523315511643878 1.4059948883950699 1.3514722287654874
leaf_count=11 36 51 83 30 15 9
internal_value=0 0.00518634 -0.00502653 -0.00741962 -0.0101927 0.00861361
internal_weight=27.5284 11.4119 16.1165 13.8477 10.0954 8.13117
internal_count=235 96 139 128 98 60
is_linear=0
shrinkage=0.03


Tree=159
num_leaves=7
num_cat=0
split_feature=12 59 35 30 47 24
split_gain=1.17009 0.614925 0.657918 0.557332 0.796663 0.136441
threshold=0.50757575035095226 0.19579999893903735 0.1045847423374653 0.12004877626895906 0.13558906316757205 0.92814490199089061
decision_type=2 2 2 2 2 2
left_child=3 2 -2 -1 -5 -6
right_child=1 -3 -4 4 5 -7
leaf_value=0 0 0 0.0096983809280870633 0 -0.0099774017277680354 0
leaf_weight=1.8083523213863379 2.6127353385090819 3.5667074024677285 8.5207293555140478 2.0860987007617942 8.0615156404674018 0.81510272622108537
leaf_count=12 15 25 57 15 106 10
internal_value=0 0.00491412 0.00737643 -0.00447795 -0.00676091 -0.00942044
internal_weight=27.4712 14.7002 11.1335 12.7711 10.9627 8.87662
internal_count=240 97 72 143 131 116
is_linear=0
shrinkage=0.03


Tree=160
num_leaves=7
num_cat=0
split_feature=60 14 1 34 53 30
split_gain=1.11608 1.24007 0.754577 0.475665 0.351162 0.176516
threshold=0.0030000000260770325 12.928368091583254 0.83333334326744091 0.74843773245811474 -0.23700707405805585 0.13510000705718997
decision_type=2 2 2 2 2 2
left_child=1 3 4 -1 -2 -3
right_child=2 5 -4 -5 -6 -7
leaf_value=0.010360357185194947 -0.0098749557182472563 0 0 0 0 -0.0032232680531792215
leaf_weight=8.2449119836092049 6.2212598696351051 1.2961705476045597 1.7660698257386682 1.3380037173628796 0.99670980125665476 5.6406303457915783
leaf_count=54 65 8 15 11 6 66
internal_value=0 0.0039693 -0.00555897 0.00883982 -0.00857405 -0.000463174
internal_weight=25.5038 16.5197 8.98404 9.58292 7.21797 6.9368
internal_count=225 139 86 65 71 74
is_linear=0
shrinkage=0.03


Tree=161
num_leaves=7
num_cat=0
split_feature=58 17 0 34 57 35
split_gain=1.21343 0.987843 0.518533 0.271402 0.197921 0.0601602
threshold=1.0000000180025095e-35 0.51415646076202404 4.1666667461395273 0.18011350929737094 0.78940001130104076 0.36522072553634649
decision_type=2 2 2 2 2 2
left_child=1 5 3 -2 -5 -1
right_child=2 -3 -4 4 -6 -7
leaf_value=0 0 0 0 -0.0087298252460915639 0 0.010347780305671293
leaf_weight=4.8618615865707451 1.4922968596219996 6.7887660786509505 1.1286637261509884 6.4298248998820782 1.2138108685612676 5.6172787733376026
leaf_count=33 13 54 9 78 14 41
internal_value=0 0.00517071 -0.00423263 -0.00658479 -0.00780199 0.00888888
internal_weight=27.5325 17.2679 10.2646 9.13593 7.64364 10.4791
internal_count=242 128 114 105 92 74
is_linear=0
shrinkage=0.03


Tree=162
num_leaves=7
num_cat=0
split_feature=24 51 68 39 23 57
split_gain=1.31239 0.934484 0.376727 0.327276 0.306952 0.224782
threshold=0.53175202012062084 -0.50530260801315297 414.06513977050787 0.20223893225193026 0.92635458707809459 0.87619999051094066
decision_type=2 2 8 2 2 2
left_child=1 2 -1 -3 5 -2
right_child=4 3 -4 -5 -6 -7
leaf_value=0.00092825283828603267 -0.0093815147940701765 0.009476477945086284 -0.0046948661056036515 0 0 0
leaf_weight=3.9829649105668077 6.0007333755493146 5.4450931437313583 4.8357469104230413 1.9518719948828218 1.2188783772289751 1.4028553590178487
leaf_count=26 68 37 53 13 15 14
internal_value=0 0.00309698 0 0.00792446 -0.00706569 -0.00832431
internal_weight=24.8381 16.2157 8.81871 7.39697 8.62247 7.40359
internal_count=226 129 79 50 97 82
is_linear=0
shrinkage=0.03


Tree=163
num_leaves=7
num_cat=0
split_feature=68 60 54 0 32 57
split_gain=1.66007 1.27976 0.997066 0.694144 0.243733 0.148424
threshold=667.86233520507824 0.0061999999452382335 0.069159060716629042 4.8333332538604745 0.82274550199508678 0.89219999313354503
decision_type=8 2 2 2 2 2
left_child=1 5 -2 4 -4 -1
right_child=2 -3 3 -5 -6 -7
leaf_value=0.011256379350099967 0 0 -0.011286615603893914 0 0 0
leaf_weight=6.7556116506457347 1.6835880875587452 6.3300952203571788 8.8231323622167057 0.77204386889934618 0.73175973817706186 1.4793693423271177
leaf_count=47 8 48 105 5 12 9
internal_value=0 0.00583954 -0.00546091 -0.00874287 -0.0105548 0.0104451
internal_weight=26.5756 14.5651 12.0105 10.3269 9.55489 8.23498
internal_count=234 104 130 122 117 56
is_linear=0
shrinkage=0.03


Tree=164
num_leaves=7
num_cat=0
split_feature=58 34 60 47 19 57
split_gain=1.92396 0.984539 1.00087 0.519965 0.372467 0.169168
threshold=1.0000000180025095e-35 0.79708495736122142 0.25939999520778662 0.12863736599683764 0.011234394274652006 0.78940001130104076
decision_type=2 2 2 2 2 2
left_child=1 2 -1 -2 -5 -6
right_child=3 -3 -4 4 5 -7
leaf_value=0.011972415004763915 0 0 0 0 -0.0091065397188995513 0
leaf_weight=11.658071763813501 1.3115538656711567 2.566821824759244 3.0168285928666583 0.48028667271137138 6.9100565053522569 1.266704488545656
leaf_count=78 9 24 26 3 83 13
internal_value=0.000940272 0.00695455 0.00945026 -0.00473074 -0.00700256 -0.00829299
internal_weight=27.2103 17.2417 14.6749 9.9686 8.65705 8.17676
internal_count=236 128 104 108 99 96
is_linear=0
shrinkage=0.03


Tree=165
num_leaves=7
num_cat=0
split_feature=68 11 60 6 43 30
split_gain=1.38356 1.10658 1.06356 0.861028 0.671339 0.577303
threshold=667.86233520507824 5.6070852279663095 0.34340000152587896 195.87500000000003 0.13800700753927234 0.6851727068424226
decision_type=8 2 2 2 2 2
left_child=2 4 3 5 -2 -1
right_child=1 -3 -4 -5 -6 -7
leaf_value=0.012451299922046792 0 0.0004896052782072057 0 0 -0.010496410104543741 0
leaf_weight=9.2110985517501849 0.69755402952432533 2.3416069336235514 3.0053681693971148 1.228087693452834 9.2030137367546541 1.271365925669669
leaf_count=61 4 18 24 9 108 11
internal_value=0 -0.00482828 0.00542233 0.00880687 -0.00871502 0.0109565
internal_weight=26.9581 12.2422 14.7159 11.7106 9.90057 10.4825
internal_count=235 130 105 81 112 72
is_linear=0
shrinkage=0.03


Tree=166
num_leaves=7
num_cat=0
split_feature=1 54 42 58 30 19
split_gain=0.914214 1.11465 1.10179 0.849155 0.553084 0.50142
threshold=0.83333334326744091 0.069159060716629042 0.23419403284788134 0.009599999990314247 0.84942904114723217 0.69315171241760265
decision_type=2 2 2 2 2 2
left_child=1 -1 -3 5 -4 -2
right_child=3 2 4 -5 -6 -7
leaf_value=0.0022207678161697574 0.010483220604770374 0 -0.011558180642694286 0 0 0
leaf_weight=2.3462168425321641 5.9358150735497457 3.7399252764880648 10.350715748965738 1.9461488313972948 1.2830119505524624 1.7927780300378797
leaf_count=11 44 35 95 28 15 10
internal_value=0 -0.00321769 -0.00696045 0.00521849 -0.0101321 0.00856328
internal_weight=27.3946 17.7199 15.3737 9.67474 11.6337 7.72859
internal_count=238 156 145 82 110 54
is_linear=0
shrinkage=0.03


Tree=167
num_leaves=7
num_cat=0
split_feature=54 1 42 14 47 30
split_gain=0.938218 1.35195 0.569885 0.549429 0.45523 0.0152341
threshold=0.069159060716629042 0.83333334326744091 0.23753813654184344 12.59736490249634 0.085297085344791426 0.14627855271101001
decision_type=2 2 2 2 2 2
left_child=-1 2 -2 -3 -4 -5
right_child=1 3 4 5 -6 -7
leaf_value=0.0063597195795331209 0 0.0061089995369791161 0 0 -0.010913005546464787 -0.0010753363428894457
leaf_weight=3.8748656511306789 3.5947293862700489 4.8234120756387702 1.1183621659874905 1.1539969220757487 9.8486540690064412 1.8569193258881567
leaf_count=20 37 36 7 7 98 26
internal_value=0 -0.00295672 -0.00766019 0.00181456 -0.00965406 0
internal_weight=26.2709 22.3961 14.5617 7.83433 10.967 3.01092
internal_count=231 211 142 69 105 33
is_linear=0
shrinkage=0.03


Tree=168
num_leaves=7
num_cat=0
split_feature=68 60 7 51 4 48
split_gain=1.33847 1.92568 0.628342 0.412876 0.432415 0.510656
threshold=697.16046142578136 0.026600000448524955 371.50000000000006 -0.32645046710968012 0.0050959466025233277 0.15414737164974215
decision_type=8 2 2 2 8 2
left_child=1 2 -1 4 -2 -6
right_child=3 -3 -4 -5 5 -7
leaf_value=0.012487725655074854 0 -0.0019896703639826563 0 0 -0.0099143011710526897 0
leaf_weight=7.9749743379652518 1.0734980180859537 5.1862745694816104 1.3191028162837026 0.8209545910358419 8.927007641643284 0.91974059119820673
leaf_count=54 12 38 10 5 107 8
internal_value=0 0.00480233 0.010769 -0.00542581 -0.0069539 -0.00840127
internal_weight=26.2216 14.4804 9.29408 11.7412 10.9202 9.84675
internal_count=234 102 64 132 127 115
is_linear=0
shrinkage=0.03


Tree=169
num_leaves=7
num_cat=0
split_feature=51 61 50 0 61 55
split_gain=0.889769 1.2063 1.17633 0.58991 0.4405 0.310056
threshold=-0.51844158768653859 1.0000000180025095e-35 0.15126202255487445 2.1666666269302373 0.01060000015422702 0.07656854018568994
decision_type=2 2 2 2 2 2
left_child=1 3 4 -1 -2 -3
right_child=2 5 -4 -5 -6 -7
leaf_value=-0.010482437711401976 0.010778079951262341 0.004690094846114181 -5.3802984294300096e-05 0 0 0
leaf_weight=7.1705121435225028 6.9343410320579988 3.5293043777346602 5.2054744139313689 1.5438810214400289 1.799250043928623 1.4125230237841604
leaf_count=104 48 21 41 10 12 11
internal_value=0 -0.00349333 0.00462516 -0.00851158 0.00915682 0.00111433
internal_weight=27.5953 13.6562 13.9391 8.71439 8.73359 4.94183
internal_count=247 146 101 114 60 32
is_linear=0
shrinkage=0.03


Tree=170
num_leaves=7
num_cat=0
split_feature=32 60 54 2 31 1
split_gain=1.59014 1.22765 1.05155 0.53793 0.413619 0.187325
threshold=0.27426053583621984 0.0030000000260770325 0.070939652621746077 1.313725531101227 0.69415679574012767 0.83333334326744091
decision_type=2 2 2 2 2 2
left_child=1 3 -2 -1 -4 -3
right_child=2 5 4 -5 -6 -7
leaf_value=0.012261168407465989 0.00053175088069524719 -0.0035474169896221311 -0.010116987935712455 0 0 9.2359506742307785e-05
leaf_weight=7.0535965040326136 2.7406440600752822 3.3893822878599158 7.3069036193191987 2.0906790196895599 3.403698991984129 1.5124863013625143
leaf_count=44 15 24 87 16 40 10
internal_value=0 0.00636684 -0.00441141 0.0104226 -0.00821936 0
internal_weight=27.4974 14.0461 13.4512 9.14428 10.7106 4.90187
internal_count=236 94 142 60 127 34
is_linear=0
shrinkage=0.03


Tree=171
num_leaves=7
num_cat=0
split_feature=58 49 47 36 0 17
split_gain=0.866056 0.602417 0.726439 0.437316 0.38872 0.221189
threshold=1.0000000180025095e-35 0.14026109874248507 0.85333144664764415 0.077054243534803404 4.1666667461395273 0.11143004521727563
decision_type=2 2 2 2 2 2
left_child=1 2 3 -1 5 -2
right_child=4 -3 -4 -5 -6 -7
leaf_value=0 0 0 0 0.010475781199824162 0 -0.006813163180923603
leaf_weight=2.0802661031484666 2.4030336365103704 3.0953117907047263 1.6631494536995877 9.3897011727094633 1.0478621348738659 7.0200739949941635
leaf_count=12 18 24 16 67 9 88
internal_value=0 0.00453033 0.00683427 0.0089876 -0.00343215 -0.00551607
internal_weight=26.6994 16.2284 13.1331 11.47 10.471 9.42311
internal_count=234 119 95 79 115 106
is_linear=0
shrinkage=0.03


Tree=172
num_leaves=6
num_cat=0
split_feature=0 54 68 43 43
split_gain=0.921408 1.3089 1.48162 0.788873 0.177233
threshold=3.1666666269302373 0.069159060716629042 376.21420288085943 0.15180068463087085 0.34567125141620642
decision_type=2 2 8 2 2
left_child=1 -1 4 -4 -3
right_child=-2 2 3 -5 -6
leaf_value=0.0032036950283778191 0.0063839619620597648 0.003218291937164506 0 -0.01323943461477305 -0.00058024681662286663
leaf_weight=3.1161554157733979 4.0974780619144431 4.9866997376084354 1.421474240720271 9.0638636928051692 2.7304682657122612
leaf_count=15 33 33 9 121 18
internal_value=0 -0.0028519 -0.00678443 -0.0113341 0
internal_weight=25.4161 21.3187 18.2025 10.4853 7.71717
internal_count=229 196 181 130 51
is_linear=0
shrinkage=0.03


Tree=173
num_leaves=7
num_cat=0
split_feature=58 19 39 43 38 14
split_gain=0.712179 0.762721 0.833144 0.718068 0.403476 0.217631
threshold=1.0000000180025095e-35 0.44250741600990301 0.18763877451419833 0.58702471852302562 0.86325907707214367 13.928503513336183
decision_type=2 2 2 2 2 2
left_child=1 2 -1 4 5 -2
right_child=3 -3 -4 -5 -6 -7
leaf_value=0.0094676661260107119 -0.0099690877477857133 -6.8036429946314415e-05 0 0 0 0
leaf_weight=8.2434572353959101 6.5737249366939032 5.6495485492050639 1.4718981720507134 0.89472230523824769 1.7281661182641981 0.96345404535531987
leaf_count=56 80 48 11 5 20 10
internal_value=0 0.00280152 0.00670163 -0.00468175 -0.00751545 -0.00909693
internal_weight=25.525 15.3649 9.71536 10.1601 9.26535 7.53718
internal_count=230 115 67 115 110 90
is_linear=0
shrinkage=0.03


Tree=174
num_leaves=6
num_cat=0
split_feature=54 0 57 14 27
split_gain=1.20578 1.20104 1.3493 0.299107 0.195368
threshold=0.069159060716629042 3.5000000000000004 0.31100000441074377 1.3474708795547488 0.46106517314910894
decision_type=2 2 2 2 2
left_child=-1 2 3 -2 -4
right_child=1 -3 4 -5 -6
leaf_value=0.0084779510377778963 0 0.0040765857844007351 0.0034806747842316748 -0.010947388884307879 -2.4704923602707409e-05
leaf_weight=4.4045480266213444 1.1702604815363944 4.0849000737071028 4.5127536896616212 9.9356697127222997 3.1241908073425293
leaf_count=25 7 35 34 103 38
internal_value=0.000488826 -0.00133792 -0.00561319 -0.0100223 0
internal_weight=27.2323 22.8278 18.7429 11.1059 7.63694
internal_count=242 217 182 110 72
is_linear=0
shrinkage=0.03


Tree=175
num_leaves=7
num_cat=0
split_feature=51 28 35 59 61 0
split_gain=1.529 0.847304 1.10336 0.946304 0.770465 0.514934
threshold=-0.51844158768653859 0.81790655851364147 0.1045847423374653 0.19579999893903735 0.0014000000082887711 3.1666666269302373
decision_type=2 2 2 2 2 2
left_child=4 2 -2 -4 5 -1
right_child=1 -3 3 -5 -6 -7
leaf_value=-0.0088830677665070103 0 0 0.014416792380492212 0 0 0
leaf_weight=7.1292775571346301 1.5764235518872727 1.9114368632435788 8.4701158218085748 1.2663021571934212 4.7435559630393973 0.8810385689139365
leaf_count=97 10 21 57 11 32 6
internal_value=0.00118268 0.0072823 0.00967306 0.0123027 -0.0029259 -0.00702259
internal_weight=25.9782 13.2243 11.3128 9.73642 12.7539 8.01032
internal_count=234 99 78 68 135 103
is_linear=0
shrinkage=0.03


Tree=176
num_leaves=6
num_cat=0
split_feature=54 0 57 14 27
split_gain=1.34287 1.54956 1.34602 0.666839 0.151017
threshold=0.069159060716629042 3.5000000000000004 0.69639998674392711 1.3474708795547488 0.52602967619895946
decision_type=2 2 2 2 2
left_child=-1 2 3 -2 -4
right_child=1 -3 4 -5 -6
leaf_value=0.0076977048793421743 0 0.0036885379948665082 0.0031692318147796771 -0.012253452485542328 0
leaf_weight=4.5683827921748188 1.4009639546275199 3.0102513134479514 3.5319434329867354 12.4747410826385 1.7066974155604837
leaf_count=26 8 26 23 133 21
internal_value=0 -0.00327873 -0.00732686 -0.0107796 0
internal_weight=26.693 22.1246 19.1143 13.8757 5.23864
internal_count=237 211 185 141 44
is_linear=0
shrinkage=0.03


Tree=177
num_leaves=7
num_cat=0
split_feature=19 58 38 15 40 31
split_gain=1.27457 0.967355 0.802694 0.495847 0.776839 0.0636842
threshold=0.44250741600990301 0.035399999469518668 0.23701349645853045 5.1699101924896249 0.30088743567466741 0.11264374479651452
decision_type=2 2 2 2 2 2
left_child=1 2 -1 4 5 -2
right_child=3 -3 -4 -5 -6 -7
leaf_value=0 0 0 0.011561071337569456 0 0 -0.0097151637158437686
leaf_weight=5.9406749382615107 0.65924332290887644 2.4964395388960829 7.5160726495087147 1.2525720410048951 1.1747784838080404 6.9701873753219843
leaf_count=38 6 33 58 9 7 87
internal_value=0 0.00536898 0.00830721 -0.00446015 -0.00670448 -0.00935969
internal_weight=26.01 15.9532 13.4567 10.0568 8.80421 7.62943
internal_count=238 129 96 109 100 93
is_linear=0
shrinkage=0.03


Tree=178
num_leaves=7
num_cat=0
split_feature=37 58 55 46 55 53
split_gain=0.800401 0.753064 0.868515 0.611795 0.629627 0.132597
threshold=0.667617827653885 0.011799999978393318 0.14797452092170718 0.081586226820945754 -0.18485359847545621 -0.26410640776157374
decision_type=2 2 2 2 2 2
left_child=3 2 -2 -1 -5 -6
right_child=1 -3 -4 4 5 -7
leaf_value=0.00055258088166110632 0.010656027896697276 0 0 0 -0.0089448261411298156 0
leaf_weight=3.8433500789105919 8.4569685906171781 2.4936863332986823 1.3541861250996579 2.7285215966403475 6.5080982819199553 1.2455128468573091
leaf_count=22 67 28 9 21 76 10
internal_value=0.000348417 0.00534147 0.00814454 -0.00190656 -0.00556717 -0.00822648
internal_weight=26.6303 12.3048 9.81115 14.3255 10.4821 7.75361
internal_count=233 104 76 129 107 86
is_linear=0
shrinkage=0.03


Tree=179
num_leaves=7
num_cat=0
split_feature=58 35 36 52 14 23
split_gain=0.991999 0.997872 0.987406 0.479686 0.360356 0.24152
threshold=1.0000000180025095e-35 0.32889331877231603 0.81128785014152538 -0.35976104438304896 1.3885855674743655 0.90556073188781749
decision_type=2 2 2 2 2 2
left_child=1 -1 -3 4 -2 -6
right_child=3 2 -4 -5 5 -7
leaf_value=0 0 0.011542792775778894 0 0 -0.0090370926996566001 0
leaf_weight=6.6410381011664894 0.67486565560102452 7.3833098784089071 1.7925743237137792 1.908460445702074 6.3693745732307434 0.57338525727391232
leaf_count=45 5 57 18 16 87 7
internal_value=0 0.00452806 0.00862776 -0.00431444 -0.00671831 -0.00812869
internal_weight=25.343 15.8169 9.17588 9.52609 7.61763 6.94276
internal_count=235 120 75 115 99 94
is_linear=0
shrinkage=0.03


Tree=180
num_leaves=7
num_cat=0
split_feature=68 30 11 52 58 30
split_gain=0.866961 0.901588 0.514841 0.492418 0.443107 0.237621
threshold=752.01473999023449 0.30031621456146246 7.5000000000000009 -0.38562110066413874 0.018600000068545345 0.04593904688954354
decision_type=8 2 2 2 2 2
left_child=1 4 3 5 -1 -2
right_child=2 -3 -4 -5 -6 -7
leaf_value=0.010214172412505851 0 0 0 0 0 -0.0090351931585173056
leaf_weight=7.0208615884184855 0.9730435237288465 6.9377105422317973 1.5853849314153183 2.6304820589721194 1.4863162413239477 6.3546546157449484
leaf_count=47 8 58 11 19 11 91
internal_value=0 0.00471449 -0.00315699 -0.00582878 0.00862568 -0.00804416
internal_weight=26.9885 15.4449 11.5436 9.95818 8.50718 7.3277
internal_count=245 116 129 118 58 99
is_linear=0
shrinkage=0.03


Tree=181
num_leaves=7
num_cat=0
split_feature=30 2 52 31 24 41
split_gain=1.19253 0.710009 0.534361 0.3121 0.229331 0.170543
threshold=0.3257004469633103 1.313725531101227 -0.38562110066413874 0.026976145803928379 0.39175197482109075 0.44383329153060919
decision_type=2 2 2 2 2 2
left_child=1 3 5 -1 -5 -2
right_child=2 -3 -4 4 -6 -7
leaf_value=0 -0.007810597371969894 0 0 0.010164948979540473 0 0
leaf_weight=1.3977690711617494 6.3516861237585545 3.4602481685578814 3.6979402340948564 7.7733163945376855 2.419895775616169 0.70886716246604908
leaf_count=10 86 32 28 50 17 5
internal_value=0 0.00532428 -0.00418246 0.00790489 0.00898458 -0.00703377
internal_weight=25.8097 15.0512 10.7585 11.591 10.1932 7.06055
internal_count=228 109 119 77 67 91
is_linear=0
shrinkage=0.03


Tree=182
num_leaves=7
num_cat=0
split_feature=68 60 11 6 56 3
split_gain=0.988086 1.76708 0.783488 0.304825 0.270732 0.160154
threshold=752.01473999023449 0.0030000000260770325 5.6070852279663095 264.00000762939459 -0.3232800811529159 1.5000000000000002
decision_type=8 2 2 2 2 2
left_child=1 -1 3 -2 5 -3
right_child=2 4 -4 -5 -6 -7
leaf_value=0.010904255991418046 -0.008395069905032311 -0.0054581330494425468 1.9615863035234431e-05 0 0 0
leaf_weight=8.2614591456949729 7.977510988712309 3.7147481068968773 1.9512006230652321 1.3162345439195631 1.2590237110853184 1.0474948361515997
leaf_count=59 94 32 14 17 8 9
internal_value=0 0.00497805 -0.00367885 -0.00717286 -0.00113893 -0.00423241
internal_weight=25.5277 14.2827 11.2449 9.29375 6.02127 4.76224
internal_count=233 108 125 111 49 41
is_linear=0
shrinkage=0.03


Tree=183
num_leaves=7
num_cat=0
split_feature=11 52 44 19 19 57
split_gain=0.576389 0.61596 0.61589 0.465715 0.316775 0.184425
threshold=4.6250000000000009 -0.38562110066413874 0.095870967954397215 0.92837941646575939 0.35146521031856542 1.0000000180025095e-35
decision_type=2 2 2 2 2 2
left_child=1 2 -1 -4 -2 -3
right_child=4 5 3 -5 -6 -7
leaf_value=0 0.0066950853585491096 0.0033747918125490001 -0.0095495252118225002 0 0 0
leaf_weight=3.2558918409049555 4.5552974417805663 4.5736276172101507 8.4139048736542428 0.87147281318903047 1.4439563341438768 1.9977810308337209
leaf_count=28 36 29 95 6 17 17
internal_value=0 -0.0022806 -0.0055956 -0.00808324 0.00479159 0
internal_weight=25.1119 19.1127 12.5413 9.28538 5.99925 6.57141
internal_count=228 175 129 101 53 46
is_linear=0
shrinkage=0.03


Tree=184
num_leaves=7
num_cat=0
split_feature=68 60 11 6 4 40
split_gain=0.783543 1.08909 0.538711 0.450423 0.34335 0.217045
threshold=697.16046142578136 0.31399999558925634 5.6070852279663095 152.69999694824222 0.0050959466025233277 0.041255991905927665
decision_type=8 2 2 2 8 2
left_child=1 3 4 -1 -2 -6
right_child=2 -3 -4 -5 5 -7
leaf_value=0.010168871606051066 0 -8.5123454436095773e-05 0.00061050506600119009 0 0 -0.0076672375565768778
leaf_weight=9.9620567224919814 1.0168467164039583 2.5380331650376311 2.0622143372893325 1.5076754391193379 0.75491003319621075 7.7131494432687759
leaf_count=72 11 22 16 10 6 95
internal_value=0.000920531 0.00531704 -0.00162068 0.00878994 -0.00524945 -0.00676804
internal_weight=25.5549 14.0078 11.5471 11.4697 9.48491 8.46806
internal_count=232 104 128 82 112 101
is_linear=0
shrinkage=0.03


Tree=185
num_leaves=7
num_cat=0
split_feature=58 34 17 62 60 57
split_gain=1.55451 0.884559 0.848604 0.72161 0.457239 0.0754158
threshold=1.0000000180025095e-35 0.77916738390922557 0.80976635217666637 0.83859997987747203 0.31399999558925634 0.78940001130104076
decision_type=2 2 2 2 2 2
left_child=1 2 4 5 -1 -2
right_child=3 -3 -4 -5 -6 -7
leaf_value=0.012412607818334507 -0.0081908100784694148 0 0 0 0 0
leaf_weight=9.8266751579940372 5.7803157176822406 2.8687548860907546 1.7490025088191021 1.2157414108514784 2.1373450905084601 1.5830874219536779
leaf_count=68 74 26 12 8 18 18
internal_value=0.000854993 0.00638411 0.00890281 -0.00428646 0.0109701 -0.00755404
internal_weight=25.1609 16.5818 13.713 8.57914 11.964 7.3634
internal_count=224 124 98 100 86 92
is_linear=0
shrinkage=0.03


Tree=186
num_leaves=7
num_cat=0
split_feature=60 53 48 56 1 61
split_gain=0.962681 0.981524 0.781375 0.568038 0.696386 0.169463
threshold=0.0030000000260770325 -0.46945028007030482 0.13498388230800631 -0.3232800811529159 0.83333334326744091 0.0014000000082887711
decision_type=2 2 2 2 2 2
left_child=1 5 -3 4 -2 -1
right_child=3 2 -4 -5 -6 -7
leaf_value=-0.0032919748181753409 -0.0094599409715047569 0.010440418561204418 0 0 0 0
leaf_weight=4.0735941249877241 6.0588970221579075 9.7599861584603804 2.3086750619113436 1.1336407363414744 1.3867115527391431 1.6631242856383321
leaf_count=57 69 72 17 8 13 9
internal_value=0 0.00451682 0.00810761 -0.00401255 -0.00681552 0
internal_weight=26.3846 17.8054 12.0687 8.57925 7.44561 5.73672
internal_count=245 155 89 90 82 66
is_linear=0
shrinkage=0.03


Tree=187
num_leaves=7
num_cat=0
split_feature=19 58 60 14 18 33
split_gain=0.73267 0.773879 0.676419 0.47032 0.24588 0.14913
threshold=0.44250741600990301 0.035399999469518668 0.21280000358819964 14.235917091369631 0.91015791893005382 0.23355001211166385
decision_type=2 2 2 2 2 2
left_child=1 2 -1 4 5 -2
right_child=3 -3 -4 -5 -6 -7
leaf_value=0.0092213761093292122 0 0 0 0 0 -0.0077229756152961326
leaf_weight=11.225250512361528 0.49275085330009272 2.4431365653872481 2.2055224664509288 2.3794825449585915 1.4439247120171783 5.7366873510181904
leaf_count=77 6 33 18 12 17 73
internal_value=0 0.00439418 0.00714477 -0.002823 -0.00574395 -0.00704013
internal_weight=25.9268 15.8739 13.4308 10.0528 7.67336 6.22944
internal_count=236 128 95 108 96 79
is_linear=0
shrinkage=0.03


Tree=188
num_leaves=7
num_cat=0
split_feature=24 51 60 32 2 44
split_gain=0.773852 0.987204 0.580443 0.711798 0.259642 0.0806891
threshold=0.39175197482109075 -0.4306392222642898 0.31399999558925634 0.36593595147132879 1.4670542478561404 0.093806218355894103
decision_type=2 2 2 2 2 2
left_child=2 5 3 4 -1 -2
right_child=1 -3 -4 -5 -6 -7
leaf_value=0.010543207858310579 0 0.0014680024976928884 0 0 0 -0.0082142050357978443
leaf_weight=7.8671089485287684 1.3358795680105684 3.6764257475733739 2.3094328530132762 1.7539528794586647 1.33299995213747 5.4356219377368689
leaf_count=54 16 27 21 18 10 74
internal_value=0.000287733 -0.00231789 0.00503347 0.00728415 0.00955359 -0.00760058
internal_weight=23.7114 10.4479 13.2635 10.9541 9.20011 6.7715
internal_count=220 117 103 82 64 90
is_linear=0
shrinkage=0.03


Tree=189
num_leaves=7
num_cat=0
split_feature=60 68 1 26 7 53
split_gain=0.979702 1.86257 0.68387 0.44023 0.419789 0.306115
threshold=0.0030000000260770325 11.441227912902834 0.83333334326744091 0.16030008345842364 379.50000000000006 -0.23700707405805585
decision_type=2 10 2 2 2 2
left_child=1 3 5 -1 -3 -2
right_child=2 4 -4 -5 -6 -7
leaf_value=0 -0.0088097276793208598 0.011881007096632141 0 -0.0054634462418656788 0 0
leaf_weight=3.1651720255613389 5.5947670601308346 8.2968174964189512 1.9114115759730337 4.4048148468136787 1.3306376039981831 0.95755980163812449
leaf_count=20 63 61 17 55 13 6
internal_value=0 0.00454731 -0.00415881 -0.00138628 0.010599 -0.00751512
internal_weight=25.6612 17.1974 8.46374 7.56999 9.62746 6.55233
internal_count=235 149 86 75 74 69
is_linear=0
shrinkage=0.03


Tree=190
num_leaves=7
num_cat=0
split_feature=68 60 28 31 4 58
split_gain=1.00301 1.03255 0.804844 0.449575 0.404701 0.193567
threshold=50.487812042236335 1.0000000180025095e-35 0.11622244492173196 0.75880935788154613 0.0050959466025233277 0.011799999978393318
decision_type=10 2 2 2 8 2
left_child=2 5 -1 4 -4 -2
right_child=1 -3 3 -5 -6 -7
leaf_value=0.00032917554668446226 0.010530918390153191 0 0 0 -0.010308046446850683 0
leaf_weight=3.0793470665812519 6.1749680489301664 5.256755642592907 1.0027951337397079 1.6925339661538599 6.0386305768042803 1.5454997718334196
leaf_count=20 42 54 8 19 66 17
internal_value=0 0.00548114 -0.00312049 -0.00706598 -0.00886735 0.00956018
internal_weight=24.7905 12.9772 11.8133 8.73396 7.04143 7.72047
internal_count=226 113 113 93 74 59
is_linear=0
shrinkage=0.03


Tree=191
num_leaves=7
num_cat=0
split_feature=68 60 26 6 11 52
split_gain=1.12698 2.09901 0.477133 0.416801 0.255835 0.215015
threshold=752.01473999023449 0.31399999558925634 0.16030008345842364 185.75000000000003 7.5000000000000009 -0.38562110066413874
decision_type=8 2 2 2 2 2
left_child=1 3 -2 -1 5 -4
right_child=2 -3 4 -5 -6 -7
leaf_value=0.012590174611185945 0 -0.0021141542569138084 -0.0078272366221472031 0 0 0
leaf_weight=10.778794661164286 3.4366439059376699 3.2060055993497363 4.9235817715525627 1.2879349216818798 0.72697985172271717 1.896849177777767
leaf_count=78 24 28 77 10 6 17
internal_value=0.00193196 0.00656276 -0.00170664 0.0115005 -0.00528725 -0.00654615
internal_weight=26.2568 15.2727 10.9841 12.0667 7.54741 6.82043
internal_count=240 116 124 88 100 94
is_linear=0
shrinkage=0.03


Tree=192
num_leaves=7
num_cat=0
split_feature=19 31 31 59 62 68
split_gain=0.814831 0.992825 0.599797 0.500745 0.374584 0.148055
threshold=0.23182993382215503 0.69415679574012767 0.11264374479651452 0.28880000114440924 0.0010000000183936211 726.24243164062511
decision_type=2 2 2 2 2 10
left_child=3 2 -2 -1 -3 -4
right_child=1 4 5 -5 -6 -7
leaf_value=0.0077850862426628031 0 0 -0.0096770743838360956 0 0.0053211603174360429 0
leaf_weight=7.5228888764977473 2.0352072641253462 1.4072005208581675 7.554667176678775 2.1950841248035431 3.4846280366182327 1.0719472803175447
leaf_count=56 14 23 80 18 30 14
internal_value=0 -0.002185 -0.00685476 0.00556818 0.0017323 -0.00900571
internal_weight=25.2716 15.5537 10.6618 9.71797 4.89183 8.62661
internal_count=235 161 108 74 53 94
is_linear=0
shrinkage=0.03


Tree=193
num_leaves=7
num_cat=0
split_feature=58 26 35 62 17 40
split_gain=0.663912 0.811326 0.702692 0.245218 0.151534 0.134959
threshold=0.011799999978393318 0.52387118339538585 0.36522072553634649 0.55140000581741344 0.91419854760169994 0.24377451837062838
decision_type=2 2 2 2 2 2
left_child=1 2 -1 4 -2 -4
right_child=3 -3 5 -5 -6 -7
leaf_value=0 -0.0057806797381213856 0 0.011115994322302885 0 0 0
leaf_weight=5.5770035386085564 4.2863744348287574 4.717827931046485 5.9059642590582371 0.75476065278053273 0.54778030514717091 1.2831743881106374
leaf_count=36 68 49 45 6 8 9
internal_value=0.000354058 0.00418494 0.00729498 -0.00277819 -0.00479464 0.0103574
internal_weight=23.0729 17.484 12.7661 5.58892 4.83415 7.18914
internal_count=221 139 90 82 76 54
is_linear=0
shrinkage=0.03


Tree=194
num_leaves=7
num_cat=0
split_feature=30 58 43 4 23 42
split_gain=1.17035 0.776718 0.550541 0.48881 0.356514 0.0437785
threshold=0.26237995922565466 0.018600000068545345 0.70417925715446483 1.5000000000000002 0.92635458707809459 0.36625905334949499
decision_type=2 2 2 8 2 2
left_child=1 3 4 5 -2 -1
right_child=2 -3 -4 -5 -6 -7
leaf_value=0.0094449409905193547 -0.0091878625456136027 -0.00038565866119440271 0 0 0 0
leaf_weight=6.1353831067681321 9.0351382195949537 1.859797354787587 1.4043884351849545 3.3028539977967748 1.0664836354553688 1.6142781376838682
leaf_count=43 110 19 8 20 14 12
internal_value=0 0.00338655 -0.00606291 0.006753 -0.00799851 0.0088811
internal_weight=24.4183 12.9123 11.506 11.0525 10.1016 7.74966
internal_count=226 94 132 75 124 55
is_linear=0
shrinkage=0.03


Tree=195
num_leaves=7
num_cat=0
split_feature=51 4 47 32 50 22
split_gain=0.641288 0.803805 0.686787 0.293016 0.22939 0.11562
threshold=-0.43886667490005488 0.0079052620567381399 0.79380273818969738 0.17417489737272265 0.15126202255487445 0.89523470401763927
decision_type=2 10 2 2 2 2
left_child=1 2 5 -3 -2 -1
right_child=4 3 -4 -5 -6 -7
leaf_value=-0.0095533808967694644 0.0067764416025081044 0.004519612543241759 0 0 0 0
leaf_weight=6.3146546874195391 5.5146485678851587 4.2699068561196318 3.5555521044880152 2.3442367631942034 2.5776650495827198 0.64436660706996907
leaf_count=85 38 32 31 25 20 8
internal_value=0 -0.00161976 -0.00611388 0.00129297 0.00528836 -0.00903679
internal_weight=25.221 17.1287 10.5146 6.61414 8.09231 6.95902
internal_count=239 181 124 57 58 93
is_linear=0
shrinkage=0.03


Tree=196
num_leaves=7
num_cat=0
split_feature=68 60 24 52 6 60
split_gain=0.727177 1.40751 0.558156 0.519757 0.359953 0.244276
threshold=752.01473999023449 0.31399999558925634 0.12352829426527025 -0.30743762850761408 185.75000000000003 0.46799999475479132
decision_type=8 2 2 2 2 2
left_child=1 4 -2 5 -1 -4
right_child=2 -3 3 -5 -6 -7
leaf_value=0.010019573190698005 0 -0.0017145037615046049 -0.0091801849604868282 0 0 0
leaf_weight=9.7766812890768069 2.8415621295571318 3.6238631494343272 6.7269990425556889 0.78174371272325416 1.2376691661775101 0.61489142850041378
leaf_count=71 21 30 90 5 8 12
internal_value=0 0.00420063 -0.00323725 -0.00631192 0.00889174 -0.00828313
internal_weight=25.6034 14.6382 10.9652 8.12363 11.0144 7.34189
internal_count=237 109 128 107 79 102
is_linear=0
shrinkage=0.03


Tree=197
num_leaves=7
num_cat=0
split_feature=19 51 26 19 59 39
split_gain=0.500162 0.578911 0.53714 0.371097 0.314268 0.301763
threshold=0.23182993382215503 -0.3978706151247024 0.14372427761554721 0.92837941646575939 0.28880000114440924 0.14871219545602801
decision_type=2 2 2 2 2 2
left_child=4 2 -2 -4 5 -1
right_child=1 -3 3 -5 -6 -7
leaf_value=0.0068554077154142573 0 0 -0.0091805780583534297 0 0 0
leaf_weight=6.3690380454063433 1.8112656548619259 3.238005816936492 8.6718283127993327 1.0134024508297432 1.8370659798383702 1.8774663433432577
leaf_count=52 15 24 109 9 15 12
internal_value=0 -0.00308422 -0.0059315 -0.00793585 0.00327084 0.0052227
internal_weight=24.8181 14.7345 11.4965 9.68523 10.0836 8.2465
internal_count=236 157 133 118 79 64
is_linear=0
shrinkage=0.03


Tree=198
num_leaves=7
num_cat=0
split_feature=0 53 58 19 21 54
split_gain=1.03632 1.08413 1.00336 0.502 0.463529 0.482941
threshold=0.83333334326744091 -0.22608545422554013 0.009599999990314247 0.81449943780899059 0.21817453950643542 0.069159060716629042
decision_type=2 2 2 2 2 2
left_child=1 4 3 -2 -1 -6
right_child=2 -3 -4 -5 5 -7
leaf_value=0 0.0099322204657192655 0.00032563092145299755 -0.00092763561186951979 0 0 -0.01131372431674608
leaf_weight=1.4967370405793179 6.1094256266951543 2.1162808425724533 2.3441486246883869 1.4313917756080625 1.7707229107618321 9.6407358609139902
leaf_count=18 48 12 36 10 9 105
internal_value=-3.99529e-05 -0.00524248 0.00350997 0.00805244 -0.00851816 -0.00985469
internal_weight=24.9094 15.0245 9.88497 7.54082 12.9082 11.4115
internal_count=238 144 94 58 132 114
is_linear=0
shrinkage=0.03


Tree=199
num_leaves=7
num_cat=0
split_feature=68 60 6 26 52 11
split_gain=1.63639 1.66393 1.13321 0.451286 0.293412 0.173379
threshold=752.01473999023449 0.31399999558925634 192.00000000000003 0.14372427761554721 -0.38562110066413874 7.5000000000000009
decision_type=8 2 2 2 2 2
left_child=1 2 -1 -2 5 -5
right_child=3 -3 -4 4 -6 -7
leaf_value=0.013994795660141401 0 -0.00015694567413323664 0 -0.0080386364286214231 0 0
leaf_weight=10.418587584048511 3.3819536343216878 3.1659688837826243 1.1671545915305603 5.0936300940811634 1.9387531615793703 0.73007196560502041
leaf_count=77 24 28 9 82 17 6
internal_value=0.00209995 0.00773779 0.011748 -0.00265525 -0.00559096 -0.00719563
internal_weight=25.8961 14.7517 11.5857 11.1444 7.76246 5.8237
internal_count=243 114 86 129 105 88
is_linear=0
shrinkage=0.03


Tree=200
num_leaves=7
num_cat=0
split_feature=54 33 54 29 55 6
split_gain=1.09775 1.30903 0.631645 0.50027 0.290977 0.394921
threshold=0.069159060716629042 0.63803189992904674 0.79003721475601207 0.2463038116693497 0.13980117440223697 327.00000000000006
decision_type=2 2 2 2 2 2
left_child=-1 2 3 -2 5 -3
right_child=1 4 -4 -5 -6 -7
leaf_value=0.0079442495598782605 0 0.0063880434239084521 0 -0.011138040306208991 0 0
leaf_weight=3.3938817158341434 1.3718233443796659 6.7537856791168434 1.8306841440498818 8.3236819598823768 2.1331914998590937 1.5342203974723814
leaf_count=20 17 61 13 95 19 15
internal_value=0 -0.00211326 -0.00763381 -0.00962055 0.00180271 0.00423658
internal_weight=25.3413 21.9474 11.5262 9.69551 10.4212 8.28801
internal_count=240 220 125 112 95 76
is_linear=0
shrinkage=0.03


Tree=201
num_leaves=7
num_cat=0
split_feature=68 60 5 47 61 58
split_gain=0.453552 0.792891 0.519579 0.728147 0.332845 0.0699595
threshold=385.15440368652349 0.34340000152587896 0.36712329089641577 0.085297085344791426 0.14779999852180484 0.0042000000830739745
decision_type=8 2 2 2 2 2
left_child=1 4 3 -2 -1 -4
right_child=2 -3 5 -5 -6 -7
leaf_value=0.008947616050357916 0 0 0.0022315448787960644 -0.0084924610803892384 0 0
leaf_weight=6.9283733628690261 2.5470943972468358 2.0280656293034545 2.6824156604707232 6.4837063942104578 1.4394310936331747 1.4410476293414829
leaf_count=49 14 16 18 95 11 25
internal_value=0 0.00409561 -0.00168929 -0.00529469 0.00758135 0.00011667
internal_weight=23.5501 10.3959 13.1543 9.0308 8.3678 4.12346
internal_count=228 76 152 109 60 43
is_linear=0
shrinkage=0.03


Tree=202
num_leaves=7
num_cat=0
split_feature=68 26 62 11 32 57
split_gain=0.930638 0.918231 0.600858 0.567805 0.211085 0.0881367
threshold=50.487812042236335 0.10526142641901971 0.0010000000183936211 7.5000000000000009 0.04939407296478749 0.69639998674392711
decision_type=10 2 2 2 2 2
left_child=1 -1 5 -3 -4 -2
right_child=2 3 4 -5 -6 -7
leaf_value=0 -0.002481878995088616 -0.010096763512321014 0 0 0.0082353254838914147 0
leaf_weight=2.4464273862540749 2.8776871096342793 7.036637553945182 1.5310363993048648 1.6757682077586649 7.2360979132354259 2.5382287427783012
leaf_count=18 38 87 12 12 58 18
internal_value=0 -0.00434447 0.00425684 -0.00809356 0.00722253 0
internal_weight=25.3419 11.1588 14.1831 8.71241 8.76713 5.41592
internal_count=243 117 126 99 70 56
is_linear=0
shrinkage=0.03


Tree=203
num_leaves=6
num_cat=0
split_feature=46 0 57 4 32
split_gain=1.35186 0.935405 1.05998 0.133338 0.0136306
threshold=0.081586226820945754 3.5000000000000004 0.46420000493526464 0.0050959466025233277 0.289321318268776
decision_type=2 2 2 8 2
left_child=-1 2 3 -2 -4
right_child=1 -3 4 -5 -6
leaf_value=0.0057700002536765146 0 0 0.00095065043959130415 -0.012022110142711153 0
leaf_weight=5.5090394243598011 0.88135816529393274 1.6589470803737629 3.5742094516754142 8.1011885199695826 2.404350396245718
leaf_count=38 11 16 26 96 34
internal_value=0 -0.00512919 -0.00786029 -0.0114673 0
internal_weight=22.1291 16.6201 14.9611 8.98255 5.97856
internal_count=221 183 167 107 60
is_linear=0
shrinkage=0.03


Tree=204
num_leaves=5
num_cat=0
split_feature=54 9 43 14
split_gain=1.02426 1.16299 0.839318 0.582455
threshold=0.069159060716629042 4.6666667461395273 0.15180068463087085 1.3474708795547488
decision_type=2 2 2 2
left_child=-1 2 -2 -4
right_child=1 -3 3 -5
leaf_value=0.0052699557126869535 0 0.0015226798844895672 0 -0.010871733208435454
leaf_weight=3.7734617739915874 2.3748409375548425 2.6653074473142615 1.088370844721793 13.996307728812097
leaf_count=23 15 25 7 160
internal_value=0 -0.00423114 -0.00752917 -0.00960046
internal_weight=23.8983 20.1248 17.4595 15.0847
internal_count=230 207 182 167
is_linear=0
shrinkage=0.03


Tree=205
num_leaves=7
num_cat=0
split_feature=68 54 9 4 37 32
split_gain=0.821286 1.22075 0.72645 0.488195 0.454146 0.247416
threshold=385.15440368652349 0.069159060716629042 5.1666667461395273 0.011484991759061815 0.25891791284084326 0.88642621040344249
decision_type=8 2 2 8 2 2
left_child=3 -2 5 -1 -5 -3
right_child=1 2 -4 4 -6 -7
leaf_value=0 0.0018198331098236002 -0.010635543331053533 0 0 0.0087927565357213914 0
leaf_weight=1.7162022888660438 3.1760474517941466 9.7655577175319142 0.90600772947073061 2.208649069070816 6.5950694531202316 0.68145078606903631
leaf_count=11 16 123 7 17 53 11
internal_value=0 -0.00352192 -0.00797862 0.0046037 0.00681871 -0.00992243
internal_weight=25.049 14.5291 11.353 10.5199 8.80372 10.447
internal_count=238 157 141 81 70 134
is_linear=0
shrinkage=0.03


Tree=206
num_leaves=7
num_cat=0
split_feature=60 58 17 28 1 26
split_gain=0.778064 0.693781 0.755151 0.69475 0.515945 0.0790126
threshold=0.0030000000260770325 0.035399999469518668 0.8604593575000764 0.74747824668884288 0.83333334326744091 0.85898137092590343
decision_type=2 2 2 2 2 2
left_child=1 2 3 -1 5 -2
right_child=4 -3 -4 -5 -6 -7
leaf_value=0.010696727078400484 -0.0065987679098129595 0 0 0 0 0
leaf_weight=11.852730449289089 5.4121739007532579 2.3433997295796862 1.5623631440103043 1.4692522101104248 1.9221136271953581 0.7917087897658347
leaf_count=84 60 39 12 15 18 11
internal_value=0.000427433 0.00457974 0.00693119 0.00896667 -0.00273555 -0.00608504
internal_weight=25.3537 17.2277 14.8843 13.322 8.126 6.20388
internal_count=239 150 111 99 89 71
is_linear=0
shrinkage=0.03


Tree=207
num_leaves=7
num_cat=0
split_feature=51 68 35 50 54 0
split_gain=0.625616 0.806335 0.645631 0.525905 0.481989 0.337341
threshold=-0.51844158768653859 292.94918823242193 0.1045847423374653 0.14968683570623401 0.27700889110565191 1.8333333134651186
decision_type=2 8 2 2 2 2
left_child=1 4 -2 -4 -1 -3
right_child=2 5 3 -5 -6 -7
leaf_value=0 0 -0.00811808370819872 0.0098861523887350169 0 0.0060263039630543379 0
leaf_weight=1.4741208776831634 1.7327720951288927 5.5867612715810546 6.335759684443472 4.0609756056219339 2.9752366244792938 1.36429688334465
leaf_count=11 12 90 45 36 20 13
internal_value=0.000657348 -0.00128494 0.00494991 0.00742101 0.00160932 -0.00653363
internal_weight=23.5299 11.4004 12.1295 10.3967 4.44936 6.95106
internal_count=227 134 93 81 31 103
is_linear=0
shrinkage=0.03


Tree=208
num_leaves=7
num_cat=0
split_feature=32 52 60 2 42 23
split_gain=0.646339 1.03786 0.867503 0.50803 0.431907 0.329113
threshold=0.27426053583621984 -0.38562110066413874 0.0022000001044943933 1.4670542478561404 0.5218818485736848 0.92635458707809459
decision_type=2 2 2 2 2 2
left_child=2 4 3 -1 5 -2
right_child=1 -3 -4 -5 -6 -7
leaf_value=0.010217686268602363 -0.0098411741917423679 0.0022309953953087319 0 0 0 0
leaf_weight=6.9560648612678069 6.5368573442101479 4.674295971170066 3.9279048405587664 1.9511941298842428 0.68848757073283184 0.70309966430068005
leaf_count=53 95 37 32 14 5 11
internal_value=0.000417289 -0.00156873 0.00482788 0.00833334 -0.00715042 -0.0087016
internal_weight=25.4379 12.6027 12.8352 8.90726 7.92844 7.23996
internal_count=247 148 99 67 111 106
is_linear=0
shrinkage=0.03


Tree=209
num_leaves=7
num_cat=0
split_feature=30 58 60 31 41 55
split_gain=0.670205 0.846626 0.607484 0.402473 0.236666 0.18324
threshold=0.3257004469633103 0.016199999488890175 0.64239999651908886 0.69415679574012767 0.45492838323116308 0.14431183785200122
decision_type=2 2 2 2 2 2
left_child=1 2 5 4 -2 -1
right_child=3 -3 -4 -5 -6 -7
leaf_value=0.010477123960527066 -0.0067988952794880465 0 0 0 0 0
leaf_weight=7.7482128292322177 5.2255193106830102 2.6812926512211552 1.2864126116037358 3.5456731151789427 0.82721274346113194 1.8320097997784612
leaf_count=54 67 31 9 43 5 12
internal_value=0 0.00448944 0.0076981 -0.00256134 -0.0055294 0.00954343
internal_weight=23.1463 13.5479 10.8666 9.59841 6.05273 9.58022
internal_count=221 106 75 115 72 66
is_linear=0
shrinkage=0.03


Tree=210
num_leaves=7
num_cat=0
split_feature=68 62 4 51 4 0
split_gain=1.04621 0.517505 0.676447 0.458327 0.388949 0.236484
threshold=529.38558959960949 0.0010000000183936211 0.011484991759061815 -0.32645046710968012 0.0050959466025233277 3.1666666269302373
decision_type=8 2 8 2 8 2
left_child=1 -1 -3 4 -2 -6
right_child=3 2 -4 -5 5 -7
leaf_value=0 0 0 0.0091764068882160144 0 -0.0088901731573395662 0
leaf_weight=3.040733844041827 1.0952931866049738 1.3849179446697206 8.0587116479873657 0.8769504725933065 8.6103460155427438 1.0578183308243758
leaf_count=27 12 8 65 5 116 6
internal_value=0 0.00445428 0.00684818 -0.00478502 -0.00661285 -0.00799769
internal_weight=24.1248 12.4844 9.44363 11.6404 10.7635 9.66816
internal_count=239 100 73 139 134 122
is_linear=0
shrinkage=0.03


Tree=211
num_leaves=6
num_cat=0
split_feature=46 1 53 58 57
split_gain=0.667604 0.969829 0.453855 0.430736 0.300652
threshold=0.081586226820945754 0.83333334326744091 -0.23700707405805585 0.009599999990314247 0.87619999051094066
decision_type=2 2 2 2 2
left_child=-1 2 4 -3 -2
right_child=1 3 -4 -5 -6
leaf_value=0.0051600457549697745 -0.0098347938866143875 0.0054622663361009157 0 0 0
leaf_weight=5.8921648599207428 7.6340385917574185 3.7966532707214347 0.97966873273253341 1.7266970016062257 2.8985194750130177
leaf_count=40 94 29 8 32 24
internal_value=0 -0.00256374 -0.00690797 0.00124288 -0.00836006
internal_weight=22.9277 17.0356 11.5122 5.52335 10.5326
internal_count=227 187 126 61 118
is_linear=0
shrinkage=0.03


Tree=212
num_leaves=7
num_cat=0
split_feature=58 62 35 34 20 23
split_gain=0.786838 0.680355 0.615713 0.554824 0.28369 0.27656
threshold=1.0000000180025095e-35 0.89659997820854198 0.32889331877231603 0.77916738390922557 0.74733975529670726 0.91513192653656017
decision_type=2 2 2 2 2 2
left_child=2 5 -1 4 -4 -2
right_child=1 -3 3 -5 -6 -7
leaf_value=0 -0.0081030249835799956 0 0.010526773240542546 0 0 0
leaf_weight=5.5533133409917381 7.6553057115524989 1.0672285258769978 5.5121950544416887 2.3778653517365456 1.4520798921585081 0.66428446769714344
leaf_count=39 101 7 43 22 14 9
internal_value=0 -0.00392066 0.00405892 0.00706076 0.00928856 -0.00704921
internal_weight=24.2823 9.38682 14.8955 9.34214 6.96427 8.31959
internal_count=235 117 118 79 57 110
is_linear=0
shrinkage=0.03


Tree=213
num_leaves=7
num_cat=0
split_feature=51 50 61 0 61 17
split_gain=0.836576 0.549213 0.435567 0.529346 0.312379 0.16577
threshold=-0.51844158768653859 0.15126202255487445 0.0014000000082887711 1.8333333134651186 0.01060000015422702 0.10218383744359018
decision_type=2 2 2 2 2 2
left_child=2 4 3 -1 5 -2
right_child=1 -3 -4 -5 -6 -7
leaf_value=-0.007980443454463592 0 0 0 0 0 0.0098315964810629999
leaf_weight=6.0162216853350419 1.5716930106282214 4.8871832005679599 3.7681412547826767 1.6071627289056776 1.5276654213666914 5.7886015735566616
leaf_count=95 11 42 24 15 11 43
internal_value=7.49887e-05 0.00502988 -0.00266223 -0.00555397 0.0076168 0.00890592
internal_weight=25.1667 13.7751 11.3915 7.62338 8.88796 7.36029
internal_count=241 107 134 110 65 54
is_linear=0
shrinkage=0.03


Tree=214
num_leaves=7
num_cat=0
split_feature=68 60 47 7 0 55
split_gain=0.911681 1.36544 0.408832 0.396071 0.308325 0.172308
threshold=752.01473999023449 0.31399999558925634 0.073408186435699477 388.00000000000006 3.1666666269302373 0.16589002311229709
decision_type=8 2 2 2 2 2
left_child=1 3 -2 -1 5 -4
right_child=2 -3 4 -5 -6 -7
leaf_value=0.011179619310272865 0 -0.00039288787980128393 -0.0073019040855316656 0 0 0
leaf_weight=9.421776972711088 1.7894548401236514 3.1380701810121527 5.9781062211841345 1.2602877542376507 1.1990930959582327 0.63509024865925301
leaf_count=71 9 27 90 11 7 12
internal_value=0.00149765 0.00595277 -0.00161931 0.0100066 -0.00485207 -0.0064765
internal_weight=23.4219 13.8201 9.60174 10.6821 7.81229 6.6132
internal_count=227 109 118 82 109 102
is_linear=0
shrinkage=0.03


Tree=215
num_leaves=7
num_cat=0
split_feature=19 31 14 59 34 39
split_gain=0.607156 0.636322 0.512722 0.50482 0.264049 0.255381
threshold=0.23182993382215503 0.69415679574012767 13.928503513336183 0.28880000114440924 0.078262127935886397 0.07438200339674951
decision_type=2 2 2 2 2 2
left_child=3 2 -2 4 -1 -3
right_child=1 5 -4 -5 -6 -7
leaf_value=0 -0.0076560614754885969 0 0 0 0.0086804298499422675 0.0044364301350059082
leaf_weight=1.7085240855813042 7.7538966648280603 1.1655419562011946 2.7660883031785488 2.1767411902546883 6.039006968960166 3.0876688417047262
leaf_count=11 90 19 21 19 50 30
internal_value=0.000354991 -0.00117595 -0.00531283 0.00509175 0.00739634 0.00139527
internal_weight=24.6975 14.7732 10.52 9.92427 7.74753 4.25321
internal_count=240 160 111 80 61 49
is_linear=0
shrinkage=0.03


Tree=216
num_leaves=7
num_cat=0
split_feature=51 19 34 68 0 38
split_gain=0.693217 0.543921 0.658531 0.39496 0.437821 0.308058
threshold=-0.51844158768653859 0.82340154051780712 0.79708495736122142 292.94918823242193 1.8333333134651186 0.4512446820735932
decision_type=2 2 2 8 2 2
left_child=3 2 5 -1 -5 -2
right_child=1 -3 -4 4 -6 -7
leaf_value=0 0 0 0 -0.0073771879636876682 0 0.011414964466454156
leaf_weight=4.7121917419135579 4.5993682071566564 1.7127746939659108 1.5274991448968638 5.1727192290127286 1.4504502378404138 4.6638537533581257
leaf_count=34 33 12 15 88 11 38
internal_value=0.000326476 0.00494941 0.00707533 -0.00189036 -0.00509608 0.00920854
internal_weight=23.8389 12.5035 10.7907 11.3354 6.62317 9.26322
internal_count=231 98 86 133 99 71
is_linear=0
shrinkage=0.03


Tree=217
num_leaves=7
num_cat=0
split_feature=58 17 28 62 34 47
split_gain=0.737264 0.669653 0.747957 0.539805 0.509142 0.229165
threshold=1.0000000180025095e-35 0.8604593575000764 0.79737773537635814 0.55140000581741344 0.078262127935886397 0.8404977321624757
decision_type=2 2 2 2 2 2
left_child=1 2 4 5 -1 -2
right_child=3 -3 -4 -5 -6 -7
leaf_value=0 -0.0070315929201348795 0 0 0 0.010607957938732905 0
leaf_weight=1.781922429800036 6.1516240183263999 1.8220804259181012 1.0946379788219918 2.086270971223712 10.407348111271856 1.0297318398952482
leaf_count=10 89 16 14 16 86 9
internal_value=0.00039323 0.00473271 0.00707358 -0.00235122 0.00910171 -0.00587161
internal_weight=24.3736 15.106 13.2839 9.26763 12.1893 7.18136
internal_count=240 126 110 114 96 98
is_linear=0
shrinkage=0.03


Tree=218
num_leaves=7
num_cat=0
split_feature=47 1 57 48 53 68
split_gain=0.715241 0.660879 0.882057 0.273874 0.243381 0.0735173
threshold=0.096516769379377379 0.83333334326744091 0.31100000441074377 0.13498388230800631 -0.47694244980812067 313.60475158691412
decision_type=2 2 2 2 2 8
left_child=3 2 -2 -1 -3 -4
right_child=1 4 5 -5 -6 -7
leaf_value=0.0073810079602866993 -0.0091488347076213831 0 0.0023296929148473328 0 0.0043101995558572229 0
leaf_weight=5.558518901467326 6.7679598666727561 1.9216207657009361 2.1908724829554558 1.6567122712731359 3.3613552860915652 3.0260862652212381
leaf_count=39 75 27 13 11 29 42
internal_value=0.000205178 -0.00127083 -0.00526595 0.00590919 0.00138184 0
internal_weight=24.4831 17.2679 11.9849 7.21523 5.28298 5.21696
internal_count=236 186 130 50 56 55
is_linear=0
shrinkage=0.03


Tree=219
num_leaves=7
num_cat=0
split_feature=68 60 6 11 4 47
split_gain=0.680495 0.947625 0.456761 0.434405 0.408611 0.426723
threshold=752.01473999023449 0.31399999558925634 185.75000000000003 5.6070852279663095 0.0050959466025233277 0.070282794535160079
decision_type=8 2 2 2 8 2
left_child=1 2 -1 4 -2 -6
right_child=3 -3 -4 -5 5 -7
leaf_value=0.0096807089653995083 0 0 0 0 0 -0.0083278314638572971
leaf_weight=9.4791711904108542 0.79890158772468289 2.8521050550043574 1.3608700148761261 2.2994675096124402 1.0833734720945356 7.3596405722200871
leaf_count=74 8 24 9 20 5 100
internal_value=0.000540527 0.00486853 0.00823837 -0.00168519 -0.00484743 -0.00666748
internal_weight=25.2335 13.6921 10.84 11.5414 9.24192 8.44301
internal_count=240 107 83 133 113 105
is_linear=0
shrinkage=0.03


Tree=220
num_leaves=7
num_cat=0
split_feature=54 32 31 11 21 48
split_gain=0.566297 1.04931 0.390684 0.311474 0.216754 0.0101437
threshold=0.069159060716629042 0.19966991245746615 0.75880935788154613 3.8500000238418584 0.15470241755247119 -0.19895818084478376
decision_type=2 2 2 2 2 2
left_child=-1 3 4 5 -3 -2
right_child=1 2 -4 -5 -6 -7
leaf_value=0.0052774001690878616 0 0 0 0.0047188711718235349 -0.0094737122392449559 -0.00083991688664860264
leaf_weight=3.9700569920241859 1.7944418489933012 0.50701184011995604 2.8209333382546893 4.2480573244392872 7.545347610488534 2.9409134350717085
leaf_count=24 11 9 38 34 95 21
internal_value=0 -0.0020097 -0.00701788 0.00139507 -0.00874209 0
internal_weight=23.8268 19.8567 10.8733 8.98341 8.05236 4.73536
internal_count=232 208 142 66 104 32
is_linear=0
shrinkage=0.03


Tree=221
num_leaves=7
num_cat=0
split_feature=68 26 53 48 39 27
split_gain=0.669265 1.04592 0.505585 0.255835 0.213042 0.118423
threshold=50.487812042236335 0.14372427761554721 -0.44541835784912104 0.1436223238706589 0.067908678203821196 0.19810799509286883
decision_type=10 2 2 2 2 2
left_child=1 -1 -2 -3 -4 -6
right_child=2 3 4 -5 5 -7
leaf_value=0.0023015703843191735 0 -0.0084392402914265034 0 0 0 0.0092599133753715011
leaf_weight=4.0012107044458407 3.9525761697441331 6.1165324654430151 2.3615626655518991 0.83879857510328282 1.4967942759394643 5.3892989233136177
leaf_count=24 45 78 22 9 10 41
internal_value=0.000647264 -0.00155114 0.00494025 -0.00735646 0.00728413 0.00847547
internal_weight=24.1568 10.9565 13.2002 6.95533 9.24766 6.88609
internal_count=229 111 118 87 73 51
is_linear=0
shrinkage=0.03


Tree=222
num_leaves=7
num_cat=0
split_feature=58 60 68 44 51 11
split_gain=0.848338 0.636733 0.869912 0.139596 0.14564 0.0599495
threshold=0.011799999978393318 0.25939999520778662 1.0000000180025095e-35 0.46435987949371343 -0.63833454251289357 3.8500000238418584
decision_type=2 2 10 2 2 2
left_child=1 2 5 4 -2 -1
right_child=3 -3 -4 -5 -6 -7
leaf_value=-0.0019063014800862854 0 0 0.010199140866136729 0 -0.005675969174511083 0.00041488910080917729
leaf_weight=4.3081020042300286 0.54546879604458798 3.0666579306125632 8.452387794852255 0.63355468958616246 4.2381077837198964 1.3813706114888189
leaf_count=36 7 29 65 5 71 9
internal_value=0.000245704 0.0045508 0.00686132 -0.00361963 -0.00470761 0
internal_weight=22.6256 17.2085 14.1419 5.41713 4.78358 5.68947
internal_count=222 139 110 83 78 45
is_linear=0
shrinkage=0.03


Tree=223
num_leaves=7
num_cat=0
split_feature=19 58 36 48 51 30
split_gain=0.72242 0.762724 0.696467 0.424395 0.266891 0.223812
threshold=0.44250741600990301 1.0000000180025095e-35 0.055899698287248618 0.12663277238607409 -0.3978706151247024 0.15509434044361117
decision_type=2 2 2 2 2 2
left_child=1 2 -1 -4 5 -2
right_child=4 -3 3 -5 -6 -7
leaf_value=0 0 0 0.010877272750086021 0 0 -0.0066807136545388134
leaf_weight=1.1519050076603914 1.5315687283873556 5.3407473228871813 7.9817174300551397 1.4318809472024439 1.8696506023406962 4.777105899527669
leaf_count=7 12 54 62 11 15 71
internal_value=0 0.00408489 0.00737553 0.00948229 -0.00346218 -0.00529994
internal_weight=24.0846 15.9063 10.5655 9.4136 8.17833 6.30867
internal_count=232 134 80 73 98 83
is_linear=0
shrinkage=0.03


Tree=224
num_leaves=7
num_cat=0
split_feature=32 51 32 62 59 30
split_gain=0.843956 1.32763 0.268302 0.17072 0.175355 0.0858261
threshold=0.27426053583621984 -0.4306392222642898 0.033457165583968169 0.99939998984336864 0.28880000114440924 0.48689880967140203
decision_type=2 2 2 2 2 2
left_child=2 -2 -1 4 -4 -3
right_child=1 5 3 -5 -6 -7
leaf_value=0 -0.010006234231451727 0 0.006791425238784162 0 0 0.0025852178110826718
leaf_weight=2.2165533415973213 7.1767810117453337 2.1091953516006452 7.0184247214347089 1.3106126263737685 1.9692671373486517 1.9459993354976175
leaf_count=18 110 16 50 9 18 14
internal_value=0 -0.00498468 0.0032101 0.00482971 0.00574702 0.000429755
internal_weight=23.7468 11.232 12.5149 10.2983 8.98769 4.05519
internal_count=235 140 95 77 68 30
is_linear=0
shrinkage=0.03


Tree=225
num_leaves=7
num_cat=0
split_feature=51 68 17 34 54 1
split_gain=0.754664 0.674825 0.527053 0.605963 0.345414 0.34374
threshold=-0.51844158768653859 292.94918823242193 0.89189520478248607 0.87014615535736095 0.45351003110408789 1.5000000000000002
decision_type=2 8 2 2 2 2
left_child=1 4 3 -2 -1 -3
right_child=2 5 -4 -5 -6 -7
leaf_value=0 0.0091643028751505293 -0.0076858132164247354 0 0 0.0049250369154828682 0
leaf_weight=1.4648742936551578 10.071933830156921 6.0489330552518377 1.4477306008338917 1.4238453041762102 3.3293815702199936 1.0602883845567701
leaf_count=12 78 96 10 14 21 10
internal_value=0.00093697 -0.00141369 0.00538781 0.00728358 0.000917146 -0.00610976
internal_weight=24.847 11.9035 12.9435 11.4958 4.79426 7.10922
internal_count=241 139 102 92 33 106
is_linear=0
shrinkage=0.03


Tree=226
num_leaves=7
num_cat=0
split_feature=68 60 37 54 4 52
split_gain=0.952341 1.49613 0.437226 0.354465 0.141814 0.209717
threshold=697.16046142578136 0.0030000000260770325 0.75822770595550548 0.069159060716629042 0.012527989223599436 -0.35618743300437922
decision_type=8 2 2 2 10 2
left_child=1 -1 3 -2 5 -3
right_child=2 4 -4 -5 -6 -7
leaf_value=0.010610941595579265 0 -0.0048711364258957387 0 -0.0076349974001882889 0 0
leaf_weight=7.7974618822336215 1.314802959561346 3.3500065654516216 3.9065469354391098 5.6449988652020693 1.2840145416557787 1.8260540738701823
leaf_count=60 6 30 42 88 11 13
internal_value=5.11356e-05 0.00520713 -0.00309187 -0.00591302 -0.000154051 -0.00290446
internal_weight=25.1239 14.2575 10.8663 6.9598 6.46008 5.17606
internal_count=250 114 136 94 54 43
is_linear=0
shrinkage=0.03


Tree=227
num_leaves=7
num_cat=0
split_feature=68 60 47 4 0 49
split_gain=0.851422 1.20001 0.519262 0.490877 0.635704 0.141707
threshold=697.16046142578136 0.0030000000260770325 0.073408186435699477 0.0050959466025233277 3.1666666269302373 -0.26722750067710871
decision_type=8 2 2 8 2 2
left_child=1 5 -2 -4 -5 -1
right_child=2 -3 3 4 -6 -7
leaf_value=0 0 0 0 -0.010081279216253887 0 0.010234645734947983
leaf_weight=0.75146757811307896 0.98046121001243491 6.3303127288818359 0.8513949550688239 6.571499753743411 1.3299959972500799 6.9061569757759589
leaf_count=5 5 53 11 99 8 54
internal_value=0 0.00484606 -0.00320688 -0.0059785 -0.00788171 0.00964714
internal_weight=23.7213 13.9879 9.73335 8.75289 7.9015 7.65762
internal_count=235 112 123 118 107 59
is_linear=0
shrinkage=0.03


Tree=228
num_leaves=7
num_cat=0
split_feature=0 58 17 53 24 57
split_gain=0.55728 0.778165 0.444704 0.401995 0.478847 0.467704
threshold=0.83333334326744091 0.009599999990314247 0.80976635217666637 -0.22608545422554013 0.80802294611930858 0.72819998860359203
decision_type=2 2 2 2 2 2
left_child=3 2 -2 4 5 -1
right_child=1 -3 -4 -5 -6 -7
leaf_value=-0.0085774695417589822 0.0095188804239744722 0 0 0 0 0
leaf_weight=7.5838750228285772 6.7988345548510534 2.205272549763321 1.291685491800308 1.7156416103243852 2.330323787406086 2.3945468589663506
leaf_count=75 55 37 9 9 33 20
internal_value=0 0.00455742 0.007875 -0.00182489 -0.00445017 -0.00660949
internal_weight=24.3202 10.2958 8.09052 14.0244 12.3087 9.97842
internal_count=238 101 64 137 128 95
is_linear=0
shrinkage=0.03


Tree=229
num_leaves=7
num_cat=0
split_feature=1 56 60 52 15 34
split_gain=0.543381 0.422205 0.333148 0.354198 0.257823 0.0654069
threshold=0.83333334326744091 -0.55636668205261219 0.0030000000260770325 -0.35618743300437922 2.5333355551993012e-05 0.11043261736631395
decision_type=2 2 2 2 2 2
left_child=2 -2 4 -4 5 -1
right_child=1 -3 3 -5 -6 -7
leaf_value=0 0 0.0075308876718977883 -0.0065211196921411228 0 0 0.0045342876161884654
leaf_weight=0.91491550579667258 1.5910361949354408 6.116802876815199 4.414528651162982 1.7288076654076565 4.3616281729191542 4.4233524613082409
leaf_count=6 20 60 58 13 41 40
internal_value=0.00115845 0.00549181 0 -0.00426898 0.000534756 0.00393644
internal_weight=23.5511 7.70784 15.8432 6.14334 9.6999 5.33827
internal_count=238 80 158 71 87 46
is_linear=0
shrinkage=0.03


Tree=230
num_leaves=7
num_cat=0
split_feature=62 14 60 34 0 61
split_gain=0.674714 0.626657 0.600978 0.484037 0.27883 0.0641272
threshold=0.0010000000183936211 13.089718341827394 0.31399999558925634 0.80959230661392223 1.1666666865348818 0.0014000000082887711
decision_type=2 2 2 2 2 2
left_child=4 2 3 -2 5 -1
right_child=1 -3 -4 -5 -6 -7
leaf_value=-0.0061322862654293129 0.010370839522733197 0 0 0 0 0
leaf_weight=4.4360800888389367 7.7913878448307496 2.4463529400527468 2.3379260674118987 1.2489932440221307 3.3470842577517033 0.6274445168673991
leaf_count=74 61 22 21 10 38 5
internal_value=0 0.00395697 0.00662048 0.0088102 -0.00356669 -0.00567514
internal_weight=22.2353 13.8247 11.3783 9.04038 8.41061 5.06352
internal_count=231 114 92 71 117 79
is_linear=0
shrinkage=0.03


Tree=231
num_leaves=7
num_cat=0
split_feature=51 17 34 61 17 0
split_gain=0.386064 0.475182 0.460933 0.58318 0.291244 0.176406
threshold=-0.51844158768653859 0.16936624795198443 0.79708495736122142 0.01060000015422702 0.82969683408737194 3.1666666269302373
decision_type=2 2 2 2 2 2
left_child=1 -1 3 4 -2 -3
right_child=2 5 -4 -5 -6 -7
leaf_value=0 0.0093650172018074802 -0.006188112672236539 0 0 0 0
leaf_weight=3.9279578179121035 7.1736700311303121 6.4395592920482159 1.8108316734433163 1.5626507475972164 1.3316545635461805 0.85153496265411366
leaf_count=33 58 100 17 14 8 6
internal_value=0 -0.00142499 0.00372983 0.00598654 0.00819926 -0.00521776
internal_weight=23.0979 11.2191 11.8788 10.068 8.50532 7.29109
internal_count=236 139 97 80 66 106
is_linear=0
shrinkage=0.03


Tree=232
num_leaves=7
num_cat=0
split_feature=58 19 26 7 17 23
split_gain=0.634415 0.756586 0.474611 0.408713 0.196802 0.288352
threshold=1.0000000180025095e-35 0.44250741600990301 0.012223247904330494 383.50000000000006 0.11143004521727563 0.92635458707809459
decision_type=2 2 2 2 2 2
left_child=1 2 -1 -4 -2 -6
right_child=4 -3 3 -5 5 -7
leaf_value=0 0 0 0.010333125340083576 0 -0.0059766456096161779 0
leaf_weight=0.65001651644706981 2.458050247281788 5.5594078283756962 8.0285961516201478 1.2016657516360272 5.6369105521589518 0.6983268167823552
leaf_count=5 21 49 63 8 82 10
internal_value=0 0.00420141 0.00753919 0.00899851 -0.002547 -0.00427859
internal_weight=24.233 15.4397 9.88028 9.23026 8.79329 6.33524
internal_count=238 125 76 71 113 92
is_linear=0
shrinkage=0.03


Tree=233
num_leaves=6
num_cat=0
split_feature=58 55 32 28 46
split_gain=0.802494 0.659631 0.917017 0.305877 0.201861
threshold=0.011799999978393318 0.14269554615020755 0.60815632343292247 0.68654808402061474 0.24296578019857409
decision_type=2 2 2 2 2
left_child=1 2 3 -1 -2
right_child=4 -3 -4 -5 -6
leaf_value=0.011027281552735208 0 0 0 0 -0.004147629803609971
leaf_weight=10.315492421388631 1.9296012334525574 3.3513124492019406 2.6668875738978377 1.4148422107100476 3.4962755553424358
leaf_count=76 24 26 31 13 59
internal_value=0.00177367 0.00528861 0.00749299 0.0100506 -0.00180933
internal_weight=23.1744 17.7485 14.3972 11.7303 5.42588
internal_count=229 146 120 89 83
is_linear=0
shrinkage=0.03


Tree=234
num_leaves=7
num_cat=0
split_feature=68 6 55 54 4 9
split_gain=0.606711 0.637333 0.506234 0.323812 0.272551 0.353578
threshold=697.16046142578136 241.33333587646487 0.14269554615020755 0.069159060716629042 0.005215203622356058 5.1666667461395273
decision_type=8 2 2 2 8 2
left_child=1 2 -1 -2 -5 -6
right_child=3 -3 -4 4 5 -7
leaf_value=0.0086305014419745668 0 0 0 0 -0.0072084850326737194 0
leaf_weight=10.846398521214725 2.0378200411796561 1.176183983683585 1.7822966501116742 1.0223662313073845 7.1891845483332881 0.63931699097156514
leaf_count=87 10 10 16 12 107 5
internal_value=0.000673728 0.00468969 0.00696309 -0.00135305 -0.00418192 -0.0056789
internal_weight=24.6936 13.8049 12.6287 10.8887 8.85087 7.8285
internal_count=247 113 103 134 124 112
is_linear=0
shrinkage=0.03


Tree=235
num_leaves=7
num_cat=0
split_feature=0 47 51 19 51 52
split_gain=0.55815 0.785716 0.444475 0.350609 0.357898 0.293256
threshold=0.83333334326744091 0.085297085344791426 -0.65429282188415516 0.69315171241760265 -0.56707820296287526 -0.5759015381336211
decision_type=2 2 2 2 2 2
left_child=1 -1 -3 4 -2 -4
right_child=3 2 5 -5 -6 -7
leaf_value=0.00011674137546303204 0 0 0 0 0.0073447991501139707 -0.009281010027890035
leaf_weight=2.6790743097662952 2.6044049523770809 0.97145383432507415 1.3877851460129011 2.1535083390772343 5.2208545003086311 9.6177201420068723
leaf_count=14 35 10 14 19 49 106
internal_value=0 -0.0035963 -0.00683218 0.00303022 0.00529092 -0.00823902
internal_weight=24.6348 14.656 11.977 9.97877 7.82526 11.0055
internal_count=247 144 130 103 84 120
is_linear=0
shrinkage=0.03


Tree=236
num_leaves=7
num_cat=0
split_feature=58 35 34 62 23 56
split_gain=0.581016 0.618687 0.564679 0.425249 0.2379 0.11517
threshold=1.0000000180025095e-35 0.36522072553634649 0.80959230661392223 0.92620000243186962 0.90556073188781749 -0.3232800811529159
decision_type=2 2 2 2 2 2
left_child=1 -1 -3 4 5 -2
right_child=3 2 -4 -5 -6 -7
leaf_value=0 -0.0072372352581126778 0.0094024116893129863 0 0 0 0
leaf_weight=5.2006366886198547 6.6217404827475548 6.0377759002149087 2.1830327212810516 0.82089556008577336 0.57476300932466973 0.63075230270623972
leaf_count=41 99 53 21 5 7 4
internal_value=0 0.0038811 0.00706553 -0.00302036 -0.00556877 -0.00666743
internal_weight=22.0696 13.4214 8.22081 8.64815 7.82726 7.25249
internal_count=230 115 74 115 110 103
is_linear=0
shrinkage=0.03


Tree=237
num_leaves=7
num_cat=0
split_feature=58 34 19 34 51 50
split_gain=0.556287 0.644168 0.628929 0.417543 0.181539 0.194219
threshold=1.0000000180025095e-35 0.77916738390922557 0.82340154051780712 0.078262127935886397 -0.40721872448921198 0.25274411588907247
decision_type=2 2 2 2 2 2
left_child=1 2 3 -1 5 -2
right_child=4 -3 -4 -5 -6 -7
leaf_value=0 -0.0048669104485589898 0 0 0.010295698009316529 0 0
leaf_weight=2.2875324711203602 5.7879571449011564 2.3938776310533276 1.5619460009038437 8.910428408533333 1.4080644994974116 1.1359714716672895
leaf_count=13 89 24 12 69 12 13
internal_value=0.000734833 0.0043818 0.00683316 0.00876555 -0.00139714 -0.00343052
internal_weight=23.4858 15.1538 12.7599 11.198 8.33199 6.92393
internal_count=232 118 94 82 114 102
is_linear=0
shrinkage=0.03


Tree=238
num_leaves=7
num_cat=0
split_feature=58 26 2 34 62 36
split_gain=0.807326 0.547532 0.679586 0.576486 0.260353 0.21532
threshold=1.0000000180025095e-35 0.83013883233070385 1.9959999918937685 0.078262127935886397 0.89659997820854198 0.19807121157646182
decision_type=2 2 2 2 2 2
left_child=1 2 3 -1 5 -2
right_child=4 -3 -4 -5 -6 -7
leaf_value=0 0 0 0 0.011268245009486642 0 -0.0053141533597398007
leaf_weight=1.7200017869472528 2.1467005442827922 1.6968452818691719 1.5327553935348976 9.3952180761843902 1.0126919150352476 5.7318215910345316
leaf_count=10 24 18 15 79 7 86
internal_value=0.00197013 0.00587204 0.00766958 0.00959472 -0.000925011 -0.00374302
internal_weight=23.236 14.3448 12.648 11.1152 8.89121 7.87852
internal_count=239 122 104 89 117 110
is_linear=0
shrinkage=0.03


Tree=239
num_leaves=7
num_cat=0
split_feature=68 60 6 11 40 60
split_gain=0.747256 1.08594 0.764326 0.322218 0.350364 0.128898
threshold=752.01473999023449 0.31399999558925634 192.00000000000003 5.6070852279663095 0.042804293334484107 0.64239999651908886
decision_type=8 2 2 2 2 2
left_child=1 2 -1 4 -2 -6
right_child=3 -3 -4 -5 5 -7
leaf_value=0.010771971511792022 0 0 0 0 -0.0068229626742118705 0
leaf_weight=10.109083730727436 1.0075915101915578 3.0417649149894705 1.0714805312454689 1.843805944547056 6.4597026128321886 0.69673624634742726
leaf_count=81 9 28 9 17 84 12
internal_value=0.00108785 0.00525196 0.00881407 -0.00149827 -0.00429396 -0.00615634
internal_weight=24.2302 14.2223 11.1806 10.0078 8.16403 7.15644
internal_count=240 118 90 122 105 96
is_linear=0
shrinkage=0.03


Tree=240
num_leaves=7
num_cat=0
split_feature=28 51 60 11 29 26
split_gain=0.475318 0.608353 0.417739 0.467025 0.255197 0.187619
threshold=0.21729622781276706 -0.4306392222642898 0.31399999558925634 0.91111111640930187 0.2463038116693497 0.2176284268498421
decision_type=2 2 2 2 2 2
left_child=2 4 3 -1 -2 -6
right_child=1 -3 -4 -5 5 -7
leaf_value=0 0 0.00019267006131608639 0 0.0080830140479715602 0 -0.0077526510272154037
leaf_weight=1.2293768953531996 0.85465398989617725 4.7260431144386521 1.737221211194991 7.2805341593921185 0.76926428079604914 7.3126466050744057
leaf_count=11 13 38 15 56 5 100
internal_value=0 -0.00200419 0.00405387 0.00618771 -0.00582268 -0.00694321
internal_weight=23.9097 13.6626 10.2471 8.50991 8.93656 8.08191
internal_count=238 156 82 67 118 105
is_linear=0
shrinkage=0.03


Tree=241
num_leaves=7
num_cat=0
split_feature=60 1 53 28 4 45
split_gain=0.292293 0.456923 0.706558 0.410985 0.432468 0.431785
threshold=0.0030000000260770325 0.83333334326744091 -0.22608545422554013 0.82930251955986034 0.0079052620567381399 0.53441932797431957
decision_type=2 2 2 2 8 2
left_child=3 2 -2 4 -1 -6
right_child=1 -3 -4 -5 5 -7
leaf_value=0 -0.0085515660597440882 0 0 0 0.0079660238833935276 0
leaf_weight=2.1881075650453612 5.5104571077972651 1.8951842375099657 0.86489761620759775 1.433052223175763 10.858694877475498 1.5873169470578439
leaf_count=28 68 18 5 21 87 18
internal_value=0 -0.00218385 -0.0055167 0.00259788 0.0047071 0.00645423
internal_weight=24.3377 8.27054 6.37535 16.0672 14.6341 12.446
internal_count=245 91 73 154 133 105
is_linear=0
shrinkage=0.03


Tree=242
num_leaves=7
num_cat=0
split_feature=33 54 57 7 53 18
split_gain=0.600261 0.812946 0.522766 0.414401 0.324899 0.225389
threshold=0.63803189992904674 0.069159060716629042 0.69639998674392711 371.50000000000006 -0.22608545422554013 0.94038009643554699
decision_type=2 2 2 2 2 2
left_child=1 -1 4 5 -3 -2
right_child=3 2 -4 -5 -6 -7
leaf_value=0.0017134059890331523 0.007905354814095716 -0.0094928378344114744 0 0 0 0
leaf_weight=2.3715602606534985 6.2000199593603593 7.3320542518049461 3.2499329168349496 2.4012927319854498 0.85398302972316731 1.0516828410327432
leaf_count=11 59 95 31 23 7 12
internal_value=0 -0.00208635 -0.00610508 0.00471335 -0.00835486 0.0068503
internal_weight=23.4605 13.8075 11.436 9.653 8.18604 7.2517
internal_count=238 144 133 94 102 71
is_linear=0
shrinkage=0.03


Tree=243
num_leaves=7
num_cat=0
split_feature=26 68 28 60 31 53
split_gain=0.628628 0.646665 0.432159 0.344562 0.185202 0.152794
threshold=0.17967677861452105 102.1502151489258 0.013348476495593788 0.0030000000260770325 0.85039034485816967 -0.49311269819736475
decision_type=2 10 2 2 2 2
left_child=2 4 -1 -3 -2 -4
right_child=1 3 5 -5 -6 -7
leaf_value=0 -0.0071760462771557178 0.0045964765328203603 0 -0.00026397646619786836 0 0.0080144328730078554
leaf_weight=0.83577457815408873 5.8407575283199531 4.6811919137835503 1.8446008581668136 2.7946514543145895 1.0985474735498426 5.9456712603569031
leaf_count=7 77 43 17 34 15 45
internal_value=0 -0.00166905 0.00516947 0.000234854 -0.00619 0.00705985
internal_weight=23.0412 14.4151 8.62605 7.47584 6.93931 7.79027
internal_count=238 169 69 77 92 62
is_linear=0
shrinkage=0.03


Tree=244
num_leaves=7
num_cat=0
split_feature=51 68 34 19 5 48
split_gain=0.893365 0.579445 0.442186 0.374205 0.32786 0.125619
threshold=-0.49583801627159113 313.60475158691412 0.79708495736122142 0.82340154051780712 0.71826484799385082 -0.18684633076190946
decision_type=2 8 2 2 2 2
left_child=1 5 3 -2 -3 -1
right_child=2 4 -4 -5 -6 -7
leaf_value=0.0030148453640689516 0.0088974666466532393 -0.0078867657635872841 0 0 0 0
leaf_weight=2.4384565725922585 7.5976957287639362 5.4702732022851714 1.5374414492398489 1.2747058346867559 0.52053147926926602 2.2624907866120347
leaf_count=15 60 96 18 9 5 20
internal_value=3.25738e-05 -0.00265351 0.00567956 0.00748148 -0.00645938 0
internal_weight=21.1016 10.6918 10.4098 8.8724 5.9908 4.70095
internal_count=223 136 87 69 101 35
is_linear=0
shrinkage=0.03


Tree=245
num_leaves=7
num_cat=0
split_feature=51 32 1 61 31 54
split_gain=0.593877 1.11134 0.388828 0.296861 0.149872 0.0246811
threshold=-0.4306392222642898 0.17417489737272265 0.5000000149011613 0.0022000001044943933 0.11264374479651452 0.069159060716629042
decision_type=2 2 2 2 2 2
left_child=1 2 -1 5 -2 -3
right_child=4 3 -4 -5 -6 -7
leaf_value=0 0 0 0.0055785891223173335 0 0.006349606893877504 -0.0087717827268495169
leaf_weight=1.8354760594666029 1.1595497652888287 0.61221866309642603 4.7276202514767647 2.0471708439290524 5.8375554233789444 5.7605263460427523
leaf_count=14 7 3 37 17 44 105
internal_value=0.000140166 -0.00112238 0.00255811 -0.00707988 0.00544346 -0.00852704
internal_weight=21.9801 14.983 6.5631 8.41992 6.99711 6.37275
internal_count=227 176 51 125 51 108
is_linear=0
shrinkage=0.03


Tree=246
num_leaves=7
num_cat=0
split_feature=0 47 22 21 24 58
split_gain=0.780855 0.715549 0.572919 0.31903 0.316728 0.124204
threshold=1.1666666865348818 0.087287481874227538 0.019397587515413765 0.88802599906921398 0.53175202012062084 0.005799999926239253
decision_type=2 2 2 2 2 2
left_child=1 -1 -3 -4 5 -2
right_child=4 2 3 -5 -6 -7
leaf_value=0 0.0075259001066714281 0 -0.0094341506442949981 0 0 0
leaf_weight=3.5908988863229778 5.0694304704666129 1.6386823430657376 9.0199432019144261 0.89948848262429315 1.0578964967280624 0.97638284601271141
leaf_count=19 44 10 111 13 14 16
internal_value=0 -0.00312813 -0.00642554 -0.00840058 0.00516727 0.00679898
internal_weight=22.2527 15.149 11.5581 9.91943 7.10371 6.04581
internal_count=227 153 134 124 74 60
is_linear=0
shrinkage=0.03


Tree=247
num_leaves=7
num_cat=0
split_feature=1 54 61 43 58 48
split_gain=0.600586 0.783979 0.734283 0.491631 0.460803 0.062508
threshold=0.83333334326744091 0.069159060716629042 1.0000000180025095e-35 0.14653412997722629 0.009599999990314247 -0.046241650357842438
decision_type=2 2 2 2 2 2
left_child=1 -1 3 -3 -2 -4
right_child=4 2 5 -5 -6 -7
leaf_value=0.0031284848504059544 0.0077927150314319642 0 0.0021453428413392207 -0.0098081077184567472 0 0
leaf_weight=2.4668904244899776 5.6864537969231597 1.227267749607561 2.2231855168938637 7.6673705577850342 1.4603931922465561 1.8268151618540276
leaf_count=12 52 8 14 111 27 15
internal_value=0.000555035 -0.000706893 -0.00509774 -0.00815677 0.0056007 0
internal_weight=22.5584 15.4115 12.9446 8.89464 7.14685 4.05
internal_count=239 160 148 119 79 29
is_linear=0
shrinkage=0.03


Tree=248
num_leaves=6
num_cat=0
split_feature=32 54 68 60 37
split_gain=0.861215 0.8485 0.395836 0.24965 0.000210302
threshold=0.27426053583621984 0.069159060716629042 414.06513977050787 0.93880000710487377 0.75822770595550548
decision_type=2 2 8 2 2
left_child=2 -2 -1 -3 -4
right_child=1 3 4 -5 -6
leaf_value=0.006037491365850225 0 -0.0092932345875445573 -0.00011720705255603926 0 0
leaf_weight=5.8967016115784654 2.4695644974708548 7.8340706285089237 3.7777495738118896 0.58508687466382969 2.0448435824364424
leaf_count=46 14 120 33 8 18
internal_value=0 -0.00514009 0.00320573 -0.00845118 0
internal_weight=22.608 10.8887 11.7193 8.41916 5.82259
internal_count=239 142 97 128 51
is_linear=0
shrinkage=0.03


Tree=249
num_leaves=7
num_cat=0
split_feature=53 55 34 26 0 68
split_gain=0.495429 0.350286 0.260884 0.259325 0.159372 0.0917537
threshold=-0.44541835784912104 0.14269554615020755 0.078262127935886397 0.83013883233070385 3.1666666269302373 292.94918823242193
decision_type=2 2 2 2 2 8
left_child=4 2 -2 -4 5 -1
right_child=1 -3 3 -5 -6 -7
leaf_value=0 0 0 0.0069708972443556245 0 0 -0.0058352955239032471
leaf_weight=1.3704603239893938 1.9214217662811268 2.9128930848091832 9.9191616680473071 1.2420413549989451 0.62225879728794087 4.3140898458659649
leaf_count=10 13 25 88 14 6 78
internal_value=0 0.00266405 0.00465302 0.00589169 -0.00400369 -0.0050804
internal_weight=22.3023 15.9955 13.0826 11.1612 6.30681 5.68455
internal_count=234 140 115 102 94 88
is_linear=0
shrinkage=0.03


Tree=250
num_leaves=6
num_cat=0
split_feature=54 0 57 14 27
split_gain=0.566862 1.04519 1.22604 0.114541 0.0668314
threshold=0.069159060716629042 3.5000000000000004 0.65219998359680187 1.3474708795547488 0.40733300149440771
decision_type=2 2 2 2 2
left_child=-1 2 3 -2 -4
right_child=1 -3 4 -5 -6
leaf_value=0.0037361336478192665 0 0.0016916179883044191 0.002136562361519104 -0.010900677235200634 0
leaf_weight=3.5852958038449314 0.87402117252350464 3.0989206694066516 3.1762578450143328 10.452357498928903 1.7034620922058819
leaf_count=23 6 34 22 128 26
internal_value=0 -0.00330729 -0.00683347 -0.0104461 0
internal_weight=22.8903 19.305 16.2061 11.3264 4.87972
internal_count=239 216 182 134 48
is_linear=0
shrinkage=0.03


Tree=251
num_leaves=6
num_cat=0
split_feature=54 33 68 53 39
split_gain=0.423964 0.695248 0.399199 0.189956 0.378289
threshold=0.069159060716629042 0.63803189992904674 313.60475158691412 -0.48418669402599329 0.18138737231492999
decision_type=2 2 8 2 2
left_child=-1 2 -2 -3 -5
right_child=1 3 -4 4 -6
leaf_value=0.005097375347590619 0 0 -0.0078664419824965061 0.0059003757061914207 0
leaf_weight=3.4643297791481045 4.1499847583472738 2.0779044982045889 5.9905167892575273 5.4715801458805782 1.0251823067665098
leaf_count=22 30 29 86 53 8
internal_value=0 -0.00105103 -0.00559389 0.00121043 0.00346597
internal_weight=22.1795 18.7152 10.1405 8.57467 6.49676
internal_count=228 206 116 90 61
is_linear=0
shrinkage=0.03


Tree=252
num_leaves=7
num_cat=0
split_feature=19 51 30 59 19 7
split_gain=0.318448 0.440697 0.461927 0.330415 0.328578 0.271703
threshold=0.23182993382215503 -0.3978706151247024 0.12004877626895906 0.28880000114440924 0.92837941646575939 373.50000000000006
decision_type=2 2 2 2 2 2
left_child=3 2 -2 5 -4 -1
right_child=1 -3 4 -5 -6 -7
leaf_value=0.0068779438686341881 0 0 -0.0082757556128989253 0 0 0
leaf_weight=5.890082888305189 2.0386278443038455 3.7158023044466963 7.3007160667330009 1.7846199087798593 0.95699082873761643 1.6268570106476543
leaf_count=48 17 28 106 15 10 14
internal_value=0 -0.00178854 -0.00482974 0.00329684 -0.00697863 0.00538078
internal_weight=23.3137 14.0121 10.2963 9.30156 8.25771 7.51694
internal_count=238 161 133 77 116 62
is_linear=0
shrinkage=0.03


Tree=253
num_leaves=7
num_cat=0
split_feature=58 55 32 62 53 47
split_gain=0.397232 0.518983 0.43834 0.403819 0.0680746 0.0173928
threshold=0.011799999978393318 0.12808823585510257 0.37618413567543035 0.55140000581741344 -0.49601510167121882 0.16693903505802157
decision_type=2 2 2 2 2 2
left_child=1 2 4 -2 -1 -4
right_child=3 -3 5 -5 -6 -7
leaf_value=0 -0.0064649800557581034 0 0 0 0.0078079875823724946 -0.00113401698750719
leaf_weight=1.3634301088750387 4.6594068910926572 4.5281339641660443 2.0255261063575736 0.8970153760164975 6.913049295544627 2.1723113264888525
leaf_count=10 82 37 15 8 54 30
internal_value=0 0.00200214 0.00505957 -0.00400293 0.00728454 0
internal_weight=22.5589 17.0025 12.4743 5.55642 8.27648 4.19784
internal_count=236 146 109 90 64 45
is_linear=0
shrinkage=0.03


Tree=254
num_leaves=7
num_cat=0
split_feature=54 32 23 68 60 3
split_gain=1.03172 1.17981 0.405073 0.193322 0.446152 0.144025
threshold=0.069159060716629042 0.19966991245746615 0.92635458707809459 667.86233520507824 0.026600000448524955 4.1666667461395273
decision_type=2 2 2 8 2 2
left_child=-1 3 5 4 -2 -3
right_child=1 2 -4 -5 -6 -7
leaf_value=0.0045783041973026378 0.0064341912929718045 -0.011111583009595602 0 -0.00043110913123578981 0 0
leaf_weight=4.2148814126849201 3.8421514965593824 7.7286968883126939 0.72850849665701467 3.3314500488340864 1.9592810682952402 0.67286935076117504
leaf_count=27 31 119 13 28 15 7
internal_value=-0.000266783 -0.00473215 -0.0094122 0 0.00329457 -0.0105787
internal_weight=22.4778 18.263 9.13007 9.13288 5.80143 8.40157
internal_count=240 213 139 74 46 126
is_linear=0
shrinkage=0.03


Tree=255
num_leaves=7
num_cat=0
split_feature=51 34 26 68 0 48
split_gain=0.716051 0.626341 0.425692 0.327544 0.180179 0.0531415
threshold=-0.51844158768653859 0.11043261736631395 0.81814831495285045 313.60475158691412 1.8333333134651186 -0.18684633076190946
decision_type=2 2 2 8 2 2
left_child=3 -2 -3 5 -5 -1
right_child=1 2 -4 4 -6 -7
leaf_value=0.0019725503236289075 0 0.0094714805251839337 0 -0.0058041177103301629 0 0
leaf_weight=2.2919374480843544 1.5511128678917874 7.870926393195985 1.3493039365857837 4.3193560112267742 1.4988341964781282 2.1678463257849225
leaf_count=16 10 64 18 82 15 20
internal_value=0.00109667 0.00562129 0.0079673 -0.00111999 -0.00449935 0
internal_weight=21.0493 10.7713 9.22023 10.278 5.81819 4.45978
internal_count=225 92 82 133 97 36
is_linear=0
shrinkage=0.03


Tree=256
num_leaves=7
num_cat=0
split_feature=51 50 36 68 0 47
split_gain=0.369615 0.72457 0.538172 0.372269 0.242819 0.200833
threshold=-0.51844158768653859 0.15126202255487445 0.097918644547462477 313.60475158691412 1.8333333134651186 0.6116701364517213
decision_type=2 2 2 8 2 2
left_child=3 2 -2 5 -5 -1
right_child=1 -3 -4 4 -6 -7
leaf_value=-0.00028433708559248792 0 0 0.009267076360452273 -0.0064383177475479851 0 0.003720876402394982
leaf_weight=1.8664450906217105 1.2395240291953067 4.843170590698719 6.4693135842680931 4.6757306084036836 1.1816233880817888 2.986017893999815
leaf_count=15 8 45 50 91 12 22
internal_value=0 0.00351033 0.00724684 -0.00162606 -0.00495799 0
internal_weight=23.2618 12.552 7.70884 10.7098 5.85735 4.85246
internal_count=243 103 58 140 103 37
is_linear=0
shrinkage=0.03


Tree=257
num_leaves=7
num_cat=0
split_feature=60 68 56 4 50 27
split_gain=0.786516 1.09682 0.378662 0.380692 0.145876 0.0588373
threshold=0.0030000000260770325 697.16046142578136 -0.31618131697177881 0.011484991759061815 -0.023702638223767277 0.63863244652748119
decision_type=2 8 2 10 2 2
left_child=1 4 3 5 -1 -2
right_child=2 -3 -4 -5 -6 -7
leaf_value=0 -0.0072925090200747517 0 0 0 0.010663399951747959 0
leaf_weight=0.83874469622969616 4.6614863835275173 7.2133565098047265 0.97747097536921401 1.2798778638243673 6.2435706220567235 0.83192192763090123
leaf_count=6 54 86 8 15 53 11
internal_value=0.00141398 0.00547621 -0.00156248 -0.00478554 0.0100219 -0.00684889
internal_weight=22.0464 14.2957 7.75076 6.77329 7.08232 5.49341
internal_count=233 145 88 80 59 65
is_linear=0
shrinkage=0.03


Tree=258
num_leaves=7
num_cat=0
split_feature=50 59 24 34 0 54
split_gain=0.438011 0.536682 0.603473 0.34917 0.268557 0.333666
threshold=0.15126202255487445 0.12620000541210177 0.61858308315277111 0.078262127935886397 5.5000000000000009 0.40742243826389318
decision_type=2 2 2 2 2 2
left_child=1 2 3 -1 5 -2
right_child=4 -3 -4 -5 -6 -7
leaf_value=0 -0.0061373335575174099 0 0 0.009996439450472322 0 0
leaf_weight=1.9969407916069046 5.7491047885268909 3.7108184285461894 2.1809740979224435 6.846128961071372 1.2112568020820615 1.9401326049119232
leaf_count=14 65 46 25 55 15 21
internal_value=2.96731e-05 0.00372396 0.00626818 0.00852416 -0.00164618 -0.0040693
internal_weight=23.6354 14.7349 11.024 8.84307 8.90049 7.68924
internal_count=241 140 94 69 101 86
is_linear=0
shrinkage=0.03


Tree=259
num_leaves=7
num_cat=0
split_feature=68 26 52 7 24 59
split_gain=0.445899 0.38548 0.447347 0.269386 0.309661 0.355855
threshold=529.38558959960949 0.14372427761554721 -0.38562110066413874 383.50000000000006 0.60883086919784557 0.27939999103546148
decision_type=8 2 2 2 2 2
left_child=3 -2 -3 4 5 -1
right_child=1 2 -4 -5 -6 -7
leaf_value=0.0086305408986063308 0 -0.0073420382706554125 0 0 0 0
leaf_weight=5.6311689689755458 3.4454807657748452 5.3594262879341832 2.799623165279626 1.194648005068301 2.2122172396630049 1.8466688543558119
leaf_count=45 26 92 22 11 22 17
internal_value=0 -0.00190513 -0.00483977 0.00393203 0.00535837 0.00694923
internal_weight=22.4892 11.6045 8.15905 10.8847 9.69006 7.47784
internal_count=235 140 114 95 84 62
is_linear=0
shrinkage=0.03


Tree=260
num_leaves=7
num_cat=0
split_feature=51 32 57 5 23 39
split_gain=0.472494 0.66896 0.355716 0.343811 0.221028 0.215491
threshold=-0.4306392222642898 0.17417489737272265 0.0028000000165775423 0.044748857617378242 0.92635458707809459 0.15838956087827685
decision_type=2 2 2 2 2 2
left_child=1 3 -2 -1 5 -3
right_child=2 4 -4 -5 -6 -7
leaf_value=0 0.0067612201520880775 -0.0074983957858064344 0 0.0048304195888204636 0 0
leaf_weight=2.1865156739950207 6.0715787149965754 7.241024833172558 1.3304210267961023 4.8823840953409672 0.59959573857486237 0.59946972131729115
leaf_count=18 46 112 10 40 10 6
internal_value=0.000219849 -0.00069388 0.0048808 0.00148852 -0.00559149 -0.00659286
internal_weight=22.911 15.509 7.402 7.0689 8.44009 7.84049
internal_count=242 186 56 58 128 118
is_linear=0
shrinkage=0.03


Tree=261
num_leaves=7
num_cat=0
split_feature=1 54 58 42 47 48
split_gain=0.407241 0.609386 0.557578 0.478384 0.268073 0.000961475
threshold=0.83333334326744091 0.069159060716629042 0.009599999990314247 0.23419403284788134 0.085297085344791426 -0.18684633076190946
decision_type=2 2 2 2 2 2
left_child=1 -1 -2 5 -5 -3
right_child=2 3 -4 4 -6 -7
leaf_value=0.00064636174680048053 0.0070610560839340112 0.00027298661711895258 0 0 -0.0086195025625686577 0
leaf_weight=2.4911138266325024 5.2857268601655951 1.6117570772767069 1.5926185902208088 1.1571473926305751 7.7836861331015825 1.1769049074500788
leaf_count=13 48 10 32 7 97 23
internal_value=0 -0.0020941 0.00392713 -0.00546695 -0.00755109 0
internal_weight=21.099 14.2206 6.87835 11.7295 8.94083 2.78866
internal_count=230 150 80 137 104 33
is_linear=0
shrinkage=0.03


Tree=262
num_leaves=7
num_cat=0
split_feature=58 50 47 34 0 20
split_gain=0.353945 0.524929 0.470357 0.503983 0.215598 0.136475
threshold=1.0000000180025095e-35 0.14968683570623401 0.8404977321624757 0.06248129345476628 4.1666667461395273 0.9023231863975526
decision_type=2 2 2 2 2 2
left_child=1 2 3 -1 5 -2
right_child=4 -3 -4 -5 -6 -7
leaf_value=0 -0.0047933360979989775 0 0 0.0097980521374086901 0 0
leaf_weight=1.4476425796747223 6.980197459459303 4.8258060328662387 1.6668767519295205 6.6103126741945744 0.94764728099107731 0.68325920589268196
leaf_count=9 94 46 17 48 11 10
internal_value=0 0.00316081 0.00603211 0.00794905 -0.00198419 -0.00389018
internal_weight=23.1617 14.5506 9.72483 8.05796 8.6111 7.66346
internal_count=235 120 74 57 115 104
is_linear=0
shrinkage=0.03


Tree=263
num_leaves=7
num_cat=0
split_feature=51 28 17 61 0 20
split_gain=0.490617 0.720793 0.557732 0.229715 0.235816 0.221345
threshold=-0.51844158768653859 0.81790655851364147 0.90320709347724926 1.0000000180025095e-35 2.1666666269302373 0.066913370043039336
decision_type=2 2 2 2 2 2
left_child=3 2 5 4 -1 -2
right_child=1 -3 -4 -5 -6 -7
leaf_value=-0.0055222474791949434 0 0 0 0 0 0.010028590086190354
leaf_weight=4.6449202112853545 1.2409047484397868 1.4512118939310301 1.1658512726426113 3.8736010268330574 1.1675121933221815 7.578888300806284
leaf_count=93 9 17 7 30 8 62
internal_value=0.00036467 0.00441616 0.00730599 -0.00118454 -0.00384989 0.00912995
internal_weight=21.1229 11.4369 9.98564 9.68603 5.81243 8.81979
internal_count=226 95 78 131 101 71
is_linear=0
shrinkage=0.03


Tree=264
num_leaves=7
num_cat=0
split_feature=1 58 47 47 53 55
split_gain=0.678267 0.490473 0.46211 0.526376 0.223829 0.167188
threshold=0.83333334326744091 0.009599999990314247 0.085297085344791426 0.79380273818969738 -0.24242531508207318 0.14269554615020755
decision_type=2 2 2 2 2 2
left_child=2 5 -1 4 -4 -2
right_child=1 -3 3 -5 -6 -7
leaf_value=0 0.0084007308055407057 0 -0.0085014960150995873 0 0 0
leaf_weight=2.8089738637208965 4.7360967956483355 1.2782061807811258 7.3428037483245125 3.4262114502489558 0.86126165837049384 1.3823144398629663
leaf_count=16 45 27 97 33 6 10
internal_value=0 0.00507503 -0.0025776 -0.00517054 -0.00760197 0.00742865
internal_weight=21.8359 7.39662 14.4393 11.6303 8.20407 6.11841
internal_count=234 82 152 136 103 55
is_linear=0
shrinkage=0.03


Tree=265
num_leaves=7
num_cat=0
split_feature=51 44 68 11 39 62
split_gain=0.377365 0.413706 0.270827 0.206 0.0283597 0.0125789
threshold=-0.51844158768653859 0.351733148097992 313.60475158691412 6.5000000000000009 0.039325240999460227 0.89659997820854198
decision_type=2 2 8 2 2 2
left_child=2 -2 4 -4 -1 -3
right_child=1 5 3 -5 -6 -7
leaf_value=0.0014548615191813654 0.0063788846093237759 -0.00096875859777512238 -0.0063311796266860209 0 0 0
leaf_weight=2.0587030947208413 3.6380033381283274 2.0629359036684018 4.6237522792071113 1.0955216083675621 2.1755884066224098 6.1855834983289242
leaf_count=13 32 24 90 11 21 48
internal_value=0 0.00288841 -0.00280532 -0.00504934 0 0
internal_weight=21.8401 11.8865 9.95357 5.71927 4.23429 8.24852
internal_count=239 104 135 101 34 72
is_linear=0
shrinkage=0.03


Tree=266
num_leaves=6
num_cat=0
split_feature=60 1 28 4 45
split_gain=0.560546 0.664758 0.619681 0.609851 0.71596
threshold=0.0030000000260770325 0.83333334326744091 0.82930251955986034 0.0079052620567381399 0.53441932797431957
decision_type=2 2 2 8 2
left_child=2 -2 3 -1 -5
right_child=1 -3 -4 4 -6
leaf_value=0 -0.0075469367552501894 0 0 0.010191415958935609 0
leaf_weight=2.2131990399211654 4.9961569290608159 1.6301265265792606 1.6536607816815365 9.251837154850362 1.4233810789883143
leaf_count=28 65 17 24 75 18
internal_value=0 -0.00392273 0.00318301 0.0059355 0.0080962
internal_weight=21.1684 6.62628 14.5421 12.8884 10.6752
internal_count=227 82 145 121 93
is_linear=0
shrinkage=0.03


Tree=267
num_leaves=7
num_cat=0
split_feature=58 50 47 35 62 51
split_gain=0.355327 0.606661 0.448911 0.429798 0.281602 0.165431
threshold=0.009599999990314247 0.15126202255487445 0.85333144664764415 0.36522072553634649 0.83859997987747203 -0.64645934104919422
decision_type=2 2 2 2 2 2
left_child=1 2 3 -1 5 -2
right_child=4 -3 -4 -5 -6 -7
leaf_value=0 0 0 0 0.010268294014054919 0 -0.005622481627396308
leaf_weight=4.5106608308851772 0.48196511156857003 5.7586581707000724 1.3045965712517489 5.254876010119915 0.81658176891505707 4.2512875348329535
leaf_count=30 7 54 17 46 6 80
internal_value=0 0.00318179 0.00622928 0.00786166 -0.00176034 -0.00452467
internal_weight=22.3786 16.8288 11.0701 9.76554 5.54983 4.73325
internal_count=240 147 93 76 93 87
is_linear=0
shrinkage=0.03


Tree=268
num_leaves=7
num_cat=0
split_feature=35 58 42 47 47 14
split_gain=0.294299 0.506431 0.464495 0.319617 0.202127 0.242354
threshold=0.32889331877231603 0.009599999990314247 0.48570363223552709 0.8404977321624757 0.077529683709144606 1.3474708795547488
decision_type=2 2 2 2 2 2
left_child=4 2 3 -2 -1 -6
right_child=1 -3 -4 -5 5 -7
leaf_value=0 0.0090659194586949626 0 0 0 0 -0.0052816750238381697
leaf_weight=0.87228598445654171 6.8562635220587236 3.4123384784907094 2.5998845994472504 0.97597062960267056 0.71912881731986988 5.8071662280708551
leaf_count=5 62 60 22 14 5 60
internal_value=0 0.00306461 0.00576782 0.0078461 -0.00153369 -0.00367205
internal_weight=21.243 13.8445 10.4321 7.83223 7.39858 6.5263
internal_count=228 158 98 76 70 65
is_linear=0
shrinkage=0.03


Tree=269
num_leaves=7
num_cat=0
split_feature=1 54 42 58 2 44
split_gain=0.774049 0.704966 0.648072 0.529629 0.231082 0.0821448
threshold=0.83333334326744091 0.069159060716629042 0.23753813654184344 0.009599999990314247 1.4670542478561404 0.095870967954397215
decision_type=2 2 2 2 2 2
left_child=1 -1 -3 4 -2 -4
right_child=3 2 5 -5 -6 -7
leaf_value=0 0.0086870069066294024 0 0 0 0 -0.0095235084530722186
leaf_weight=2.698721811175349 4.4056933224201194 2.9039323758333913 1.2377097215503434 1.6637237798422573 1.336712874472141 7.4849501512944698
leaf_count=14 40 35 15 32 14 84
internal_value=0 -0.00347753 -0.00655284 0.00480858 0.00747297 -0.00898625
internal_weight=21.7314 14.3253 11.6266 7.40613 5.74241 8.72266
internal_count=234 148 134 86 54 99
is_linear=0
shrinkage=0.03


Tree=270
num_leaves=7
num_cat=0
split_feature=37 34 44 26 29 51
split_gain=0.353611 0.67087 0.438263 0.518751 0.564485 0.379169
threshold=0.667617827653885 0.76888278126716625 0.52804261445999157 0.043026529252529151 0.2463038116693497 -0.51844158768653859
decision_type=2 2 2 2 2 2
left_child=2 5 3 -1 -5 -2
right_child=1 -3 -4 4 -6 -7
leaf_value=0 0 0 0 0 -0.00928073643644068 0.0089648518074697606
leaf_weight=2.4974579475820082 2.8927085287868968 1.7073540948331354 2.6920689586549988 1.0629030354321001 6.8530557993799448 4.6953674703836432
leaf_count=19 31 26 17 15 87 42
internal_value=0 0.00349734 -0.00188661 -0.0048323 -0.0072571 0.00690998
internal_weight=22.4009 9.29543 13.1055 10.4134 7.91596 7.58808
internal_count=237 99 138 121 102 73
is_linear=0
shrinkage=0.03


Tree=271
num_leaves=7
num_cat=0
split_feature=60 56 14 0 50 31
split_gain=0.176965 0.411633 0.359546 0.327044 0.242114 0.0884135
threshold=0.0030000000260770325 -0.2745461761951446 13.089718341827394 0.83333334326744091 1.0000000180025095e-35 0.27553521096706396
decision_type=2 2 2 2 2 2
left_child=2 3 4 -2 -1 -4
right_child=1 -3 5 -5 -6 -7
leaf_value=0 -0.0070860541317823425 0 0 0 0.0059786841848860359 -0.0024040847456840617
leaf_weight=1.0543863903731123 4.7298791576176882 0.85336624830961127 2.3941919021308413 1.7776159513741729 7.5117742586880922 3.7677090968936682
leaf_count=11 63 6 21 19 65 47
internal_value=0 -0.00207584 0.0018481 -0.00519369 0.00468808 0
internal_weight=22.0889 7.36086 14.7281 6.5075 8.56616 6.1619
internal_count=232 88 144 82 76 68
is_linear=0
shrinkage=0.03


Tree=272
num_leaves=7
num_cat=0
split_feature=68 60 11 7 47 32
split_gain=0.673572 0.725901 0.478792 0.373753 0.337667 0.307595
threshold=697.16046142578136 0.0061999999452382335 7.5000000000000009 388.00000000000006 0.070282794535160079 0.84624272584915172
decision_type=8 2 2 2 2 2
left_child=1 3 4 -1 -2 -6
right_child=2 -3 -4 -5 5 -7
leaf_value=0.0086540311217428428 0 0 0 0 -0.0091015580024243151 0
leaf_weight=6.4339145943522471 1.0621675401926021 5.6429741866886616 1.4905919060111035 1.1788079962134359 6.620070175267756 0.48707976192235936
leaf_count=53 5 49 13 10 101 11
internal_value=0 0.00321973 -0.00430956 0.00712609 -0.0066191 -0.00801856
internal_weight=22.9156 13.2557 9.65991 7.61272 8.16932 7.10715
internal_count=242 112 130 63 117 112
is_linear=0
shrinkage=0.03


Tree=273
num_leaves=7
num_cat=0
split_feature=68 60 54 7 5 3
split_gain=0.338237 0.561928 0.410278 0.302525 0.218508 0.028416
threshold=385.15440368652349 0.34340000152587896 0.079683117568492903 272.50000000000006 0.39178082346916204 2.8333333730697636
decision_type=8 2 2 2 2 2
left_child=1 3 -2 -1 5 -4
right_child=2 -3 4 -5 -6 -7
leaf_value=0.0081953953670476764 0.00080775395436932958 0 -0.0063401837096854199 0 0 0
leaf_weight=6.0624617636203784 3.8679053112864477 1.2744579650461672 4.5968490736559033 1.0872772410511968 2.8285912033170462 0.53978031501173962
leaf_count=47 26 14 84 12 38 6
internal_value=0.000156117 0.00404072 -0.000445351 0.00685785 -0.00450455 -0.00608891
internal_weight=20.2573 8.4242 11.8331 7.14974 7.96522 5.13663
internal_count=227 73 154 59 128 90
is_linear=0
shrinkage=0.03


Tree=274
num_leaves=7
num_cat=0
split_feature=58 19 39 4 31 35
split_gain=0.366751 0.692723 0.541334 0.238802 0.29171 0.0763819
threshold=1.0000000180025095e-35 0.44250741600990301 0.17409796267747882 0.0079052620567381399 0.69415679574012767 0.1045847423374653
decision_type=2 2 2 10 2 2
left_child=1 2 5 4 -2 -1
right_child=3 -3 -4 -5 -6 -7
leaf_value=0 -0.0064006748587882205 0 0 0 0 0.0093252310209492473
leaf_weight=1.3169002681970612 4.416947918944059 5.7280709017068139 1.760760463774204 2.9927972294390202 0.96972437016665924 6.0566906854510307
leaf_count=8 72 56 13 32 14 53
internal_value=0 0.0029536 0.00662707 -0.00248155 -0.00461778 0.00874138
internal_weight=23.2419 14.8624 9.13435 8.37947 5.38667 7.37359
internal_count=248 130 74 118 86 61
is_linear=0
shrinkage=0.03


Tree=275
num_leaves=7
num_cat=0
split_feature=68 0 60 54 42 68
split_gain=0.449664 0.68067 0.447079 0.369835 0.43918 0.301968
threshold=385.15440368652349 1.8333333134651186 0.34340000152587896 0.069159060716629042 0.18874773383140567 50.487812042236335
decision_type=8 2 2 2 2 10
left_child=2 3 5 -2 -5 -1
right_child=1 -3 -4 4 -6 -7
leaf_value=0 0 0 0 0 -0.0097942283713717306 0.0072129226016754587
leaf_weight=2.0625102557241934 1.9466016888618449 3.1211014389991751 1.6743392907083023 0.9444643985480069 6.4827098911628127 6.1153311468660831
leaf_count=17 10 27 14 16 102 51
internal_value=0 -0.00326921 0.00287664 -0.00663549 -0.00824908 0.00558323
internal_weight=22.3471 12.4949 9.85218 9.37378 7.42717 8.17784
internal_count=237 155 82 128 118 68
is_linear=0
shrinkage=0.03


Tree=276
num_leaves=7
num_cat=0
split_feature=35 47 11 54 28 53
split_gain=0.600928 0.689476 0.601876 0.782313 0.445637 0.279426
threshold=0.61007177829742443 0.077529683709144606 3.8500000238418584 0.79003721475601207 0.82930251955986034 -0.49601510167121882
decision_type=2 2 2 2 2 2
left_child=1 -1 3 -3 5 -2
right_child=4 2 -4 -5 -6 -7
leaf_value=0 0 -0.011156293545524918 0 0 0 0.0072082359151982942
leaf_weight=1.2414306029677415 1.7524340134114016 8.0046415999531728 1.65344695188105 1.4330530092120159 1.3349224850535391 5.7583204209804526
leaf_count=7 23 90 21 10 24 54
internal_value=0 -0.00409563 -0.00686897 -0.00889181 0.0029699 0.00569185
internal_weight=21.1782 12.3326 11.0911 9.43769 8.84568 7.51075
internal_count=229 128 121 100 101 77
is_linear=0
shrinkage=0.03


Tree=277
num_leaves=7
num_cat=0
split_feature=37 34 55 47 68 17
split_gain=0.38822 0.541046 0.566927 0.249156 0.257275 0.553558
threshold=0.667617827653885 0.76888278126716625 0.14797452092170718 0.087287481874227538 247.4860534667969 0.021675205789506439
decision_type=2 2 2 2 10 2
left_child=3 2 -2 -1 5 -5
right_child=1 -3 -4 4 -6 -7
leaf_value=0.00064424069367615821 0.008986328073609445 0 0 0 0 -0.0079228660117276473
leaf_weight=3.1923214495182064 6.9483100883662683 1.5973673835396756 1.0880347974598406 1.3442409373819808 3.9529083436354995 5.1105184406042099
leaf_count=18 71 23 8 9 43 70
internal_value=0.00081493 0.00434971 0.0068988 0 -0.0032741 -0.00523132
internal_weight=23.2337 9.63371 8.03634 13.6 10.4077 6.45476
internal_count=242 102 79 140 122 79
is_linear=0
shrinkage=0.03


Tree=278
num_leaves=7
num_cat=0
split_feature=68 6 55 45 4 9
split_gain=0.447946 0.579404 0.538946 0.236127 0.341246 0.436169
threshold=752.01473999023449 192.00000000000003 0.14269554615020755 0.058614067733287818 0.005215203622356058 5.1666667461395273
decision_type=8 2 2 2 8 2
left_child=1 2 -1 -2 -5 -6
right_child=3 -3 -4 4 5 -7
leaf_value=0.0082519258275632178 0 0 0 0 -0.0077371611484204498 0
leaf_weight=9.8214070126414317 1.2241937164217214 1.5518389586359251 1.8020226340740908 0.79109978489577759 6.2390433708205819 0.74537081271409977
leaf_count=85 8 14 17 11 101 6
internal_value=0 0.00384829 0.00632359 -0.00177619 -0.00391504 -0.00584158
internal_weight=22.175 13.1753 11.6234 8.99971 7.77551 6.98441
internal_count=242 116 102 126 118 107
is_linear=0
shrinkage=0.03


Tree=279
num_leaves=7
num_cat=0
split_feature=62 30 55 51 31 31
split_gain=0.326113 0.606845 0.337777 0.166464 0.153374 0.121947
threshold=0.0010000000183936211 0.12004877626895906 0.14269554615020755 -0.35621370375156397 0.15461797267198565 0.087492756545543685
decision_type=2 2 2 2 2 2
left_child=1 -1 3 5 -3 -2
right_child=2 4 -4 -5 -6 -7
leaf_value=0 0 0 0 0 -0.0074599010800660689 0.0064144501251320526
leaf_weight=2.676872171461584 1.3646896407008151 0.4511667639017104 2.8343986961990586 1.9074963182210911 5.1997990068048239 6.9010637477040291
leaf_count=22 10 4 24 17 98 63
internal_value=0 -0.00297005 0.00239369 0.00464803 -0.00672504 0.00566237
internal_weight=21.3355 8.32784 13.0076 10.1732 5.65097 8.26575
internal_count=238 124 114 90 102 73
is_linear=0
shrinkage=0.03


Tree=280
num_leaves=7
num_cat=0
split_feature=58 50 35 62 50 55
split_gain=0.323337 0.639386 0.294959 0.217516 0.202837 0.0432918
threshold=1.0000000180025095e-35 0.14968683570623401 0.36522072553634649 0.83859997987747203 0.25274411588907247 0.16589002311229709
decision_type=2 2 2 2 2 2
left_child=1 2 -1 4 -2 -3
right_child=3 5 -4 -5 -6 -7
leaf_value=0 -0.0057010484104233752 -0.0017046054642927502 0.0079978858279874474 0 0 0
leaf_weight=3.6750281751155871 6.2173780463635904 3.4091206938028327 5.3696037959307432 0.82486606761813153 1.1811177544295786 0.96055825427174557
leaf_count=28 98 35 47 8 14 10
internal_value=0 0.0024646 0.0061387 -0.0028573 -0.00445006 0
internal_weight=21.6377 13.4143 9.04463 8.22336 7.3985 4.36968
internal_count=240 120 75 120 112 45
is_linear=0
shrinkage=0.03


Tree=281
num_leaves=7
num_cat=0
split_feature=54 61 1 32 46 14
split_gain=0.305949 0.351371 0.414358 0.546545 0.24024 0.00576519
threshold=0.069159060716629042 1.0000000180025095e-35 0.83333334326744091 0.82274550199508678 0.19557714462280276 12.716366767883303
decision_type=2 2 2 2 2 2
left_child=-1 2 3 -2 -3 -4
right_child=1 4 5 -5 -6 -7
leaf_value=0.0044100189641622526 -0.0083910656584139411 0 0.00065655412453084945 0 0.0039509038955520175 0
leaf_weight=3.2763660773634937 7.0096263503655809 2.7779388912022105 2.0369172804057603 0.8579037208110093 3.8867425993084908 1.8600354567170141
leaf_count=21 98 24 19 15 28 28
internal_value=0 -0.000776735 -0.00391057 -0.00628485 0.000181799 0
internal_weight=21.7055 18.4292 11.7645 7.86753 6.66468 3.89695
internal_count=233 212 160 113 52 47
is_linear=0
shrinkage=0.03


Tree=282
num_leaves=7
num_cat=0
split_feature=68 7 54 4 0 48
split_gain=0.209452 0.385423 0.322146 0.444183 0.364008 0.174339
threshold=385.15440368652349 272.50000000000006 0.069159060716629042 0.0050959466025233277 3.1666666269302373 -0.32985320687294001
decision_type=8 2 2 8 2 2
left_child=1 5 -2 -4 -5 -1
right_child=2 -3 3 4 -6 -7
leaf_value=0 0.00062228632221373898 0 0 -0.007577614342631561 0 0.0064990042890708862
leaf_weight=1.1422905698418615 2.1045229882001868 1.7089082077145574 1.1819659080356331 7.6986690293997526 1.4142794981598852 6.3043021187186259
leaf_count=9 11 16 14 118 12 53
internal_value=0 0.00310653 -0.000403483 -0.00377288 -0.00600257 0.00552071
internal_weight=21.5549 9.1555 12.3994 10.2949 9.11295 7.44659
internal_count=233 78 155 144 130 62
is_linear=0
shrinkage=0.03


Tree=283
num_leaves=6
num_cat=0
split_feature=54 0 57 47 31
split_gain=0.336281 0.421879 0.559714 0.131532 0.0204336
threshold=0.069159060716629042 3.5000000000000004 0.65219998359680187 0.087287481874227538 0.19510143250226977
decision_type=2 2 2 2 2
left_child=-1 2 3 -2 -4
right_child=1 -3 4 -5 -6
leaf_value=0.0042050242592741932 0 0.00032623337565228569 0.0012292925095866544 -0.007335790139766347 0
leaf_weight=3.316230513155463 1.30414064973593 1.8574794083833683 2.1696394309401503 9.8414095602929574 2.2948672194033861
leaf_count=23 8 24 16 125 30
internal_value=0 -0.00156404 -0.00417136 -0.00670049 0
internal_weight=20.7838 17.4675 15.6101 11.1456 4.46451
internal_count=226 203 179 133 46
is_linear=0
shrinkage=0.03


Tree=284
num_leaves=7
num_cat=0
split_feature=14 36 60 32 7 52
split_gain=0.445413 0.469364 0.477541 0.428982 0.337159 0.280229
threshold=13.089718341827394 0.81128785014152538 0.31399999558925634 0.17417489737272265 379.50000000000006 -0.31572489440441126
decision_type=2 2 2 2 2 2
left_child=1 2 4 -2 -1 -5
right_child=3 -3 -4 5 -6 -7
leaf_value=0.0089834397302579264 9.8071531016268883e-05 0 0 -0.0064941967505159365 0 0
leaf_weight=9.1278528422117251 2.192102484405039 1.7123197764158238 2.2867452446371308 5.6519612800329924 1.2936721518635739 0.54525371268391598
leaf_count=81 14 20 25 94 11 4
internal_value=0.000525848 0.00398601 0.005974 -0.00109236 0.007793 -0.00501836
internal_weight=22.8099 14.4206 12.7083 8.38932 10.4215 6.19721
internal_count=249 137 117 112 92 98
is_linear=0
shrinkage=0.03


Tree=285
num_leaves=6
num_cat=0
split_feature=47 0 48 60 68
split_gain=0.421442 0.473013 0.626077 0.307607 0.149466
threshold=0.087287481874227538 3.5000000000000004 -0.19895818084478376 0.8384000062942506 313.60475158691412
decision_type=2 2 2 2 8
left_child=-1 2 4 -4 -2
right_child=1 -3 3 -5 -6
leaf_value=0.0047582907366883614 0.0031412212721044462 0.00085995812461631431 -0.0085991527695848773 0 -0.00069585851199166005
leaf_weight=4.3708969503641155 2.9944097548723247 2.0558808371424666 7.7297300826758129 1.322078827768564 3.0104115158319473
leaf_count=32 18 27 105 15 42
internal_value=0 -0.00141025 -0.0043343 -0.00736769 0
internal_weight=21.4834 17.1125 15.0566 9.05181 6.00482
internal_count=239 207 180 120 60
is_linear=0
shrinkage=0.03


Tree=286
num_leaves=7
num_cat=0
split_feature=68 60 11 52 49 31
split_gain=0.472741 0.644149 0.443865 0.210933 0.179746 0.0316548
threshold=752.01473999023449 0.036400001496076591 5.6070852279663095 -0.38562110066413874 -0.24350908398628232 0.72432744503021251
decision_type=8 2 2 2 2 2
left_child=1 4 3 -2 -1 -3
right_child=2 5 -4 -5 -6 -7
leaf_value=0 -0.0070890265244190924 -0.0014701138138699416 0 0 0.0077161398273919912 0
leaf_weight=0.77799571678042401 4.9839203311130396 3.1819854211062193 1.8107982464134691 2.6058506667613974 6.8509383611381072 0.9643220230937003
leaf_count=7 90 33 19 21 64 9
internal_value=0 0.00346726 -0.0029047 -0.00565833 0.00690904 0
internal_weight=21.1758 11.7752 9.40057 7.58977 7.62893 4.14631
internal_count=243 113 130 111 71 42
is_linear=0
shrinkage=0.03


Tree=287
num_leaves=7
num_cat=0
split_feature=68 26 4 24 59 4
split_gain=0.586295 0.65149 0.226321 0.2386 0.232131 0.193533
threshold=50.487812042236335 0.14372427761554721 0.0085945865139365214 0.60883086919784557 0.27939999103546148 0.0050959466025233277
decision_type=10 2 8 2 2 8
left_child=1 -1 -2 4 -4 -3
right_child=2 5 3 -5 -6 -7
leaf_value=0 0 0 0.0076037287438525695 0 0 -0.0078800048374096151
leaf_weight=3.6089964210987109 1.5015780795365543 0.56154480017721642 5.5959534719586372 2.2499760976061225 1.569638919085264 6.3271569907665253
leaf_count=27 20 8 48 29 16 85
internal_value=0 -0.00351536 0.00362167 0.00496205 0.00635288 -0.00705099
internal_weight=21.4148 10.4977 10.9171 9.41557 7.16559 6.8887
internal_count=233 120 113 93 64 93
is_linear=0
shrinkage=0.03


Tree=288
num_leaves=7
num_cat=0
split_feature=0 58 47 47 49 53
split_gain=0.255176 0.427528 0.399742 0.53047 0.384409 0.208523
threshold=0.83333334326744091 0.009599999990314247 0.085297085344791426 0.79380273818969738 0.14659953117370608 -0.22608545422554013
decision_type=2 2 2 2 2 2
left_child=2 4 -1 5 -2 -4
right_child=1 -3 3 -5 -6 -7
leaf_value=0 0.00781531653790111 0 -0.0079299607329631084 0 0 0
leaf_weight=3.2981937527656582 5.0430664680898172 1.7547474335879085 6.958869367837905 3.1354495547711849 1.6186809651553629 0.84252437204122443
leaf_count=18 50 33 95 30 11 5
internal_value=0 0.00319566 -0.00130992 -0.00437832 0.00586354 -0.00702606
internal_weight=22.6515 8.41649 14.235 10.9368 6.66175 7.80139
internal_count=242 94 148 130 61 100
is_linear=0
shrinkage=0.03


Tree=289
num_leaves=7
num_cat=0
split_feature=68 4 11 9 32 55
split_gain=0.385652 0.413338 0.369585 0.24186 0.280733 0.184929
threshold=529.38558959960949 0.011484991759061815 5.6070852279663095 1.0000000180025095e-35 0.84624272584915172 0.16169135272502902
decision_type=8 8 2 2 2 2
left_child=1 -1 5 -3 -5 -2
right_child=2 3 -4 4 -6 -7
leaf_value=0 -0.0059342378821072052 0 0 0.0080602225174890574 0 0
leaf_weight=1.4135930277407176 6.5722834169864637 0.97569046169519502 1.7165181655436752 7.00692595168948 1.0548749715089796 0.83474820666015137
leaf_count=11 101 8 17 66 10 13
internal_value=0 0.00358303 -0.00210247 0.00577339 0.00686908 -0.00489541
internal_weight=19.5746 10.4511 9.12355 9.03749 8.0618 7.40703
internal_count=226 95 131 84 76 114
is_linear=0
shrinkage=0.03


Tree=290
num_leaves=7
num_cat=0
split_feature=19 58 27 14 30 47
split_gain=0.349409 0.669889 0.248582 0.119398 0.0889511 0.0494421
threshold=0.44250741600990301 1.0000000180025095e-35 0.014863425865769388 12.331385612487795 0.14627855271101001 0.13558906316757205
decision_type=2 2 2 2 2 2
left_child=1 2 -1 -2 -5 -3
right_child=3 5 -4 4 -6 -7
leaf_value=0 0 0 0.0072066486567607564 0 -0.0049745200827818574 -0.001821499412167417
leaf_weight=0.76992069184780376 1.5138647165149439 0.90240816399454971 8.8083181325346214 1.0854049697518346 4.2099143555387855 3.4550274349749088
leaf_count=6 19 5 75 9 70 49
internal_value=0 0.00250624 0.00620211 -0.00312472 -0.00421376 -0.000100159
internal_weight=20.7449 13.9357 9.57824 6.80918 5.29532 4.35744
internal_count=233 135 81 98 79 54
is_linear=0
shrinkage=0.03


Tree=291
num_leaves=7
num_cat=0
split_feature=68 55 11 4 4 60
split_gain=0.379392 0.469657 0.387074 0.338939 0.326409 0.225938
threshold=529.38558959960949 0.14431183785200122 5.6070852279663095 0.0080972984433174151 0.0050959466025233277 0.31399999558925634
decision_type=8 2 2 8 8 2
left_child=1 3 4 -1 -2 -5
right_child=2 -3 -4 5 -6 -7
leaf_value=0 0 0 0 0.0084913271003609486 -0.0064733556896845587 0
leaf_weight=1.0127288252115256 0.95872966200113019 1.2684893198311318 1.9820633344352234 6.4129315763711938 7.4504902027547368 1.4812893532216547
leaf_count=7 10 13 19 58 108 13
internal_value=0 0.00353653 -0.00209054 0.00597516 -0.00487487 0.0074007
internal_weight=20.5667 10.1754 10.3913 8.90695 8.40922 7.89422
internal_count=228 91 137 78 118 71
is_linear=0
shrinkage=0.03


Tree=292
num_leaves=7
num_cat=0
split_feature=38 51 53 52 34 19
split_gain=0.39034 0.947291 0.313399 0.325535 0.273003 0.240798
threshold=0.42017959058284765 -0.51844158768653859 -0.22608545422554013 -0.55058971047401417 0.84509512782096874 0.82340154051780712
decision_type=2 2 2 2 2 2
left_child=2 -2 3 -1 5 -3
right_child=1 4 -4 -5 -6 -7
leaf_value=0 0 0.010573082199635649 0 -0.006219253393704694 0 0
leaf_weight=1.9184541795402754 4.2712310506030917 4.3264219649136049 1.6254627853631998 6.5406944267451754 0.85427724942564953 0.99050000309944142
leaf_count=24 70 43 10 63 11 8
internal_value=0 0.0037441 -0.00179535 -0.00433443 0.00839297 0.00950852
internal_weight=20.527 10.4424 10.0846 8.45915 6.1712 5.31692
internal_count=229 132 97 87 62 51
is_linear=0
shrinkage=0.03


Tree=293
num_leaves=7
num_cat=0
split_feature=54 68 5 42 60 28
split_gain=0.486283 0.632939 0.534047 0.428958 0.116638 0.0337888
threshold=0.069159060716629042 292.94918823242193 0.84155249595642101 0.18874773383140567 0.0061999999452382335 0.20100600272417071
decision_type=2 8 2 2 2 2
left_child=-1 4 3 -3 -2 -6
right_child=1 2 -4 -5 5 -7
leaf_value=0.0037506421148360532 0.0027600284460509448 0 0 -0.0094182812244854412 0 -0.0015844087902838022
leaf_weight=3.6696966625750091 3.7802178002893951 1.2543330602347822 0.8999456427991398 8.9586470061913115 0.98251432180404696 2.1138196289539337
leaf_count=24 29 20 10 132 9 19
internal_value=0 -0.00296076 -0.00621306 -0.00800623 0 0
internal_weight=21.6592 17.9895 11.1129 10.213 6.87655 3.09633
internal_count=243 219 162 152 57 28
is_linear=0
shrinkage=0.03


Tree=294
num_leaves=7
num_cat=0
split_feature=50 59 24 34 21 0
split_gain=0.804718 0.737801 0.609765 0.764409 0.343387 0.39377
threshold=0.15126202255487445 0.16600000113248828 0.61858308315277111 0.078262127935886397 0.25829005241394049 4.8333332538604745
decision_type=2 2 2 2 2 2
left_child=1 2 3 -1 -2 -6
right_child=4 -3 -4 -5 5 -7
leaf_value=0 0 0 0 0.011700004115220876 -0.0078241602938036656 0
leaf_weight=1.8748035170137898 0.93115206249058147 2.9312781803309909 1.9977731183171261 6.8428851272910833 6.0549026178196073 0.70925898849964131
leaf_count=14 9 43 25 56 74 12
internal_value=0 0.00413771 0.00718315 0.00929645 -0.00424852 -0.00612271
internal_weight=21.3421 13.6467 10.7155 8.71769 7.69531 6.76416
internal_count=233 138 95 70 95 86
is_linear=0
shrinkage=0.03


Tree=295
num_leaves=7
num_cat=0
split_feature=26 31 57 47 60 11
split_gain=0.329448 0.510831 0.558109 0.186918 0.177194 0.114915
threshold=0.16030008345842364 0.69415679574012767 0.72819998860359203 0.070282794535160079 0.21280000358819964 1.1666666865348818
decision_type=2 2 2 2 2 2
left_child=4 2 3 -2 5 -1
right_child=1 -3 -4 -5 -6 -7
leaf_value=0 0 0 0 -0.0091208505541394338 0 0.0048955845122174435
leaf_weight=1.0022502876818205 0.5841275528073292 3.8656837269663802 2.3957600761204958 5.898000062443316 1.370886633172631 5.3179050758481026
leaf_count=8 4 51 28 83 12 44
internal_value=0 -0.00290763 -0.00587701 -0.0083687 0.00242719 0.00401967
internal_weight=20.4346 12.7436 8.87789 6.48213 7.69104 6.32016
internal_count=230 166 115 87 64 52
is_linear=0
shrinkage=0.03


Tree=296
num_leaves=7
num_cat=0
split_feature=58 17 34 60 17 23
split_gain=0.422174 0.437437 0.501341 0.283916 0.157377 0.2338
threshold=1.0000000180025095e-35 0.8604593575000764 0.79708495736122142 0.88940000534057628 0.11143004521727563 0.92635458707809459
decision_type=2 2 2 2 2 2
left_child=1 2 3 -1 -2 -6
right_child=4 -3 -4 -5 5 -7
leaf_value=0.0085395639703724577 0 0 0 0 -0.0050566241070316648 0
leaf_weight=9.7809068299829978 2.2328420262783748 1.4391940683126438 1.7758191134780634 1.1802904959768046 5.2749105375260115 0.60394147969782341
leaf_count=84 19 13 20 12 93 9
internal_value=0.000140311 0.00376158 0.0056886 0.00752513 -0.0014582 -0.00336828
internal_weight=22.2879 14.1762 12.737 10.9612 8.11169 5.87885
internal_count=250 129 116 96 121 102
is_linear=0
shrinkage=0.03


Tree=297
num_leaves=7
num_cat=0
split_feature=1 54 54 17 26 51
split_gain=0.772214 0.848692 0.636636 0.238524 0.102109 0.0918786
threshold=0.83333334326744091 0.069159060716629042 0.72662216424942028 0.68966230750083934 0.88823613524436962 -0.56707820296287526
decision_type=2 2 2 2 2 2
left_child=1 -1 4 5 -3 -2
right_child=3 2 -4 -5 -6 -7
leaf_value=0 0 -0.010672608790751903 0 0 0 0.0051727529066442008
leaf_weight=2.4604996591806438 1.0493846610188478 8.4548950120806659 2.4151834379881612 1.8501300923526285 0.88578895106911737 3.467841880396008
leaf_count=13 17 103 25 18 16 40
internal_value=-0.00116365 -0.00527331 -0.00812783 0.00196194 -0.0101949 0.00437346
internal_weight=20.5837 14.2164 11.7559 6.36736 9.34068 4.51723
internal_count=232 157 144 75 119 57
is_linear=0
shrinkage=0.03


Tree=298
num_leaves=7
num_cat=0
split_feature=68 60 26 4 19 41
split_gain=0.495088 0.734852 0.411625 0.240118 0.190898 0.121191
threshold=50.487812042236335 0.31399999558925634 0.14372427761554721 0.0088907959870994108 0.23182993382215503 0.49817629158496862
decision_type=10 2 2 8 2 2
left_child=2 3 -1 -2 -4 -6
right_child=1 -3 4 -5 5 -7
leaf_value=0 0 0 0 0.0087739905784255112 -0.0068222464050717762 0
leaf_weight=3.4896092694252747 1.3733902499079675 2.1759865283966056 1.0445645712316034 6.9881714330986151 4.4524599751457572 0.67833589017391194
leaf_count=27 16 25 13 68 71 4
internal_value=0.000448133 0.00457746 -0.00104119 0.00771073 -0.00492147 -0.0061031
internal_weight=20.2025 10.5375 9.66497 8.36156 6.17536 5.1308
internal_count=224 109 115 84 88 75
is_linear=0
shrinkage=0.03


Tree=299
num_leaves=7
num_cat=0
split_feature=19 68 28 2 4 35
split_gain=0.308365 0.773913 0.260512 0.293031 0.179609 0.116796
threshold=0.24221903830766681 102.1502151489258 0.01563517423346639 1.4670542478561404 0.0049020785372704276 0.67171353101730358
decision_type=2 10 2 2 8 2
left_child=2 -2 -1 4 -4 -3
right_child=1 5 3 -5 -6 -7
leaf_value=0 -0.0076681435512804636 0 0 0 0.0068995112419395254 0.0027985985264823545
leaf_weight=1.1894755735993401 5.1361665809527022 2.8104187343269587 0.7610054239630698 1.0729433447122572 5.6265355329960585 3.421109626069665
leaf_count=10 74 40 5 13 54 34
internal_value=0 -0.0030092 0.00212274 0.00427096 0.00596058 0
internal_weight=20.0177 11.3677 8.64996 7.46048 6.38754 6.23153
internal_count=230 148 82 72 59 74
is_linear=0
shrinkage=0.03


end of trees

feature_importances:
Column_68=137
Column_60=132
Column_58=119
Column_0=107
Column_54=83
Column_47=67
Column_51=62
Column_30=55
Column_4=53
Column_14=49
Column_62=43
Column_19=39
Column_32=37
Column_26=36
Column_31=36
Column_11=35
Column_12=34
Column_34=34
Column_55=29
Column_61=28
Column_1=27
Column_53=27
Column_17=26
Column_28=26
Column_48=25
Column_57=25
Column_6=21
Column_50=21
Column_35=20
Column_56=20
Column_43=19
Column_24=18
Column_52=18
Column_2=17
Column_7=17
Column_9=15
Column_44=15
Column_42=14
Column_46=14
Column_59=14
Column_23=13
Column_5=11
Column_38=11
Column_39=11
Column_3=9
Column_49=9
Column_27=8
Column_36=8
Column_33=7
Column_37=7
Column_41=7
Column_21=6
Column_40=6
Column_45=6
Column_15=5
Column_29=5
Column_18=4
Column_20=4
Column_25=4
Column_22=3

parameters:
[boosting: gbdt]
[objective: binary]
[metric: binary_logloss]
[tree_learner: serial]
[device_type: cpu]
[data_sample_strategy: bagging]
[data: ]
[valid: ]
[num_iterations: 300]
[learning_rate: 0.03]
[num_leaves: 7]
[num_threads: -1]
[seed: 50475]
[deterministic: 0]
[force_col_wise: 1]
[force_row_wise: 0]
[histogram_pool_size: -1]
[max_depth: 4]
[min_data_in_leaf: 10]
[min_sum_hessian_in_leaf: 0.001]
[bagging_fraction: 0.8]
[pos_bagging_fraction: 1]
[neg_bagging_fraction: 1]
[bagging_freq: 1]
[bagging_seed: 50475]
[bagging_by_query: 0]
[feature_fraction: 0.8]
[feature_fraction_bynode: 1]
[feature_fraction_seed: 50475]
[extra_trees: 0]
[extra_seed: 32623]
[early_stopping_round: 0]
[early_stopping_min_delta: 0]
[first_metric_only: 0]
[max_delta_step: 0]
[lambda_l1: 2]
[lambda_l2: 10]
[linear_lambda: 0]
[min_gain_to_split: 0]
[drop_rate: 0.1]
[max_drop: 50]
[skip_drop: 0.5]
[xgboost_dart_mode: 0]
[uniform_drop: 0]
[drop_seed: 5468]
[top_rate: 0.2]
[other_rate: 0.1]
[min_data_per_group: 100]
[max_cat_threshold: 32]
[cat_l2: 10]
[cat_smooth: 10]
[max_cat_to_onehot: 4]
[top_k: 20]
[monotone_constraints: ]
[monotone_constraints_method: basic]
[monotone_penalty: 0]
[feature_contri: ]
[forcedsplits_filename: ]
[refit_decay_rate: 0.9]
[cegb_tradeoff: 1]
[cegb_penalty_split: 0]
[cegb_penalty_feature_lazy: ]
[cegb_penalty_feature_coupled: ]
[path_smooth: 0]
[interaction_constraints: ]
[verbosity: -1]
[saved_feature_importance_type: 0]
[use_quantized_grad: 0]
[num_grad_quant_bins: 4]
[quant_train_renew_leaf: 0]
[stochastic_rounding: 1]
[linear_tree: 0]
[max_bin: 63]
[max_bin_by_feature: ]
[min_data_in_bin: 3]
[bin_construct_sample_cnt: 200000]
[data_random_seed: 50475]
[is_enable_sparse: 1]
[enable_bundle: 1]
[use_missing: 1]
[zero_as_missing: 0]
[feature_pre_filter: 1]
[pre_partition: 0]
[two_round: 0]
[header: 0]
[label_column: ]
[weight_column: ]
[group_column: ]
[ignore_column: ]
[categorical_feature: ]
[forcedbins_filename: ]
[precise_float_parser: 0]
[parser_config_file: ]
[objective_seed: 19015]
[num_class: 1]
[is_unbalance: 0]
[scale_pos_weight: 1]
[sigmoid: 1]
[boost_from_average: 1]
[reg_sqrt: 0]
[alpha: 0.9]
[fair_c: 1]
[poisson_max_delta_step: 0.7]
[tweedie_variance_power: 1.5]
[lambdarank_truncation_level: 30]
[lambdarank_norm: 1]
[label_gain: ]
[lambdarank_position_bias_regularization: 0]
[eval_at: ]
[multi_error_top_k: 1]
[auc_mu_weights: ]
[num_machines: 1]
[local_listen_port: 12400]
[time_out: 120]
[machine_list_filename: ]
[machines: ]
[gpu_platform_id: -1]
[gpu_device_id: -1]
[gpu_use_dp: 0]
[num_gpu: 1]

end of parameters

pandas_categorical:null
