tree
version=v4
num_class=1
num_tree_per_iteration=1
label_index=0
max_feature_idx=68
objective=binary sigmoid:1
feature_names=Column_0 Column_1 Column_2 Column_3 Column_4 Column_5 Column_6 Column_7 Column_8 Column_9 Column_10 Column_11 Column_12 Column_13 Column_14 Column_15 Column_16 Column_17 Column_18 Column_19 Column_20 Column_21 Column_22 Column_23 Column_24 Column_25 Column_26 Column_27 Column_28 Column_29 Column_30 Column_31 Column_32 Column_33 Column_34 Column_35 Column_36 Column_37 Column_38 Column_39 Column_40 Column_41 Column_42 Column_43 Column_44 Column_45 Column_46 Column_47 Column_48 Column_49 Column_50 Column_51 Column_52 Column_53 Column_54 Column_55 Column_56 Column_57 Column_58 Column_59 Column_60 Column_61 Column_62 Column_63 Column_64 Column_65 Column_66 Column_67 Column_68
feature_infos=[0.3333333432674408:336] [0.3333333432674408:12] [1:5] [0.3333333432674408:1285.6666259765625] [0.0027173913549631834:2] [0:1] [0:736] [0:813] [0:206.66667175292969] [0:1079] [1:2] [0.20689655840396881:230] [0:1] [0:1] [0.10853985697031021:23.409765243530273] [0:9.559722900390625] [0:2.2245702743530273] [0.00086893513798713684:0.99371588230133057] [0.00085803942056372762:0.99902480840682983] [0.0009152420680038631:0.99332702159881592] [0.00085803942056372762:0.99905753135681152] [0.069869920611381531:0.99943888187408447] [0.0008778013288974762:0.99582791328430176] [0.00084575643995776772:0.99472630023956299] [0.00092586869141086936:0.99597734212875366] [0.069715835154056549:0.9963722825050354] [1.9455832443782128e-05:0.99557089805603027] [8.0112249634112231e-06:0.99911469221115112] [1.4877989087835886e-05:0.99486535787582397] [0.06536749005317688:0.99881237745285034] [0.00081704684998840094:0.99729245901107788] [0.00068631937028840184:0.99277728796005249] [0.00081704684998840094:0.99767279624938965] [0.064658395946025848:0.99326097965240479] [0.0013728630729019642:0.99855345487594604] [0.0011603961465880275:0.99900662899017334] [0.0012911449884995818:0.99849265813827515] [0.064545534551143646:0.99937349557876587] [0.0008308000979013741:0.99996340274810791] [-0.016299232840538025:0.27312231063842773] [0.021422695368528366:0.39662343263626099] [0.014004096388816833:0.52571952342987061] [0.012244179844856262:0.61878496408462524] [0.011788684874773026:0.76856034994125366] [0.010643605142831802:0.72686493396759033] [-0.35783752799034119:0.82238095998764038] [-0.13986162841320038:0.90728151798248291] [-0.045592710375785828:0.94214212894439697] [-0.54495495557785034:0.24392011761665344] [-0.46942317485809326:0.29012987017631531] [-0.30070480704307556:0.34854093194007874] [-0.8218265175819397:0.35784703493118286] [-0.79348605871200562:0.5239940881729126] [-0.76840311288833618:0.5740964412689209] [-0.15482039749622345:0.91189897060394287] [-0.46882593631744385:0.27871313691139221] [-0.78299355506896973:0.5548558235168457] [0:1] [0:0.9660000205039978] [0:1] [0:1] [0:0.98040002584457397] [0:1] none [0:1] [0:0.87120002508163452] none none [7.0710678100585938:1337.1051025390625]
tree_sizes=765 834 837 835 746 833 836 819 825 811 830 729 818 842 823 759 821 803 835 791 812 842 820 635 834 828 823 832 838 819 659 818 822 825 817 811 810 823 817 822 794 821 748 868 827 823 835 824 754 836 752 807 850 797 750 826 821 867 740 799 799 820 764 832 832 840 824 809 802 808 727 798 822 824 807 833 823 837 818 821 839 814 846 718 802 828 821 798 817 749 755 815 802 752 824 800 812 858 820 820 770 816 827 814 802 823 804 820 816 821 816 847 805 830 816 850 809 806 831 834 840 834 745 789 820 822 793 780 816 817 791 773 858 813 809 799 809 801 801 797 829 832 829 791 811 803 787 792 792 815 824 805 830 819 820 827 790 810 789 794 714 797 802 795 817 803 806 782 790 795 815 831 814 798 811 836 822 827 800 805 796 806 747 802 838 808 789 817 793 778 786 780 798 786 782 785 803 796 787 837 786 695 788 805 803 719 794 803 812 802 803 812 817 812 782 802 803 818 804 789 783 788 786 709 822 795 806 784 803 792 811 819 791 786 792 787 721 818 786 786 787 785 805 784 808 805 793 785 787 813 784 815 805 798 812 798 780 830 784 793 783 782 791 782 785 791 787 798 784 793 806 784 785 783 795 794 824 790 782 796 801 802 810 793 795 812 809 831 783 796 798 798 804 783 808 788 795 780 785 822

Tree=0
num_leaves=6
num_cat=0
split_feature=0 47 30 14 57
split_gain=35.6049 8.26608 4.77224 1.21494 0.304785
threshold=2.1666666269302373 0.085297085344791426 0.14627855271101001 8.2942690849304217 0.17520000040531161
decision_type=2 2 2 2 2
left_child=1 -1 4 -2 -3
right_child=3 2 -4 -5 -6
leaf_value=-0.86023248161802757 -0.83150882173047225 -0.86946500274972316 -0.89204425916046637 -0.86681067461078543 -0.86315955134949418
leaf_weight=3.5419616997241965 6.2505206465721113 2.9169096350669852 28.335693597793579 2.2918575704097748 3.7503123879432678
leaf_count=17 30 14 136 11 18
internal_value=-0.869374 -0.883339 -0.887952 -0.834667 -0.866811
internal_weight=47.0873 38.5449 35.0029 8.54238 6.66722
internal_count=226 185 168 41 32
is_linear=0
shrinkage=1


Tree=1
num_leaves=7
num_cat=0
split_feature=0 31 54 58 68 40
split_gain=42.8159 9.09433 5.63308 2.34373 0.468835 0.113425
threshold=2.1666666269302373 0.14182729274034503 0.070939652621746077 0.045199999585747726 118.10935974121095 0.13418209552764895
decision_type=2 2 2 2 8 2
left_child=1 3 -3 5 -4 -1
right_child=-2 2 4 -5 -6 -7
leaf_value=0.014506451714585549 0.038272920998989102 0.0025827397883107944 0 -0.0030394509075540987 -0.024622939784734264 0
leaf_weight=2.7112308591604224 9.691004812717436 2.0836488902568808 2.6829233765602138 2.2876443117856979 27.456784978508949 2.5006340742111206
leaf_count=13 46 10 13 11 133 12
internal_value=0 -0.0139604 -0.0202408 0.00574213 -0.0235638 0.0130051
internal_weight=49.4139 39.7229 32.2234 7.49951 30.1397 5.21186
internal_count=238 192 156 36 146 25
is_linear=0
shrinkage=0.03


Tree=2
num_leaves=7
num_cat=0
split_feature=12 5 30 54 60 68
split_gain=41.9014 10.4833 7.95316 1.96416 1.00354 0.800228
threshold=0.50757575035095226 0.044748857617378242 0.13510000705718997 0.079683117568492903 0.00059999998484272521 865.87020874023449
decision_type=2 2 2 2 2 8
left_child=2 4 -1 -4 5 -2
right_child=1 -3 3 -5 -6 -7
leaf_value=0.005794859869167948 0.010001438548470553 0.040959394912552245 0 -0.024446711520861877 -0.0054551708745720915 0
leaf_weight=3.1347389221191433 2.0878165811300295 10.441119357943533 2.6883895397186306 25.779109001159668 3.9205753803253174 2.2836497128009796
leaf_count=15 10 49 13 126 19 11
internal_value=0.000871878 0.0294134 -0.0176081 -0.0225814 0 0.00583271
internal_weight=50.3354 18.7332 31.6022 28.4675 8.29204 4.37147
internal_count=243 89 154 139 40 21
is_linear=0
shrinkage=0.03


Tree=3
num_leaves=7
num_cat=0
split_feature=0 68 54 18 14 57
split_gain=38.5714 8.30709 4.52503 1.48004 0.689815 0.0631905
threshold=2.1666666269302373 376.21420288085943 0.069159060716629042 0.13170059025287631 12.842658996582033 0.31100000441074377
decision_type=2 8 2 2 2 2
left_child=1 3 -3 -1 -2 -5
right_child=4 2 -4 5 -6 -7
leaf_value=0.010104843086613481 0.036923125345600272 5.5971384259698262e-05 -0.025380669702492181 -0.0029189854973281446 0 0
leaf_weight=3.7644770294427854 8.0364107340574247 2.0908710956573513 24.411068975925446 3.0541225224733353 2.1130941063165656 2.6476617008447647
leaf_count=18 37 10 120 15 10 13
internal_value=0 -0.0152894 -0.0222645 0.00256204 0.0344896 -0.00186058
internal_weight=46.1177 35.9682 26.5019 9.46626 10.1495 5.70178
internal_count=223 176 130 46 47 28
is_linear=0
shrinkage=0.03


Tree=4
num_leaves=6
num_cat=0
split_feature=0 32 54 58 39
split_gain=41.3498 7.18322 4.16284 2.4971 1.12608
threshold=2.1666666269302373 0.19966991245746615 0.070939652621746077 0.0042000000830739745 0.1012706905603409
decision_type=2 2 2 2 2
left_child=1 3 -3 4 -1
right_child=-2 2 -4 -5 -6
leaf_value=0.01441842525918775 0.037089248740300416 6.900373975863021e-05 -0.023716649511046586 -0.0054792629168544512 0
leaf_weight=3.7714508771896345 9.4310904294252378 2.0887216627597835 26.715579956769943 4.7443154454231262 2.0644989609718323
leaf_count=18 43 10 133 23 10
internal_value=0 -0.0145711 -0.0208723 0.00147475 0.010807
internal_weight=48.8157 39.3846 28.8043 10.5803 5.83595
internal_count=237 194 143 51 28
is_linear=0
shrinkage=0.03


Tree=5
num_leaves=7
num_cat=0
split_feature=0 31 54 58 30 39
split_gain=36.9274 8.21286 5.17703 2.5839 1.43667 0.0885005
threshold=2.1666666269302373 0.14182729274034503 0.070939652621746077 0.045199999585747726 0.14627855271101001 0.081958215683698668
decision_type=2 2 2 2 2 2
left_child=1 3 -3 5 -4 -1
right_child=-2 2 4 -5 -6 -7
leaf_value=0.014236558352635631 0.034429869570282969 0.0017820474422945297 0 -0.0040900497408281472 -0.024752723582303206 0
leaf_weight=2.749005898833274 10.409663110971449 2.2976199984550503 2.0726850032806423 2.6573670357465744 25.833383858203888 2.4942598342895508
leaf_count=13 47 11 10 13 130 12
internal_value=0 -0.0137091 -0.0199753 0.00467091 -0.023347 0.0128176
internal_weight=48.514 38.1043 30.2037 7.90063 27.9061 5.24327
internal_count=236 189 151 38 140 25
is_linear=0
shrinkage=0.03


Tree=6
num_leaves=7
num_cat=0
split_feature=12 4 30 52 60 61
split_gain=33.2988 10.2102 4.24614 2.29806 0.420429 0.0287041
threshold=0.50757575035095226 0.0055944493506103763 0.13510000705718997 -0.38562110066413874 0.00059999998484272521 0.0022000001044943933
decision_type=2 10 2 2 2 2
left_child=2 4 -1 5 -2 -4
right_child=1 -3 3 -5 -6 -7
leaf_value=0.00053261351867159724 0.0023863731244871309 0.036806151240244667 -0.024359474918003096 0 -0.0046686564334242776 0
leaf_weight=3.3428051173687008 4.1463387906551388 10.173914298415182 19.897144988179218 3.403127938508983 3.664014458656311 2.0063433945178977
leaf_count=16 20 46 101 17 18 10
internal_value=0 0.0254604 -0.0174943 -0.0210513 0 -0.0235639
internal_weight=46.6337 17.9843 28.6494 25.3066 7.81035 21.9035
internal_count=228 84 144 128 38 111
is_linear=0
shrinkage=0.03


Tree=7
num_leaves=7
num_cat=0
split_feature=12 4 51 61 60 68
split_gain=36.6341 13.0509 1.84188 1.49405 1.22238 0.492905
threshold=0.36666667461395269 0.0055944493506103763 -0.40207976102828974 0.0014000000082887711 0.0030000000260770325 865.87020874023449
decision_type=2 10 2 2 2 8
left_child=2 4 3 -1 5 -2
right_child=1 -3 -4 -5 -6 -7
leaf_value=-0.023429738223383099 0.0074912938538927972 0.036055076764676279 0 0 -0.0076300454663493378 0
leaf_weight=20.168574541807182 2.0909700095653552 14.007937297224997 2.5673720985651007 2.9843286275863639 4.8617735654115677 2.8733076006174088
leaf_count=103 10 63 13 15 24 14
internal_value=0.0009331 0.0239849 -0.0194829 -0.0214238 0 0.0039622
internal_weight=49.5543 23.834 25.7203 23.1529 9.82605 4.96428
internal_count=242 111 131 118 48 24
is_linear=0
shrinkage=0.03


Tree=8
num_leaves=7
num_cat=0
split_feature=0 12 43 51 59 34
split_gain=39.5418 7.34352 2.51606 2.39093 0.99019 0.106778
threshold=2.1666666269302373 0.80625000596046459 0.15180068463087085 -0.41610644757747645 0.19579999893903735 0.078262127935886397
decision_type=2 2 2 2 2 2
left_child=1 2 -1 -4 5 -3
right_child=-2 4 3 -5 -6 -7
leaf_value=0 0.035524728637818241 0 -0.023754609673877845 0 -0.0010146568065271776 0.0089460252658302587
leaf_weight=2.0451324880123165 11.405783057212828 2.0557879507541639 24.47972209751606 2.403740048408511 2.4432224929332733 4.6291390061378479
leaf_count=10 50 10 126 12 12 22
internal_value=0.000950955 -0.0133985 -0.0196557 -0.0216602 0.00320374 0.00802564
internal_weight=49.4625 38.0567 28.9286 26.8835 9.12815 6.68493
internal_count=242 192 148 138 44 32
is_linear=0
shrinkage=0.03


Tree=9
num_leaves=7
num_cat=0
split_feature=0 68 30 47 14 27
split_gain=29.9639 9.96329 3.34596 2.62436 0.834972 0.117013
threshold=2.1666666269302373 376.21420288085943 0.30031621456146246 0.085297085344791426 12.842658996582033 0.59968912601470958
decision_type=2 8 2 2 2 2
left_child=1 2 -1 -3 -2 -4
right_child=4 3 5 -5 -6 -7
leaf_value=0.015142983627946645 0.03294069860341764 0 -0.0044982090803297693 -0.023340821834616242 0 0
leaf_weight=4.6176838576793653 8.5945399552583677 3.0858338326215771 4.5160419195890427 23.668055444955826 2.1870438605546942 1.9610071182250974
leaf_count=22 37 15 23 122 10 10
internal_value=0 -0.012555 0.00500782 -0.0208516 0.0305734 -0.00338147
internal_weight=48.6302 37.8486 11.0947 26.7539 10.7816 6.47705
internal_count=239 192 55 137 47 33
is_linear=0
shrinkage=0.03


Tree=10
num_leaves=7
num_cat=0
split_feature=12 4 30 47 60 68
split_gain=31.2444 6.92809 6.08841 1.55332 1.37178 0.636626
threshold=0.50757575035095226 0.0079052620567381399 0.13510000705718997 0.096516769379377379 0.00059999998484272521 865.87020874023449
decision_type=2 10 2 2 2 8
left_child=2 4 -1 -4 5 -2
right_child=1 -3 3 -5 -6 -7
leaf_value=0.0028139811294564223 0.0098529197975761214 0.031536141148120519 0 -0.024182505283510708 -0.0066155708701603807 0
leaf_weight=3.330682814121249 2.1078708022832888 11.256082266569136 2.0064978301525143 24.178677752614021 4.4434752017259598 2.0561410039663315
leaf_count=16 10 49 10 127 22 10
internal_value=0 0.0223402 -0.0182876 -0.0226657 0 0.0065219
internal_weight=49.3794 19.8636 29.5159 26.1852 8.60749 4.16401
internal_count=244 91 153 137 42 20
is_linear=0
shrinkage=0.03


Tree=11
num_leaves=6
num_cat=0
split_feature=0 54 14 14 40
split_gain=28.9351 5.89854 6.05775 2.90091 0.776286
threshold=2.1666666269302373 0.069159060716629042 1.3474708795547488 12.842658996582033 0.042804293334484107
decision_type=2 2 2 2 2
left_child=1 -1 -3 -2 -4
right_child=3 2 4 -5 -6
leaf_value=0.0065574205679288303 0.033005491803931752 0.0046270696967707957 0 0 -0.021985836242623007
leaf_weight=2.312200501561164 9.1983164101839048 2.1461554467678061 2.3850228488445309 2.1931084245443335 28.082675963640213
leaf_count=11 39 10 12 10 147
internal_value=0 -0.0131243 -0.0171391 0.0292511 -0.0209195
internal_weight=46.3175 34.9261 32.6139 11.3914 30.4677
internal_count=229 180 169 49 159
is_linear=0
shrinkage=0.03


Tree=12
num_leaves=7
num_cat=0
split_feature=0 68 60 14 51 30
split_gain=29.9597 6.46539 4.77661 2.06722 1.94802 1.2938
threshold=2.1666666269302373 697.16046142578136 0.0030000000260770325 8.2942690849304217 -0.40207976102828974 0.35304744541645056
decision_type=2 8 2 2 2 2
left_child=1 2 5 -2 -3 -1
right_child=3 4 -4 -5 -6 -7
leaf_value=0.017968149611926047 0.034335517308738184 -0.02180325168557434 -0.0080535469586730628 0 0 0
leaf_weight=3.4189239889383298 9.5260606259107572 18.412604570388794 7.8600780218839645 2.4265011399984351 3.4087452143430736 3.2437704801559448
leaf_count=16 40 98 40 11 17 17
internal_value=0.00164487 -0.0113424 0.00105681 0.0310462 -0.0192188 0.0137885
internal_weight=48.2967 36.3441 14.5228 11.9526 21.8213 6.66269
internal_count=239 188 73 51 115 33
is_linear=0
shrinkage=0.03


Tree=13
num_leaves=7
num_cat=0
split_feature=12 1 31 47 60 68
split_gain=23.1353 9.36265 2.34081 2.64078 1.31731 1.71569
threshold=0.36666667461395269 0.83333334326744091 0.15461797267198565 0.10037372633814813 0.00059999998484272521 1.0000000180025095e-35
decision_type=2 2 2 2 2 10
left_child=2 4 -1 -4 5 -2
right_child=1 -3 3 -5 -6 -7
leaf_value=0 -0.0010245054784601875 0.030917256543714491 0 -0.021292534879033178 -0.0070726065310339264 0.012402391953461373
leaf_weight=2.7513400614261654 3.8912035822868365 11.205265015363691 1.9497506022453333 19.698268190026283 5.5591727793216705 2.5915442854166031
leaf_count=14 19 48 10 107 28 12
internal_value=0.000202545 0.0188737 -0.0161579 -0.0187175 0 0.00497087
internal_weight=47.6465 23.2472 24.3994 21.648 12.0419 6.48275
internal_count=238 107 131 117 59 31
is_linear=0
shrinkage=0.03


Tree=14
num_leaves=7
num_cat=0
split_feature=0 68 30 58 44 47
split_gain=31.1554 6.5657 2.98133 1.68644 0.880457 0.764872
threshold=2.1666666269302373 752.01473999023449 0.30031621456146246 0.00059999998484272521 0.63954132795333873 0.16693903505802157
decision_type=2 8 2 2 2 2
left_child=1 2 3 -1 -3 -4
right_child=-2 4 5 -5 -6 -7
leaf_value=0.015659792754665672 0.03237249881417234 -0.021137260850011691 0 0 0 -0.0089835781148874753
leaf_weight=4.4530381858348838 10.685591399669645 19.358398199081424 1.9636132270097713 2.4211640208959579 2.2238067239522925 6.7542571276426315
leaf_count=21 45 105 10 12 11 36
internal_value=0.00102343 -0.011668 0.000525821 0.0109588 -0.0197543 -0.00595495
internal_weight=47.8599 37.1743 15.5921 6.8742 21.5822 8.71787
internal_count=240 195 79 33 116 46
is_linear=0
shrinkage=0.03


Tree=15
num_leaves=6
num_cat=0
split_feature=0 54 68 43 46
split_gain=25.7105 7.56377 6.23936 2.40163 1.54874
threshold=3.5000000000000004 0.069159060716629042 376.21420288085943 0.16046787053346637 0.52212709188461315
decision_type=2 2 8 2 2
left_child=1 -1 4 -4 -3
right_child=-2 2 3 -5 -6
leaf_value=0.0097624380130371478 0.030744300523291915 -0.0034985426827090584 0 -0.023979585588605447 0.0096919839058764966
leaf_weight=3.211789295077323 8.7129041105508787 6.4852403253316862 2.400955498218539 22.652926430106163 2.7073283195495605
leaf_count=15 36 33 12 123 13
internal_value=0.00011791 -0.0107187 -0.0157678 -0.0217709 0.000285783
internal_weight=46.1711 37.4582 34.2465 25.0539 9.19257
internal_count=232 196 181 135 46
is_linear=0
shrinkage=0.03


Tree=16
num_leaves=7
num_cat=0
split_feature=0 26 51 58 14 33
split_gain=22.6607 5.74939 3.7198 2.19291 1.46341 0.720063
threshold=2.1666666269302373 0.14372427761554721 -0.41610644757747645 0.003199999919161201 12.842658996582033 0.23355001211166385
decision_type=2 2 2 2 2 2
left_child=1 3 5 -1 -2 -3
right_child=4 2 -4 -5 -6 -7
leaf_value=0.011281730928382777 0.029230322282505227 0 0 -0.0040658537139888458 0 -0.022079709960523018
leaf_weight=5.6474802494049055 8.9981406778097135 2.5663938522338894 5.6615274697542217 2.7281776070594788 2.432976007461547 19.581774428486824
leaf_count=27 37 14 29 14 11 108
internal_value=4.00713e-05 -0.0108923 -0.0166054 0.0035253 0.026381 -0.0206987
internal_weight=47.6165 36.1854 27.8097 8.37566 11.4311 22.1482
internal_count=240 192 151 41 48 122
is_linear=0
shrinkage=0.03


Tree=17
num_leaves=7
num_cat=0
split_feature=12 58 55 47 31 59
split_gain=22.8017 7.34504 4.25814 1.26846 1.20437 0.0491911
threshold=0.30952382087707525 0.016199999488890175 0.14269554615020755 0.13558906316757205 0.15461797267198565 0.10720000043511392
decision_type=2 2 2 2 2 2
left_child=3 2 -2 -1 -5 -3
right_child=1 5 -4 4 -6 -7
leaf_value=0 0.029766460764310155 0 0 0 -0.020119693691984811 -0.0034110545937065025
leaf_weight=2.6954199075698879 15.0949207097292 2.0116233974695197 3.6945069432258597 2.9129324853420284 16.879833564162254 2.5169730931520462
leaf_count=14 67 10 17 15 95 13
internal_value=0.000702775 0.0188937 0.0252828 -0.0163223 -0.018134 -0.00264141
internal_weight=45.8062 23.318 18.7894 22.4882 19.7928 4.5286
internal_count=231 107 84 124 110 23
is_linear=0
shrinkage=0.03


Tree=18
num_leaves=7
num_cat=0
split_feature=12 0 60 68 47 33
split_gain=28.2931 6.78082 1.23999 1.58238 1.1453 0.557122
threshold=0.36666667461395269 0.83333334326744091 0.0030000000260770325 697.16046142578136 0.16693903505802157 0.23355001211166385
decision_type=2 2 2 8 2 2
left_child=4 2 3 -2 -1 -6
right_child=1 -3 -4 -5 5 -7
leaf_value=0 0.012925492649957062 0.030988526632757314 -0.0055686645585318415 -5.8482326058541718e-05 0 -0.020095533689067996
leaf_weight=3.8128199428319958 2.4336083233356494 13.473974019289015 4.9251361191272736 2.8636495918035507 2.5596835166215923 16.85464896261692
leaf_count=20 11 57 25 14 14 95
internal_value=0.00224873 0.0220875 0 0.00653439 -0.0167412 -0.0187521
internal_weight=46.9235 23.6964 10.2224 5.29726 23.2272 19.4143
internal_count=236 107 50 25 129 109
is_linear=0
shrinkage=0.03


Tree=19
num_leaves=7
num_cat=0
split_feature=0 61 54 42 30 0
split_gain=20.1404 5.8026 3.10098 1.04945 1.04063 0.656999
threshold=2.1666666269302373 1.0000000180025095e-35 0.070939652621746077 0.18874773383140567 0.30031621456146246 3.5000000000000004
decision_type=2 2 2 2 2 2
left_child=1 2 -1 -4 -3 -2
right_child=5 4 3 -5 -6 -7
leaf_value=0 0 0.00940660181903177 0 -0.020790597246091298 0 0.026888721891248607
leaf_weight=2.0988861471414593 2.2269441932439795 3.8583785295486441 3.2429073303937939 22.237987637519836 3.7281222939491272 8.6041296422481519
leaf_count=10 10 18 18 123 20 35
internal_value=0 -0.0107986 -0.0164745 -0.0191343 0.00405856 0.024846
internal_weight=45.9974 35.1663 27.5798 25.4809 7.5865 10.8311
internal_count=234 189 151 141 38 45
is_linear=0
shrinkage=0.03


Tree=20
num_leaves=7
num_cat=0
split_feature=9 26 58 56 24 40
split_gain=25.2925 7.45933 1.82319 1.52675 1.23342 0.5257
threshold=4.1666667461395273 0.14372427761554721 0.003199999919161201 -0.36945162713527674 0.1770737171173096 0.065465442836284651
decision_type=2 2 2 2 2 2
left_child=1 2 5 4 -3 -1
right_child=-2 3 -4 -5 -6 -7
leaf_value=0.013625267917549371 0.029532703506088123 0 -0.0024005326767693146 0 -0.02142432321719244 0
leaf_weight=3.2913238704204542 9.3718561083078367 1.9514382183551813 2.9341118037700653 4.5568726807832745 21.888702198863029 3.4802523106336594
leaf_count=15 38 10 15 24 123 17
internal_value=0 -0.0110443 0.00466066 -0.0177906 -0.0199932 0.0109048
internal_weight=47.4746 38.1027 9.70569 28.397 23.8401 6.77158
internal_count=242 204 47 157 133 32
is_linear=0
shrinkage=0.03


Tree=21
num_leaves=7
num_cat=0
split_feature=12 30 4 54 61 60
split_gain=24.0668 4.42973 4.12692 0.864211 0.605206 0.3962
threshold=0.50757575035095226 0.13510000705718997 0.0055944493506103763 0.079683117568492903 0.0014000000082887711 0.00059999998484272521
decision_type=2 2 10 2 2 2
left_child=1 -1 5 -3 -5 -2
right_child=2 3 -4 4 -6 -7
leaf_value=0.0030154455146811357 0.0042064380465904111 0 0.029212946806347177 -0.020693444049778541 0 -0.0028372536926477964
leaf_weight=3.275305554270747 4.1863652318716076 2.1483684629201916 12.961167171597479 16.709850326180462 3.4143947958946219 3.1135855466127396
leaf_count=16 20 11 54 98 18 16
internal_value=0.00290114 -0.0132588 0.0229083 -0.0177039 -0.0190158 0
internal_weight=45.809 25.5479 20.2611 22.2726 20.1242 7.29995
internal_count=233 143 90 127 116 36
is_linear=0
shrinkage=0.03


Tree=22
num_leaves=7
num_cat=0
split_feature=0 26 47 58 14 41
split_gain=22.3488 6.23374 3.90142 1.4639 0.945119 0.455603
threshold=2.1666666269302373 0.14372427761554721 0.16693903505802157 0.020399999804794792 8.2942690849304217 0.14429184049367907
decision_type=2 2 2 2 2 2
left_child=1 3 -3 5 -2 -1
right_child=4 2 -4 -5 -6 -7
leaf_value=0.012400338332234371 0.029364698913919775 0 -0.02063344655024503 -0.0014441043280560215 0 0
leaf_weight=4.1307686120271665 9.9391649067401868 6.3604904115200069 19.770661264657974 1.9055266380310056 2.2404443919658652 2.2435872256755829
leaf_count=19 40 33 115 10 10 11
internal_value=0.00210932 -0.00951768 -0.0159252 0.00507139 0.0271447 0.0103758
internal_weight=46.5906 34.411 26.1312 8.27988 12.1796 6.37436
internal_count=238 188 148 40 50 30
is_linear=0
shrinkage=0.03


Tree=23
num_leaves=5
num_cat=0
split_feature=0 54 14 43
split_gain=17.6893 6.48843 3.14091 2.37523
threshold=3.5000000000000004 0.069159060716629042 1.3474708795547488 0.15180068463087085
decision_type=2 2 2 2
left_child=1 -1 -3 -4
right_child=-2 2 3 -5
leaf_value=0.0068276343584939888 0.021830246270018408 0 0 -0.021727718781149017
leaf_weight=2.7929643988609305 7.2000707834959021 2.1481010019779196 2.178648233413699 29.394406482577324
leaf_count=13 29 10 11 166
internal_value=-0.00352281 -0.0134305 -0.0176586 -0.0198981
internal_weight=43.7142 36.5141 33.7212 31.5731
internal_count=229 200 187 177
is_linear=0
shrinkage=0.03


Tree=24
num_leaves=7
num_cat=0
split_feature=12 58 68 55 62 68
split_gain=24.1906 8.74197 1.33446 1.08171 0.373321 0.0597914
threshold=0.30952382087707525 0.016199999488890175 376.21420288085943 0.14269554615020755 0.83859997987747203 236.11200714111331
decision_type=2 2 8 2 2 10
left_child=2 3 5 -2 -4 -1
right_child=1 -3 4 -5 -6 -7
leaf_value=-0.0016609492167508231 0.030057929960938135 -0.0035366465826405379 -0.019816782926058138 0 0 0.0012440044567312136
leaf_weight=2.8494527041912106 15.293152377009397 4.1943738162517539 14.086342006921765 3.6868317127227774 1.6710539907217032 1.8663728684186933
leaf_count=16 67 22 85 17 9 10
internal_value=0.00251144 0.0206805 -0.0161233 0.0274763 -0.0188198 0
internal_weight=43.6476 23.1744 20.4732 18.98 15.7574 4.71583
internal_count=226 106 120 84 94 26
is_linear=0
shrinkage=0.03


Tree=25
num_leaves=7
num_cat=0
split_feature=12 58 30 54 60 51
split_gain=21.0362 5.03645 2.71987 0.966681 0.693301 0.63593
threshold=0.50757575035095226 0.018600000068545345 0.13510000705718997 0.079683117568492903 0.10199999809265138 -0.4306392222642898
decision_type=2 2 2 2 2 2
left_child=2 4 -1 -4 -2 -5
right_child=1 -3 3 5 -6 -7
leaf_value=6.6959641888569675e-05 0.027096440087299369 -0.00031735927368411961 0 -0.019144980965975514 0 0
leaf_weight=2.8169097900390652 14.329710781574255 2.9513244032859793 1.9715336412191415 17.916597530245788 2.1613852977752677 2.3783160001039461
leaf_count=14 61 15 10 108 10 13
internal_value=0.00146675 0.0207754 -0.0134452 -0.0165051 0.02551 -0.0178567
internal_weight=44.5258 19.4424 25.0834 22.2664 16.4911 20.2949
internal_count=231 86 145 131 71 121
is_linear=0
shrinkage=0.03


Tree=26
num_leaves=7
num_cat=0
split_feature=0 68 60 27 42 4
split_gain=16.5782 6.69737 3.10609 1.55014 1.37279 1.51484
threshold=2.1666666269302373 697.16046142578136 1.0000000180025095e-35 0.52602967619895946 0.55946046113967907 0.0050959466025233277
decision_type=2 8 2 2 2 8
left_child=1 2 3 -1 5 -3
right_child=-2 4 -4 -5 -6 -7
leaf_value=0.016795145592587685 0.023550460717996609 0 -0.0042445644548026237 0 0 -0.021157431297565508
leaf_weight=4.6166760027408582 11.413039430975912 1.9200825095176757 7.8203747421503067 2.301297053694725 1.6528037935495365 15.717489168047903
leaf_count=22 47 11 42 13 8 94
internal_value=0.00130807 -0.00844369 0.00320098 0.0126981 -0.0174444 -0.0191627
internal_weight=45.4418 34.0287 14.7383 6.91797 19.2904 17.6376
internal_count=237 190 77 35 113 105
is_linear=0
shrinkage=0.03


Tree=27
num_leaves=7
num_cat=0
split_feature=12 1 61 51 60 68
split_gain=23.5061 4.59687 1.12062 1.24429 0.525483 1.36979
threshold=0.50757575035095226 0.83333334326744091 0.0014000000082887711 -0.40076288580894465 0.00059999998484272521 752.01473999023449
decision_type=2 2 2 2 2 8
left_child=2 4 3 -1 5 -2
right_child=1 -3 -4 -5 -6 -7
leaf_value=-0.020793293269375571 0.011015853654586235 0.027213138142189078 0 0 -0.0039182139146966078 -0.00086206223667219587
leaf_weight=18.862123668193824 2.2685745209455508 10.177049979567526 3.7835649847984305 2.0550160855054846 3.4990944415330887 3.0847580432891846
leaf_count=115 10 41 20 11 18 15
internal_value=0 0.0192927 -0.0172707 -0.0191677 0 0.00415994
internal_weight=43.7302 19.0295 24.7007 20.9171 8.85243 5.35333
internal_count=230 84 146 126 43 25
is_linear=0
shrinkage=0.03


Tree=28
num_leaves=7
num_cat=0
split_feature=12 9 30 52 34 48
split_gain=15.3709 4.92018 3.13069 2.01585 0.451934 0.352452
threshold=0.50757575035095226 1.1666666865348818 0.13510000705718997 -0.38562110066413874 0.13194701820611957 -1.0000000180025095e-35
decision_type=2 2 2 2 2 2
left_child=2 4 -1 -4 5 -2
right_child=1 -3 3 -5 -6 -7
leaf_value=0.0011879093778670181 0.0064675135339346294 0.025377464969124984 -0.019006337609279531 0 -0.0036925174780974594 0
leaf_weight=3.1834563761949566 2.2105773687362671 9.879424184560774 17.883380860090263 4.0384568274021104 5.6361655592918396 2.039118170738222
leaf_count=16 10 40 110 22 28 10
internal_value=2.71298e-05 0.0167735 -0.0124705 -0.0160843 0 0.00368544
internal_weight=44.8706 19.7653 25.1053 21.9218 9.88586 4.2497
internal_count=236 88 148 132 48 20
is_linear=0
shrinkage=0.03


Tree=29
num_leaves=7
num_cat=0
split_feature=12 0 51 61 60 29
split_gain=16.9251 8.99876 1.42619 1.25431 1.15922 0.869892
threshold=0.30952382087707525 0.83333334326744091 -0.40207976102828974 0.0014000000082887711 0.00059999998484272521 0.45936143398284918
decision_type=2 2 2 2 2 2
left_child=2 4 3 -1 5 -2
right_child=1 -3 -4 -5 -6 -7
leaf_value=-0.016854501807143162 0.0083968175466130508 0.028334533264077928 0 0 -0.0074607896405364795 0
leaf_weight=15.194824203848844 4.0933964550495165 13.944795385003088 2.2068692296743384 2.6792182177305213 4.9563761353492737 2.1642700284719467
leaf_count=95 19 58 12 15 26 11
internal_value=0.00339655 0.0177883 -0.0125592 -0.0147061 0 0.00360063
internal_weight=45.2397 25.1588 20.0809 17.874 11.214 6.25767
internal_count=236 114 122 110 56 30
is_linear=0
shrinkage=0.03


Tree=30
num_leaves=5
num_cat=0
split_feature=0 47 17 25
split_gain=21.4768 7.40349 4.78757 0.725642
threshold=2.1666666269302373 0.085297085344791426 0.021675205789506439 0.89278802275657665
decision_type=2 2 2 2
left_child=1 -1 -3 -4
right_child=-2 2 3 -5
leaf_value=0.0086111035025173456 0.025166183246327137 0.0025702414563603484 -0.020967108454370286 0
leaf_weight=4.0574233531951895 12.710712656378744 2.6000282764434841 25.218666106462482 1.5946950614452351
leaf_count=19 52 12 149 10
internal_value=0.000820635 -0.0107069 -0.0164027 -0.0200708
internal_weight=46.1815 33.4708 29.4134 26.8134
internal_count=242 190 171 159
is_linear=0
shrinkage=0.03


Tree=31
num_leaves=7
num_cat=0
split_feature=68 60 11 58 26 51
split_gain=14.5792 8.61348 4.78762 3.68503 1.68052 0.494004
threshold=697.16046142578136 0.31399999558925634 5.6070852279663095 0.01480000000447035 0.52387118339538585 -0.40207976102828974
decision_type=8 2 2 2 2 2
left_child=1 3 5 4 -1 -2
right_child=2 -3 -4 -5 -6 -7
leaf_value=0.030837262539232326 -0.019517445742508941 -0.0054077334003346253 0.0043186657803545104 0 0 0
leaf_weight=12.1235852688551 13.516625389456753 4.2488529682159415 2.9821749180555335 3.4063502997159949 2.0203319936990729 4.1190548688173303
leaf_count=52 83 24 14 19 11 21
internal_value=0.00194998 0.0167049 -0.0120515 0.0242559 0.028438 -0.0175518
internal_weight=42.417 21.7991 20.6179 17.5503 14.1439 17.6357
internal_count=224 106 118 82 63 104
is_linear=0
shrinkage=0.03


Tree=32
num_leaves=7
num_cat=0
split_feature=12 4 46 60 68 68
split_gain=12.8274 6.02481 2.12499 1.17396 0.538776 0.46934
threshold=0.30952382087707525 0.0082645257934927958 0.081586226820945754 0.00059999998484272521 752.01473999023449 1.0000000180025095e-35
decision_type=2 10 2 2 8 10
left_child=2 3 -1 4 -2 -3
right_child=1 5 -4 -5 -6 -7
leaf_value=0 0.0070616507413584521 0 -0.017773446947565504 -0.0079253934576592536 0 0.023574505864533152
leaf_weight=1.8942238837480569 2.0465735793113726 3.4600761532783499 16.556310266256332 5.2500881552696228 3.248387485742569 9.6051521897315961
leaf_count=10 9 15 105 28 17 40
internal_value=0 0.0122797 -0.0150878 -0.000913743 0.00275189 0.021309
internal_weight=42.0608 23.6103 18.4505 10.545 5.29496 13.0652
internal_count=224 109 115 54 26 55
is_linear=0
shrinkage=0.03


Tree=33
num_leaves=7
num_cat=0
split_feature=0 68 60 47 52 36
split_gain=17.2319 5.48661 2.88318 1.22756 0.62583 0.474962
threshold=2.1666666269302373 697.16046142578136 0.0030000000260770325 0.085297085344791426 -0.35618743300437922 0.75758782029151928
decision_type=2 8 2 2 2 2
left_child=1 2 5 -3 -4 -1
right_child=-2 3 4 -5 -6 -7
leaf_value=0.013080457370528865 0.02343296458080852 0 -0.0083015547534255364 -0.019508159057108256 0 0
leaf_weight=4.9940961897373182 11.46058017015457 2.6928860247135189 5.5160468220710754 15.624236583709715 2.0907179713249207 1.7087697088718412
leaf_count=24 47 13 31 99 11 10
internal_value=0.000788254 -0.00938965 0.00142249 -0.0174746 -0.00536116 0.0113138
internal_weight=44.0873 32.6268 14.3096 18.3171 7.60676 6.70287
internal_count=235 188 76 112 42 34
is_linear=0
shrinkage=0.03


Tree=34
num_leaves=7
num_cat=0
split_feature=12 0 31 60 54 29
split_gain=16.0938 5.15326 1.81179 1.28271 1.22517 1.13656
threshold=0.36666667461395269 1.1666666865348818 0.12636836245656016 0.00059999998484272521 0.08475163578987123 0.51187109947204601
decision_type=2 2 2 2 2 2
left_child=2 3 -1 5 -4 -2
right_child=1 -3 4 -5 -6 -7
leaf_value=0 0.010696285150195977 0.024234839840485061 0 -0.0064685366777249044 -0.018056597062312614 0
leaf_weight=2.0301773846149471 3.3812651187181491 12.087752684950827 1.8386290520429636 5.4483732879161835 17.282015413045883 1.9941478073596952
leaf_count=11 15 50 10 29 113 10
internal_value=0.000474134 0.0159138 -0.0140643 0 -0.0163582 0.00574832
internal_weight=44.0624 22.9115 21.1508 10.8238 19.1206 5.37541
internal_count=238 104 134 54 123 25
is_linear=0
shrinkage=0.03


Tree=35
num_leaves=7
num_cat=0
split_feature=0 68 14 58 47 31
split_gain=16.6368 4.46438 2.58975 1.74351 1.50008 1.3301
threshold=1.8333333134651186 376.21420288085943 12.842658996582033 0.00059999998484272521 0.087287481874227538 0.2714486569166184
decision_type=2 8 2 2 2 2
left_child=1 3 -2 5 -3 -1
right_child=2 4 -4 -5 -6 -7
leaf_value=0.013304132564625246 0.025193296100891278 0 0 -0.0048914615261652214 -0.019289478420986821 0
leaf_weight=3.7814745306968707 9.8996737748384458 2.4655452370643642 2.5088611096143714 4.05687116086483 16.962121739983559 2.5925116986036301
leaf_count=17 40 12 13 23 108 15
internal_value=0 -0.0108284 0.0214389 0.000678423 -0.0171765 0.00871012
internal_weight=42.2671 29.8585 12.4085 10.4309 19.4277 6.37399
internal_count=228 175 53 55 120 32
is_linear=0
shrinkage=0.03


Tree=36
num_leaves=7
num_cat=0
split_feature=12 60 68 47 20 28
split_gain=15.8895 6.59982 2.71861 2.40446 0.382446 0.124931
threshold=0.30952382087707525 0.1418000012636185 752.01473999023449 0.16693903505802157 0.17261876165866855 0.21729622781276706
decision_type=2 2 8 2 2 2
left_child=3 2 -2 -1 -5 -4
right_child=1 -3 5 4 -6 -7
leaf_value=0 0.02941320325310199 -0.0028075667190857806 0.0027356043648937107 0 -0.016709988964799947 0
leaf_weight=3.1434308290481594 11.96492931246758 3.8975243568420401 5.024690866470336 1.6741467565298069 14.13332651555538 2.0511451959609985
leaf_count=18 50 21 23 11 94 11
internal_value=0.00355401 0.0180452 0.0238766 -0.0120881 -0.0157408 0
internal_weight=41.8892 22.9383 19.0408 18.9509 15.8075 7.07584
internal_count=228 105 84 123 105 34
is_linear=0
shrinkage=0.03


Tree=37
num_leaves=7
num_cat=0
split_feature=0 14 26 54 33 58
split_gain=17.6383 3.55083 3.48649 1.52218 1.02405 0.961937
threshold=1.8333333134651186 13.221588611602785 0.20956973731517795 0.079683117568492903 0.23355001211166385 0.016199999488890175
decision_type=2 2 2 2 2 2
left_child=2 -2 5 -4 -5 -1
right_child=1 -3 3 4 -6 -7
leaf_value=0.0066262095579818839 0.02663886146487034 0 0 0 -0.018639622840826101 -0.0031119305910459064
leaf_weight=6.8968911767005903 11.757138043642042 2.7226193845272055 3.1570891737937954 2.2029987424612072 16.466325014829636 3.3450636267662048
leaf_count=33 48 14 16 14 108 19
internal_value=0.0015767 0.0223642 -0.00946818 -0.0147282 -0.016988 0.000515436
internal_weight=46.5481 14.4798 32.0684 21.8264 18.6693 10.242
internal_count=252 62 190 138 122 52
is_linear=0
shrinkage=0.03


Tree=38
num_leaves=7
num_cat=0
split_feature=12 4 60 32 54 24
split_gain=13.231 4.2083 2.05204 1.76318 0.980696 0.356569
threshold=0.36666667461395269 0.011484991759061815 0.00059999998484272521 0.14763428270816806 0.082879345864057555 0.1770737171173096
decision_type=2 10 2 2 2 2
left_child=3 2 5 -1 -5 -2
right_child=1 -3 -4 4 -6 -7
leaf_value=0 0.0096238700987620485 0.022412461315596977 -0.0079598534109494301 0 -0.015725577621205689 0
leaf_weight=1.7118447124958063 2.9823488146066683 12.921534806489943 5.2359550595283508 1.8379303812980676 17.412094354629517 2.3569074720144272
leaf_count=9 13 54 28 10 118 12
internal_value=0.00153253 0.0151876 0 -0.0117976 -0.0141979 0.00758069
internal_weight=44.4586 23.4967 10.5752 20.9619 19.25 5.33926
internal_count=244 107 53 137 128 25
is_linear=0
shrinkage=0.03


Tree=39
num_leaves=7
num_cat=0
split_feature=0 32 68 44 42 56
split_gain=14.8459 6.24202 2.89376 2.04438 0.628322 0.508933
threshold=1.8333333134651186 0.27426053583621984 376.21420288085943 0.5454806685447694 0.18982208520174029 -0.53247612714767445
decision_type=2 2 8 2 2 2
left_child=1 2 -1 -3 -4 -2
right_child=5 3 4 -5 -6 -7
leaf_value=0.013221811606746809 0 -0.019586246553426234 0 0 -0.0070455089120297033 0.022875773461594976
leaf_weight=5.2930054366588566 1.9926219582557667 16.436375901103023 1.6901924759149558 3.0642245709896079 5.762981653213501 10.934904918074606
leaf_count=24 10 111 9 16 32 45
internal_value=0.00138424 -0.00838436 0.00354626 -0.0167751 -0.00352586 0.0213973
internal_weight=45.1743 32.2468 12.7462 19.5006 7.45317 12.9275
internal_count=247 192 65 127 41 55
is_linear=0
shrinkage=0.03


Tree=40
num_leaves=7
num_cat=0
split_feature=0 68 47 43 58 14
split_gain=11.3481 5.09808 2.17825 1.55702 0.702952 0.613936
threshold=2.1666666269302373 376.21420288085943 0.080323282629251494 0.16046787053346637 0.00059999998484272521 8.2942690849304217
decision_type=2 8 2 2 2 2
left_child=1 4 -3 -4 -1 -2
right_child=5 2 3 -5 -6 -7
leaf_value=0.007463220882414523 0.020192822781090108 0 0 -0.020198299104956612 0 0
leaf_weight=4.9630725532770139 8.0757705420255643 2.5694753825664547 2.59903356432915 17.317162692546844 4.9783386588096619 2.2754885554313651
leaf_count=25 33 12 14 117 28 10
internal_value=0 -0.00894589 -0.0154783 -0.0180468 0.0031731 0.0183033
internal_weight=42.7783 32.4271 22.4857 19.9162 9.94141 10.3513
internal_count=239 196 143 131 53 43
is_linear=0
shrinkage=0.03


Tree=41
num_leaves=7
num_cat=0
split_feature=12 60 58 48 32 47
split_gain=10.1941 3.39117 2.90578 2.05739 1.74946 2.03861
threshold=0.50757575035095226 0.31399999558925634 0.045199999585747726 0.13498388230800631 0.15498365461826327 0.16693903505802157
decision_type=2 2 2 2 2 2
left_child=4 2 3 -2 -1 -6
right_child=1 -3 -4 -5 5 -7
leaf_value=2.8506774408207903e-05 0.024760266973391783 -0.00069924373018284941 0 0 0 -0.01528694258576622
leaf_weight=3.4934487938880947 14.295495197176942 2.2934914976358405 1.8605799973011006 2.4617460519075385 3.357367709279063 14.201919034123419
leaf_count=18 61 12 10 11 19 99
internal_value=0.00295525 0.0154535 0.019089 0.0220786 -0.00850559 -0.0117748
internal_weight=41.964 20.9113 18.6178 16.7572 21.0527 17.5593
internal_count=230 94 82 72 136 118
is_linear=0
shrinkage=0.03


Tree=42
num_leaves=6
num_cat=0
split_feature=0 47 68 14 54
split_gain=12.3296 4.88133 4.41886 0.62024 0.539875
threshold=2.1666666269302373 0.085297085344791426 376.21420288085943 15.311172962188722 0.36973252892494207
decision_type=2 2 8 2 2
left_child=1 -1 4 -4 -3
right_child=-2 2 3 -5 -6
leaf_value=0.007281544529849731 0.020902689617943879 -0.0015362963732969198 -0.01971528190526833 0 0.0055969363548386405
leaf_weight=4.3302626758813885 10.531802162528036 5.0309138894081133 16.692709997296337 1.4700612127780903 4.3783385306596756
leaf_count=20 44 28 115 8 23
internal_value=0.00124137 -0.00725688 -0.0124674 -0.0186704 0
internal_weight=42.4341 31.9023 27.572 18.1628 9.40925
internal_count=238 194 174 123 51
is_linear=0
shrinkage=0.03


Tree=43
num_leaves=7
num_cat=0
split_feature=4 68 54 54 11 26
split_gain=11.0374 3.95542 2.89009 2.18628 0.755692 0.197201
threshold=0.0079052620567381399 667.86233520507824 0.069159060716629042 0.66878628730773937 7.5000000000000009 0.33740799129009252
decision_type=10 8 2 2 2 2
left_child=2 -2 -1 -4 -3 -5
right_child=1 4 3 5 -6 -7
leaf_value=0.0034990594275536883 0.023185773707081556 -0.0050826559532088809 -0.016072529149856525 0.0036695970717280481 0.004818505768873927 -0.00095923572085803723
leaf_weight=2.3863550424575832 10.576026082038881 5.1885002031922332 17.221551604568962 2.3049933016300193 2.3935102969408035 2.8050601780414581
leaf_count=11 45 29 112 11 10 20
internal_value=0.00185877 0.0163219 -0.00867872 -0.0125156 0 0
internal_weight=42.876 18.158 24.718 22.3316 7.58201 5.11005
internal_count=238 84 154 143 39 31
is_linear=0
shrinkage=0.03


Tree=44
num_leaves=7
num_cat=0
split_feature=12 58 48 51 31 34
split_gain=11.8321 4.08761 2.72255 2.19282 1.44933 1.29028
threshold=0.30952382087707525 0.016199999488890175 0.13498388230800631 -0.41610644757747645 0.15461797267198565 0.06248129345476628
decision_type=2 2 2 2 2 2
left_child=3 2 5 4 -1 -2
right_child=1 -3 -4 -5 -6 -7
leaf_value=0 0 -0.00096659112492091242 0 6.3416992480418572e-05 -0.017180172716290472 0.024572649867690755
leaf_weight=2.5346695482730928 2.0472086220979753 3.9501812756061545 2.4137016832828513 2.2746488302946082 13.753757409751413 13.774211272597311
leaf_count=15 10 22 11 13 100 60
internal_value=0.00178804 0.0148294 0.0195066 -0.0114325 -0.0147337 0.0226046
internal_weight=40.7484 22.1853 18.2351 18.5631 16.2884 15.8214
internal_count=231 103 81 128 115 70
is_linear=0
shrinkage=0.03


Tree=45
num_leaves=7
num_cat=0
split_feature=12 4 31 68 59 34
split_gain=11.9263 4.61034 1.18292 0.966339 0.391231 0.157573
threshold=0.30952382087707525 0.0079052620567381399 0.15461797267198565 1.0000000180025095e-35 0.10720000043511392 0.11043261736631395
decision_type=2 10 2 10 2 2
left_child=2 4 -1 -3 5 -2
right_child=1 3 -4 -5 -6 -7
leaf_value=0 0 0 -0.01483587646180246 0.023338753377602699 -0.0049728999577589158 0.0034892309944812953
leaf_weight=2.5204437971115139 2.0213139802217501 3.3523491919040671 15.164687320590017 10.778491497039793 3.1918454766273499 3.7738160490989685
leaf_count=15 10 15 108 45 18 19
internal_value=0.000881581 0.0137913 -0.0127126 0.0208083 0 0.00127996
internal_weight=40.8029 23.1178 17.6851 14.1308 8.98698 5.79513
internal_count=230 107 123 60 47 29
is_linear=0
shrinkage=0.03


Tree=46
num_leaves=7
num_cat=0
split_feature=1 54 53 68 57 12
split_gain=10.915 4.87121 4.19444 2.33906 0.473588 0.255906
threshold=0.83333334326744091 0.069159060716629042 -0.48418669402599329 128.25518417358401 0.98759999871253978 0.36666667461395269
decision_type=2 2 2 8 2 2
left_child=1 -1 5 -3 -5 -2
right_child=2 3 -4 4 -6 -7
leaf_value=0.0074574780371730138 -0.0041626802494068782 0 0.023165345607190073 -0.017445407929620502 0 0.00051777540559055034
leaf_weight=3.0880674868822124 3.1155399233102825 3.873041674494746 11.641439422965048 17.609089687466625 1.576762594282626 1.3795739710330961
leaf_count=14 22 20 51 116 10 6
internal_value=0.00209757 -0.00782803 0.0173178 -0.0133266 -0.0165317 0
internal_weight=42.2835 26.147 16.1366 23.0589 19.1859 4.49511
internal_count=239 160 79 146 126 28
is_linear=0
shrinkage=0.03


Tree=47
num_leaves=7
num_cat=0
split_feature=0 68 58 44 30 4
split_gain=12.2378 4.61078 1.63538 1.00504 0.922357 0.590645
threshold=2.1666666269302373 697.16046142578136 1.0000000180025095e-35 0.63954132795333873 0.31507937610149389 0.0050959466025233277
decision_type=2 8 2 2 2 8
left_child=1 2 4 5 -1 -3
right_child=-2 3 -4 -5 -6 -7
leaf_value=0.012421684446863515 0.021067445044221717 0 -0.0028286737836036432 0 0 -0.018013578560496558
leaf_weight=4.8690557330846804 10.888298630714415 1.533526279032231 6.4640054628252983 1.7725709229707707 2.929353654384613 12.807824105024338
leaf_count=22 46 10 38 9 18 91
internal_value=0.00195558 -0.00693007 0.00226104 -0.0151134 0.00906989 -0.016799
internal_weight=41.2646 30.3763 14.2624 16.1139 7.79841 14.3414
internal_count=234 188 78 110 40 101
is_linear=0
shrinkage=0.03


Tree=48
num_leaves=6
num_cat=0
split_feature=0 47 61 49 43
split_gain=10.7934 3.32907 3.12594 1.115 0.419576
threshold=2.5000000000000004 0.087287481874227538 1.0000000180025095e-35 0.0070755204651504764 0.16046787053346637
decision_type=2 2 2 2 2
left_child=1 -1 4 -4 -3
right_child=-2 2 3 -5 -6
leaf_value=0.0045445098055624618 0.019020089799747859 0 0.0078435436002798897 -0.0037505852147999511 -0.017766503318626781
leaf_weight=3.881654322147372 10.889329463243483 2.3745492473244729 3.0243563055992118 4.376252293586731 15.646870970726011
leaf_count=18 46 13 15 25 112
internal_value=0.000868625 -0.00747304 -0.0117668 0 -0.0165959
internal_weight=40.193 29.3037 25.422 7.40061 18.0214
internal_count=229 183 165 40 125
is_linear=0
shrinkage=0.03


Tree=49
num_leaves=7
num_cat=0
split_feature=12 9 30 47 68 62
split_gain=10.1924 3.49686 2.04536 1.69223 0.192344 0.479499
threshold=0.50757575035095226 1.1666666865348818 0.13510000705718997 0.13558906316757205 752.01473999023449 0.015399999916553499
decision_type=2 2 2 2 8 2
left_child=2 4 -1 -4 5 -2
right_child=1 -3 3 -5 -6 -7
leaf_value=0.00069889984721415073 0 0.021251734918756104 0 -0.015455500601989098 -0.0027507703422274413 0.0059719912956812896
leaf_weight=2.5319741815328625 1.9363240897655494 11.331399187445639 2.9423077702522304 15.948639094829558 3.7398419827222833 4.038899838924408
leaf_count=13 10 48 17 117 19 19
internal_value=0.00171528 0.0144548 -0.00950802 -0.0127212 0 0.00208043
internal_weight=42.4694 21.0465 21.4229 18.8909 9.71507 5.97522
internal_count=243 96 147 134 48 29
is_linear=0
shrinkage=0.03


Tree=50
num_leaves=6
num_cat=0
split_feature=0 54 68 43 54
split_gain=10.2515 4.18211 3.82808 0.840984 0.69709
threshold=2.1666666269302373 0.069159060716629042 313.60475158691412 0.15180068463087085 0.56555533409118663
decision_type=2 2 8 2 2
left_child=1 -1 4 -4 -3
right_child=-2 2 3 -5 -6
leaf_value=0.0064463184454251815 0.018207700794415013 -0.0018014117375449782 0 -0.018862057521639414 0.0067584793230619274
leaf_weight=3.313301473855975 10.970371291041372 5.1188246160745647 1.2615337222814584 17.252664715051651 2.6610491126775742
leaf_count=15 47 29 7 123 13
internal_value=0.000417451 -0.00759224 -0.0123031 -0.0177057 0
internal_weight=40.5777 29.6074 26.2941 18.5142 7.77987
internal_count=234 187 172 130 42
is_linear=0
shrinkage=0.03


Tree=51
num_leaves=7
num_cat=0
split_feature=58 26 60 68 62 47
split_gain=12.3504 6.28674 3.93474 1.69213 0.687935 0.634185
threshold=0.011799999978393318 0.52387118339538585 0.31399999558925634 1.0000000180025095e-35 0.37680000066757208 0.13558906316757205
decision_type=2 2 2 10 2 2
left_child=1 2 3 -1 -2 -3
right_child=4 5 -4 -5 -6 -7
leaf_value=0 -0.017065687188022514 0 0 0.026211182318281376 0 -0.0073344245136881129
leaf_weight=5.0618398040533163 11.866878323256968 3.1003731638193122 2.8636289015412322 13.127293810248373 1.3274032846093167 4.6836162358522415
leaf_count=24 86 17 17 58 8 36
internal_value=0.000618479 0.0117763 0.0186707 0.0225751 -0.0157441 -0.00351016
internal_weight=42.031 28.8368 21.0528 18.1891 13.1943 7.78399
internal_count=246 152 99 82 94 53
is_linear=0
shrinkage=0.03


Tree=52
num_leaves=7
num_cat=0
split_feature=0 54 48 61 19 33
split_gain=8.44492 3.09458 3.32435 1.17991 0.451837 0.177254
threshold=2.1666666269302373 0.069159060716629042 -0.19895818084478376 1.0000000180025095e-35 0.56475511193275463 0.23355001211166385
decision_type=2 2 2 2 2 2
left_child=1 -1 3 -3 -2 -4
right_child=4 2 5 -5 -6 -7
leaf_value=0.0063716288481380943 0.019463793697123012 -0.0024439318197726988 0 0.0087708167514225811 0 -0.015720087096051286
leaf_weight=3.3197732716798809 9.5580382794141752 5.6905609518289584 1.749563537538054 2.7073626518249512 2.2177410572767249 15.692436426877974
leaf_count=15 41 39 12 13 10 107
internal_value=0.00267671 -0.00495814 -0.0094595 0.000712433 0.0179327 -0.0150184
internal_weight=40.9355 29.1597 25.8399 8.39792 11.7758 17.442
internal_count=237 186 171 52 51 119
is_linear=0
shrinkage=0.03


Tree=53
num_leaves=7
num_cat=0
split_feature=32 54 5 53 47 61
split_gain=6.92326 3.53952 2.50129 1.07871 0.568613 0.42164
threshold=0.24938692152500155 0.069159060716629042 0.044748857617378242 -0.48418669402599329 0.090125467628240599 0.0022000001044943933
decision_type=2 2 2 2 2 2
left_child=2 -2 -1 -4 -3 -6
right_child=1 4 3 -5 5 -7
leaf_value=0 0.0035051311174198289 0 0 0.018432703007207361 -0.01716136869214626 0
leaf_weight=7.3540107905864742 2.6341893821954754 1.7229677140712762 2.5665416121482858 7.8843732774257633 14.780016385018827 2.5247068852186194
leaf_count=39 12 9 13 35 112 15
internal_value=0 -0.0103267 0.0101322 0.0158004 -0.0148564 -0.015918
internal_weight=39.4668 21.6619 17.8049 10.4509 19.0277 17.3047
internal_count=235 148 87 48 136 127
is_linear=0
shrinkage=0.03


Tree=54
num_leaves=6
num_cat=0
split_feature=0 54 68 4 55
split_gain=9.73442 4.85522 2.8227 1.37622 0.880426
threshold=2.1666666269302373 0.069159060716629042 376.21420288085943 0.0050959466025233277 -0.031893096864223473
decision_type=2 2 8 8 2
left_child=1 -1 4 -4 -3
right_child=-2 2 3 -5 -6
leaf_value=0.0093166846366024743 0.01863494363781713 0.0063811330267781385 0 -0.018148521874586227 -0.0038291784392047983
leaf_weight=2.5313795655965832 11.291520208120344 3.9246087521314621 1.8706490099430109 16.07418317347765 5.371678829193117
leaf_count=11 49 20 13 116 32
internal_value=0.00176884 -0.0061963 -0.0113636 -0.0162172 0
internal_weight=41.064 29.7725 27.2411 17.9448 9.29629
internal_count=241 192 181 129 52
is_linear=0
shrinkage=0.03


Tree=55
num_leaves=7
num_cat=0
split_feature=58 5 54 62 4 17
split_gain=8.57628 5.29692 1.82637 1.31184 0.922371 0.834482
threshold=0.011799999978393318 0.044748857617378242 0.069159060716629042 0.65939998626708995 0.0079052620567381399 0.026326828636229042
decision_type=2 2 2 2 10 2
left_child=1 2 -1 -2 -3 -4
right_child=3 4 5 -5 -6 -7
leaf_value=0.0061957247197517839 -0.015212097262425117 0 0 0 0.020800494647623326 -0.010256763577536307
leaf_weight=2.7350548207759884 11.304717004299162 1.5971194207668293 1.8702524006366719 1.1950228959321965 12.13780042529106 8.1971308588981611
leaf_count=12 82 9 9 7 55 56
internal_value=0.000638921 0.0104491 -0.000609037 -0.012909 0.0191982 -0.00761387
internal_weight=39.0371 26.5374 12.8024 12.4997 13.7349 10.0674
internal_count=230 141 77 89 64 65
is_linear=0
shrinkage=0.03


Tree=56
num_leaves=7
num_cat=0
split_feature=0 68 14 47 60 14
split_gain=8.96465 3.93901 1.75251 1.57833 0.888693 0.643063
threshold=1.8333333134651186 376.21420288085943 13.221588611602785 0.085297085344791426 0.0061999999452382335 14.235917091369631
decision_type=2 8 2 2 2 2
left_child=1 4 -2 -3 -1 -5
right_child=2 3 -4 5 -6 -7
leaf_value=0.0082196276337502209 0.01976918334250042 0 0 -0.017634872224053265 -0.00017784826379752349 0
leaf_weight=4.0805374234914797 8.937155604362486 2.8668765127658871 2.4207146465778342 14.5571923404932 4.514584869146347 1.3522226437926281
leaf_count=21 39 14 13 113 26 8
internal_value=6.26551e-05 -0.00774997 0.0165129 -0.013997 0.00285857 -0.0165052
internal_weight=38.7293 27.3714 11.3579 18.7763 8.59512 15.9094
internal_count=234 182 52 135 47 121
is_linear=0
shrinkage=0.03


Tree=57
num_leaves=7
num_cat=0
split_feature=12 0 68 60 68 18
split_gain=10.8336 4.76441 1.43016 0.470602 1.22916 0.330794
threshold=0.36666667461395269 0.83333334326744091 606.43356323242199 0.00059999998484272521 752.01473999023449 0.35518549382686621
decision_type=2 2 8 2 8 2
left_child=2 3 5 4 -2 -1
right_child=1 -3 -4 -5 -6 -7
leaf_value=0.0037077756217265326 0.0095243952607799234 0.021552735826350124 -0.014962682166472532 -0.0046871718667870158 -0.0016644116868780392 -0.0029364940216552535
leaf_weight=2.6236536279320744 2.8780539184808749 12.92020447552204 11.54365214705467 4.7608059644699097 3.4543382823467255 4.3998743444681168
leaf_count=16 12 57 94 27 18 30
internal_value=0.00165914 0.0136731 -0.0111257 0 0.00246517 0
internal_weight=42.5806 24.0134 18.5672 11.0932 6.33239 7.02353
internal_count=254 114 140 57 30 46
is_linear=0
shrinkage=0.03


Tree=58
num_leaves=6
num_cat=0
split_feature=68 60 54 58 26
split_gain=9.42907 6.41431 2.94534 2.3892 1.24685
threshold=697.16046142578136 0.31399999558925634 0.069159060716629042 0.011799999978393318 0.12377285212278367
decision_type=8 2 2 2 2
left_child=1 3 -2 -1 -4
right_child=2 -3 4 -5 -6
leaf_value=0.024805484565049624 0.0032441065761737802 -0.0043733965202675702 0 0 -0.015727677298158289
leaf_weight=13.028684794902807 2.5275145322084454 3.8658695369958869 3.1722679585218456 3.7564045563340178 13.977928481996058
leaf_count=60 11 24 17 23 106
internal_value=0.00250479 0.0145757 -0.00878431 0.0211835 -0.0133089
internal_weight=40.3287 20.651 19.6777 16.7851 17.1502
internal_count=241 107 134 83 123
is_linear=0
shrinkage=0.03


Tree=59
num_leaves=7
num_cat=0
split_feature=58 26 60 62 2 47
split_gain=8.37669 6.5123 2.61145 1.81943 1.34891 0.435838
threshold=0.011799999978393318 0.52387118339538585 0.31399999558925634 0.37680000066757208 1.9959999918937685 0.087287481874227538
decision_type=2 2 2 2 2 2
left_child=1 2 4 -2 -1 -3
right_child=3 5 -4 -5 -6 -7
leaf_value=0.023746668620198884 -0.01419847659161011 0 0 0 0 -0.0064192753156411533
leaf_weight=16.231560774147521 10.595526419579981 2.4424858242273322 2.7788109704852095 1.301035352051257 2.0101865231990805 5.2364949584007263
leaf_count=73 81 12 17 7 11 41
internal_value=0.00337927 0.0120318 0.0190249 -0.0107161 0.0219267 -0.00365054
internal_weight=40.5961 28.6995 21.0206 11.8966 18.2417 7.67898
internal_count=242 154 101 88 84 53
is_linear=0
shrinkage=0.03


Tree=60
num_leaves=7
num_cat=0
split_feature=58 26 60 62 68 17
split_gain=8.7368 6.87462 4.09282 1.14886 0.894182 0.305243
threshold=0.011799999978393318 0.5706191658973695 0.10199999809265138 0.55140000581741344 752.01473999023449 0.41641052067279821
decision_type=2 2 2 2 8 2
left_child=1 2 4 -2 -1 -3
right_child=3 5 -4 -5 -6 -7
leaf_value=0.025801525034954795 -0.014413796108866412 0 0 0 0 -0.0072587268548645239
leaf_weight=12.47401027381421 10.760758034884928 1.9175264537334431 3.7648517787456504 1.3010423779487599 5.5504428446292868 4.5156064629554749
leaf_count=56 82 13 22 8 28 33
internal_value=0.00195464 0.0111782 0.0181508 -0.0121917 0.0224756 -0.0054611
internal_weight=40.2842 28.2224 21.7893 12.0618 18.0245 6.43313
internal_count=242 152 106 90 84 46
is_linear=0
shrinkage=0.03


Tree=61
num_leaves=7
num_cat=0
split_feature=68 58 11 30 52 4
split_gain=8.84049 3.66034 2.2494 2.06227 1.02184 0.85221
threshold=697.16046142578136 0.011799999978393318 5.6070852279663095 0.3257004469633103 -0.3264156281948089 0.0050959466025233277
decision_type=8 2 2 2 2 8
left_child=1 3 4 -1 5 -2
right_child=2 -3 -4 -5 -6 -7
leaf_value=0.021918635365438054 0 -0.00074141919650559922 0.00085113705579269899 0 0 -0.016743031881682521
leaf_weight=11.427373394370084 1.2505387887358654 4.7615998461842528 2.4475587829947463 4.8301372453570357 1.247755870223046 13.425974786281586
leaf_count=52 9 30 14 28 7 98
internal_value=0.00110676 0.0128877 -0.0100487 0.0179266 -0.0137206 -0.015331
internal_weight=39.3909 21.0191 18.3718 16.2575 15.9243 14.6765
internal_count=238 110 128 80 114 107
is_linear=0
shrinkage=0.03


Tree=62
num_leaves=6
num_cat=0
split_feature=0 54 68 48 30
split_gain=7.30998 4.72394 4.48476 0.902245 0.252023
threshold=2.5000000000000004 0.069159060716629042 292.94918823242193 -0.17037970572710034 0.84942904114723217
decision_type=2 2 8 2 2
left_child=1 -1 3 -3 -4
right_child=-2 2 4 -5 -6
leaf_value=0.0083446972223981484 0.016171330781786973 0.0081278136183405326 -0.018350151476176312 -0.001074928332015731 0
leaf_weight=3.8303397148847607 9.9742947071790677 2.6720777004957199 16.378805086016659 4.7680077105760601 2.0413897782564154
leaf_count=17 45 12 121 27 17
internal_value=0.000595253 -0.00588169 -0.0114014 0.00155514 -0.0174517
internal_weight=39.6649 29.6906 25.8603 7.44009 18.4202
internal_count=239 194 177 39 138
is_linear=0
shrinkage=0.03


Tree=63
num_leaves=7
num_cat=0
split_feature=0 54 48 58 17 47
split_gain=6.4857 2.70165 2.51909 0.7645 0.659001 0.387378
threshold=2.1666666269302373 0.069159060716629042 -0.19895818084478376 0.00059999998484272521 0.70142579078674328 0.085297085344791426
decision_type=2 2 2 2 2 2
left_child=1 -1 3 -3 -2 -4
right_child=4 2 5 -5 -6 -7
leaf_value=0.0049572141857333451 0.016811007421498221 0.0055260753381008035 0 -0.0038993204932471623 0 -0.015580729258248941
leaf_weight=2.4711046665906933 7.4900200217962247 6.0325882062315959 1.4763508886098886 3.0521690845489502 2.1995486319065094 15.655945144593714
leaf_count=11 34 35 8 23 10 117
internal_value=0 -0.00620042 -0.00998714 0 0.0148633 -0.0147207
internal_weight=38.3777 28.6882 26.2171 9.08476 9.68957 17.1323
internal_count=238 194 183 58 44 125
is_linear=0
shrinkage=0.03


Tree=64
num_leaves=7
num_cat=0
split_feature=0 54 61 43 53 54
split_gain=4.60841 2.6911 2.22785 1.55482 0.965888 0.293867
threshold=1.8333333134651186 0.069159060716629042 1.0000000180025095e-35 0.15180068463087085 -0.48418669402599329 0.56555533409118663
decision_type=2 2 2 2 2 2
left_child=1 -1 3 -3 -2 -4
right_child=4 2 5 -5 -6 -7
leaf_value=0.0045569142759788774 0 0 -0.00082350438370968639 -0.01639693169240421 0.013863975668690409 0.0046076914173968546
leaf_weight=3.1290048062801388 1.6517394110560406 2.0487024262547555 4.6937966942787162 15.979391224682329 8.6558278053998929 1.9880421161651609
leaf_count=14 10 11 27 126 39 10
internal_value=0 -0.00614973 -0.0101564 -0.0141167 0.0115659 0
internal_weight=38.1465 27.8389 24.7099 18.0281 10.3076 6.68184
internal_count=237 188 174 137 49 37
is_linear=0
shrinkage=0.03


Tree=65
num_leaves=7
num_cat=0
split_feature=68 60 11 58 41 4
split_gain=7.61856 3.29545 2.6891 1.41007 0.520505 0.194077
threshold=697.16046142578136 0.0030000000260770325 5.6070852279663095 0.072800002992153182 0.47431828081607824 0.0085945865139365214
decision_type=8 2 2 2 2 10
left_child=1 3 4 -1 -2 -3
right_child=2 5 -4 -5 -6 -7
leaf_value=0.020455697239316711 -0.015457387023271636 -0.0033409753164228865 0.0014606244268466023 0 0 0.00054821922958544925
leaf_weight=10.030855394899847 13.323982998728754 5.3232776746153823 3.2706708610057822 1.3709015101194371 1.2677242159843434 2.0755383372306824
leaf_count=48 102 34 19 10 7 10
internal_value=0.000228642 0.0119991 -0.00986677 0.0182301 -0.0144071 0
internal_weight=36.663 18.8006 17.8624 11.4018 14.5917 7.39882
internal_count=230 102 128 58 109 44
is_linear=0
shrinkage=0.03


Tree=66
num_leaves=7
num_cat=0
split_feature=12 60 58 47 2 17
split_gain=6.88868 3.0235 2.11415 1.93395 0.543209 0.0770478
threshold=0.30952382087707525 0.31399999558925634 0.045199999585747726 0.16693903505802157 1.8075471520423891 0.62745931744575512
decision_type=2 2 2 2 2 2
left_child=3 2 4 5 -2 -1
right_child=1 -3 -4 -5 -6 -7
leaf_value=0.0024561045202154469 0.019788980502463364 -0.0015648685250405786 0 -0.013062308208040383 0 0
leaf_weight=1.5662426501512521 13.755668938159948 2.6240511834621421 1.8595896661281575 12.383440956473349 2.0758590549230567 1.4971810132265089
leaf_count=10 62 15 12 102 11 10
internal_value=0.00147947 0.0117998 0.0157981 -0.00903884 0.0184718 0.000181375
internal_weight=35.762 20.3152 17.6911 15.4469 15.8315 3.06342
internal_count=222 100 85 122 73 20
is_linear=0
shrinkage=0.03


Tree=67
num_leaves=7
num_cat=0
split_feature=12 60 30 47 29 51
split_gain=7.44326 1.97772 1.72355 1.00881 0.578559 0.390429
threshold=0.50757575035095226 0.31399999558925634 0.13510000705718997 0.085297085344791426 0.25961717963218695 -0.40207976102828974
decision_type=2 2 2 2 2 2
left_child=2 4 -1 -4 -2 -5
right_child=1 -3 3 5 -6 -7
leaf_value=0.00019181327484924592 0 0 0 -0.014584646554608234 0.017020875875385203 0
leaf_weight=2.4902071505785015 3.1844150125980439 2.3902211636304846 1.5348799973726297 13.939961515367033 13.292011618614195 1.6065895110368682
leaf_count=13 16 13 8 116 62 11
internal_value=0.000795034 0.0124122 -0.00878507 -0.0118969 0.0153362 -0.0136228
internal_weight=38.4383 18.8666 19.5716 17.0814 16.4764 15.5466
internal_count=239 91 148 135 78 127
is_linear=0
shrinkage=0.03


Tree=68
num_leaves=7
num_cat=0
split_feature=58 32 60 68 51 56
split_gain=6.17764 3.29594 2.2083 1.82082 1.13522 0.307015
threshold=0.011799999978393318 0.60815632343292247 0.077600002288818373 752.01473999023449 -0.46900960803031916 -0.38089865446090693
decision_type=2 2 2 8 2 2
left_child=1 2 3 -1 -2 -3
right_child=4 5 -4 -5 -6 -7
leaf_value=0.022261917834832726 -0.01233880085283892 -0.0049409791507207344 0 0 0 0
leaf_weight=11.298617511987695 9.2106620073318464 3.4818853288888931 3.8050471544265738 7.7232420369982711 1.2789120823144902 1.3604264110326756
leaf_count=52 76 27 22 42 8 9
internal_value=0.00272987 0.010325 0.0145287 0.0175283 -0.00963737 -0.00188653
internal_weight=38.1588 27.6692 22.8269 19.0219 10.4896 4.84231
internal_count=236 152 116 94 84 36
is_linear=0
shrinkage=0.03


Tree=69
num_leaves=7
num_cat=0
split_feature=58 0 14 62 68 17
split_gain=7.59459 4.34277 1.05518 0.94583 0.599093 0.663811
threshold=0.011799999978393318 0.83333334326744091 13.604084968566896 0.37680000066757208 353.45547485351568 0.47890043258666998
decision_type=2 2 2 2 8 2
left_child=1 4 -3 -2 5 -1
right_child=3 2 -4 -5 -6 -7
leaf_value=0.0072894257485402614 -0.014145743538919401 0.020747436587118365 0 0 -0.0048039794705430567 0
leaf_weight=3.4225719720125207 9.3946162611246091 10.32144510746002 2.3630582913756362 1.4623922631144513 8.3461039662361145 1.5189291685819624
leaf_count=16 78 49 13 9 54 10
internal_value=0.00133821 0.0103981 0.0185405 -0.0120523 0 0.00278378
internal_weight=36.8291 25.9721 12.6845 10.857 13.2876 4.9415
internal_count=229 142 62 87 80 26
is_linear=0
shrinkage=0.03


Tree=70
num_leaves=6
num_cat=0
split_feature=0 54 22 19 4
split_gain=6.34397 2.58797 2.75954 0.8396 0.62809
threshold=2.1666666269302373 0.069159060716629042 0.019397587515413765 0.52634975314140331 0.0050959466025233277
decision_type=2 2 2 2 8
left_child=1 -1 -3 -2 -4
right_child=3 2 4 -5 -6
leaf_value=0.0041447235620194322 0.01677931322994048 0.0022533467238988266 0 0 -0.014936028548103858
leaf_weight=3.1600875854492214 7.7269238084554654 2.2420277446508434 2.2578328177332905 2.0969930440187454 19.424128390848637
leaf_count=14 36 10 16 10 149
internal_value=0 -0.00630516 -0.010269 0.0146166 -0.0137602
internal_weight=36.908 27.0841 23.924 9.82392 21.682
internal_count=235 189 175 46 165
is_linear=0
shrinkage=0.03


Tree=71
num_leaves=7
num_cat=0
split_feature=32 58 0 60 68 47
split_gain=6.77676 2.45749 1.79961 1.26642 0.945109 0.920636
threshold=0.26627056300640112 0.018600000068545345 4.1666667461395273 0.31399999558925634 1.0000000180025095e-35 0.080323282629251494
decision_type=2 2 2 2 10 2
left_child=1 3 5 4 -1 -2
right_child=2 -3 -4 -5 -6 -7
leaf_value=0 0 -0.0013066048900030628 0 0 0.018443263910830753 -0.015650591821750576
leaf_weight=3.8443722426891354 1.6933331489563048 3.3176716640591613 1.2730893939733494 1.8223761320114125 9.5138575136661512 14.858959466218947
leaf_count=20 8 21 6 10 44 122
internal_value=0 0.00928775 -0.0114387 0.0135853 0.0157402 -0.0140753
internal_weight=36.3237 18.4983 17.8254 15.1806 13.3582 16.5523
internal_count=231 95 136 74 64 130
is_linear=0
shrinkage=0.03


Tree=72
num_leaves=7
num_cat=0
split_feature=68 60 11 14 4 51
split_gain=4.7612 2.98239 2.33351 1.54056 0.848854 0.581141
threshold=385.15440368652349 0.39460000395774847 5.6070852279663095 14.235917091369631 0.0085945865139365214 -0.40207976102828974
decision_type=8 2 2 2 8 2
left_child=1 4 3 5 -1 -2
right_child=2 -3 -4 -5 -6 -7
leaf_value=0 -0.015274579673376006 -0.0015854783323020522 0.0031675140860812087 0 0.017607845194017684 0
leaf_weight=1.5967776179313631 11.34092801064253 2.6645710095763198 3.8275176584720603 2.8777193352580062 11.38342422246933 3.0999612063169506
leaf_count=9 94 16 22 15 58 18
internal_value=0.000882283 0.0111939 -0.00596482 -0.0106001 0.0159765 -0.0135026
internal_weight=36.7909 15.6448 21.1461 17.3186 12.9802 14.4409
internal_count=232 83 149 127 67 112
is_linear=0
shrinkage=0.03


Tree=73
num_leaves=7
num_cat=0
split_feature=68 60 9 58 26 51
split_gain=4.97074 4.11204 2.51845 1.78705 0.741375 0.460958
threshold=752.01473999023449 0.077600002288818373 2.1666666269302373 0.045199999585747726 0.66653695702552807 -0.40207976102828974
decision_type=8 2 2 2 2 2
left_child=1 3 5 4 -1 -2
right_child=2 -3 -4 -5 -6 -7
leaf_value=0.020882571421479541 -0.014165209821634455 -0.0024455319538377361 0.0024439372605798934 0 0 0
leaf_weight=10.970746695995333 9.4451815709471703 5.3098939806222907 3.9789697974920264 1.6424218341708172 1.5511161759495724 3.0062257647514352
leaf_count=51 82 34 21 12 10 17
internal_value=0.00140185 0.0105171 -0.00702341 0.0168606 0.0194016 -0.0124622
internal_weight=35.9046 19.4742 16.4304 14.1643 12.5219 12.4514
internal_count=227 107 120 73 61 99
is_linear=0
shrinkage=0.03


Tree=74
num_leaves=7
num_cat=0
split_feature=12 49 60 53 33 51
split_gain=6.033 2.54936 1.83653 0.840928 0.726891 0.875621
threshold=0.30952382087707525 0.14333777129650119 0.31399999558925634 -0.48418669402599329 0.23355001211166385 -0.40207976102828974
decision_type=2 2 2 2 2 2
left_child=4 2 3 -2 -1 -6
right_child=1 -3 -4 -5 5 -7
leaf_value=0 0 -0.00055569032355206433 0 0.018939274413001802 -0.013203764882180334 0
leaf_weight=1.7809349969029415 2.6547449380159405 4.4593831822276107 2.1518781930208197 11.810165703296663 11.514796450734135 1.8365170359611518
leaf_count=14 14 23 13 56 102 12
internal_value=0.00023118 0.0100256 0.0142614 0.0169952 -0.0095843 -0.0112641
internal_weight=36.2084 21.0762 16.6168 14.4649 15.1322 13.3513
internal_count=234 106 83 70 128 114
is_linear=0
shrinkage=0.03


Tree=75
num_leaves=7
num_cat=0
split_feature=58 0 62 50 26 56
split_gain=5.95717 4.2845 1.87915 0.662719 0.383053 0.33102
threshold=0.005799999926239253 0.83333334326744091 0.83859997987747203 0.25274411588907247 0.28832280635833746 -0.52962470054626454
decision_type=2 2 2 2 2 2
left_child=1 4 3 -2 -1 -3
right_child=2 5 -4 -5 -6 -7
leaf_value=0.00096188397036304238 -0.01492492549378723 0 0.00055157612149475492 0 -0.0044242177434058692 0.019372710149439774
leaf_weight=5.3302292972803134 10.032630622386931 1.7693588361144055 1.0583359748125065 1.166204385459422 6.8881786838173866 9.6961590200662595
leaf_count=26 83 10 5 9 52 46
internal_value=0.00109017 0.0098046 -0.00989226 -0.0135042 0 0.0181793
internal_weight=35.9411 23.6839 12.2572 11.1988 12.2184 11.4655
internal_count=231 134 97 92 78 56
is_linear=0
shrinkage=0.03


Tree=76
num_leaves=7
num_cat=0
split_feature=12 60 58 62 55 31
split_gain=7.35309 3.08047 2.94435 1.03077 0.822366 0.623257
threshold=0.30952382087707525 0.077600002288818373 0.045199999585747726 0.9650000035762788 0.14797452092170718 0.12636836245656016
decision_type=2 2 2 2 2 2
left_child=3 2 4 5 -2 -1
right_child=1 -3 -4 -5 -6 -7
leaf_value=0 0.021033038628340776 -0.0010038292858982583 -5.4923527094609939e-05 0 0 -0.01340987645137888
leaf_weight=1.0959957242012013 13.5670015513897 3.8144269883632651 1.6345105990767468 1.3586493209004391 2.2882819324731818 11.783072918653486
leaf_count=7 64 23 11 8 11 106
internal_value=0.00139003 0.0116891 0.0159982 -0.0100098 0.0193548 -0.0121117
internal_weight=35.5419 21.3042 17.4898 14.2377 15.8553 12.8791
internal_count=230 109 86 121 75 113
is_linear=0
shrinkage=0.03


Tree=77
num_leaves=7
num_cat=0
split_feature=68 60 47 0 4 4
split_gain=6.78955 3.40112 1.97014 1.73322 0.515668 0.300194
threshold=697.16046142578136 0.0030000000260770325 0.085297085344791426 3.1666666269302373 0.0054832310415804395 0.012527989223599436
decision_type=8 2 2 2 8 10
left_child=1 -1 -2 4 -4 -3
right_child=2 5 3 -5 -6 -7
leaf_value=0.01876300627880409 0.00098508906157604957 -0.0039306360681896461 0 0 -0.01611929443744662 0.0015715408652319123
leaf_weight=11.518381245434286 3.1097781658172634 5.6193915084004393 1.5668972730636568 1.3256386518478382 11.276977568864822 1.6838867813348768
leaf_count=59 15 37 13 6 99 8
internal_value=0.00179167 0.0125155 -0.00799578 -0.0120413 -0.0148894 0
internal_weight=36.101 18.8217 17.2793 14.1695 12.8439 7.30328
internal_count=237 104 133 118 112 45
is_linear=0
shrinkage=0.03


Tree=78
num_leaves=7
num_cat=0
split_feature=68 60 32 44 0 4
split_gain=5.3816 3.33767 2.35787 2.0627 1.62887 0.30118
threshold=697.16046142578136 0.31399999558925634 0.37618413567543035 0.65886381268501293 3.5000000000000004 0.005215203622356058
decision_type=8 2 2 2 2 8
left_child=1 2 -1 4 5 -2
right_child=3 -3 -4 -5 -6 -7
leaf_value=0.020545724594809689 0 -0.0017546028862370673 0 0.0023558158436289274 0 -0.015203878831716653
leaf_weight=10.673814713954927 1.7029554247856111 3.5881258174777022 4.4062790125608435 1.8264931812882412 1.1110787540674198 11.046319715678692
leaf_count=51 13 23 29 9 5 95
internal_value=0.00175467 0.0112724 0.0162281 -0.00721507 -0.0114497 -0.0142105
internal_weight=34.3551 18.6682 15.0801 15.6868 13.8604 12.7493
internal_count=225 103 80 122 113 108
is_linear=0
shrinkage=0.03


Tree=79
num_leaves=7
num_cat=0
split_feature=58 30 60 62 51 2
split_gain=5.62509 5.00853 1.36055 1.02343 0.779885 0.266127
threshold=0.011799999978393318 0.3257004469633103 0.11800000071525575 0.55140000581741344 -0.40207976102828974 1.4670542478561404
decision_type=2 2 2 2 2 2
left_child=1 2 5 -2 -3 -1
right_child=3 4 -4 -5 -6 -7
leaf_value=0.020148031462476613 -0.013097888750201955 -0.0069665826129471885 0 0 0.00047189164844542772 0
leaf_weight=10.720289260149004 9.8759008496999723 7.2827413156628609 1.796950265765189 1.2240162193775166 3.5608963295817357 2.8067166805267325
leaf_count=51 85 56 10 8 19 15
internal_value=0.000344542 0.00844513 0.0165631 -0.0108604 -0.00259083 0.0186369
internal_weight=37.2675 26.1676 15.324 11.0999 10.8436 13.527
internal_count=244 151 76 93 75 66
is_linear=0
shrinkage=0.03


Tree=80
num_leaves=7
num_cat=0
split_feature=12 0 47 31 68 59
split_gain=4.61303 2.20555 1.2553 0.664402 0.317756 0.652549
threshold=0.30952382087707525 1.1666666865348818 0.096516769379377379 0.15461797267198565 752.01473999023449 0.19579999893903735
decision_type=2 2 2 2 8 2
left_child=2 4 -1 -4 5 -2
right_child=1 -3 3 -5 -6 -7
leaf_value=0 0.0067336618519274029 0.015304792104644379 0 -0.012417441156656262 -0.0036868035533738895 -0.00011418904273805917
leaf_weight=1.6642769947648037 4.9178171604871759 9.9446216374635679 1.8927484899759282 10.924776330590246 4.4718520790338525 2.1737778782844543
leaf_count=10 23 48 13 102 28 12
internal_value=0.000856815 0.0092343 -0.00782418 -0.0107329 0 0.00228542
internal_weight=35.9899 21.5081 14.4818 12.8175 11.5634 7.0916
internal_count=236 111 125 115 63 35
is_linear=0
shrinkage=0.03


Tree=81
num_leaves=7
num_cat=0
split_feature=58 0 51 56 21 53
split_gain=4.6289 3.82177 1.06623 0.510317 0.465694 0.624207
threshold=0.011799999978393318 0.83333334326744091 -0.41610644757747645 -0.54256087541580189 0.26361444592475897 -0.24242531508207318
decision_type=2 2 2 2 2 2
left_child=1 4 -2 -3 -1 -6
right_child=2 3 -4 -5 5 -7
leaf_value=0.0025739297617757397 -0.011202911851296642 0 0 0.01850149973470875 -0.0067839346990493429 0
leaf_weight=3.0424635037779835 9.1804216429591161 1.754055231809615 1.1253503710031498 9.8321871981024724 9.4365215152502024 1.3698218092322356
leaf_count=15 82 10 6 49 65 7
internal_value=0.00193588 0.0090306 -0.00844345 0.0171235 0 -0.00399889
internal_weight=35.7408 25.435 10.3058 11.5862 13.8488 10.8063
internal_count=234 146 88 59 87 72
is_linear=0
shrinkage=0.03


Tree=82
num_leaves=7
num_cat=0
split_feature=58 30 62 60 50 47
split_gain=5.5737 3.83616 1.46318 0.882933 0.403423 0.426437
threshold=0.011799999978393318 0.3257004469633103 0.55140000581741344 0.19040000438690188 0.14968683570623401 0.16693903505802157
decision_type=2 2 2 2 2 2
left_child=1 3 -2 -1 5 -3
right_child=2 4 -4 -5 -6 -7
leaf_value=0.018102444688002442 -0.012198985698830267 0.0054621171638516205 0 0 -0.0049774038555307409 -0.00021079827215572116
leaf_weight=14.845009870827203 9.1959099248051626 2.9934215247631055 1.3020321503281582 1.7683488577604283 4.5073591992259026 2.6235507801175117
leaf_count=73 82 16 8 10 31 23
internal_value=0.00297721 0.010297 -0.00866711 0.0166152 -0.000193717 0.00053215
internal_weight=37.2356 26.7377 10.4979 16.6134 10.1243 5.61697
internal_count=243 153 90 83 70 39
is_linear=0
shrinkage=0.03


Tree=83
num_leaves=6
num_cat=0
split_feature=58 26 60 51 68
split_gain=5.39584 5.06468 2.39451 0.403619 0.321361
threshold=0.011799999978393318 0.52387118339538585 0.31399999558925634 -0.39158758521080012 125.49837112426759
decision_type=2 2 2 2 8
left_child=1 2 -1 -3 -2
right_child=4 3 -4 -5 -6
leaf_value=0.018745285782832279 0 -0.0071775025227892248 0 0 -0.01195851027986578
leaf_weight=15.461344271898275 1.4316645562648744 4.6471293643116951 2.878456398844718 1.2607204914093006 7.7877255305647859
leaf_count=76 9 40 18 7 71
internal_value=0.000728406 0.00875452 0.0154807 -0.00495971 -0.0108307
internal_weight=33.467 24.2477 18.3398 5.90785 9.21939
internal_count=221 141 94 47 80
is_linear=0
shrinkage=0.03


Tree=84
num_leaves=7
num_cat=0
split_feature=58 26 35 2 62 52
split_gain=4.25347 3.41859 1.66199 1.08275 0.876092 0.249431
threshold=0.011799999978393318 0.52387118339538585 0.1045847423374653 1.9439166784286501 0.61460000276565563 -0.38562110066413874
decision_type=2 2 2 2 2 2
left_child=1 2 -1 -4 -2 -3
right_child=4 5 3 -5 -6 -7
leaf_value=0 -0.011570130308801913 -0.0050680568353880908 0.017472846786614201 0 0 0
leaf_weight=3.1888689994812074 8.7109172567725164 4.4970594346523285 14.685160987079145 1.9384834319353093 1.1693560630083073 2.1251356005668631
leaf_count=16 78 38 75 12 7 13
internal_value=0.00074134 0.00765899 0.0130358 0.0156993 -0.00929152 -0.00298262
internal_weight=36.315 26.4347 19.8125 16.6236 9.88027 6.6222
internal_count=239 154 103 87 85 51
is_linear=0
shrinkage=0.03


Tree=85
num_leaves=7
num_cat=0
split_feature=12 30 60 68 46 4
split_gain=6.18124 2.30965 1.47815 1.86232 1.30417 0.0589641
threshold=0.50757575035095226 0.13510000705718997 0.34340000152587896 752.01473999023449 0.081586226820945754 0.018191121518611911
decision_type=2 2 2 8 2 10
left_child=1 -1 3 -2 -3 -5
right_child=2 4 -4 5 -6 -7
leaf_value=0.0012428495294436672 0.017161055010665695 0 0 -0.0019703866588974888 -0.015677357244449356 0.00054049538949529777
leaf_weight=2.6341652870178249 11.146337345242506 1.5346842408180226 1.795107528567313 2.7546472549438468 12.682218849658964 2.1476595252752304
leaf_count=14 55 9 10 15 118 10
internal_value=0 -0.00933908 0.0107559 0.0132186 -0.0134809 0
internal_weight=34.6948 16.8511 17.8438 16.0486 14.2169 4.90231
internal_count=231 141 90 80 127 25
is_linear=0
shrinkage=0.03


Tree=86
num_leaves=7
num_cat=0
split_feature=68 60 0 47 6 58
split_gain=5.64295 3.30906 1.30701 1.36754 1.05847 0.449796
threshold=697.16046142578136 0.31399999558925634 3.5000000000000004 0.073408186435699477 264.00000762939459 0.10099999979138376
decision_type=8 2 2 2 2 2
left_child=1 5 3 -2 -5 -1
right_child=2 -3 -4 4 -6 -7
leaf_value=0.0183067195395533 0 -0.0010173744171868191 0.00079079267782035151 -0.014349460698638293 0 0
leaf_weight=14.028322607278826 1.9709034115076089 3.4462168812751761 2.1956585198640814 10.699466980993746 1.7332715317606915 1.5902241468429554
leaf_count=73 9 23 10 94 14 12
internal_value=0.00335869 0.0126944 -0.00584931 -0.00922943 -0.0121463 0.0172781
internal_weight=35.6641 19.0648 16.5993 14.4036 12.4327 15.6185
internal_count=235 108 127 117 108 85
is_linear=0
shrinkage=0.03


Tree=87
num_leaves=7
num_cat=0
split_feature=4 68 47 56 21 30
split_gain=5.78791 2.77796 1.77378 0.734761 0.680931 0.52358
threshold=0.0079052620567381399 984.45333862304699 0.087287481874227538 -0.61081016063690174 0.15470241755247119 0.3257004469633103
decision_type=10 8 2 2 2 2
left_child=2 5 -1 -4 -5 -2
right_child=1 -3 3 4 -6 -7
leaf_value=0 0.01711250922315502 -0.00029260207150096307 0 0 -0.015555068131847425 0
leaf_weight=2.612148746848109 8.6762429922819155 5.6921224966645232 0.75946463644504625 2.057805880904195 13.064018182456492 1.9424831196665753
leaf_count=12 44 36 5 16 109 11
internal_value=0 0.00974589 -0.0097525 -0.0128993 -0.0140622 0.0155691
internal_weight=34.8043 16.3108 18.4934 15.8813 15.1218 10.6187
internal_count=233 91 142 130 125 55
is_linear=0
shrinkage=0.03


Tree=88
num_leaves=7
num_cat=0
split_feature=68 60 0 7 44 60
split_gain=5.07302 4.95545 1.85387 1.06936 0.673409 0.136343
threshold=667.86233520507824 0.077600002288818373 2.5000000000000004 371.50000000000006 0.062766630202531828 0.72759997844696056
decision_type=8 2 2 2 2 2
left_child=1 3 4 -1 -2 -6
right_child=2 -3 -4 -5 5 -7
leaf_value=0.019067668449151642 0 -0.0041958252338209672 0.00021065610227075725 0 -0.014624217681127051 0
leaf_weight=10.933766536414625 1.0679268091917027 5.4529323801398268 2.5866593271493903 1.6518019586801518 11.048883594572541 0.96289384365081865
leaf_count=58 6 35 12 10 98 10
internal_value=0 0.00936819 -0.00905611 0.0171573 -0.0127856 -0.0141045
internal_weight=33.7049 18.0385 15.6664 12.5856 13.0797 12.0118
internal_count=229 103 126 68 114 108
is_linear=0
shrinkage=0.03


Tree=89
num_leaves=6
num_cat=0
split_feature=12 30 4 60 61
split_gain=4.69437 2.63095 2.02577 0.284254 0.059616
threshold=0.50757575035095226 0.13510000705718997 0.0055944493506103763 0.0030000000260770325 0.0014000000082887711
decision_type=2 2 10 2 2
left_child=1 -1 3 -2 -3
right_child=2 4 -4 -5 -6
leaf_value=0.0023497700388748328 0.001460272550447055 -0.014178190366337894 0.014291692540295364 -0.0040519559408531448 0
leaf_weight=2.9644068777561214 3.8288639634847668 11.288300685584543 10.164547339081762 3.7857999056577682 2.75154885649681
leaf_count=16 18 112 52 23 18
internal_value=0 -0.00845284 0.00909025 0 -0.0132582
internal_weight=34.7835 17.0043 17.7792 7.61466 14.0398
internal_count=239 146 93 41 130
is_linear=0
shrinkage=0.03


Tree=90
num_leaves=6
num_cat=0
split_feature=0 47 30 56 57
split_gain=3.55464 2.23133 1.19496 0.607952 0.409068
threshold=3.5000000000000004 0.085297085344791426 0.14627855271101001 -0.3232800811529159 0.1564000025391579
decision_type=2 2 2 2 2
left_child=1 -1 4 -4 -3
right_child=-2 2 3 -5 -6
leaf_value=0.0047068081265826739 0.012386570297004858 -0.0028641656136288536 -0.012546376280887341 0 0.0043679104404795747
leaf_weight=4.3833826482296017 7.3686618804931632 3.0838192924857166 14.466292284429075 1.0908309817314101 3.6712250709533691
leaf_count=21 39 18 132 7 18
internal_value=0.000328753 -0.00383294 -0.00830497 -0.0113703 0
internal_weight=34.0642 26.6956 22.3122 15.5571 6.75504
internal_count=235 196 175 139 36
is_linear=0
shrinkage=0.03


Tree=91
num_leaves=7
num_cat=0
split_feature=62 60 32 61 14 4
split_gain=3.36894 2.23518 1.17237 0.624751 0.30053 0.199375
threshold=0.0010000000183936211 0.0061999999452382335 0.15498365461826327 0.0014000000082887711 13.488600730895998 0.012527989223599436
decision_type=2 2 2 2 2 10
left_child=2 4 -1 -4 -2 -3
right_child=1 5 3 -5 -6 -7
leaf_value=0 0.015212174251793021 -0.003393797945575944 -0.011619319002452094 0 0 0.000526509556440473
leaf_weight=4.8534342721104613 9.9870238006114977 5.2776043638586989 7.84833926707506 1.0464928373694418 2.0078437924385062 2.5254921913146973
leaf_count=27 51 37 83 7 9 15
internal_value=0.00154007 0.00886744 -0.0057759 -0.00988802 0.0140708 0
internal_weight=33.5462 19.798 13.7483 8.89483 11.9949 7.8031
internal_count=229 112 117 90 60 52
is_linear=0
shrinkage=0.03


Tree=92
num_leaves=7
num_cat=0
split_feature=1 47 17 17 43 29
split_gain=4.81207 3.13694 1.62488 1.04504 0.916718 0.642731
threshold=0.83333334326744091 0.085297085344791426 0.021675205789506439 0.68966230750083934 0.14653412997722629 0.52972489595413219
decision_type=2 2 2 2 2 2
left_child=1 -1 -3 5 -4 -2
right_child=3 2 4 -5 -6 -7
leaf_value=0.0052162161926641634 0 0 0 0 -0.015618942366803985 0.015982466012371764
leaf_weight=3.4233001619577434 1.060717687010764 1.8146312832832361 1.635467380285262 2.3175117373466483 13.699881836771963 8.9526748582720739
leaf_count=16 11 9 9 14 117 49
internal_value=0.000801579 -0.00582161 -0.0113446 0.0121973 -0.0139871 0.0145944
internal_weight=32.9042 20.5733 17.15 12.3309 15.3353 10.0134
internal_count=225 151 135 74 126 60
is_linear=0
shrinkage=0.03


Tree=93
num_leaves=6
num_cat=0
split_feature=58 68 60 11 44
split_gain=3.63945 2.60527 3.63108 0.887258 0.344006
threshold=0.011799999978393318 984.45333862304699 0.25939999520778662 8.5000000000000018 0.10241093486547471
decision_type=2 8 2 2 2
left_child=1 2 -1 4 -3
right_child=-2 3 -4 -5 -6
leaf_value=0.016862238668551858 -0.011607455024072622 0 -0.0025147351697056095 0.0012503644544886916 -0.0088559626666189651
leaf_weight=11.580138362944128 8.7879094183444959 1.7365498393774013 3.2307084798812857 1.8768805712461469 5.6420051231980324
leaf_count=60 82 13 23 9 39
internal_value=0 0.00467378 0.0109072 -0.00266935 -0.00726469
internal_weight=32.8542 24.0663 14.8108 9.25544 7.37855
internal_count=226 144 83 61 52
is_linear=0
shrinkage=0.03


Tree=94
num_leaves=7
num_cat=0
split_feature=58 32 60 2 47 51
split_gain=3.32302 2.41581 1.33499 1.06612 0.914796 0.813274
threshold=0.011799999978393318 0.27426053583621984 0.31399999558925634 1.4670542478561404 0.16693903505802157 -0.40207976102828974
decision_type=2 2 2 2 2 2
left_child=1 2 3 -1 -2 -3
right_child=4 5 -4 -5 -6 -7
leaf_value=0.017626560555150939 0 -0.0059696273068435722 0 0 -0.010752245173511799 0.0030195510968256986
leaf_weight=9.5177323892712611 0.91929455846547981 7.1398240402340871 1.9062135070562352 2.6215107440948477 8.1884052157402021 3.3109627962112427
leaf_count=47 5 59 11 14 79 18
internal_value=0.00063915 0.0070798 0.0127405 0.0151844 -0.00818293 -0.000103919
internal_weight=33.6039 24.4962 14.0455 12.1392 9.1077 10.4508
internal_count=233 149 72 61 84 77
is_linear=0
shrinkage=0.03


Tree=95
num_leaves=7
num_cat=0
split_feature=12 60 51 53 55 33
split_gain=4.08184 2.24628 0.830122 0.60124 0.724102 0.48875
threshold=0.30952382087707525 0.0030000000260770325 -0.39158758521080012 -0.46945028007030482 0.14797452092170718 0.23355001211166385
decision_type=2 2 2 2 2 2
left_child=2 3 5 -2 -5 -1
right_child=1 -3 -4 4 -6 -7
leaf_value=0 0 -0.00057134716645539747 0 0.016264184772174391 0 -0.012545948297688368
leaf_weight=1.3083720803260828 2.1804526075720796 6.0773654431104651 1.6462286412715901 8.7288228869438154 2.2145828306674966 9.7942878603935224
leaf_count=12 12 36 11 44 11 98
internal_value=0 0.00773033 -0.00920761 0.012754 0.014333 -0.0112604
internal_weight=31.9501 19.2012 12.7489 13.1239 10.9434 11.1027
internal_count=224 103 121 67 55 110
is_linear=0
shrinkage=0.03


Tree=96
num_leaves=7
num_cat=0
split_feature=68 60 11 26 32 6
split_gain=4.07171 3.17739 2.55596 2.36069 0.336864 0.177848
threshold=697.16046142578136 0.077600002288818373 7.5000000000000009 0.63109806180000316 0.37618413567543035 264.00000762939459
decision_type=8 2 2 2 2 2
left_child=1 3 5 4 -1 -2
right_child=2 -3 -4 -5 -6 -7
leaf_value=0.019257412975913057 -0.013664212530723861 -0.0019779687672143958 0.0027156735579927579 0 0 0
leaf_weight=9.591628164052965 11.386125870048998 5.8011871054768553 2.484473228454589 1.4997817575931538 1.9324878826737393 1.8045825138688076
leaf_count=49 98 39 13 12 12 16
internal_value=0 0.00841235 -0.00795472 0.0144954 0.0179852 -0.0128561
internal_weight=34.5003 18.8251 15.6752 13.0239 11.5241 13.1907
internal_count=239 112 127 73 61 114
is_linear=0
shrinkage=0.03


Tree=97
num_leaves=7
num_cat=0
split_feature=1 54 58 47 48 61
split_gain=4.07419 3.68819 2.53859 1.50006 0.711816 0.40989
threshold=0.83333334326744091 0.069159060716629042 0.009599999990314247 0.79380273818969738 -0.2499921843409538 1.0000000180025095e-35
decision_type=2 2 2 2 2 2
left_child=1 -1 -2 4 -3 -5
right_child=2 3 -4 5 -6 -7
leaf_value=0.0064715450869092589 0.015870522465700389 0 -0.0005712617730165106 -0.0029335239926444622 -0.016098469511238608 0.0046064212333480244
leaf_weight=3.3898933827877071 9.5011903792619687 1.0554060190916086 2.7901957854628554 2.7525774762034407 12.32123491168022 2.2134222984313965
leaf_count=15 50 8 27 25 102 11
internal_value=2.08032e-05 -0.00571249 0.0108646 -0.01157 -0.0148343 0
internal_weight=34.0239 21.7325 12.2914 18.3426 13.3766 4.966
internal_count=238 161 77 146 110 36
is_linear=0
shrinkage=0.03


Tree=98
num_leaves=7
num_cat=0
split_feature=68 60 11 54 30 4
split_gain=4.24453 3.53943 1.30406 1.08535 0.712285 0.579985
threshold=697.16046142578136 0.21280000358819964 5.6070852279663095 0.069159060716629042 0.34000758826732641 0.0050959466025233277
decision_type=8 2 2 2 2 8
left_child=1 4 3 -2 -1 -5
right_child=2 -3 -4 5 -6 -7
leaf_value=0.01796824841328688 0 -0.0027138308378912984 0.00060545894530811229 0 0 -0.0130420216787438
leaf_weight=10.403894543647768 1.5672257691621805 3.9903627038002005 1.904167242348193 1.3177239820361109 4.796798698604106 11.81085280328989
leaf_count=54 7 27 12 12 33 107
internal_value=0.00136873 0.00990526 -0.00625825 -0.00946221 0.0153612 -0.0117403
internal_weight=35.791 19.1911 16.6 14.6958 15.2007 13.1286
internal_count=252 114 138 126 87 119
is_linear=0
shrinkage=0.03


Tree=99
num_leaves=7
num_cat=0
split_feature=4 68 47 54 60 60
split_gain=2.70861 1.85908 1.85179 2.29904 0.299102 0.170998
threshold=0.0079052620567381399 984.45333862304699 0.087287481874227538 0.66878628730773937 0.8384000062942506 0.048799999058246619
decision_type=10 8 2 2 2 2
left_child=2 5 -1 4 -4 -2
right_child=1 -3 3 -5 -6 -7
leaf_value=0.0030078275924426963 0.014245808096918161 0 -0.014765053842061423 0.00066316782837785165 0 0
leaf_weight=2.8623895645141628 7.2942322567105258 4.462468847632409 11.272895812988283 3.6722577661275855 1.7530719116330136 1.7150551006197927
leaf_count=13 39 33 100 27 14 10
internal_value=0 0.00846695 -0.00505405 -0.00929232 -0.0137738 0.0132867
internal_weight=33.0324 13.4718 19.5606 16.6982 13.026 9.00929
internal_count=236 82 154 141 114 49
is_linear=0
shrinkage=0.03


Tree=100
num_leaves=7
num_cat=0
split_feature=30 12 9 60 54 44
split_gain=4.14084 1.41486 1.29419 1.19374 0.706502 0.254239
threshold=0.3257004469633103 0.30952382087707525 5.1666667461395273 0.21280000358819964 0.069159060716629042 0.63954132795333873
decision_type=2 2 2 2 2 2
left_child=1 -1 4 5 -2 -3
right_child=2 3 -4 -5 -6 -7
leaf_value=0 0 0.014842127416385405 0 0 -0.012335298991647618 0
leaf_weight=2.8783606514334705 1.649269402027129 10.998070761561392 1.30591121315956 1.9315283000469197 12.859534651041029 1.9228335618972767
leaf_count=24 8 58 7 12 121 9
internal_value=0 0.00859605 -0.00806158 0.0115623 -0.0107692 0.0138501
internal_weight=33.5455 17.7308 15.8147 14.8524 14.5088 12.9209
internal_count=239 103 136 79 129 67
is_linear=0
shrinkage=0.03


Tree=101
num_leaves=7
num_cat=0
split_feature=58 26 60 62 48 47
split_gain=3.91716 2.12291 1.72441 1.31677 0.823223 0.299393
threshold=0.011799999978393318 0.52387118339538585 0.31399999558925634 0.55140000581741344 0.12663277238607409 0.13558906316757205
decision_type=2 2 2 2 2 2
left_child=1 2 4 -2 -1 -3
right_child=3 5 -4 -5 -6 -7
leaf_value=0.016934940331355449 -0.011193958754363197 0.00011617591311092317 0 0 0 -0.0044746465336033504
leaf_weight=13.510472163558012 8.6309183388948423 2.8002488985657683 2.8053980395197859 1.2290197312831868 1.9907317757606495 3.4489520266652107
leaf_count=70 87 17 18 8 10 34
internal_value=0.00191651 0.00857201 0.0125379 -0.00760775 0.0153411 0
internal_weight=34.4157 24.5558 18.3066 9.85994 15.5012 6.2492
internal_count=244 149 98 95 80 51
is_linear=0
shrinkage=0.03


Tree=102
num_leaves=7
num_cat=0
split_feature=12 30 9 47 68 60
split_gain=3.48743 1.63205 1.1095 0.958297 0.150187 0.475196
threshold=0.50757575035095226 0.13510000705718997 1.1666666865348818 0.085297085344791426 752.01473999023449 0.00059999998484272521
decision_type=2 2 2 2 8 2
left_child=1 -1 4 -3 5 -2
right_child=2 3 -4 -5 -6 -7
leaf_value=0.00099036656918115307 0.00609464477468636 0 0.012511106767426157 -0.012814019001800962 -0.002541704193632895 0
leaf_weight=2.4653412550687781 2.8975796699523935 1.4882468581199635 8.8185401856899244 11.380762841552494 2.9667557924985895 2.6679492741823196
leaf_count=13 12 8 49 120 17 16
internal_value=0 -0.00685825 0.00843735 -0.010761 0 0.00181719
internal_weight=32.6852 15.3344 17.3508 12.869 8.53228 5.56553
internal_count=235 141 94 128 45 28
is_linear=0
shrinkage=0.03


Tree=103
num_leaves=7
num_cat=0
split_feature=32 58 47 60 61 23
split_gain=3.77945 2.54393 1.5551 1.31772 0.464671 0.00976675
threshold=0.27426053583621984 0.01480000000447035 0.090125467628240599 0.31399999558925634 0.0022000001044943933 0.7492065727710725
decision_type=2 2 2 2 2 2
left_child=1 3 5 -1 -4 -2
right_child=2 -3 4 -5 -6 -7
leaf_value=0.015663039385943732 0 -0.0019999143657085526 -0.012927363967916786 0 0 0.00085302591176516769
leaf_weight=11.988852784037592 1.8457033187150949 3.1150792539119712 9.4342862851917726 1.8517772778868664 2.3087969794869414 2.0800314992666245
leaf_count=61 10 23 102 11 16 12
internal_value=0 0.00855213 -0.00746388 0.0132865 -0.0114078 0
internal_weight=32.6245 16.9557 15.6688 13.8406 11.7431 3.92573
internal_count=235 95 140 72 118 22
is_linear=0
shrinkage=0.03


Tree=104
num_leaves=7
num_cat=0
split_feature=58 0 46 55 50 40
split_gain=3.54028 3.10988 0.782269 0.722921 0.30365 0.215722
threshold=0.0042000000830739745 0.83333334326744091 0.081586226820945754 0.14269554615020755 0.24566179513931277 0.062682796269655242
decision_type=2 2 2 2 2 2
left_child=1 5 -2 -3 -4 -1
right_child=2 3 4 -5 -6 -7
leaf_value=0 0 0.016373016606590116 -0.012012981127169123 0 0 -0.0033702731704212088
leaf_weight=3.5861836448311832 0.98137768357992072 8.5098215714097005 8.2884943075478059 2.0817449837923041 1.0436063706874836 8.1336165964603406
leaf_count=23 6 48 79 10 10 58
internal_value=0 0.00686851 -0.00904508 0.0144699 -0.0110628 -0.000737876
internal_weight=32.6248 22.3114 10.3135 10.5916 9.3321 11.7198
internal_count=234 139 95 58 89 81
is_linear=0
shrinkage=0.03


Tree=105
num_leaves=7
num_cat=0
split_feature=12 4 31 51 25 59
split_gain=2.39654 1.39569 1.19552 0.912061 0.432582 0.0758084
threshold=0.50757575035095226 0.0055944493506103763 0.12636836245656016 -0.4306392222642898 0.91219913959503185 0.10720000043511392
decision_type=2 10 2 2 2 2
left_child=2 5 -1 4 -4 -2
right_child=1 -3 3 -5 -6 -7
leaf_value=0.0013057266776343576 0 0.011851532490918163 -0.011943473155386674 0 0 -0.0023561043013985219
leaf_weight=1.4322400018572796 5.3558792471885708 9.9247874170541746 10.263345196843142 2.8097970485687265 0.96737176179885942 2.2905352562665939
leaf_count=7 27 53 104 20 9 14
internal_value=0.000468471 0.0074797 -0.00494879 -0.00836034 -0.010854 0
internal_weight=33.044 17.5712 15.4728 14.0405 11.2307 7.64641
internal_count=234 94 140 133 113 41
is_linear=0
shrinkage=0.03


Tree=106
num_leaves=7
num_cat=0
split_feature=58 26 60 2 62 46
split_gain=3.53234 4.16797 1.96269 1.27463 0.604895 0.186111
threshold=0.011799999978393318 0.52387118339538585 0.31399999558925634 1.8764880895614626 0.37680000066757208 0.081586226820945754
decision_type=2 2 2 2 2 2
left_child=1 2 3 -1 -2 -3
right_child=4 5 -4 -5 -6 -7
leaf_value=0.020118070265874768 -0.0091394443270432987 0 0 0 0 -0.0051703795434532357
leaf_weight=12.187337964773187 7.1884368620812875 1.8521544486284245 2.7000498473644248 1.6762937605381001 1.2567807808518408 3.8474602103233337
leaf_count=61 75 11 19 11 8 40
internal_value=0.00237787 0.00883424 0.015112 0.0181172 -0.0069515 -0.00359305
internal_weight=30.7085 22.2633 16.5637 13.8636 8.44522 5.69961
internal_count=225 142 91 72 83 51
is_linear=0
shrinkage=0.03


Tree=107
num_leaves=7
num_cat=0
split_feature=1 54 58 43 68 49
split_gain=2.93174 2.1839 1.87997 0.958354 0.528918 0.316576
threshold=0.83333334326744091 0.069159060716629042 0.035399999469518668 0.14653412997722629 128.25518417358401 0.14659953117370608
decision_type=2 2 2 2 8 2
left_child=1 -1 5 -3 -5 -2
right_child=2 3 -4 4 -6 -7
leaf_value=0.0028769161974306436 0.013975417681849914 0 -0.00084522063694564525 0 -0.014068302270696277 0
leaf_weight=3.1499453634023729 7.4953098520636541 1.8409670069813753 2.0746759437024584 3.2019446194171879 12.155716650187969 1.9446755200624464
leaf_count=14 43 10 24 19 113 10
internal_value=0 -0.0062613 0.00820605 -0.0105834 -0.0124159 0.0126932
internal_weight=31.8632 20.3486 11.5147 17.1986 15.3577 9.43999
internal_count=233 156 77 142 132 53
is_linear=0
shrinkage=0.03


Tree=108
num_leaves=7
num_cat=0
split_feature=58 0 62 19 54 14
split_gain=2.47752 2.07627 1.14101 0.856826 0.434867 0.640211
threshold=0.011799999978393318 0.83333334326744091 0.55140000581741344 0.69315171241760265 0.069159060716629042 1.3474708795547488
decision_type=2 2 2 2 2 2
left_child=1 4 -2 -3 -1 -6
right_child=2 3 -4 -5 5 -7
leaf_value=0.0026973434431593088 -0.010047166561350376 0.014739034268545862 0 0 0 -0.0069550701854373216
leaf_weight=2.2254099994897869 7.7847196049988252 9.0742980763316137 1.2124571502208707 2.1138562262058249 1.5264960378408421 8.1634840667247754
leaf_count=10 81 53 8 12 7 65
internal_value=0.00100488 0.0067402 -0.00635979 0.0126163 0 -0.00391915
internal_weight=32.1007 23.1035 8.99718 11.1882 11.9154 9.68998
internal_count=236 147 89 65 82 72
is_linear=0
shrinkage=0.03


Tree=109
num_leaves=7
num_cat=0
split_feature=54 32 58 38 37 25
split_gain=2.41146 2.32744 1.0909 0.917123 0.612009 0.483347
threshold=0.08475163578987123 0.19966991245746615 0.020399999804794792 0.11142597720026971 0.27681715786457067 0.8993315100669862
decision_type=2 2 2 2 2 2
left_child=-1 2 4 -3 -2 -5
right_child=1 3 -4 5 -6 -7
leaf_value=0.0093410958779277398 0 0 -0.0021990680490826153 -0.013731125344443911 0.010187681776407104 0
leaf_weight=9.0361757352948207 2.2839514315128344 1.4931503236293782 2.413129135966301 9.8969140723347628 5.2767818346619606 0.91566682606935579
leaf_count=49 12 12 18 105 28 10
internal_value=0 -0.00397209 0.00237824 -0.0105677 0.00767621 -0.0126233
internal_weight=31.3158 22.2796 9.97386 12.3057 7.56073 10.8126
internal_count=234 185 58 127 40 115
is_linear=0
shrinkage=0.03


Tree=110
num_leaves=7
num_cat=0
split_feature=58 32 60 2 62 43
split_gain=2.54191 2.24224 0.915184 0.519939 0.432362 0.431212
threshold=0.011799999978393318 0.27426053583621984 0.11800000071525575 1.4670542478561404 0.37680000066757208 0.65708169341087352
decision_type=2 2 2 2 2 2
left_child=1 2 3 -1 -2 -3
right_child=4 5 -4 -5 -6 -7
leaf_value=0.015101818255495218 -0.0098884938042758906 -0.0048601503133661409 0 0 0 0.00022516297740883868
leaf_weight=8.5573313012719172 7.7142561450600606 7.3353526666760427 1.6718439683318127 2.5037563145160666 1.130299776792526 3.1967272609472275
leaf_count=46 81 63 10 14 8 17
internal_value=0 0.0053291 0.0113735 0.0133691 -0.00844204 -0.00103648
internal_weight=32.1096 23.265 12.7329 11.0611 8.84456 10.5321
internal_count=239 150 70 60 89 80
is_linear=0
shrinkage=0.03


Tree=111
num_leaves=7
num_cat=0
split_feature=58 60 68 62 5 28
split_gain=3.71831 1.64901 1.75342 0.973573 0.0399375 0.0341635
threshold=0.011799999978393318 0.25939999520778662 1.0000000180025095e-35 0.55140000581741344 0.044748857617378242 0.21729622781276706
decision_type=2 2 10 2 2 2
left_child=1 2 5 -2 -3 -1
right_child=3 4 -4 -5 -6 -7
leaf_value=0.00043611214237159433 -0.011499143325753311 -0.0016611989012876598 0.015050978532234235 0 0 -0.0014077128139023502
leaf_weight=3.239221014082438 7.6317002288997156 3.1157579347491255 11.956044837832449 1.0168083459138868 1.265170522034168 4.2452346161007881
leaf_count=16 81 26 69 7 8 33
internal_value=0.000695737 0.00751842 0.0107396 -0.00883372 -0.000131906 0
internal_weight=32.4699 23.8214 19.4405 8.64851 4.38093 7.48446
internal_count=240 152 118 88 34 49
is_linear=0
shrinkage=0.03


Tree=112
num_leaves=7
num_cat=0
split_feature=68 60 11 58 19 52
split_gain=3.60953 2.0944 1.36729 0.470745 0.746065 0.447884
threshold=697.16046142578136 0.34340000152587896 5.6070852279663095 0.045199999585747726 0.60617581009864818 -0.38562110066413874
decision_type=8 2 2 2 2 2
left_child=1 3 5 4 -1 -2
right_child=2 -3 -4 -5 -6 -7
leaf_value=0.017203554899527879 -0.010882404445958116 0 0.0012529773764616251 0 0 0
leaf_weight=9.2485000863671356 9.2969991862773895 2.9765037745237342 2.6665688604116431 1.7266789898276318 2.0952231660485259 3.2434033751487705
leaf_count=51 93 21 17 14 14 21
internal_value=0.00184007 0.0102128 -0.00516138 0.0141232 0.0153444 -0.00913798
internal_weight=31.2539 16.0469 15.207 13.0704 11.3437 12.5404
internal_count=231 100 131 79 65 114
is_linear=0
shrinkage=0.03


Tree=113
num_leaves=7
num_cat=0
split_feature=58 68 60 11 26 61
split_gain=3.84807 2.45992 2.51794 0.860431 0.347689 0.205381
threshold=0.011799999978393318 984.45333862304699 0.31399999558925634 5.6070852279663095 0.14372427761554721 0.0022000001044943933
decision_type=2 8 2 2 2 2
left_child=1 2 -1 4 -3 -2
right_child=5 3 -4 -5 -6 -7
leaf_value=0.016891959248801078 -0.0099642693297648834 0 0 0.0035305869407712461 -0.0077812000886400973 0
leaf_weight=12.838614635169508 6.6972803436219674 2.1747470796108228 2.8716660290956488 2.2452859133481979 5.4387561231851578 1.5678674057126043
leaf_count=72 77 11 21 11 47 11
internal_value=0.00102962 0.00756718 0.0128579 -7.16789e-05 -0.00594183 -0.0089802
internal_weight=33.8342 25.5691 15.7103 9.85879 7.6135 8.26515
internal_count=250 162 93 69 58 88
is_linear=0
shrinkage=0.03


Tree=114
num_leaves=7
num_cat=0
split_feature=68 60 11 30 7 51
split_gain=2.60961 3.92424 1.40615 0.690104 0.16274 0.141852
threshold=697.16046142578136 0.026600000448524955 5.6070852279663095 0.04593904688954354 361.50000000000006 -0.38627026975154871
decision_type=8 2 2 2 2 2
left_child=1 4 3 -2 -1 -5
right_child=2 -3 -4 5 -6 -7
leaf_value=0.015272813748056922 0 -0.0043759814837454787 0.00012576125755288891 -0.01292975325640049 0 0
leaf_weight=9.3661487102508563 1.4256079345941532 5.7405990213155738 2.6426130756735793 9.2744825482368416 1.7730142325162876 1.7819610685110117
leaf_count=56 8 40 18 95 10 11
internal_value=0 0.00651371 -0.00693451 -0.0104891 0.0143794 -0.012123
internal_weight=32.0044 16.8798 15.1247 12.4821 11.1392 11.0564
internal_count=238 106 132 114 66 106
is_linear=0
shrinkage=0.03


Tree=115
num_leaves=7
num_cat=0
split_feature=58 60 68 62 26 53
split_gain=3.88184 2.40679 1.67164 0.972138 0.0219731 0.00240033
threshold=0.011799999978393318 0.25939999520778662 1.0000000180025095e-35 0.65939998626708995 0.16030008345842364 -0.27657432854175562
decision_type=2 2 10 2 2 2
left_child=1 2 4 -2 -1 -3
right_child=3 5 -4 -5 -6 -7
leaf_value=0.00064959145976960795 -0.011550237505515681 -0.0023135696387509225 0.015828435190312067 0 -0.0010013826685735436 0
leaf_weight=2.8616764992475572 7.7296933270990831 2.5153108090162282 12.494875214993952 0.92068609595298756 4.3089693859219551 1.1893049180507649
leaf_count=14 84 22 69 6 33 8
internal_value=0.00079859 0.00779972 0.0118011 -0.00893926 0 -0.00217496
internal_weight=32.0205 23.3701 19.6655 8.65038 7.17065 3.70462
internal_count=236 146 116 90 47 30
is_linear=0
shrinkage=0.03


Tree=116
num_leaves=7
num_cat=0
split_feature=32 51 32 42 55 51
split_gain=2.02508 1.66356 1.2068 0.767518 0.685082 0.254557
threshold=0.27426053583621984 -0.4306392222642898 0.028530702926218513 0.46639330685138708 0.14797452092170718 -0.38059848546981806
decision_type=2 2 2 2 2 2
left_child=2 3 -1 -2 -4 -3
right_child=1 5 4 -5 -6 -7
leaf_value=0 -0.011167092827593013 0.004816003734552282 0.012202284857599884 0 0 0
leaf_weight=1.9646619781851793 9.7500593587756157 3.2653391174972057 11.553669009357689 0.93968919664621431 1.9933345988392819 2.3571300506591788
leaf_count=13 105 20 68 7 11 14
internal_value=0.000946884 -0.00366543 0.00768464 -0.00925491 0.0104932 0.00224266
internal_weight=31.8239 16.3122 15.5117 10.6897 13.547 5.62247
internal_count=238 146 92 112 79 34
is_linear=0
shrinkage=0.03


Tree=117
num_leaves=7
num_cat=0
split_feature=58 60 19 34 62 51
split_gain=2.36252 1.30018 1.23693 1.3746 0.960139 0.34223
threshold=0.005799999926239253 0.25939999520778662 0.84375298023223888 0.80959230661392223 0.70939999818801891 -0.64645934104919422
decision_type=2 2 2 2 2 2
left_child=1 2 3 -1 5 -2
right_child=4 -3 -4 -5 -6 -7
leaf_value=0.01404859927732682 0 -0.00010940520561941479 0 0 0 -0.010814403190064445
leaf_weight=14.186181426048288 0.88602041080593963 3.6693663336336604 2.188411980867385 1.7797033190727223 1.2060365080833424 7.5043309777975074
leaf_count=83 9 30 14 13 8 80
internal_value=0.000211179 0.00627504 0.0092771 0.0116701 -0.00668223 -0.00972463
internal_weight=31.4201 21.8237 18.1543 15.9659 9.59639 8.39035
internal_count=237 140 110 96 97 89
is_linear=0
shrinkage=0.03


Tree=118
num_leaves=7
num_cat=0
split_feature=58 0 55 62 68 60
split_gain=2.19836 2.22336 0.760934 0.760031 0.196664 0.265638
threshold=0.011799999978393318 0.83333334326744091 0.14269554615020755 0.55140000581741344 752.01473999023449 0.0061999999452382335
decision_type=2 2 2 2 8 2
left_child=1 4 -3 -2 5 -1
right_child=3 2 -4 -5 -6 -7
leaf_value=0.0040987066399722546 -0.0094575755926459889 0.014500661794701691 0 0 -0.003403912880837794 -0.00027687900951360746
leaf_weight=4.1682779416441962 7.4554717019200307 8.0124688148498517 1.9669230431318272 1.0129492282867429 5.2760644331574449 3.7738459706306458
leaf_count=21 83 49 10 7 42 25
internal_value=9.47271e-05 0.0057605 0.0124616 -0.00689218 0 0
internal_weight=31.666 23.1976 9.97939 8.46842 13.2182 7.94212
internal_count=237 147 59 90 88 46
is_linear=0
shrinkage=0.03


Tree=119
num_leaves=7
num_cat=0
split_feature=47 32 19 61 57 37
split_gain=2.12787 1.17203 0.758322 0.593491 0.551028 0.406128
threshold=0.13558906316757205 0.19966991245746615 0.82340154051780712 0.0014000000082887711 0.009000000078231098 0.25891791284084326
decision_type=2 2 2 2 2 2
left_child=2 4 -1 -3 -2 -6
right_child=1 3 -4 -5 5 -7
leaf_value=0.011968994548766244 -7.9824061504656603e-06 -0.0093867324754542594 0 0 0 0.0077222890613015023
leaf_weight=9.4407408609986323 1.8528207093477265 7.9949293956160528 2.0457115247845641 2.6641770899295807 1.3001200780272482 5.8113924339413643
leaf_count=56 11 96 11 19 9 32
internal_value=0.00254119 -0.00162298 0.0098921 -0.00713394 0.00207245 0.00580879
internal_weight=31.1099 19.6234 11.4865 10.6591 8.96433 7.11151
internal_count=234 167 67 115 52 41
is_linear=0
shrinkage=0.03


Tree=120
num_leaves=7
num_cat=0
split_feature=1 54 61 58 57 46
split_gain=2.44204 1.46548 1.70394 1.41899 0.69901 0.42477
threshold=0.83333334326744091 0.069159060716629042 1.0000000180025095e-35 0.009599999990314247 0.99900001287460338 0.20967218279838565
decision_type=2 2 2 2 2 2
left_child=1 -1 4 -2 -3 -4
right_child=3 2 5 -5 -6 -7
leaf_value=0.0026696128153910247 0.012489697051874938 -0.01379033751660717 -0.0015494906610759359 0 0 0.0052102055191052873
leaf_weight=2.6226088404655519 8.9407468736171705 10.572900738567114 2.7336160764098159 2.415088362991809 1.0220567807555205 2.9564982429146767
leaf_count=12 53 103 18 26 7 16
internal_value=0.000108364 -0.00417295 -0.00800806 0.0088629 -0.0123305 0
internal_weight=31.2635 19.9077 17.2851 11.3558 11.595 5.69011
internal_count=235 156 144 79 110 34
is_linear=0
shrinkage=0.03


Tree=121
num_leaves=7
num_cat=0
split_feature=47 32 58 57 62 48
split_gain=2.46871 1.90922 0.69073 0.956903 0.501018 0.309924
threshold=0.096516769379377379 0.19966991245746615 0.018600000068545345 0.00059999998484272521 0.55140000581741344 0.13498388230800631
decision_type=2 2 2 2 2 2
left_child=5 2 3 -2 -3 -1
right_child=1 4 -4 -5 -6 -7
leaf_value=0.011315957202444171 0 -0.011029478892501368 -0.0012031435570266089 0.009841195487487249 0 0
leaf_weight=6.3071890845894831 2.7748357057571429 10.723625902086495 2.5251527503132811 5.7568808645009995 1.0756530240178097 1.7840700820088384
leaf_count=36 17 115 19 30 8 10
internal_value=0.000107807 -0.00354584 0.00170622 0.00598958 -0.00974484 0.0100003
internal_weight=30.9474 22.8561 11.0569 8.53172 11.7993 8.09126
internal_count=235 189 66 47 123 46
is_linear=0
shrinkage=0.03


Tree=122
num_leaves=6
num_cat=0
split_feature=9 54 48 39 68
split_gain=2.25633 2.05817 1.61473 0.522055 0.444145
threshold=4.1666667461395273 0.069159060716629042 -0.19895818084478376 0.20778678357601169 292.94918823242193
decision_type=2 2 2 2 8
left_child=1 -1 4 -4 -3
right_child=-2 2 3 -5 -6
leaf_value=0.0042700219445805316 0.0091082899741782696 0.0050556279221354436 -0.013557657649364794 0 -0.0022423344462467764
leaf_weight=2.850315794348723 5.5327155739068976 2.6871425211429676 13.302584588527671 1.4432825371623046 5.0067100152373314
leaf_count=13 36 14 122 9 45
internal_value=0 -0.00458565 -0.00852963 -0.0124138 0
internal_weight=30.8228 25.29 22.4397 14.7459 7.69385
internal_count=239 203 190 131 59
is_linear=0
shrinkage=0.03


Tree=123
num_leaves=7
num_cat=0
split_feature=68 60 11 6 36 3
split_gain=2.56792 2.1295 0.97791 0.5358 0.492397 0.259326
threshold=667.86233520507824 0.31399999558925634 5.6070852279663095 264.00000762939459 0.81128785014152538 3.5000000000000004
decision_type=8 2 2 2 2 2
left_child=1 4 3 5 -1 -2
right_child=2 -3 -4 -5 -6 -7
leaf_value=0.013774702797077562 -0.011189890457719271 -0.0012824679834098902 0 0 0 0
leaf_weight=10.264490626752378 9.1621845029294473 3.4763592779636374 2.0542421229183665 1.1046350114047516 1.6027989536523808 1.5749480426311482
leaf_count=65 93 26 15 11 11 8
internal_value=0 0.00771246 -0.00579918 -0.00878002 0.0124727 -0.01022
internal_weight=29.2397 15.3436 13.896 11.8418 11.8673 10.7371
internal_count=229 102 127 112 76 101
is_linear=0
shrinkage=0.03


Tree=124
num_leaves=7
num_cat=0
split_feature=32 58 60 51 68 53
split_gain=2.22063 1.55214 1.31027 1.21718 0.19792 0.0266165
threshold=0.27426053583621984 0.01480000000447035 0.64239999651908886 -0.46900960803031916 171.88907623291018 -0.34173785150051111
decision_type=2 2 2 2 10 2
left_child=1 2 -1 -2 5 -5
right_child=3 -3 -4 4 -6 -7
leaf_value=0.01394298559068477 -0.0092927351273842922 0 0 0 0.0037000271198125915 -0.0014131982506389283
leaf_weight=11.579486966133123 7.6273964531719702 2.8596791215240946 1.5966491475701321 1.5206872038543227 3.0327132232487202 1.9946343787014447
leaf_count=64 89 24 10 12 20 15
internal_value=0.00108687 0.00788572 0.0114075 -0.00420289 0.000132949 0
internal_weight=30.2112 16.0358 13.1761 14.1754 6.54803 3.51532
internal_count=234 98 74 136 47 27
is_linear=0
shrinkage=0.03


Tree=125
num_leaves=7
num_cat=0
split_feature=0 61 54 60 42 55
split_gain=2.54325 1.38608 1.21931 0.54487 0.385769 0.381454
threshold=1.8333333134651186 1.0000000180025095e-35 0.069159060716629042 0.0061999999452382335 0.18874773383140567 0.14269554615020755
decision_type=2 2 2 2 2 2
left_child=1 2 -1 -3 -4 -2
right_child=5 3 4 -5 -6 -7
leaf_value=0 0.01015157264946766 0.0060015630087415939 0 -0.0010624496366888139 -0.012767135336553595 0
leaf_weight=2.139817923307425 7.1999881938099843 3.2464861944317809 1.395549852401017 3.2950871139764786 11.779118888080118 1.8607653975486753
leaf_count=10 48 16 15 23 116 11
internal_value=0 -0.00519489 -0.0091198 0.000324894 -0.011756 0.00865925
internal_weight=30.9168 21.8561 15.3145 6.54157 13.1747 9.06075
internal_count=239 180 141 39 131 59
is_linear=0
shrinkage=0.03


Tree=126
num_leaves=7
num_cat=0
split_feature=68 60 47 0 6 5
split_gain=2.57373 1.82239 1.24179 1.40664 1.02553 0.0733529
threshold=697.16046142578136 0.31399999558925634 0.077529683709144606 3.1666666269302373 192.00000000000003 0.67351597547531139
decision_type=8 2 2 2 2 2
left_child=1 4 -2 5 -1 -4
right_child=2 -3 3 -5 -6 -7
leaf_value=0.01338456511034801 0 -0.0010282962322347093 -0.013553817142134182 0 0 0
leaf_weight=11.366876818239691 1.9944052845239628 3.4075941741466513 8.9820199720561469 1.9437876790761937 1.2049130648374546 0.87928436696529466
leaf_count=71 9 26 100 10 8 9
internal_value=0 0.00701609 -0.00660256 -0.00994161 0.0113443 -0.0131244
internal_weight=29.7789 15.9794 13.7995 11.8051 12.5718 9.8613
internal_count=233 105 128 119 79 109
is_linear=0
shrinkage=0.03


Tree=127
num_leaves=7
num_cat=0
split_feature=68 15 30 7 55 45
split_gain=3.04154 0.982105 0.977871 0.761967 0.350447 0.214754
threshold=752.01473999023449 1.3445127010345461 0.6851727068424226 376.00000000000006 0.14431183785200122 0.061927555128932006
decision_type=8 2 2 2 2 2
left_child=2 5 3 4 -1 -2
right_child=1 -3 -4 -5 -6 -7
leaf_value=0.013156963492668651 0 0 0 0 0 -0.010916175880919985
leaf_weight=11.234890766441827 1.2751833908259849 5.0435860343277445 1.9480198398232449 1.6960119009017933 1.6166853606700886 6.9708486273884773
leaf_count=70 7 33 17 11 8 83
internal_value=0.000243706 -0.00637035 0.00823 0.0104384 0.0121267 -0.0100121
internal_weight=29.7852 13.2896 16.4956 14.5476 12.8516 8.24603
internal_count=229 123 106 89 78 90
is_linear=0
shrinkage=0.03


Tree=128
num_leaves=7
num_cat=0
split_feature=68 60 54 6 11 4
split_gain=1.96563 2.98398 1.35898 1.33846 0.770231 0.457847
threshold=697.16046142578136 0.0030000000260770325 0.069159060716629042 192.00000000000003 10.075187683105471 0.012527989223599436
decision_type=8 2 2 2 2 10
left_child=1 3 -2 -1 -4 -3
right_child=2 5 4 -5 -6 -7
leaf_value=0.01607866424048825 0.00084545244357624985 -0.0058149390992226222 -0.011343779408429962 0 0 0
leaf_weight=8.3415137603879028 2.6210256814956656 5.5099136009812346 11.078683357685803 1.2643165290355671 1.286043882369994 1.3712179735302923
leaf_count=51 12 39 117 9 8 9
internal_value=0 0.00603252 -0.00567671 0.0134317 -0.0095019 -0.00258017
internal_weight=31.4727 16.487 14.9858 9.60583 12.3647 6.88113
internal_count=245 108 137 60 125 48
is_linear=0
shrinkage=0.03


Tree=129
num_leaves=7
num_cat=0
split_feature=68 60 0 6 45 47
split_gain=2.33126 2.60768 1.2473 0.740029 0.534669 0.226247
threshold=752.01473999023449 0.0030000000260770325 2.5000000000000004 185.75000000000003 0.055835651233792312 0.1530069634318352
decision_type=8 2 2 2 2 2
left_child=1 3 4 -1 -2 -3
right_child=2 5 -4 -5 -6 -7
leaf_value=0.015000836889727854 0 0 0.00016842878994736889 0 -0.011106388874615009 -0.0038798208280057893
leaf_weight=9.0325320847332531 0.89374340698122878 1.7591808065772045 2.6731583923101416 1.433349460363387 9.4769885912537557 5.464330643415451
leaf_count=55 5 11 14 9 106 40
internal_value=0 0.00684939 -0.00588879 0.0132937 -0.00971173 -0.00130121
internal_weight=30.7333 17.6894 13.0439 10.4659 10.3707 7.22351
internal_count=240 115 125 64 111 51
is_linear=0
shrinkage=0.03


Tree=130
num_leaves=7
num_cat=0
split_feature=68 11 60 54 6 7
split_gain=2.83144 1.99501 1.16813 0.987686 0.644507 0.123871
threshold=529.38558959960949 5.6070852279663095 0.34340000152587896 0.069159060716629042 174.37500000000003 397.00000000000006
decision_type=8 2 2 2 2 2
left_child=2 3 4 -2 -1 -5
right_child=1 -3 -4 5 -6 -7
leaf_value=0.012282632844671843 0 0.0017875893747346743 0 -0.013870819989564416 0 0
leaf_weight=9.7151277735829371 1.5669973045587564 3.1312001310288897 2.6212135702371588 10.578660555183884 1.4718227013945568 0.887778080999852
leaf_count=62 7 20 19 109 8 10
internal_value=0 -0.00678742 0.00751036 -0.0113341 0.0106304 -0.0133884
internal_weight=29.9728 16.1646 13.8082 13.0334 11.187 11.4664
internal_count=235 146 89 126 70 119
is_linear=0
shrinkage=0.03


Tree=131
num_leaves=7
num_cat=0
split_feature=68 60 26 41 55 6
split_gain=1.73773 1.24933 1.06535 0.609612 0.428124 0.31245
threshold=529.38558959960949 0.31399999558925634 0.14372427761554721 0.46498918533325201 0.16589002311229709 174.37500000000003
decision_type=8 2 2 2 2 2
left_child=1 5 -2 4 -4 -1
right_child=2 -3 3 -5 -6 -7
leaf_value=0.011069397231462174 0 0 -0.011493780470853658 0 0 0
leaf_weight=9.3802979588508624 4.7046214751899234 2.350340135395526 8.8304572850465739 1.1274853199720372 0.96712053194642145 1.3266282379627217
leaf_count=61 28 18 99 7 11 9
internal_value=0 0.00648304 -0.00481766 -0.00861681 -0.0103049 0.0100549
internal_weight=28.687 13.0573 15.6297 10.9251 9.79758 10.7069
internal_count=233 88 145 117 110 70
is_linear=0
shrinkage=0.03


Tree=132
num_leaves=7
num_cat=0
split_feature=68 11 6 51 16 58
split_gain=1.42986 1.43107 0.948232 0.769066 0.546147 0.0273441
threshold=667.86233520507824 5.6070852279663095 192.00000000000003 -0.40207976102828974 0.037191180512309081 1.0000000180025095e-35
decision_type=8 2 2 2 2 2
left_child=2 3 4 -2 5 -1
right_child=1 -3 -4 -5 -6 -7
leaf_value=0.0011239799545399542 -0.011933973287082995 0.001332503262900682 -2.9885879332294126e-05 0 0.010771343067277565 -0.00074526039629444873
leaf_weight=3.6059725880622917 8.2860734201967716 2.8408716917037955 2.0304177477955809 3.1404105573892567 7.1073980107903481 3.3609134554862976
leaf_count=21 95 20 14 19 47 24
internal_value=0 -0.00516335 0.00495105 -0.00944679 0.00787584 0
internal_weight=30.3721 14.2674 16.1047 11.4265 14.0743 6.96689
internal_count=240 134 106 114 92 45
is_linear=0
shrinkage=0.03


Tree=133
num_leaves=7
num_cat=0
split_feature=0 61 51 14 14 55
split_gain=2.10786 1.1072 1.17026 1.03397 0.769948 0.340158
threshold=1.8333333134651186 1.0000000180025095e-35 -0.40207976102828974 8.2942690849304217 15.311172962188722 0.036864625290036208
decision_type=2 2 2 2 2 2
left_child=1 2 4 -2 -1 -3
right_child=3 5 -4 -5 -6 -7
leaf_value=-0.013500898636413348 0.011221176568647092 0.0047248419168228958 0 0 0 -0.00068648218626198596
leaf_weight=9.2379486337304133 6.3898413404822332 3.4400932341814032 4.0887405350804356 2.1767375133931637 1.4911659583449353 2.9523196965456009
leaf_count=107 43 19 26 15 9 20
internal_value=0 -0.00494738 -0.00842215 0.00781229 -0.0116505 0
internal_weight=29.7768 21.2103 14.8179 8.56658 10.7291 6.39241
internal_count=239 181 142 58 116 39
is_linear=0
shrinkage=0.03


Tree=134
num_leaves=7
num_cat=0
split_feature=58 0 62 17 40 54
split_gain=1.71681 1.44369 1.12813 0.890044 0.368723 0.839449
threshold=0.011799999978393318 0.83333334326744091 0.55140000581741344 0.80976635217666637 0.062682796269655242 0.069159060716629042
decision_type=2 2 2 2 2 2
left_child=1 4 -2 -3 -1 -6
right_child=2 3 -4 -5 5 -7
leaf_value=0.0021602479938641768 -0.010355740234354241 0.012841992656475485 0 0 0 -0.0077844652818256166
leaf_weight=3.2902887389063897 6.9334376864135248 7.2501524090766889 1.2250304780900476 1.3587796427309511 2.1856403648853284 6.9202759340405464
leaf_count=21 83 46 8 9 10 54
internal_value=0 0.00490016 -0.0066402 0.0104799 0 -0.00375803
internal_weight=29.1636 21.0051 8.15847 8.60893 12.3962 9.10592
internal_count=231 140 91 55 85 64
is_linear=0
shrinkage=0.03


Tree=135
num_leaves=7
num_cat=0
split_feature=58 19 0 21 36 35
split_gain=1.95488 1.74753 0.784815 0.368504 0.355805 0.33034
threshold=1.0000000180025095e-35 0.44250741600990301 4.1666667461395273 0.88802599906921398 0.055899698287248618 0.11878597363829614
decision_type=2 2 2 2 2 2
left_child=1 4 3 5 -1 -2
right_child=2 -3 -4 -5 -6 -7
leaf_value=0 0 -0.00058437007175006863 0 0 0.011765740971047526 -0.010781161329712408
leaf_weight=1.5446099638938964 1.1111102104186992 6.331556297838687 1.243180789053439 1.2825853079557408 11.129321057349442 7.6981305852532387
leaf_count=8 9 50 9 13 72 81
internal_value=0 0.00598092 -0.00581659 -0.00843098 0.0107182 -0.00967269
internal_weight=30.3405 19.0055 11.335 10.0918 12.6739 8.80924
internal_count=242 130 112 103 80 90
is_linear=0
shrinkage=0.03


Tree=136
num_leaves=7
num_cat=0
split_feature=58 0 41 17 25 33
split_gain=1.82733 1.15983 0.840255 0.733583 0.379829 0.295383
threshold=0.009599999990314247 0.83333334326744091 0.38890534639358526 0.80976635217666637 0.88626328110694896 0.27271996438503271
decision_type=2 2 2 2 2 2
left_child=1 5 4 -3 -2 -1
right_child=2 3 -4 -5 -6 -7
leaf_value=0.0018278329534396976 -0.010461271490627123 0.011958050304016556 0 0 0 -0.0036868240627570396
leaf_weight=6.388919007033115 6.9825368970632535 8.0999621301889402 0.88234408199787129 1.4305944778025139 0.75861508399248112 5.5296523347496986
leaf_count=40 82 52 5 9 9 43
internal_value=0 0.00530218 -0.00639011 0.00993559 -0.00924608 0
internal_weight=30.0726 21.4491 8.6235 9.53056 7.74115 11.9186
internal_count=240 144 96 61 91 83
is_linear=0
shrinkage=0.03


Tree=137
num_leaves=7
num_cat=0
split_feature=19 47 59 36 31 68
split_gain=1.62237 1.43532 0.798483 0.669459 0.442427 0.219453
threshold=0.24221903830766681 0.10819666460156442 0.28880000114440924 0.055899698287248618 0.14182729274034503 917.62997436523449
decision_type=2 2 2 2 2 8
left_child=2 5 3 -1 -3 -2
right_child=1 4 -4 -5 -6 -7
leaf_value=0 0.0043762601000558394 0 0 0.011432208480750107 -0.010248185276524801 0
leaf_weight=1.4714530706405664 2.5802154988050487 2.0570163987576953 2.3606290891766539 8.2981208227574808 9.3890727721154672 2.5580514073371887
leaf_count=8 16 15 18 57 103 15
internal_value=0 -0.00382919 0.00695451 0.00951267 -0.00873985 0.00169366
internal_weight=28.7146 16.5844 12.1302 9.76957 11.4461 5.13827
internal_count=232 149 83 65 118 31
is_linear=0
shrinkage=0.03


Tree=138
num_leaves=7
num_cat=0
split_feature=58 28 55 62 2 47
split_gain=2.25994 1.66457 1.26628 1.09586 0.643008 0.106274
threshold=0.011799999978393318 0.520310938358307 0.1380737125873566 0.55140000581741344 1.9439166784286501 0.13558906316757205
decision_type=2 2 2 2 2 2
left_child=1 2 4 -2 -1 -3
right_child=3 5 -4 -5 -6 -7
leaf_value=0.014595892153899203 -0.0099644433754027661 0 0 0 0 -0.0027822954402132046
leaf_weight=11.708796072751293 6.683012392371892 2.3665722608566275 3.6558234542608252 1.1677590049803255 1.6803840771317471 2.7911841049790382
leaf_count=69 83 17 20 8 12 32
internal_value=0.00109457 0.00662112 0.0103667 -0.0061273 0.0131526 -0.000471644
internal_weight=30.0535 22.2028 17.045 7.85077 13.3892 5.15776
internal_count=241 150 101 91 81 49
is_linear=0
shrinkage=0.03


Tree=139
num_leaves=7
num_cat=0
split_feature=14 60 36 31 54 37
split_gain=1.69987 1.49977 0.878564 0.862317 0.65573 0.526591
threshold=13.058030128479006 0.31399999558925634 0.81128785014152538 0.14182729274034503 0.069159060716629042 0.25891791284084326
decision_type=2 2 2 2 2 2
left_child=1 2 5 -2 -5 -1
right_child=3 -3 -4 4 -6 -7
leaf_value=0 0 -0.0010503943933421569 0 0 -0.010981340130845571 0.013411555781723084
leaf_weight=3.0142484158277574 1.2146728299558152 3.9050526767969123 1.5360292382538308 1.2250337898731212 7.0295738913118839 9.1339697241783124
leaf_count=18 7 34 14 6 83 61
internal_value=0 0.00552617 0.00958734 -0.00594175 -0.00895366 0.0115755
internal_weight=27.0586 17.5893 13.6842 9.46928 8.25461 12.1482
internal_count=223 127 93 96 89 79
is_linear=0
shrinkage=0.03


Tree=140
num_leaves=7
num_cat=0
split_feature=0 58 54 55 48 42
split_gain=1.43369 1.62723 1.06574 1.03248 0.911882 0.0300533
threshold=0.83333334326744091 0.009599999990314247 0.069159060716629042 0.14269554615020755 -0.23816646635532376 0.24058426171541217
decision_type=2 2 2 2 2 2
left_child=2 3 -1 -2 5 -4
right_child=1 -3 4 -5 -6 -7
leaf_value=0.00060620557338316795 0.013192892619657013 -0.0013335069667676934 0.001554857242677064 0 -0.010881898239710293 0
leaf_weight=2.6159209161996904 7.5875056944787485 3.2118069455027571 1.1880353651940847 1.50654711574316 10.053536053746933 3.2698265910148621
leaf_count=12 49 38 7 8 94 30
internal_value=0 0.00556541 -0.00470072 0.0105666 -0.00796225 0
internal_weight=29.4332 12.3059 17.1273 9.09405 14.5114 4.45786
internal_count=238 95 143 57 131 37
is_linear=0
shrinkage=0.03


Tree=141
num_leaves=7
num_cat=0
split_feature=68 60 11 4 7 4
split_gain=1.64961 1.45538 1.17754 0.504324 0.293539 0.202122
threshold=697.16046142578136 0.0030000000260770325 5.6070852279663095 0.0050959466025233277 388.00000000000006 0.012527989223599436
decision_type=8 2 2 8 2 10
left_child=1 4 3 -2 -1 -3
right_child=2 5 -4 -5 -6 -7
leaf_value=0.011944403883945739 0 -0.0034351251447670606 0.00077419956427456375 -0.010315679705727134 0 0.0002768839907844598
leaf_weight=7.7489980161190086 1.1483324356377096 5.3392335176467887 2.4020592942833892 9.1018175445497036 1.2988450080156324 1.8065384328365324
leaf_count=50 12 39 17 99 10 12
internal_value=0 0.00604827 -0.00482082 -0.00882976 0.010912 0
internal_weight=28.8458 16.1936 12.6522 10.2501 9.04784 7.14577
internal_count=239 111 128 111 60 51
is_linear=0
shrinkage=0.03


Tree=142
num_leaves=7
num_cat=0
split_feature=68 60 11 6 47 6
split_gain=1.51643 1.81639 0.939379 0.505653 0.476765 0.513854
threshold=752.01473999023449 0.0061999999452382335 5.6070852279663095 185.75000000000003 0.073408186435699477 264.00000762939459
decision_type=8 2 2 2 2 2
left_child=1 3 4 -1 -2 -6
right_child=2 -3 -4 -5 5 -7
leaf_value=0.013122871534161615 0 -6.1300097965221438e-05 0.00093643930276354032 0 -0.010379878001117495 0
leaf_weight=8.6463813856244141 1.2371461987495411 6.8910931199789038 2.7386735938489428 1.3179579079151142 8.5349229425191862 1.1239418946206559
leaf_count=57 6 50 20 9 92 12
internal_value=0.000826791 0.0064617 -0.00338718 0.0117493 -0.00727334 -0.00883501
internal_weight=30.4901 16.8554 13.6347 9.96434 10.896 9.65886
internal_count=246 116 130 66 110 104
is_linear=0
shrinkage=0.03


Tree=143
num_leaves=7
num_cat=0
split_feature=58 17 34 50 47 51
split_gain=1.8245 0.991055 1.25516 1.04577 0.38968 0.260005
threshold=0.005799999926239253 0.89189520478248607 0.80959230661392223 -0.023702638223767277 0.19407196342945102 -0.63833454251289357
decision_type=2 2 2 2 2 2
left_child=1 2 3 -1 -2 -6
right_child=4 -3 -4 -5 5 -7
leaf_value=0 0 0 0 0.012766787271015828 0 -0.0085412005078512581
leaf_weight=1.4690114371478653 0.93540863692760368 1.9266366027295578 2.6156982332468024 14.892742075026037 0.81298345699906338 5.7378817871212959
leaf_count=11 6 15 21 98 9 71
internal_value=0.000642311 0.00595113 0.00827958 0.0108722 -0.0056762 -0.0074317
internal_weight=28.3904 20.9041 18.9775 16.3618 7.48627 6.55087
internal_count=231 145 130 109 86 80
is_linear=0
shrinkage=0.03


Tree=144
num_leaves=7
num_cat=0
split_feature=58 19 62 34 50 39
split_gain=2.01754 1.24454 1.12949 0.55197 0.367565 0.095138
threshold=1.0000000180025095e-35 0.44250741600990301 0.89659997820854198 0.078262127935886397 0.25274411588907247 0.16563768684864047
decision_type=2 2 2 2 2 2
left_child=1 3 4 -1 -2 -3
right_child=2 5 -4 -5 -6 -7
leaf_value=0 -0.010378306072226118 -0.0024349138191248772 0.000331767118843191 0.011839013079325673 0 0
leaf_weight=1.6757533252239287 9.2843084782361966 4.4420627094805232 1.2188918590545643 9.2752566710114461 1.5183764062821854 1.9521200954914091
leaf_count=9 99 40 7 61 14 12
internal_value=0 0.00629846 -0.00576143 0.0102587 -0.00916217 0
internal_weight=29.3668 17.3452 12.0216 10.951 10.8027 6.39418
internal_count=242 122 120 70 113 52
is_linear=0
shrinkage=0.03


Tree=145
num_leaves=7
num_cat=0
split_feature=51 68 50 26 1 55
split_gain=2.01685 1.44683 1.14264 0.346293 0.327417 0.243734
threshold=-0.51844158768653859 313.60475158691412 0.15126202255487445 0.0989883989095688 1.5000000000000002 0.042975252494215972
decision_type=2 8 2 2 2 2
left_child=1 5 3 -2 -3 -1
right_child=2 4 -4 -5 -6 -7
leaf_value=0.0040459841530853117 0 -0.011107460821745204 0 0.012183392546762801 0 0
leaf_weight=3.7799396887421617 1.385291114449499 7.3675300218164921 5.840557847172021 7.5380149930715561 0.95209179818630207 1.5377911105751989
leaf_count=24 9 90 42 50 8 11
internal_value=6.8416e-05 -0.00483305 0.00714217 0.0110045 -0.0100438 0.000637084
internal_weight=28.4012 13.6374 14.7639 8.92331 8.31962 5.31773
internal_count=234 133 101 59 98 35
is_linear=0
shrinkage=0.03


Tree=146
num_leaves=7
num_cat=0
split_feature=58 28 39 0 60 47
split_gain=1.75647 1.15745 0.646667 0.628161 0.379816 0.208233
threshold=1.0000000180025095e-35 0.520310938358307 0.20223893225193026 4.1666667461395273 0.31399999558925634 0.8404977321624757
decision_type=2 2 2 2 2 2
left_child=1 2 4 5 -1 -2
right_child=3 -3 -4 -5 -6 -7
leaf_value=0.012953509250063078 -0.0076431692010806591 0 0 0 0 0
leaf_weight=9.1097623556852394 9.2145276926457864 3.9912978932261458 2.0621546879410735 1.3368797302246083 1.9174766689538945 1.0395456738769997
leaf_count=53 100 40 12 10 14 8
internal_value=0.000878508 0.00676936 0.00994292 -0.0041381 0.011672 -0.00679461
internal_weight=28.6716 17.0807 13.0894 11.591 11.0272 10.2541
internal_count=237 119 79 118 67 108
is_linear=0
shrinkage=0.03


Tree=147
num_leaves=7
num_cat=0
split_feature=68 60 11 4 51 6
split_gain=1.40185 2.0439 0.890769 0.484907 0.510959 0.311583
threshold=752.01473999023449 0.31399999558925634 5.6070852279663095 0.005215203622356058 -0.38627026975154871 185.75000000000003
decision_type=8 2 2 8 2 2
left_child=1 5 3 -2 -5 -1
right_child=2 -3 -4 4 -6 -7
leaf_value=0.011660219809826644 0 -0.0025007957227093929 0 -0.011275389720228571 0 0
leaf_weight=10.3566383831203 1.0388397350907297 3.9388219788670531 2.3915604986250392 7.4987642541527721 1.5617379322648073 1.2705839499831189
leaf_count=70 9 30 18 85 10 9
internal_value=0 0.0053616 -0.00483936 -0.00812973 -0.00962242 0.0107241
internal_weight=28.0569 15.566 12.4909 10.0993 9.0605 11.6272
internal_count=231 109 122 104 95 79
is_linear=0
shrinkage=0.03


Tree=148
num_leaves=7
num_cat=0
split_feature=14 26 59 52 31 36
split_gain=1.51374 0.61962 0.568888 0.545734 0.520068 0.450678
threshold=7.1417174339294442 0.14372427761554721 0.19579999893903735 -0.38562110066413874 0.15461797267198565 0.055899698287248618
decision_type=2 2 2 2 2 2
left_child=2 -2 5 4 -3 -1
right_child=1 3 -4 -5 -6 -7
leaf_value=0 0 0 0 0 -0.0096375241263017847 0.010523972012987068
leaf_weight=1.6721480637788797 2.6992165111005297 1.4998528659343708 2.9019705429673186 2.4590038470923892 9.2040261738002282 8.2324607744812948
leaf_count=9 18 12 20 20 111 51
internal_value=0.000399343 -0.00321205 0.0069503 -0.00596616 -0.00797156 0.009004
internal_weight=28.6687 15.8621 12.8066 13.1629 10.7039 9.90461
internal_count=241 161 80 143 123 60
is_linear=0
shrinkage=0.03


Tree=149
num_leaves=7
num_cat=0
split_feature=12 30 4 38 60 47
split_gain=1.56647 1.1089 0.816321 0.678522 0.143821 0.132327
threshold=0.50757575035095226 0.13510000705718997 0.01759916823357344 0.27354599535465246 0.00059999998484272521 0.080323282629251494
decision_type=2 2 10 2 2 2
left_child=1 -1 4 -3 -2 -5
right_child=2 3 -4 5 -6 -7
leaf_value=0 0.00054714868943523439 0 0.0085248187029774523 0 -0.0030206832491937196 -0.012231535948142937
leaf_weight=2.457381710410119 5.4506279677152616 2.8552426844835272 5.9213487952947625 0.63148844242095847 3.6788677424192429 8.148713752627371
leaf_count=15 28 30 39 3 25 98
internal_value=0 -0.00640202 0.00410608 -0.00957964 0 -0.0117575
internal_weight=29.1437 14.0928 15.0508 11.6354 9.1295 8.7802
internal_count=238 146 92 131 53 101
is_linear=0
shrinkage=0.03


Tree=150
num_leaves=7
num_cat=0
split_feature=58 0 62 47 55 19
split_gain=1.95451 2.12977 0.701671 0.298725 0.211091 0.197498
threshold=0.011799999978393318 0.83333334326744091 0.55140000581741344 0.096516769379377379 -0.15479367971420285 0.69315171241760265
decision_type=2 2 2 2 2 2
left_child=1 3 -2 -1 -5 -3
right_child=2 5 -4 4 -6 -7
leaf_value=0.00044420657716358179 -0.009223176371644019 0.013469856437721051 0 0 -0.0054910772188564369 0
leaf_weight=3.4246322214603477 6.2686625719070426 7.0913128256797773 1.0151110514998434 2.1733075343072441 5.1355733834207031 1.6885215900838373
leaf_count=19 84 48 8 17 44 11
internal_value=0 0.00584019 -0.00659799 -9.35582e-05 -0.00392302 0.0124763
internal_weight=26.7971 19.5133 7.28377 10.7335 7.30888 8.77983
internal_count=231 139 92 80 61 59
is_linear=0
shrinkage=0.03


Tree=151
num_leaves=7
num_cat=0
split_feature=24 52 60 31 40 31
split_gain=1.48933 1.07541 1.02441 0.540931 0.620575 0.195732
threshold=0.23973467200994494 -0.38562110066413874 0.077600002288818373 0.12636836245656016 0.27648943662643438 0.70160162448883068
decision_type=2 2 2 2 2 2
left_child=2 3 -1 -2 -5 -3
right_child=1 5 -4 4 -6 -7
leaf_value=0.0097382360268903276 0 0 0 -0.011619345653433026 0 0.0037894806550530327
leaf_weight=8.2826417684555071 1.4878431968390966 2.8012346029281607 2.3705416172742835 8.8257092274725419 1.5100280083715905 2.2770368158817291
leaf_count=51 10 22 20 104 9 16
internal_value=0 -0.00443257 0.00626962 -0.00828027 -0.00987518 9.68785e-05
internal_weight=27.555 16.9019 10.6532 11.8236 10.3357 5.07827
internal_count=232 161 71 123 113 38
is_linear=0
shrinkage=0.03


Tree=152
num_leaves=7
num_cat=0
split_feature=68 60 54 0 4 68
split_gain=1.28677 1.60853 1.20406 0.842917 1.05426 0.285494
threshold=385.15440368652349 0.34340000152587896 0.069159060716629042 3.5000000000000004 0.0050959466025233277 36.717102050781257
decision_type=8 2 2 2 8 10
left_child=1 5 -2 4 -4 -1
right_child=2 -3 3 -5 -6 -7
leaf_value=0 0.0024876151824676567 -0.0010436743852416444 0 0 -0.012159581782164182 0.012047305528743901
leaf_weight=2.0914430171251324 2.6104212850332251 2.5277383029460898 1.3891098648309679 1.5869839116930951 9.9215503595769405 8.0400746166706067
leaf_count=14 13 19 13 9 111 52
internal_value=0.000208451 0.00639721 -0.00301866 -0.00735316 -0.00967956 0.0108303
internal_weight=28.1673 12.6593 15.5081 12.8976 11.3107 10.1315
internal_count=231 85 146 133 124 66
is_linear=0
shrinkage=0.03


Tree=153
num_leaves=7
num_cat=0
split_feature=33 34 60 38 68 18
split_gain=1.24133 0.824122 0.499757 0.492069 0.43699 0.139594
threshold=0.63803189992904674 0.76888278126716625 1.0000000180025095e-35 0.53331512212753307 752.01473999023449 0.94038009643554699
decision_type=2 2 2 2 8 2
left_child=2 3 4 -2 -1 -5
right_child=1 -3 -4 5 -6 -7
leaf_value=0.0049332130806763585 0 0 -0.005990080791567683 0.011829478492280903 -0.0018477013433773936 0
leaf_weight=4.2054969705641279 1.5823610238730896 1.7499111667275418 5.06893291696906 7.1760560385882837 3.9360879659652719 1.2927544116973875
leaf_count=25 15 19 53 52 45 10
internal_value=0.00138396 0.00708175 -0.00197906 0.00956655 0 0.0111058
internal_weight=25.0116 11.8011 13.2105 10.0512 8.14158 8.46881
internal_count=219 96 123 77 70 62
is_linear=0
shrinkage=0.03


Tree=154
num_leaves=7
num_cat=0
split_feature=60 68 4 11 47 52
split_gain=1.54978 2.30943 0.814176 0.591703 0.421667 0.0105922
threshold=0.0030000000260770325 752.01473999023449 0.011484991759061815 5.6070852279663095 0.070282794535160079 -0.55197963118553151
decision_type=2 8 10 2 2 2
left_child=1 5 -2 4 -3 -1
right_child=2 3 -4 -5 -6 -7
leaf_value=0 -0.009857067616392684 0 0 0.00045732966491043685 -0.0076891571215340505 0.012315167458984711
leaf_weight=1.7936156950891016 7.0994976386427862 1.1115365624427775 1.9065430238842962 2.0356617756187916 6.6072987988591194 6.3638836555182987
leaf_count=13 68 5 17 14 69 42
internal_value=0 0.0040866 -0.00699008 -0.00191389 -0.00583064 0.0116686
internal_weight=26.918 17.912 9.00604 9.7545 7.71884 8.1575
internal_count=228 143 85 88 74 55
is_linear=0
shrinkage=0.03


Tree=155
num_leaves=7
num_cat=0
split_feature=68 38 32 58 19 34
split_gain=1.68858 0.773114 0.542582 0.430784 0.545536 0.368
threshold=697.16046142578136 0.53331512212753307 0.84624272584915172 0.0038000000640749936 0.84375298023223888 0.078262127935886397
decision_type=8 2 2 2 2 2
left_child=2 -2 5 4 -3 -1
right_child=1 3 -4 -5 -6 -7
leaf_value=0 -0.007166609858110678 0.0079044846273798024 0 -0.0010598028295374544 0 0.010798163337786972
leaf_weight=1.9953913614153886 5.5027099512517434 3.8519412241876125 1.3814808875322331 2.1840210817754269 1.4933338873088358 11.169497944414614
leaf_count=11 63 24 12 30 11 77
internal_value=0.0024741 -0.00209304 0.0081959 0.000165148 0.00494013 0.00960516
internal_weight=27.5784 13.032 14.5464 7.5293 5.34528 13.1649
internal_count=228 128 100 65 35 88
is_linear=0
shrinkage=0.03


Tree=156
num_leaves=7
num_cat=0
split_feature=68 4 26 48 9 4
split_gain=1.28628 0.951727 0.835717 0.753913 0.42607 0.238098
threshold=752.01473999023449 0.0075805915985256442 0.14372427761554721 -0.32985320687294001 4.6666667461395273 0.0050959466025233277
decision_type=8 8 2 2 2 8
left_child=1 -1 -2 -3 5 -4
right_child=2 3 4 -5 -6 -7
leaf_value=0 0 0 0 0.010613244139052465 0 -0.0099614882394264848
leaf_weight=1.7912700735032565 3.3503534719347936 1.7530981451272953 0.6597040332853793 11.627813898026943 0.78854696452617634 6.2608936131000519
leaf_count=14 20 13 9 83 4 85
internal_value=0.000444024 0.0059831 -0.00353855 0.00867034 -0.00757379 -0.00909385
internal_weight=26.2317 15.1722 11.0595 13.3809 7.70914 6.9206
internal_count=228 110 118 96 98 94
is_linear=0
shrinkage=0.03


Tree=157
num_leaves=7
num_cat=0
split_feature=58 19 62 39 47 19
split_gain=1.59321 1.59271 0.623552 0.524835 0.27997 0.254696
threshold=1.0000000180025095e-35 0.44250741600990301 0.89659997820854198 0.20223893225193026 0.8404977321624757 0.12348658964037897
decision_type=2 2 2 2 2 2
left_child=1 3 4 -1 5 -2
right_child=2 -3 -4 -5 -6 -7
leaf_value=0.012088235222708993 0 -0.00016973559218305304 0 0 0 -0.0094101668258274457
leaf_weight=9.8670357018709236 2.1963777244091016 6.1566914953291407 1.0477599799633015 1.742270316928624 1.1315891966223706 6.7272344008088112
leaf_count=67 17 52 7 11 9 84
internal_value=0.00026275 0.00599452 -0.00456007 0.0106059 -0.00706139 -0.00813389
internal_weight=28.869 17.766 11.103 11.6093 10.0552 8.92361
internal_count=247 130 117 78 110 101
is_linear=0
shrinkage=0.03


Tree=158
num_leaves=7
num_cat=0
split_feature=58 17 39 0 21 51
split_gain=1.25601 1.40106 0.634942 0.53566 0.36037 0.246301
threshold=1.0000000180025095e-35 0.51415646076202404 0.20223893225193026 2.1666666269302373 0.2640399038791657 -0.40721872448921198
decision_type=2 2 2 2 2 2
left_child=1 2 4 5 -1 -2
right_child=3 -3 -4 -5 -6 -7
leaf_value=0 -0.0072613298839880576 0 0 0 0.013110032168368009 0
leaf_weight=1.6789364740252555 7.5012092329561701 6.0475347824394694 1.6812377236783493 1.7595226690173138 8.0280111990869027 1.1309155076742161
leaf_count=11 93 47 10 13 55 7
internal_value=0.000896577 0.00585895 0.0101483 -0.00327729 0.0118648 -0.00613427
internal_weight=27.8274 17.4357 11.3882 10.3916 9.70695 8.63212
internal_count=236 123 76 113 66 100
is_linear=0
shrinkage=0.03


Tree=159
num_leaves=7
num_cat=0
split_feature=68 60 6 54 48 0
split_gain=1.78003 2.52086 1.13283 0.962196 0.63307 0.308954
threshold=752.01473999023449 0.077600002288818373 192.00000000000003 0.069159060716629042 0.15414737164974215 3.5000000000000004
decision_type=8 2 2 2 2 2
left_child=1 2 -1 -2 5 -5
right_child=3 -3 -4 4 -6 -7
leaf_value=0.014195973291801698 0 -0.0027465888547876598 0 -0.011739418002522454 0 0
leaf_weight=10.123834747821098 1.9279172867536534 5.1589197777211657 1.1964514777064312 7.6638716869056189 0.94025224074721414 0.80684421956539143
leaf_count=68 9 40 9 99 9 4
internal_value=0 0.00576978 0.011933 -0.00581085 -0.0090406 -0.0108046
internal_weight=27.8181 16.4792 11.3203 11.3389 9.41097 8.47072
internal_count=238 117 77 121 112 103
is_linear=0
shrinkage=0.03


Tree=160
num_leaves=6
num_cat=0
split_feature=47 0 17 42 48
split_gain=1.27435 1.68697 1.04397 0.91967 0.275618
threshold=0.090125467628240599 3.5000000000000004 0.021675205789506439 0.18874773383140567 0.13498388230800631
decision_type=2 2 2 2 2
left_child=4 2 -2 -4 -1
right_child=1 -3 3 -5 -6
leaf_value=0.007799038246445995 0 0.0034399825192540389 0 -0.012165156955870164 0
leaf_weight=4.5611223056912449 1.7965672351419986 2.9258476868271819 2.0134882703423527 14.608811572194098 1.4998465776443479
leaf_count=27 10 24 21 140 9
internal_value=0 -0.0040309 -0.00812179 -0.0102814 0.00630081
internal_weight=27.4057 21.3447 18.4189 16.6223 6.06097
internal_count=231 195 171 161 36
is_linear=0
shrinkage=0.03


Tree=161
num_leaves=7
num_cat=0
split_feature=0 54 54 58 5 19
split_gain=1.73679 1.45974 0.99589 0.850602 0.421652 0.195528
threshold=1.1666666865348818 0.069159060716629042 0.76592186093330394 0.01480000000447035 0.39178082346916204 0.69315171241760265
decision_type=2 2 2 2 2 2
left_child=1 -1 4 5 -3 -2
right_child=3 2 -4 -5 -6 -7
leaf_value=0.0015596303907928319 0.010059915414217937 -0.012830810430907863 0 0 0 0
leaf_weight=2.1364660710096421 6.2879011407494527 10.751335661858318 2.9063283242285243 1.7256490923464296 1.3609216846525658 1.6401513144373892
leaf_count=10 43 108 25 23 14 11
internal_value=0 -0.00561535 -0.00924967 0.0059971 -0.011719 0.00906244
internal_weight=26.8088 17.1551 15.0186 9.6537 12.1123 7.92805
internal_count=234 157 147 77 122 54
is_linear=0
shrinkage=0.03


Tree=162
num_leaves=7
num_cat=0
split_feature=0 58 54 54 52 55
split_gain=1.03525 1.05857 0.987899 0.729174 0.311566 0.302624
threshold=1.1666666865348818 0.009599999990314247 0.069159060716629042 0.72662216424942028 -0.35618743300437922 0.14269554615020755
decision_type=2 2 2 2 2 2
left_child=2 5 -1 4 -4 -2
right_child=1 -3 3 -5 -6 -7
leaf_value=0.0016048024142321057 0.010804271636718875 0 -0.01048900509366589 0 0 0
leaf_weight=2.1806355118751588 5.9417012184858304 2.4327433928847313 8.9993578642606753 2.9501035623252383 2.709389172494407 1.7222785502672193
leaf_count=10 43 28 97 27 20 10
internal_value=0 0.00562483 -0.00332031 -0.00683985 -0.00913079 0.00948323
internal_weight=26.9362 10.0967 16.8395 14.6589 11.7087 7.66398
internal_count=235 81 154 144 117 53
is_linear=0
shrinkage=0.03


Tree=163
num_leaves=7
num_cat=0
split_feature=68 60 9 7 44 60
split_gain=1.29065 1.50979 0.848247 0.666946 0.630153 0.196536
threshold=752.01473999023449 0.0030000000260770325 4.1666667461395273 388.00000000000006 0.062766630202531828 0.833600014448166
decision_type=8 2 2 2 2 2
left_child=1 3 4 -1 -2 -6
right_child=2 -3 -4 -5 5 -7
leaf_value=0.012393204396212363 0 0 5.0800713938675616e-05 0 -0.010130739447542779 0
leaf_weight=7.8505389392375999 1.0070082992315281 7.0085921622812739 1.7393833994865406 1.2714849784970281 8.3799895383417571 0.73702406510710794
leaf_count=50 6 55 10 9 98 10
internal_value=0 0.00547271 -0.0041633 0.0105824 -0.0075343 -0.00945634
internal_weight=27.994 16.1306 11.8634 9.12202 10.124 9.11701
internal_count=238 114 124 59 114 108
is_linear=0
shrinkage=0.03


Tree=164
num_leaves=7
num_cat=0
split_feature=58 30 17 60 25 50
split_gain=1.99859 1.09793 0.62922 0.170908 0.117765 0.117497
threshold=0.011799999978393318 0.3257004469633103 0.79209938645362865 0.11800000071525575 0.86794385313987743 0.14968683570623401
decision_type=2 2 2 2 2 2
left_child=1 2 3 -1 -2 -3
right_child=4 5 -4 -5 -6 -7
leaf_value=0.01212743609167417 -0.0065422381991332877 0.00050791498746310232 0 0 0 -0.0027285032306193059
leaf_weight=10.351386576890951 5.6933719068765631 4.1529561132192603 1.4092153757810582 1.6623595431447018 0.69723333418369282 3.7139217257499695
leaf_count=66 74 36 10 10 9 31
internal_value=0.00117354 0.00640821 0.00985109 0.011357 -0.00587484 0
internal_weight=27.6804 21.2898 13.423 12.0137 6.39061 7.86688
internal_count=236 153 86 76 83 67
is_linear=0
shrinkage=0.03


Tree=165
num_leaves=7
num_cat=0
split_feature=0 47 53 19 54 56
split_gain=1.21508 0.923623 0.80967 0.544258 0.54046 0.249546
threshold=0.83333334326744091 0.087287481874227538 -0.46945028007030482 0.69315171241760265 0.76592186093330394 -0.29210740327835077
decision_type=2 2 2 2 2 2
left_child=1 -1 -2 -4 5 -3
right_child=2 4 3 -5 -6 -7
leaf_value=1.9341303113507686e-05 0 -0.010382272859643703 0.010626440856925245 0 0 0
leaf_weight=3.3808689415454891 3.4190312959253788 8.5693120434880221 6.4074950627982599 1.4079488962888715 2.3216409534215918 0.95155591517686922
leaf_count=17 39 93 47 8 19 5
internal_value=0 -0.00426749 0.00546511 0.00874656 -0.00768681 -0.00954107
internal_weight=26.4579 15.2234 11.2345 7.81544 11.8425 9.52087
internal_count=228 134 94 55 117 98
is_linear=0
shrinkage=0.03


Tree=166
num_leaves=7
num_cat=0
split_feature=58 0 17 14 42 62
split_gain=1.09922 1.23158 0.8779 0.231458 0.302251 0.16416
threshold=0.011799999978393318 0.83333334326744091 0.78189149498939525 13.604084968566896 0.26790553331375128 0.37680000066757208
decision_type=2 2 2 2 2 2
left_child=1 3 -3 4 -1 -2
right_child=5 2 -4 -5 -6 -7
leaf_value=0 -0.0060766025188905698 0.011805920571861465 0 0.0009457538050874028 -0.0053742636879967939 0
leaf_weight=2.131243180483585 5.5330311805009833 7.6641079597175104 1.2808386795222757 2.4823349900543681 6.2440923489630222 0.93909687921404827
leaf_count=14 81 54 10 18 45 8
internal_value=0 0.00434825 0.0093942 0 -0.0032755 -0.00508435
internal_weight=26.2747 19.8026 8.94495 10.8577 8.37534 6.47213
internal_count=230 141 64 77 59 89
is_linear=0
shrinkage=0.03


Tree=167
num_leaves=7
num_cat=0
split_feature=58 50 53 50 62 39
split_gain=1.03113 0.739975 0.467559 0.328323 0.34284 0.220223
threshold=1.0000000180025095e-35 0.14968683570623401 -0.49601510167121882 0.25274411588907247 0.55140000581741344 0.19289850443601611
decision_type=2 2 2 2 2 2
left_child=1 2 -1 4 -2 -4
right_child=3 -3 5 -5 -6 -7
leaf_value=0 -0.0076584672246806824 0 0.010519050702773614 0 0 0
leaf_weight=1.5053510032594193 6.7420969009399396 5.3874869421124449 6.584571838378908 1.1402791664004315 1.5980481617152689 1.683285057544708
leaf_count=12 82 44 45 12 12 10
internal_value=0 0.00467587 0.0078423 -0.0044045 -0.00605949 0.00946599
internal_weight=24.6411 15.1607 9.77321 9.48042 8.34015 8.26786
internal_count=217 111 67 106 94 55
is_linear=0
shrinkage=0.03


Tree=168
num_leaves=7
num_cat=0
split_feature=51 34 31 28 17 30
split_gain=1.75522 1.04575 0.760043 0.741082 0.206008 0.0672443
threshold=-0.51844158768653859 0.79708495736122142 0.026976145803928379 0.25222551822662359 0.83876022696495067 0.10655157268047334
decision_type=2 2 2 2 2 2
left_child=3 2 -2 5 -4 -1
right_child=1 -3 4 -5 -6 -7
leaf_value=0.002092079128559193 0 0 0.0134083898843707 -0.0071639186658615153 0 0
leaf_weight=3.827433757483961 1.0929079651832569 2.610531657934188 8.3874902948737127 6.677585206925869 1.3263521194457997 2.28861228749156
leaf_count=25 7 23 58 85 8 21
internal_value=0.00169812 0.00799055 0.010821 -0.00287916 0.0125811 0
internal_weight=26.2109 13.4173 10.8068 12.7936 9.71384 6.11605
internal_count=227 96 73 131 66 46
is_linear=0
shrinkage=0.03


Tree=169
num_leaves=7
num_cat=0
split_feature=0 58 47 57 53 17
split_gain=0.816352 1.4889 0.789747 1.03177 0.865884 0.56754
threshold=0.83333334326744091 0.009599999990314247 0.085297085344791426 0.32060000300407415 -0.22608545422554013 0.78189149498939525
decision_type=2 2 2 2 2 2
left_child=2 5 -1 4 -4 -2
right_child=1 -3 3 -5 -6 -7
leaf_value=0 0.011242423126100813 -0.0020648464642160276 -0.012419420471519584 0 0 0
leaf_weight=3.5789573565125528 7.1484807804226858 2.8236057572066775 8.0370023399591464 4.3507695384323588 1.2022045329213096 1.5010222643613813
leaf_count=18 48 40 85 38 7 10
internal_value=0 0.00415835 -0.00365729 -0.00674799 -0.0102029 0.009425
internal_weight=28.642 11.4731 17.1689 13.59 9.23921 8.6495
internal_count=246 98 148 130 92 58
is_linear=0
shrinkage=0.03


Tree=170
num_leaves=7
num_cat=0
split_feature=0 54 48 37 58 47
split_gain=0.840606 0.89828 0.770192 0.318491 0.247705 0.0495284
threshold=1.8333333134651186 0.069159060716629042 -0.2499921843409538 0.86705854535102855 0.005799999926239253 0.86803746223449718
decision_type=2 2 2 2 2 2
left_child=1 -1 5 -4 -2 -3
right_child=4 2 3 -5 -6 -7
leaf_value=0.002254241990274638 0.0072879494662855164 0.0018453644457471748 -0.0093368519320375584 0 0 0
leaf_weight=3.0211708694696489 5.751600667834281 3.0897845886647763 11.392663344740862 1.2441681064665306 1.2137199342250822 1.413187116384506
leaf_count=14 42 26 118 12 13 14
internal_value=0 -0.00217626 -0.00571084 -0.00835002 0.00601446 0
internal_weight=27.1263 20.161 17.1398 12.6368 6.96532 4.50297
internal_count=239 184 170 130 55 40
is_linear=0
shrinkage=0.03


Tree=171
num_leaves=7
num_cat=0
split_feature=68 60 9 43 44 26
split_gain=1.19982 1.7511 0.823891 0.773628 0.490976 0.316096
threshold=697.16046142578136 0.077600002288818373 2.1666666269302373 0.14653412997722629 0.65886381268501293 0.63109806180000316
decision_type=8 2 2 2 2 2
left_child=1 5 3 -2 -5 -1
right_child=2 -3 -4 4 -6 -7
leaf_value=0.012298246359905203 0 -0.00098182737571865628 0.00054077273162885583 -0.011004436881316066 0 0
leaf_weight=8.0827472805976885 1.0884012728929509 4.1555196642875663 3.2697692401707164 7.1466903500258905 1.0165439769625662 1.5149204395711411
leaf_count=56 6 34 22 97 7 11
internal_value=0.000496771 0.00611474 -0.00298491 -0.00698124 -0.00948641 0.0111821
internal_weight=26.2746 13.7532 12.5214 9.25164 8.16323 9.59767
internal_count=233 101 132 110 104 67
is_linear=0
shrinkage=0.03


Tree=172
num_leaves=7
num_cat=0
split_feature=60 68 0 7 26 34
split_gain=1.23608 2.04176 0.769921 0.688278 0.51677 0.391123
threshold=0.0030000000260770325 752.01473999023449 4.1666667461395273 388.00000000000006 0.16030008345842364 0.13194701820611957
decision_type=2 8 2 2 2 2
left_child=1 3 5 -1 -3 -2
right_child=2 4 -4 -5 -6 -7
leaf_value=0.012721411754908728 0 0.00015386952745014183 0 0 -0.0055211802527571638 -0.010184140932785957
leaf_weight=7.7727931290864998 1.549410056322811 2.5600200518965703 1.1306000202894209 1.2462342754006384 6.9139050096273422 6.2692965380847454
leaf_count=53 12 16 8 9 75 67
internal_value=0 0.00406151 -0.00582272 0.0108931 -0.00161509 -0.00865696
internal_weight=27.4423 18.493 8.94931 9.01903 9.47393 7.81871
internal_count=240 153 87 62 91 79
is_linear=0
shrinkage=0.03


Tree=173
num_leaves=7
num_cat=0
split_feature=68 51 11 6 30 19
split_gain=1.29054 0.875841 1.05562 0.478654 0.197142 0.185005
threshold=385.15440368652349 -0.40207976102828974 5.6070852279663095 185.75000000000003 0.04593904688954354 0.60617581009864818
decision_type=8 2 2 2 2 2
left_child=3 2 4 5 -2 -1
right_child=1 -3 -4 -5 -6 -7
leaf_value=0.0090672512028167254 0 0.00029946693221890268 0 0 -0.011298133272289125 0
leaf_weight=7.9841091483831423 1.189801000058649 4.7847154289484015 2.4762245938181868 1.2327094823122013 7.1928930692374706 1.9497551321983335
leaf_count=58 9 30 21 8 97 16
internal_value=0 -0.00330564 -0.00715263 0.00645252 -0.0104754 0.00811299
internal_weight=26.8102 15.6436 10.8589 11.1666 8.38269 9.93386
internal_count=239 157 127 82 106 74
is_linear=0
shrinkage=0.03


Tree=174
num_leaves=7
num_cat=0
split_feature=58 60 34 19 62 20
split_gain=0.888556 1.00657 1.05212 1.29809 0.432752 0.173752
threshold=0.011799999978393318 0.19040000438690188 0.80959230661392223 0.84375298023223888 0.55140000581741344 0.92608696222305309
decision_type=2 2 2 2 2 2
left_child=1 2 3 -1 5 -2
right_child=4 -3 -4 -5 -6 -7
leaf_value=0.013123352290723389 -0.0068068927499179603 -6.3317132473861203e-05 0 0 0 0
leaf_weight=11.588616266846662 4.7745170108973971 3.4216568134725085 2.5368229895830146 1.8137639611959446 0.77360766381025303 0.58607735112309445
leaf_count=78 67 31 19 12 6 9
internal_value=0.00100711 0.00487227 0.00786083 0.0104381 -0.00293206 -0.00586392
internal_weight=25.4951 19.3609 15.9392 13.4024 6.1342 5.36059
internal_count=222 140 109 90 82 76
is_linear=0
shrinkage=0.03


Tree=175
num_leaves=7
num_cat=0
split_feature=51 50 28 26 1 4
split_gain=0.871962 1.53409 0.706254 0.386963 0.175236 0.0575711
threshold=-0.51844158768653859 0.15126202255487445 0.10189286246895791 0.0989883989095688 3.6666666269302373 0.013420058880001308
decision_type=2 2 2 2 2 10
left_child=2 3 -1 -2 -3 -4
right_child=1 4 5 -5 -6 -7
leaf_value=0.00036040463978556815 0 -0.0034242888396134189 -0.0067415567613494324 0.011771696772816505 0 0
leaf_weight=4.2671402543783215 1.3277484774589519 3.9810989275574675 8.1249080337584001 7.1055571585893631 1.0893536508083341 1.2494771741330613
leaf_count=29 9 31 95 50 10 13
internal_value=0.000167614 0.00524929 -0.00241744 0.0104737 -0.000642753 -0.00631215
internal_weight=27.1453 13.5038 13.6415 8.43331 5.07045 9.37439
internal_count=237 100 137 59 41 108
is_linear=0
shrinkage=0.03


Tree=176
num_leaves=7
num_cat=0
split_feature=68 60 11 30 6 26
split_gain=1.56591 1.46695 1.29218 0.659339 0.442515 0.000525636
threshold=50.487812042236335 0.31399999558925634 5.6070852279663095 0.038227004930377013 174.37500000000003 0.17967677861452105
decision_type=10 2 2 2 2 2
left_child=2 4 3 -1 -2 -4
right_child=1 -3 5 -5 -6 -7
leaf_value=0 0.011245950383924733 -0.0011809497833837044 0.00042602952106872042 -0.011542626978789385 0 0
leaf_weight=1.3001985847950006 8.5879321321845037 2.9738772325217715 1.4906780570745461 8.8667765371501428 1.3887172229588021 1.3826912194490431
leaf_count=8 65 28 9 92 13 11
internal_value=0 0.00532353 -0.00573917 -0.00975797 0.00988651 0.000353919
internal_weight=25.9909 12.9505 13.0403 10.167 9.97665 2.87337
internal_count=226 106 120 100 78 20
is_linear=0
shrinkage=0.03


Tree=177
num_leaves=7
num_cat=0
split_feature=58 0 19 56 24 44
split_gain=1.11146 0.947238 0.593424 0.243483 0.170027 0.0803025
threshold=0.011799999978393318 0.83333334326744091 0.69315171241760265 -0.35178464651107783 0.86818572878837597 0.095870967954397215
decision_type=2 2 2 2 2 2
left_child=1 5 -3 4 -2 -1
right_child=3 2 -4 -5 -6 -7
leaf_value=0.00096723613180193179 -0.0067843212546508198 0.011372456930170194 0 0 0 -0.0017587565998353207
leaf_weight=2.1944600716233316 4.7959301918745041 6.1039742007851583 1.9207865521311758 1.0124419815838326 0.59773354977369297 9.6764752566814405
leaf_count=15 69 47 13 8 10 73
internal_value=0.00036038 0.00482564 0.00926931 -0.00433884 -0.00585654 0
internal_weight=26.3018 19.8957 8.02476 6.40611 5.39366 11.8709
internal_count=235 148 60 87 79 88
is_linear=0
shrinkage=0.03


Tree=178
num_leaves=7
num_cat=0
split_feature=54 68 9 60 55 50
split_gain=1.15606 1.68323 0.76511 0.682492 0.145745 0.123166
threshold=0.070939652621746077 376.21420288085943 5.1666667461395273 0.0061999999452382335 0.16926126182079318 0.15126202255487445
decision_type=2 8 2 2 2 2
left_child=5 3 4 -2 -3 -1
right_child=1 2 -4 -5 -6 -7
leaf_value=0.0084916405898554648 0.0068515879984053941 -0.01092396780043986 0 0 0 0
leaf_weight=2.9945672154426601 5.4141059815883654 10.443708475679154 0.86942601203918535 4.4536784812808037 0.84584828838706094 1.8240240961313245
leaf_count=15 37 127 6 35 13 13
internal_value=0 -0.00258672 -0.0085499 0.00234616 -0.010413 0.00746671
internal_weight=26.8454 22.0268 12.159 9.86778 11.2896 4.81859
internal_count=246 218 146 72 140 28
is_linear=0
shrinkage=0.03


Tree=179
num_leaves=7
num_cat=0
split_feature=68 60 26 32 44 51
split_gain=1.00718 1.13317 0.657173 0.652969 0.224428 0.27834
threshold=752.01473999023449 0.077600002288818373 0.16030008345842364 0.37618413567543035 0.6953016221523286 -0.38627026975154871
decision_type=8 2 2 2 2 2
left_child=1 3 -2 -1 5 -4
right_child=2 -3 4 -5 -6 -7
leaf_value=0.011052173763794665 0 -0.00031572003565816681 -0.0096163900806030527 0 0 0
leaf_weight=6.9666877053678053 3.8408929370343667 5.0628145784139624 6.0469505712389946 3.2917679212987423 0.81424646079540242 0.85236620157957066
leaf_count=50 25 40 91 24 4 7
internal_value=0 0.00429207 -0.00451809 0.00856118 -0.00763082 -0.00854326
internal_weight=26.8757 15.3213 11.5545 10.2585 7.71356 6.89932
internal_count=241 114 127 74 102 98
is_linear=0
shrinkage=0.03


Tree=180
num_leaves=7
num_cat=0
split_feature=58 17 62 17 25 41
split_gain=0.961191 1.26562 0.53663 0.335964 0.327551 0.234782
threshold=1.0000000180025095e-35 0.51415646076202404 0.92620000243186962 0.11143004521727563 0.89278802275657665 0.43081326782703405
decision_type=2 2 2 2 2 2
left_child=1 5 3 -2 -5 -1
right_child=2 -3 -4 4 -6 -7
leaf_value=0.010479035311917814 0 0 0 -0.0089694458513131098 0 0
leaf_weight=8.0573149025440269 1.867721248418089 6.8140566311776629 0.88627824932336885 6.3179298788309097 0.65942054614424694 1.7140788212418545
leaf_count=56 17 56 5 82 9 11
internal_value=5.28683e-05 0.00487767 -0.00343388 -0.00616233 -0.00774352 0.00946588
internal_weight=26.3168 16.5855 9.73135 8.84507 6.97735 9.77139
internal_count=236 123 113 108 91 67
is_linear=0
shrinkage=0.03


Tree=181
num_leaves=7
num_cat=0
split_feature=33 53 53 55 40 21
split_gain=1.15382 0.877845 0.711814 0.660975 0.605598 0.563608
threshold=0.63803189992904674 -0.22608545422554013 -0.47694244980812067 0.14269554615020755 0.32110944390296942 0.15470241755247119
decision_type=2 2 2 2 2 2
left_child=1 4 -2 -4 5 -1
right_child=2 -3 3 -5 -6 -7
leaf_value=0 0 0.0010590237143422929 0.010745057577774872 0 0 -0.010392446374182691
leaf_weight=1.3337913155555714 3.3019334264099589 1.5966418310999895 7.3108750469982606 2.1524151340126991 1.594373583793639 9.4868861120194179
leaf_count=14 36 10 58 15 8 101
internal_value=0 -0.00338605 0.00578983 0.00849259 -0.00685191 -0.00875908
internal_weight=26.7769 14.0117 12.7652 9.46329 12.4151 10.8207
internal_count=242 133 109 73 123 115
is_linear=0
shrinkage=0.03


Tree=182
num_leaves=6
num_cat=0
split_feature=54 0 57 31 53
split_gain=0.803808 1.29107 0.897662 0.189506 0.125335
threshold=0.070939652621746077 3.5000000000000004 0.31100000441074377 0.15461797267198565 -0.22608545422554013
decision_type=2 2 2 2 2
left_child=-1 2 4 -4 -2
right_child=1 -3 3 -5 -6
leaf_value=0.0052226769961238673 -0.010829751123347319 0.0027511071056767664 0.0031186719901911027 -0.0017393045710664466 0
leaf_weight=4.2435071840882328 9.7525370642542892 3.3356986418366423 2.815977342426776 5.1746486704796553 1.0161476135253895
leaf_count=25 105 27 18 60 5
internal_value=0 -0.00323035 -0.006967 0 -0.0103012
internal_weight=26.3385 22.095 18.7593 7.99063 10.7687
internal_count=240 215 188 78 110
is_linear=0
shrinkage=0.03


Tree=183
num_leaves=7
num_cat=0
split_feature=68 60 26 4 47 0
split_gain=1.05065 1.32449 0.836518 0.565682 0.551811 0.361918
threshold=50.487812042236335 0.31399999558925634 0.10526142641901971 0.0085945865139365214 0.073408186435699477 3.5000000000000004
decision_type=10 2 2 8 2 2
left_child=2 3 -1 -2 -4 -6
right_child=1 -3 4 -5 5 -7
leaf_value=0 0 -0.0012458890615625671 0 0.010774181403233307 -0.010814193000666847 0
leaf_weight=2.5981074869632748 1.3769823350012274 2.1824367418885222 0.94944666326045801 9.6362992841750383 6.4486327823251486 0.96895387768745411
leaf_count=18 16 24 5 73 80 6
internal_value=0 0.00507404 -0.00407648 0.00917867 -0.00774328 -0.0095781
internal_weight=24.1609 13.1957 10.9651 11.0133 8.36703 7.41759
internal_count=222 113 109 89 91 86
is_linear=0
shrinkage=0.03


Tree=184
num_leaves=7
num_cat=0
split_feature=0 54 31 25 17 47
split_gain=1.09666 0.789649 0.766886 0.664288 0.276368 0.0652677
threshold=1.8333333134651186 0.069159060716629042 0.15461797267198565 0.95008096098899852 0.68966230750083934 0.55268701910972606
decision_type=2 2 2 2 2 2
left_child=1 -1 5 -4 -2 -3
right_child=4 2 3 -5 -6 -7
leaf_value=0.00020274435425146075 0.0071221947330993495 -0.00025671603999795323 -0.010746706972734759 0 0 0.0021205244757628275
leaf_weight=2.2798387706279817 5.4653206877410403 2.3232877291739014 11.209083963185545 0.85242694243788797 1.383841276168823 2.8827346786856651
leaf_count=11 45 16 136 9 10 16
internal_value=0 -0.0039079 -0.00652636 -0.00916131 0.00563891 0
internal_weight=26.3965 19.5474 17.2675 12.0615 6.84916 5.20602
internal_count=243 188 177 145 55 32
is_linear=0
shrinkage=0.03


Tree=185
num_leaves=7
num_cat=0
split_feature=68 54 4 60 5 55
split_gain=1.00803 0.841115 0.734903 0.684315 0.589118 0.280492
threshold=529.38558959960949 0.069159060716629042 0.0068080618511885413 0.077600002288818373 0.92100456357002269 0.16589002311229709
decision_type=8 2 8 2 2 2
left_child=2 -2 -1 -4 5 -3
right_child=1 4 3 -5 -6 -7
leaf_value=0 0.00012506794978346835 -0.0099672028322436452 0.010013900832143631 0 0 0
leaf_weight=1.2535230740904815 2.5566805750131598 8.9720163419842667 8.3409717902541143 3.0338869690895089 0.80117128044366914 1.0100757665932185
leaf_count=10 12 109 61 25 5 13
internal_value=0 -0.00384646 0.00498315 0.00756515 -0.00728214 -0.00903825
internal_weight=25.9683 13.3399 12.6284 11.3749 10.7833 9.98209
internal_count=235 139 96 86 127 122
is_linear=0
shrinkage=0.03


Tree=186
num_leaves=7
num_cat=0
split_feature=51 38 30 17 26 38
split_gain=1.00258 0.758043 0.691619 0.420304 0.405214 0.0870379
threshold=-0.51844158768653859 0.4512446820735932 0.14627855271101001 0.89189520478248607 0.78245297074317943 0.15038478374481204
decision_type=2 2 2 2 2 2
left_child=2 5 -1 4 -3 -2
right_child=1 3 -4 -5 -6 -7
leaf_value=0 0 0.010813602435828932 -0.0082352641695021059 0 0 -0.0024506524896588527
leaf_weight=5.797895338386299 2.959031514823435 5.375513069331646 6.9871759787201881 1.1425732001662252 1.1844923980534074 3.0432930216193199
leaf_count=41 18 41 96 8 13 24
internal_value=0 0.00396524 -0.00482116 0.00771966 0.00930309 0
internal_weight=26.49 13.7049 12.7851 7.70258 6.56001 6.00232
internal_count=241 104 137 62 54 42
is_linear=0
shrinkage=0.03


Tree=187
num_leaves=7
num_cat=0
split_feature=58 17 62 35 34 24
split_gain=0.878001 0.693739 0.580652 0.388768 0.238139 0.165534
threshold=1.0000000180025095e-35 0.52652013301849376 0.83859997987747203 0.36522072553634649 0.21192440390586856 0.90211856365203869
decision_type=2 2 2 2 2 2
left_child=1 3 4 -1 -2 -6
right_child=2 -3 -4 -5 5 -7
leaf_value=0 0 0 7.2877250437963743e-05 0.010476919579871935 -0.007913908880427617 0
leaf_weight=4.6292650550603884 2.0571211725473386 5.5475153177976599 1.3343324996530999 5.1236494593322277 6.0449681114405394 0.6751834712922572
leaf_count=31 19 45 10 38 80 9
internal_value=0.000643552 0.00520638 -0.00243313 0.00814419 -0.00584537 -0.00715476
internal_weight=25.412 15.3004 10.1116 9.75291 8.77727 6.72015
internal_count=232 114 118 69 108 89
is_linear=0
shrinkage=0.03


Tree=188
num_leaves=7
num_cat=0
split_feature=58 32 2 39 41 3
split_gain=1.45135 0.845372 0.615871 0.634033 0.544213 0.341568
threshold=1.0000000180025095e-35 0.60815632343292247 1.9959999918937685 0.20223893225193026 0.38890534639358526 4.5000000000000009
decision_type=2 2 2 2 2 2
left_child=1 2 3 -1 5 -2
right_child=4 -3 -4 -5 -6 -7
leaf_value=0.011623707516689905 -0.0082391523299604717 0 0 0 0 0
leaf_weight=10.655598860234027 7.6759551558643544 2.8983645588159552 1.6067019216716278 1.7210455760359753 0.83380849659442979 0.94616661965847004
leaf_count=72 99 31 13 11 5 9
internal_value=0.000205356 0.00580237 0.00833425 0.00996081 -0.00454954 -0.00692291
internal_weight=26.3376 16.8817 13.9833 12.3766 9.45593 8.62212
internal_count=240 127 96 83 113 108
is_linear=0
shrinkage=0.03


Tree=189
num_leaves=7
num_cat=0
split_feature=68 60 14 0 42 51
split_gain=0.822828 0.732937 0.571326 0.515083 0.649285 0.30993
threshold=505.51928710937506 0.31399999558925634 13.058030128479006 2.1666666269302373 0.18874773383140567 -0.40207976102828974
decision_type=8 2 2 2 2 2
left_child=1 2 -1 4 -2 -6
right_child=3 -3 -4 -5 5 -7
leaf_value=0.0099911760992081027 0 0 0 0 -0.0096433524300370329 0
leaf_weight=7.1829342618584651 1.5961740650236595 2.0090015046298495 2.9831076376140118 3.1931429505348197 6.4094912204891417 2.6421946734189996
leaf_count=57 18 17 22 18 90 19
internal_value=0 0.00494125 0.00771745 -0.00288998 -0.00566525 -0.0080905
internal_weight=26.016 12.175 10.166 13.841 10.6479 9.05169
internal_count=241 96 79 145 127 109
is_linear=0
shrinkage=0.03


Tree=190
num_leaves=7
num_cat=0
split_feature=58 19 38 47 21 19
split_gain=0.919539 0.70289 0.756255 0.412218 0.332807 0.167952
threshold=1.0000000180025095e-35 0.44250741600990301 0.26062692701816564 0.13558906316757205 0.88802599906921398 0.011234394274652006
decision_type=2 2 2 2 2 2
left_child=1 2 -1 -2 5 -5
right_child=3 -3 -4 4 -6 -7
leaf_value=0 0 0 0.010248966349684141 0 0 -0.008932177961328629
leaf_weight=5.3014936707913929 1.1008939370512951 5.4921747371554366 5.6530386731028557 0.73212881386279871 0.8147072810679673 6.5231313426047564
leaf_count=33 9 48 45 5 10 88
internal_value=0 0.00353768 0.0067812 -0.00508958 -0.00692915 -0.00822427
internal_weight=25.6176 16.4467 10.9545 9.17086 8.06997 7.25526
internal_count=238 126 78 112 103 93
is_linear=0
shrinkage=0.03


Tree=191
num_leaves=7
num_cat=0
split_feature=58 34 35 19 4 47
split_gain=1.27818 0.711008 1.01185 0.555972 0.309435 0.303424
threshold=1.0000000180025095e-35 0.79708495736122142 0.1045847423374653 0.82340154051780712 0.016200970858335498 0.8404977321624757
decision_type=2 2 2 2 10 2
left_child=1 2 -1 -4 5 -2
right_child=4 -3 3 -5 -6 -7
leaf_value=0 -0.0076028802810417595 0 0.011775244439537067 0 0 0
leaf_weight=2.4849442541599336 6.9591628611087781 2.79263125732541 9.9960101805627328 1.4276065230369557 1.4613942373543976 0.77485324814915646
leaf_count=14 89 24 74 12 14 6
internal_value=0 0.00519867 0.00754637 0.0102986 -0.004726 -0.00631501
internal_weight=25.8966 16.7012 13.9086 11.4236 9.19541 7.73402
internal_count=233 124 100 86 109 95
is_linear=0
shrinkage=0.03


Tree=192
num_leaves=7
num_cat=0
split_feature=68 60 54 0 6 55
split_gain=0.88841 1.10442 0.992819 0.439144 0.340908 0.253587
threshold=667.86233520507824 0.0030000000260770325 0.069159060716629042 3.5000000000000004 185.75000000000003 0.16926126182079318
decision_type=8 2 2 2 2 2
left_child=1 4 -2 5 -1 -4
right_child=2 -3 3 -5 -6 -7
leaf_value=0.01045572951739494 0.00050528156978257746 0 -0.01051511053721311 0 0 0
leaf_weight=5.9738684743642825 2.2854183465242377 5.9520186483860016 6.8939081076532585 1.0784021466970442 1.183303080499172 0.65660474076867092
leaf_count=42 11 48 96 6 8 10
internal_value=0 0.00439072 -0.00411449 -0.00817329 0.00915968 -0.00966576
internal_weight=24.0235 13.1092 10.9143 8.62891 7.15717 7.55051
internal_count=221 98 123 112 50 106
is_linear=0
shrinkage=0.03


Tree=193
num_leaves=7
num_cat=0
split_feature=58 17 34 35 38 17
split_gain=1.22002 0.679633 0.829843 0.713889 0.353918 0.380118
threshold=1.0000000180025095e-35 0.8604593575000764 0.79708495736122142 0.36522072553634649 0.86325907707214367 0.11143004521727563
decision_type=2 2 2 2 2 2
left_child=1 2 3 -1 5 -2
right_child=4 -3 -4 -5 -6 -7
leaf_value=0 0 0 0 0.012856916047958298 0 -0.0079945183161823207
leaf_weight=6.9573141224682384 2.3073681108653528 1.7816067747771729 1.7980028241872776 6.5234430730342865 1.7274905405938614 6.0900450088083744
leaf_count=47 17 14 16 49 20 81
internal_value=0 0.00519498 0.00728608 0.00943182 -0.00427456 -0.00610747
internal_weight=27.1853 17.0604 15.2788 13.4808 10.1249 8.39741
internal_count=244 126 112 96 118 98
is_linear=0
shrinkage=0.03


Tree=194
num_leaves=7
num_cat=0
split_feature=19 15 54 28 59 68
split_gain=1.16767 0.766042 0.589416 0.564243 0.33154 0.245504
threshold=0.24221903830766681 5.1699101924896249 0.066835202276706709 0.013348476495593788 0.28880000114440924 125.49837112426759
decision_type=2 2 2 2 2 8
left_child=3 2 -2 -1 -5 -4
right_child=1 -3 5 4 -6 -7
leaf_value=0 0 0 0 0.008714622829228828 0 -0.010338875663301652
leaf_weight=1.4459133669734026 1.0728857144713391 2.3422260321676722 1.4514996632933588 7.3973669745028001 1.648150600492954 8.4927350599318743
leaf_count=10 6 19 12 55 15 110
internal_value=0 -0.00478958 -0.00763546 0.00501339 0.00732841 -0.00938266
internal_weight=23.8508 13.3593 11.0171 10.4914 9.04552 9.94423
internal_count=227 147 128 80 70 122
is_linear=0
shrinkage=0.03


Tree=195
num_leaves=7
num_cat=0
split_feature=58 34 35 4 20 57
split_gain=1.02355 0.873857 0.91373 0.425408 0.335976 0.195613
threshold=1.0000000180025095e-35 0.77916738390922557 0.32889331877231603 0.016200970858335498 0.78553050756454479 0.78940001130104076
decision_type=2 2 2 10 2 2
left_child=1 2 -1 5 -4 -2
right_child=3 -3 4 -5 -6 -7
leaf_value=0 -0.0072258763519404932 0 0.012477776346774189 0 0 0
leaf_weight=6.5291297435760551 7.0813361275941116 2.5735625065863124 6.053476233035326 1.9676959421485651 1.2833433039486406 0.97901144251227368
leaf_count=45 92 25 47 18 10 11
internal_value=0 0.00471683 0.00758955 -0.0040773 0.0112574 -0.00629563
internal_weight=26.4676 16.4395 13.8659 10.028 7.33682 8.06035
internal_count=248 127 102 121 57 103
is_linear=0
shrinkage=0.03


Tree=196
num_leaves=7
num_cat=0
split_feature=22 52 23 11 28 7
split_gain=0.520842 0.604866 0.515696 0.501265 0.503256 0.544824
threshold=0.33983196318149572 -0.37161259353160853 0.92635458707809459 1.4166666865348818 0.013348476495593788 383.50000000000006
decision_type=2 2 2 2 2 2
left_child=3 2 -2 -1 -5 -6
right_child=1 -3 -4 4 5 -7
leaf_value=0 -0.0077587812218088961 0.00028897259290922342 0 0 0.01002085640341795 0
leaf_weight=1.3427717331796909 8.3513079136609996 3.687856212258338 0.98811889067292291 1.1696389243006695 7.5846305005252344 1.3930165879428384
leaf_count=15 100 29 11 8 56 11
internal_value=0 -0.00205624 -0.00575534 0.00415719 0.00638953 0.00819809
internal_weight=24.5173 13.0273 9.33943 11.4901 10.1473 8.97765
internal_count=230 140 111 90 75 67
is_linear=0
shrinkage=0.03


Tree=197
num_leaves=7
num_cat=0
split_feature=51 50 0 68 58 51
split_gain=0.826328 0.582303 0.570451 0.377728 0.360889 0.0022115
threshold=-0.51844158768653859 0.15126202255487445 1.8333333134651186 262.56336975097662 1.0000000180025095e-35 -0.38627026975154871
decision_type=2 2 2 8 2 2
left_child=2 4 3 -1 -2 -3
right_child=1 5 -4 -5 -6 -7
leaf_value=0 0.009181697475233239 -0.0003849549121701812 0 -0.0084212880887780776 0 0
leaf_weight=2.7671913057565698 5.8028002195060235 3.4310629796236753 2.0670072026550761 5.7039931993931541 1.6315937861800192 1.2213208079338072
leaf_count=20 38 31 20 87 15 9
internal_value=0 0.00467809 -0.0035603 -0.00647218 0.00760159 0
internal_weight=22.625 12.0868 10.5382 8.47118 7.43439 4.65238
internal_count=220 93 127 107 53 40
is_linear=0
shrinkage=0.03


Tree=198
num_leaves=7
num_cat=0
split_feature=12 30 47 68 60 54
split_gain=0.940805 0.673123 0.513558 0.511449 0.789776 0.121267
threshold=0.50757575035095226 0.10655157268047334 0.096516769379377379 752.01473999023449 0.31399999558925634 0.76592186093330394
decision_type=2 2 2 8 2 2
left_child=1 -1 -3 4 -2 -4
right_child=3 2 5 -5 -6 -7
leaf_value=0 0.0096995833661753638 0 -0.0098290233806269701 0 0 0
leaf_weight=1.6465077735483653 6.7292137518525106 1.6085047423839558 6.7795218713581544 5.0590843409299859 1.5363940969109533 1.7243028804659841
leaf_count=11 51 10 101 31 10 18
internal_value=0 -0.00451679 -0.00722447 0.0041557 0.00687414 -0.00903929
internal_weight=25.0835 11.7588 10.1123 13.3247 8.26561 8.50382
internal_count=232 140 129 92 61 119
is_linear=0
shrinkage=0.03


Tree=199
num_leaves=7
num_cat=0
split_feature=1 47 61 56 44 43
split_gain=0.666798 0.781111 0.824564 0.451563 0.138502 0.118514
threshold=0.83333334326744091 0.096516769379377379 1.0000000180025095e-35 -0.5211905539035796 0.28952933847904211 0.14653412997722629
decision_type=2 2 2 2 2 2
left_child=1 -1 5 -2 -4 -3
right_child=3 2 4 -5 -6 -7
leaf_value=0.00051848635151386356 0 0 0.002876585862181535 0.0070482443051265563 -0.0010626378933920291 -0.010272527292242685
leaf_weight=4.1345250830054345 2.3801602348685265 1.0194203704595546 3.4484354555606842 5.5969266071915618 1.8396830856800077 6.8649841155856848
leaf_count=24 31 6 21 48 14 95
internal_value=0 -0.00291293 -0.0063382 0.00452698 0 -0.00967191
internal_weight=25.2841 17.307 13.1725 7.97709 5.28812 7.8844
internal_count=239 160 136 79 35 101
is_linear=0
shrinkage=0.03


Tree=200
num_leaves=7
num_cat=0
split_feature=58 19 39 3 47 35
split_gain=0.74003 0.726668 0.612337 0.350355 0.213054 0.172015
threshold=1.0000000180025095e-35 0.47075448930263525 0.18763877451419833 4.5000000000000009 0.8404977321624757 0.11878597363829614
decision_type=2 2 2 2 2 2
left_child=1 2 -1 4 5 -2
right_child=3 -3 -4 -5 -6 -7
leaf_value=0.0093117992356595899 0 0 0 0 0 -0.0077352659581875205
leaf_weight=8.3405485451221484 1.1460900921374539 5.6366296932101241 1.7602214887738217 1.0721713155508039 0.91431452706456173 5.7553400043398142
leaf_count=62 11 50 12 10 8 81
internal_value=0 0.00386865 0.00719023 -0.00385593 -0.00578462 -0.00682767
internal_weight=24.6253 15.7374 10.1008 8.88792 7.81574 6.90143
internal_count=234 124 74 110 100 92
is_linear=0
shrinkage=0.03


Tree=201
num_leaves=6
num_cat=0
split_feature=68 60 51 30 30
split_gain=0.957798 0.765253 0.4271 0.35016 0.156231
threshold=667.86233520507824 0.31399999558925634 -0.40207976102828974 0.35304744541645056 0.10655157268047334
decision_type=8 2 2 2 2
left_child=1 3 4 -1 -2
right_child=2 -3 -4 -5 -6
leaf_value=0.0091398997169123385 0 0 0 0 -0.0077148199674503259
leaf_weight=7.3534534052014369 1.5300953015685079 2.818773351609706 2.5224606320261937 3.2384785450994968 5.8139063399285078
leaf_count=54 11 25 18 27 90
internal_value=0 0.00436376 -0.00457722 0.00742264 -0.00679417
internal_weight=23.2772 13.4107 9.86646 10.5919 7.344
internal_count=225 106 119 81 101
is_linear=0
shrinkage=0.03


Tree=202
num_leaves=7
num_cat=0
split_feature=19 58 68 39 31 2
split_gain=1.21053 1.046 0.597618 0.503211 0.166199 0.0932801
threshold=0.44250741600990301 1.0000000180025095e-35 102.1502151489258 0.20223893225193026 0.073563203215599074 1.4670542478561404
decision_type=2 2 10 2 2 2
left_child=1 3 4 5 -2 -1
right_child=2 -3 -4 -5 -6 -7
leaf_value=0.011914399563422919 0 0 0 0 -0.0073045413869299233 0
leaf_weight=8.2412349879741722 0.5409214273095112 5.0659224819391957 4.1784370988607407 1.4143572077155102 4.7641360685229301 1.2941484116017807
leaf_count=57 5 52 42 9 60 12
internal_value=0.00185386 0.00653537 -0.00226918 0.00989824 -0.00645735 0.0113248
internal_weight=25.4992 16.0157 9.48349 10.9497 5.30506 9.53538
internal_count=237 130 107 78 65 69
is_linear=0
shrinkage=0.03


Tree=203
num_leaves=7
num_cat=0
split_feature=19 58 32 39 68 54
split_gain=0.856924 1.14738 0.690744 0.472619 0.347365 0.271777
threshold=0.44250741600990301 1.0000000180025095e-35 0.15498365461826327 0.20223893225193026 529.38558959960949 0.069159060716629042
decision_type=2 2 2 2 10 2
left_child=1 3 -2 4 -1 -4
right_child=2 -3 5 -5 -6 -7
leaf_value=0.011536339112576684 0 -0.00028105463954316299 0 0 0 -0.0083295012050471993
leaf_weight=6.9670975394547003 2.0645534843206388 5.0704260449856511 0.99232856184244145 1.5907885581254948 1.702123027294874 6.5584631152451038
leaf_count=51 14 51 6 11 12 85
internal_value=0 0.00439222 -0.00379545 0.00866201 0.0102082 -0.00717782
internal_weight=24.9458 15.3304 9.61535 10.26 8.66922 7.55079
internal_count=230 125 105 74 63 91
is_linear=0
shrinkage=0.03


Tree=204
num_leaves=7
num_cat=0
split_feature=51 24 17 36 5 32
split_gain=0.893982 1.54409 0.36014 0.309581 0.159811 0.0887982
threshold=-0.41610644757747645 0.1770737171173096 0.16936624795198443 0.79395568370819103 0.0013698629918508234 0.14763428270816806
decision_type=2 2 2 2 2 2
left_child=1 4 -3 5 -1 -2
right_child=3 2 -4 -5 -6 -7
leaf_value=0 0 0 -0.0098838845332158334 0 0.0038809176467215303 0.0078984763793877779
leaf_weight=2.7920382283628049 1.5351042076945294 0.945491973310708 9.1302199810743314 1.3078298941254614 4.6060088127851486 4.9379513636231422
leaf_count=21 10 9 119 9 35 35
internal_value=0 -0.00290096 -0.00877184 0.00567863 0.00209223 0.00719172
internal_weight=25.2546 17.4738 10.0757 7.78089 7.39805 6.47306
internal_count=238 184 128 54 56 45
is_linear=0
shrinkage=0.03


Tree=205
num_leaves=6
num_cat=0
split_feature=0 53 14 22 19
split_gain=0.782829 0.748339 0.509117 0.379611 0.275107
threshold=1.8333333134651186 -0.22608545422554013 14.235917091369631 0.030558655038475994 0.55176106095314037
decision_type=2 2 2 2 2
left_child=1 2 3 -1 -2
right_child=4 -3 -4 -5 -6
leaf_value=0 0.0070917519333528441 0.0013085350000164447 0 -0.0084462365848087476 0
leaf_weight=1.3745208680629826 5.151057641953229 1.784201219677924 1.6005064398050297 13.035589743405579 1.2454483509063718
leaf_count=8 45 11 12 151 10
internal_value=0 -0.00261558 -0.00569458 -0.00730244 0.00560109
internal_weight=24.1913 17.7948 16.0106 14.4101 6.39651
internal_count=237 182 171 159 55
is_linear=0
shrinkage=0.03


Tree=206
num_leaves=7
num_cat=0
split_feature=58 19 47 4 22 26
split_gain=1.11484 1.2678 0.326747 0.257215 0.171585 0.132063
threshold=1.0000000180025095e-35 0.47075448930263525 0.090125467628240599 0.0079052620567381399 0.88569590449333202 0.016218227334320549
decision_type=2 2 2 10 2 2
left_child=1 5 -2 4 -4 -1
right_child=2 -3 3 -5 -6 -7
leaf_value=0 0 0 -0.0070662590574303193 0 0 0.01129405015824596
leaf_weight=1.1970422044396425 0.90253866463899513 4.3337620943784705 4.7177699413150531 3.0943344831466675 0.60826879180967797 8.4425715506076795
leaf_count=7 6 38 66 29 9 64
internal_value=0.0020805 0.00675091 -0.00168551 -0.00435255 -0.0061542 0.0106644
internal_weight=23.2963 13.9734 9.32291 8.42037 5.32604 9.63961
internal_count=219 109 110 104 75 71
is_linear=0
shrinkage=0.03


Tree=207
num_leaves=7
num_cat=0
split_feature=32 47 58 55 25 68
split_gain=0.657868 1.06014 0.405087 0.507953 0.355314 0.249084
threshold=0.19966991245746615 0.13558906316757205 0.018600000068545345 0.14431183785200122 0.8993315100669862 102.1502151489258
decision_type=2 2 2 2 2 10
left_child=2 5 3 -1 -3 -2
right_child=1 4 -4 -5 -6 -7
leaf_value=0.0088717530846522379 0 -0.0085615204790343014 0 0 0 0.0046896440464096146
leaf_weight=6.9362036772072333 3.0247479341924182 7.7142693754285556 1.7832614444196213 1.501184210181236 0.61244535073637951 2.7514255754649639
leaf_count=47 20 111 15 9 10 19
internal_value=0 -0.00183096 0.00502842 0.00689234 -0.00730761 0.00188848
internal_weight=24.3235 14.1029 10.2206 8.43739 8.32671 5.77617
internal_count=231 160 71 56 121 39
is_linear=0
shrinkage=0.03


Tree=208
num_leaves=7
num_cat=0
split_feature=51 68 26 35 0 48
split_gain=0.634677 0.573355 0.572127 0.772408 0.338934 0.176632
threshold=-0.51844158768653859 292.94918823242193 0.81814831495285045 0.1045847423374653 3.1666666269302373 -0.18684633076190946
decision_type=2 8 2 2 2 2
left_child=1 5 3 -2 -3 -1
right_child=2 4 -4 -5 -6 -7
leaf_value=0.0035489430773127753 0 -0.0075091682330912712 0 0.0094126919542823085 0 0
leaf_weight=2.6233057528734207 1.5315360352396954 5.6910257283598193 1.9233954865485419 9.427564522251485 0.69159590452909459 2.339147675782443
leaf_count=17 10 93 21 70 5 18
internal_value=0.000329174 -0.00172807 0.00472644 0.00699692 -0.00594873 3.80962e-05
internal_weight=24.2276 11.3451 12.8825 10.9591 6.38262 4.96245
internal_count=234 133 101 80 98 35
is_linear=0
shrinkage=0.03


Tree=209
num_leaves=7
num_cat=0
split_feature=0 58 53 44 50 17
split_gain=1.16679 0.915244 0.860521 0.778014 0.458475 0.349874
threshold=0.83333334326744091 0.009599999990314247 -0.22608545422554013 0.65886381268501293 0.24566179513931277 0.80976635217666637
decision_type=2 2 2 2 2 2
left_child=2 5 3 4 -1 -2
right_child=1 -3 -4 -5 -6 -7
leaf_value=-0.010335388303431257 0.010687737006075936 0 0.00070027898096187795 0 0 0
leaf_weight=10.72714306414127 6.2505168728530389 2.0948470775038004 1.6057882420718694 1.067703217267989 0.85142647475004274 1.1546834222972391
leaf_count=118 51 34 10 7 8 8
internal_value=0 0.00606652 -0.00370251 -0.00697336 -0.00913692 0.00941054
internal_weight=23.7521 9.50005 14.2521 12.6463 11.5786 7.4052
internal_count=236 93 143 133 126 59
is_linear=0
shrinkage=0.03


Tree=210
num_leaves=7
num_cat=0
split_feature=47 1 42 50 58 37
split_gain=0.688457 1.01492 0.766775 0.291129 0.246829 0.102562
threshold=0.096516769379377379 0.83333334326744091 0.23753813654184344 0.15375538915395739 0.009599999990314247 0.21490786224603656
decision_type=2 2 2 2 2 2
left_child=3 2 -2 -1 -3 -4
right_child=1 4 5 -5 -6 -7
leaf_value=0.0068761697125936227 0 0.0042318464513781502 0 0 0 -0.010223507109430362
leaf_weight=4.0967474468052414 3.1507708225399282 3.7102310843765727 0.5923372320830812 3.0559646710753441 1.5682289004325864 8.0592838823795301
leaf_count=26 35 29 9 22 27 84
internal_value=0 -0.00281837 -0.00711966 0.00485617 0.00123715 -0.0098108
internal_weight=24.2336 17.0809 11.8024 7.15271 5.27846 8.65162
internal_count=232 184 128 48 56 93
is_linear=0
shrinkage=0.03


Tree=211
num_leaves=7
num_cat=0
split_feature=54 30 5 58 61 59
split_gain=0.706439 0.908523 0.151168 0.376917 0.143839 0.113947
threshold=0.069159060716629042 0.30031621456146246 0.058447489514946944 0.018600000068545345 1.0000000180025095e-35 0.84119999408721935
decision_type=2 2 2 2 2 2
left_child=-1 2 4 -4 -2 -3
right_child=1 5 3 -5 -6 -7
leaf_value=0.0050923074737980883 -0.0031811885121866444 -0.008116611089560747 0.0055315509854650972 0 0 0
leaf_weight=3.7710999101400402 2.7920333892107028 8.1985762752592528 5.5329144038259983 1.4680973328649995 2.3720251619815826 0.7457088269293316
leaf_count=22 24 111 42 17 12 9
internal_value=0 -0.00299305 0 0.00282888 0 -0.00760742
internal_weight=24.8805 21.1094 12.1651 7.00101 5.16406 8.94429
internal_count=237 215 95 59 36 120
is_linear=0
shrinkage=0.03


Tree=212
num_leaves=7
num_cat=0
split_feature=60 28 53 0 48 53
split_gain=0.685794 0.850089 0.602896 0.593168 0.428588 0.233754
threshold=0.0030000000260770325 0.82930251955986034 -0.49601510167121882 1.5000000000000002 0.13498388230800631 -0.24242531508207318
decision_type=2 2 2 2 2 2
left_child=1 2 -1 5 -4 -2
right_child=3 -3 4 -5 -6 -7
leaf_value=0 -0.0074254824158672978 -0.00013333171511450728 0.010648874301326348 0 0 0
leaf_weight=3.4074085578322402 5.9213664643466473 1.8106581382453431 9.1971226800233143 1.7439046166837213 1.5373725928366173 0.89684259891509821
leaf_count=36 68 26 75 16 12 7
internal_value=6.48333e-05 0.00431725 0.00719158 -0.0026832 0.00929448 -0.00629989
internal_weight=24.5147 15.9526 14.1419 8.56211 10.7345 6.81821
internal_count=240 149 123 91 87 75
is_linear=0
shrinkage=0.03


Tree=213
num_leaves=7
num_cat=0
split_feature=54 1 54 14 36 30
split_gain=0.788831 1.03891 0.790212 0.50823 0.446875 0.0398017
threshold=0.069159060716629042 0.83333334326744091 0.72662216424942028 12.59736490249634 0.74779146909713756 0.13510000705718997
decision_type=2 2 2 2 2 2
left_child=-1 2 4 -3 -2 -5
right_child=1 3 -4 5 -6 -7
leaf_value=0.0065772621675171776 -0.010528415411074502 0.0059325693082861218 0 0 0 -0.001718715576456913
leaf_weight=4.0348638109862831 8.8161503728479165 4.8564706072211257 2.4490440245717755 0.80450261384248767 2.094250561669468 2.1265258900821209
leaf_count=24 90 43 22 5 27 31
internal_value=0 -0.00181667 -0.00645177 0.00191854 -0.00897284 0
internal_weight=25.1818 21.1469 13.3594 7.7875 10.9104 2.93103
internal_count=242 218 139 79 117 36
is_linear=0
shrinkage=0.03


Tree=214
num_leaves=7
num_cat=0
split_feature=0 56 51 55 19 17
split_gain=0.773906 0.645946 0.583479 0.89869 0.25166 0.105653
threshold=0.83333334326744091 -0.52962470054626454 -0.3978706151247024 -0.15479367971420285 0.69315171241760265 0.026326828636229042
decision_type=2 2 2 2 2 2
left_child=2 -2 3 -1 -3 -5
right_child=1 4 -4 5 -6 -7
leaf_value=0 0 0.0083791138222139259 0 0 0 -0.010508815095001286
leaf_weight=3.2443312164396039 3.059486947953701 5.4398054145276529 4.049230448901656 0.8493017703294744 1.5723348930478094 6.7462794929742813
leaf_count=29 39 50 25 5 10 85
internal_value=0 0.00370939 -0.00410955 -0.00673559 0.00709978 -0.00998502
internal_weight=24.9608 10.0716 14.8891 10.8399 7.01214 7.59558
internal_count=243 99 144 119 60 90
is_linear=0
shrinkage=0.03


Tree=215
num_leaves=7
num_cat=0
split_feature=68 60 54 0 4 7
split_gain=0.924381 1.07495 0.741261 0.68125 0.536476 0.380357
threshold=385.15440368652349 0.34340000152587896 0.069159060716629042 3.1666666269302373 0.0050959466025233277 357.50000000000006
decision_type=8 2 2 2 8 2
left_child=1 5 -2 4 -4 -1
right_child=2 -3 3 -5 -6 -7
leaf_value=0.010729471581225109 0.00099518982025008449 0 0 0 -0.009979237300773016 0
leaf_weight=7.3176621273159999 2.4465027004480353 1.5513730160891999 0.93606091290712079 1.8011353723704804 9.0675519295036793 1.3122978731989858
leaf_count=57 12 14 10 13 126 11
internal_value=0 0.00582114 -0.00247108 -0.0060681 -0.00841356 0.00941475
internal_weight=24.4326 10.1813 14.2513 11.8047 10.0036 8.62996
internal_count=243 82 161 149 136 68
is_linear=0
shrinkage=0.03


Tree=216
num_leaves=7
num_cat=0
split_feature=68 54 60 0 4 7
split_gain=0.691364 0.919807 0.797683 0.785659 0.652745 0.538027
threshold=385.15440368652349 0.069159060716629042 0.34340000152587896 3.1666666269302373 0.0050959466025233277 388.00000000000006
decision_type=8 2 2 2 8 2
left_child=2 -2 5 4 -3 -1
right_child=1 3 -4 -5 -6 -7
leaf_value=0.0093701327407159068 0.0010638536468203445 0 0 0 -0.01111696123762009 0
leaf_weight=7.9145011231303233 2.8886210322380057 0.99105443060397824 1.5040738880634297 1.8011353723704804 9.090124923735857 1.2766802087426183
leaf_count=62 15 12 12 13 124 11
internal_value=0 -0.00318629 0.00423254 -0.00697545 -0.00939323 0.00753173
internal_weight=25.4662 14.7709 10.6953 11.8823 10.0812 9.19118
internal_count=249 164 85 149 136 73
is_linear=0
shrinkage=0.03


Tree=217
num_leaves=7
num_cat=0
split_feature=0 2 54 57 31 68
split_gain=0.898484 0.689298 0.479315 0.531384 0.271898 0.0341651
threshold=0.83333334326744091 1.313725531101227 0.069159060716629042 0.32060000300407415 0.75880935788154613 313.60475158691412
decision_type=2 2 2 2 2 8
left_child=2 -2 -1 4 -4 -5
right_child=1 -3 3 5 -6 -7
leaf_value=0.001297313173122471 0.0094004484791924865 0 -0.0082243088368348198 0.0016175595995935384 0 0
leaf_weight=2.1378632336854961 6.6598300691694003 3.0115051809698343 7.072432164102791 1.7518106028437608 1.4155921805649994 2.1717901844531298
leaf_count=10 60 35 76 10 17 29
internal_value=0.00136816 0.00658053 -0.00092174 -0.00438946 -0.007016 0
internal_weight=24.2208 9.67134 14.5495 12.4116 8.48802 3.9236
internal_count=237 95 142 132 93 39
is_linear=0
shrinkage=0.03


Tree=218
num_leaves=7
num_cat=0
split_feature=52 30 11 19 58 57
split_gain=0.492473 1.18181 0.391238 0.455267 0.31506 0.236019
threshold=-0.38562110066413874 0.15509434044361117 13.500000000000002 0.92837941646575939 0.003199999919161201 0.0028000000165775423
decision_type=2 2 2 2 2 2
left_child=1 4 3 -3 -1 -2
right_child=5 2 -4 -5 -6 -7
leaf_value=0.0052702554431948833 0.0063132554830530267 -0.009961462107592212 0 0 0 0
leaf_weight=4.92338549345732 5.6087238453328601 7.4144980143755639 0.77658820152282793 0.90960065089166153 1.6124362312257288 1.652364559471607
leaf_count=35 40 111 7 8 16 14
internal_value=0 -0.00114351 -0.00711228 -0.00848199 0.00281412 0.00487192
internal_weight=22.8976 15.6365 9.10069 8.3241 6.53582 7.26109
internal_count=231 177 126 119 51 54
is_linear=0
shrinkage=0.03


Tree=219
num_leaves=7
num_cat=0
split_feature=51 28 59 68 0 34
split_gain=1.19769 0.817114 0.904665 0.77513 0.570902 0.160556
threshold=-0.51844158768653859 0.81790655851364147 0.19579999893903735 292.94918823242193 3.1666666269302373 0.81861272454261791
decision_type=2 2 2 8 2 2
left_child=3 2 5 -1 -5 -2
right_child=1 -3 -4 4 -6 -7
leaf_value=0 0.011801663968824212 0 0 -0.0094103230879753873 0 0
leaf_weight=4.6360857300460347 8.2029422558844072 1.2972052954137314 1.5967303737997998 6.3631129469722518 0.86183494329452504 1.3830348029732693
leaf_count=34 61 16 15 102 6 8
internal_value=0.000158515 0.00611716 0.00862719 -0.00329672 -0.00736844 0.0110484
internal_weight=24.3409 12.4799 11.1827 11.861 7.22495 9.58598
internal_count=242 100 84 142 108 69
is_linear=0
shrinkage=0.03


Tree=220
num_leaves=7
num_cat=0
split_feature=51 35 28 61 5 18
split_gain=1.04583 0.581322 0.679988 0.449169 0.322645 0.237459
threshold=-0.51844158768653859 0.1045847423374653 0.81790655851364147 0.0014000000082887711 0.73926940560340892 0.30347275733947759
decision_type=2 2 2 2 2 2
left_child=3 -2 5 4 -1 -3
right_child=1 2 -4 -5 -6 -7
leaf_value=-0.0076369814259843825 0 0 0 0 0 0.011146927769842581
leaf_weight=5.9471032638102788 1.5020209550857533 3.6956047639250738 1.649525512009858 3.8915253058075905 0.62850964441895474 6.5361065343022346
leaf_count=94 9 26 17 29 6 51
internal_value=0 0.00549394 0.00749438 -0.00339178 -0.00621236 0.00953908
internal_weight=23.8504 13.3833 11.8812 10.4671 6.57561 10.2317
internal_count=232 103 94 129 100 77
is_linear=0
shrinkage=0.03


Tree=221
num_leaves=7
num_cat=0
split_feature=37 15 58 68 17 40
split_gain=0.694673 0.469418 0.53423 0.266437 0.419463 0.472125
threshold=0.667617827653885 6.9448447227478036 0.005799999926239253 247.4860534667969 0.021675205789506439 0.30088743567466741
decision_type=2 2 2 10 2 2
left_child=3 2 -2 4 -1 -6
right_child=1 -3 -4 -5 5 -7
leaf_value=0 0.0098821719430715951 0 0 0 -0.0082868268952061199 0
leaf_weight=1.1812891215085999 6.172435410320757 1.1444708779454229 1.7551795542240141 5.5992984715849161 5.2532547228038311 1.1352537199854849
leaf_count=7 53 10 25 53 65 7
internal_value=0.00131921 0.00595385 0.00782796 -0.000475617 -0.00373448 -0.00616336
internal_weight=22.2412 9.07209 7.92761 13.1691 7.5698 6.38851
internal_count=220 88 78 132 79 72
is_linear=0
shrinkage=0.03


Tree=222
num_leaves=7
num_cat=0
split_feature=58 19 36 62 68 50
split_gain=0.47282 0.572387 0.62177 0.519967 0.395353 0.245337
threshold=1.0000000180025095e-35 0.44250741600990301 0.055899698287248618 0.89659997820854198 667.86233520507824 0.25274411588907247
decision_type=2 2 2 2 10 2
left_child=1 2 -1 5 -4 -2
right_child=3 -3 4 -5 -6 -7
leaf_value=0 -0.0070554453542853324 0 0.0096240351414229562 0 0 0
leaf_weight=1.2016068324446703 7.0713300798088294 5.0599696896970263 8.3009566962718946 1.0304918959736813 1.3527789711952198 1.2383527122437952
leaf_count=7 99 49 64 7 12 13
internal_value=0 0.00319481 0.00611427 -0.00288547 0.00825485 -0.00586116
internal_weight=25.2555 15.9153 10.8553 9.34017 9.65374 8.30968
internal_count=251 132 83 119 76 112
is_linear=0
shrinkage=0.03


Tree=223
num_leaves=6
num_cat=0
split_feature=0 55 14 31 42
split_gain=0.825037 0.642309 0.600655 0.632616 0.125046
threshold=3.5000000000000004 -0.13564373552799222 1.3474708795547488 0.75880935788154613 0.30400080978870397
decision_type=2 2 2 2 2
left_child=1 4 -3 -4 -1
right_child=-2 2 3 -5 -6
leaf_value=0.0029351544832565695 0.0046999839000394835 0 -0.009800886999463387 0 0
leaf_weight=3.0632536765188041 3.5640234872698775 1.0861010923981655 12.183919753879307 2.2011180687695733 1.5063169933855531
leaf_count=24 39 7 131 24 19
internal_value=0 -0.00383973 -0.00633119 -0.00800239 0
internal_weight=23.6047 20.0407 15.4711 14.385 4.56957
internal_count=244 205 162 155 43
is_linear=0
shrinkage=0.03


Tree=224
num_leaves=7
num_cat=0
split_feature=68 60 26 4 41 11
split_gain=0.405565 1.20255 0.88184 0.364107 0.231351 0.0198668
threshold=36.717102050781257 0.34340000152587896 0.16030008345842364 0.0088907959870994108 0.49817629158496862 3.8500000238418584
decision_type=10 2 2 8 2 2
left_child=2 3 5 -2 -4 -1
right_child=1 -3 4 -5 -6 -7
leaf_value=0 0 -0.0022025743298716123 -0.0086524803154731083 0.0092884265995407961 0 0.0013322277606507415
leaf_weight=2.260720159858467 1.414797229692337 2.5368972644209853 5.5396488942205906 7.9585974253714094 0.83124802261590947 1.929741747677326
leaf_count=15 15 27 79 68 5 13
internal_value=0 0.00302282 -0.00283112 0.00794101 -0.00763842 0.000481735
internal_weight=22.4717 11.9103 10.5614 9.37339 6.3709 4.19046
internal_count=222 110 112 83 84 28
is_linear=0
shrinkage=0.03


Tree=225
num_leaves=7
num_cat=0
split_feature=58 19 39 28 62 47
split_gain=0.725948 0.827495 0.650997 0.568524 0.235833 0.177623
threshold=1.0000000180025095e-35 0.44250741600990301 0.18763877451419833 0.01563517423346639 0.85479998588562023 0.8404977321624757
decision_type=2 2 2 2 2 2
left_child=1 2 3 -1 5 -2
right_child=4 -3 -4 -5 -6 -7
leaf_value=0 -0.0051998844083069326 0 0 0.011583432642652927 0 0
leaf_weight=1.2530434057116533 6.9766395185142738 4.9858134835958472 1.4340689033269871 8.0534584075212461 0.91327858716249455 0.96186888962984074
leaf_count=8 97 47 11 64 7 8
internal_value=0.000626882 0.00474825 0.00799208 0.00994811 -0.00214722 -0.00408379
internal_weight=24.5782 15.7264 10.7406 9.3065 8.85179 7.93851
internal_count=242 130 83 72 112 105
is_linear=0
shrinkage=0.03


Tree=226
num_leaves=7
num_cat=0
split_feature=32 51 5 25 56 51
split_gain=0.497904 0.69676 0.350771 0.244573 0.230565 0.186422
threshold=0.27426053583621984 -0.4306392222642898 0.044748857617378242 0.89278802275657665 -0.54589617252349842 -0.36019630730152125
decision_type=2 2 2 2 2 2
left_child=2 3 -1 -2 -4 -3
right_child=1 5 4 -5 -6 -7
leaf_value=0 -0.007596396557126104 0.0036548468720211508 0 0 0.0075367339611251321 0
leaf_weight=5.9050458371639269 6.2808634322136641 2.7071567699313164 1.3441818021237848 0.66010139137506474 5.4406248517334461 1.880606010556219
leaf_count=42 100 19 13 12 45 14
internal_value=0 -0.00209236 0.00394912 -0.00651642 0.0063159 0.00036664
internal_weight=24.2186 11.5287 12.6899 6.94096 6.78481 4.58776
internal_count=245 145 100 112 58 33
is_linear=0
shrinkage=0.03


Tree=227
num_leaves=7
num_cat=0
split_feature=68 47 4 0 4 60
split_gain=0.466299 0.646548 0.768643 0.546416 0.490761 0.300894
threshold=529.38558959960949 0.073408186435699477 0.0050959466025233277 3.5000000000000004 0.011484991759061815 0.31399999558925634
decision_type=8 2 8 2 8 2
left_child=4 -2 -3 -4 -1 -6
right_child=1 2 3 -5 5 -7
leaf_value=0 0 0 -0.010615384335787049 0 0.0070561889247222221 0
leaf_weight=1.5590384900569922 2.0067162811756125 1.161076281219718 8.0270445086061937 1.1646379604935653 7.3972049802541733 1.8161168508231638
leaf_count=11 10 12 115 7 62 18
internal_value=0 -0.00344885 -0.00645428 -0.00895677 0.00272028 0.00556676
internal_weight=23.1318 12.3595 10.3528 9.19168 10.7724 9.21332
internal_count=235 144 134 122 91 80
is_linear=0
shrinkage=0.03


Tree=228
num_leaves=7
num_cat=0
split_feature=35 58 49 14 34 47
split_gain=0.547956 0.836308 0.936454 0.464645 0.417191 0.324939
threshold=0.36522072553634649 0.005799999926239253 0.14026109874248507 1.3474708795547488 0.80959230661392223 0.090125467628240599
decision_type=2 2 2 2 2 2
left_child=3 2 4 -1 -2 -5
right_child=1 -3 -4 5 -6 -7
leaf_value=0 0.011641185533814099 -0.00076462051938491066 0 0 0 -0.0078451730273520065
leaf_weight=1.4810105934739137 5.8259901963174325 3.8474583085626355 2.3687725216150284 1.5670885145664195 1.9635831974446771 6.6045204233378172
leaf_count=9 46 62 21 9 18 70
internal_value=0 0.00275218 0.00677915 -0.00398015 0.0099726 -0.00633605
internal_weight=23.6584 14.0058 10.1583 9.65262 7.78957 8.17161
internal_count=235 147 85 88 64 79
is_linear=0
shrinkage=0.03


Tree=229
num_leaves=7
num_cat=0
split_feature=51 50 17 19 1 24
split_gain=0.935741 0.864932 0.534545 0.309315 0.0512472 0.0323366
threshold=-0.51844158768653859 0.15126202255487445 0.18323499709367755 0.058061653748154647 1.8333333134651186 0.61858308315277111
decision_type=2 2 2 2 2 2
left_child=2 3 -1 -2 -4 -5
right_child=1 -3 4 5 -6 -7
leaf_value=0 0 0 -0.0065555624899729988 0.010769004881434412 0 0
leaf_weight=4.3282335568219441 1.371912308037279 4.4766232538968316 6.1320143174380064 5.1977905854582787 0.77539410442113865 1.4716769270598886
leaf_count=36 10 43 93 36 6 15
internal_value=0.000119894 0.00548146 -0.00279646 0.00898049 -0.0061868 0.0101974
internal_weight=23.7536 12.518 11.2356 8.04138 6.90741 6.66947
internal_count=239 104 135 61 99 51
is_linear=0
shrinkage=0.03


Tree=230
num_leaves=7
num_cat=0
split_feature=54 32 56 38 55 53
split_gain=0.605388 0.525399 0.284768 0.238465 0.171694 0.205189
threshold=0.069159060716629042 0.19966991245746615 -0.37773197889327997 0.11142597720026971 0.12808823585510257 -0.49601510167121882
decision_type=2 2 2 2 2 2
left_child=-1 4 3 -3 5 -2
right_child=1 2 -4 -5 -6 -7
leaf_value=0.0059687373271054989 0 0 0 -0.0075469872192051469 0 0.0047780038594385987
leaf_weight=4.1618723124265697 1.6268722489476202 0.80363209545612502 3.2623857688158706 7.197644991800189 2.0155128762125969 5.0577210485935229
leaf_count=25 14 7 28 110 14 38
internal_value=0 -0.00116002 -0.00489076 -0.00651858 0.000493952 0.00308788
internal_weight=24.1256 19.9638 11.2637 8.00128 8.70011 6.68459
internal_count=236 211 145 117 66 52
is_linear=0
shrinkage=0.03


Tree=231
num_leaves=7
num_cat=0
split_feature=47 1 53 57 22 23
split_gain=0.584457 0.412218 0.599266 0.619493 0.21906 0.00779616
threshold=0.090125467628240599 0.83333334326744091 -0.22608545422554013 0.31100000441074377 0.32294894754886633 0.80019095540046703
decision_type=2 2 2 2 2 2
left_child=5 2 3 -2 -3 -1
right_child=1 4 -4 -5 -6 -7
leaf_value=0.0058817336277978026 -0.0093400300634566263 0.0039323062293088237 0 0 0 0
leaf_weight=4.6229302398860481 7.0976678747683781 2.9764777366071931 1.3141469359397877 4.5693594645708799 2.5996417310088873 1.0211302638053892
leaf_count=26 84 27 8 50 36 11
internal_value=1.44084e-05 -0.000975185 -0.00414401 -0.00656556 0.000474162 0.00564696
internal_weight=24.2014 18.5573 12.9812 11.667 5.57612 5.64406
internal_count=242 205 142 134 63 37
is_linear=0
shrinkage=0.03


Tree=232
num_leaves=7
num_cat=0
split_feature=50 51 54 0 51 59
split_gain=0.553676 1.15538 0.27938 0.565502 0.259117 0.136578
threshold=0.14968683570623401 -0.51844158768653859 0.40742243826389318 4.8333332538604745 -0.38627026975154871 0.19579999893903735
decision_type=2 2 2 2 2 2
left_child=1 -1 3 4 -2 -3
right_child=2 5 -4 -5 -6 -7
leaf_value=0 -0.008182706952512827 0.010130322938357353 0 0 0 0
leaf_weight=5.9390917923301458 5.1531906947493553 6.2173253353685158 2.3616711813956499 1.2657241411507127 0.91896898299455454 1.4158756509423254
leaf_count=71 62 44 24 14 7 15
internal_value=0.000853146 0.00461257 -0.00103266 -0.00396411 -0.00697269 0.00934945
internal_weight=23.2718 13.5723 9.69956 7.33788 6.07216 7.6332
internal_count=237 130 107 83 69 59
is_linear=0
shrinkage=0.03


Tree=233
num_leaves=7
num_cat=0
split_feature=0 58 54 54 17 27
split_gain=0.561112 0.695194 0.647939 0.847407 0.474526 0.105479
threshold=0.83333334326744091 0.009599999990314247 0.069159060716629042 0.66878628730773937 0.78189149498939525 0.81575027108192455
decision_type=2 2 2 2 2 2
left_child=2 4 -1 5 -2 -4
right_child=1 -3 3 -5 -6 -7
leaf_value=0 0.009031852136052846 0 -0.010044885790067327 0 0 0
leaf_weight=2.2546313405036953 5.967114891856907 2.2782453428953886 6.8086185678839666 4.0353496894240379 1.2041983157396314 0.87966761924326409
leaf_count=11 51 39 74 36 10 15
internal_value=0 0.00358349 -0.00326262 -0.00621235 0.00714019 -0.00951393
internal_weight=23.4278 9.44956 13.9783 11.7236 7.17131 7.68829
internal_count=236 100 136 125 61 89
is_linear=0
shrinkage=0.03


Tree=234
num_leaves=7
num_cat=0
split_feature=51 19 34 61 54 0
split_gain=0.559906 0.470325 0.499189 0.471665 0.358075 0.385094
threshold=-0.51844158768653859 0.81449943780899059 0.79708495736122142 0.01060000015422702 0.70216986536979686 4.1666667461395273
decision_type=2 2 2 2 2 2
left_child=4 2 3 -2 5 -1
right_child=1 -3 -4 -5 -6 -7
leaf_value=-0.0065989124805419432 0.0097526490901984047 0 0 0 0 0
leaf_weight=6.5348167214542645 8.4224910698831064 1.5475021973252285 1.5378912724554528 1.4664213210344303 4.1285760831087828 0.7716800458729266
leaf_count=90 63 12 16 13 40 7
internal_value=0.000265736 0.00445112 0.00640302 0.00817055 -0.00154502 -0.00464518
internal_weight=24.4094 12.9743 11.4268 9.88891 11.4351 7.3065
internal_count=241 104 92 76 137 97
is_linear=0
shrinkage=0.03


Tree=235
num_leaves=7
num_cat=0
split_feature=32 51 58 5 38 24
split_gain=0.235344 0.526095 0.214947 0.236264 0.162273 0.189233
threshold=0.19966991245746615 -0.4306392222642898 0.018600000068545345 0.044748857617378242 0.11142597720026971 0.92814490199089061
decision_type=2 2 2 2 2 2
left_child=2 4 3 -1 -2 -6
right_child=1 -3 -4 -5 5 -7
leaf_value=0 0 0 0 0.0058937763720003783 -0.0073656162147188878 0
leaf_weight=2.8368726968765277 0.91098684072494496 4.8076762836426479 1.7829689793288697 5.1972192823886871 6.2175672184675932 0.59044545888900746
leaf_count=18 11 34 16 39 99 9
internal_value=0 -0.00199882 0.00247926 0.00418108 -0.00563925 -0.00649722
internal_weight=22.3437 12.5267 9.81706 8.03409 7.719 6.80801
internal_count=226 153 73 57 119 108
is_linear=0
shrinkage=0.03


Tree=236
num_leaves=6
num_cat=0
split_feature=47 32 50 58 68
split_gain=0.401013 0.926719 0.405391 0.403275 0.270394
threshold=0.16693903505802157 0.15498365461826327 0.15126202255487445 0.018600000068545345 125.49837112426759
decision_type=2 2 2 2 8
left_child=2 3 -1 -2 -3
right_child=1 4 -4 -5 -6
leaf_value=0.0064839169312142005 0.0050569763748382892 0 0 0 -0.0085011074548699203
leaf_weight=5.1224912852048892 4.9536291882395727 1.1516618207097051 3.6649540197104216 1.6751390807330606 5.8842566590756178
leaf_count=32 34 11 30 17 105
internal_value=0 -0.00195013 0.00379737 0.00108183 -0.00728687
internal_weight=22.4521 13.6647 8.78745 6.62877 7.03592
internal_count=229 167 62 51 116
is_linear=0
shrinkage=0.03


Tree=237
num_leaves=7
num_cat=0
split_feature=1 54 42 19 14 48
split_gain=0.45708 0.647275 0.898534 0.357429 0.127596 0.0462894
threshold=0.83333334326744091 0.069159060716629042 0.23753813654184344 0.41361200809478765 13.99885940551758 -0.18684633076190946
decision_type=2 2 2 2 2 2
left_child=1 -1 5 -2 -4 -3
right_child=3 2 4 -5 -6 -7
leaf_value=0.00042717294499011418 0.0061861284187583604 0.0018507477542755923 -0.0094198709944111145 0 0 0
leaf_weight=2.1002350449562099 4.3674615398049346 2.1626777052879338 9.012979114428159 3.4621613472700119 0.94934807531535703 1.1798427179455746
leaf_count=10 47 15 94 34 10 23
internal_value=0 -0.00268566 -0.00572406 0.00357701 -0.00887476 0
internal_weight=23.2347 15.4051 13.3048 7.82962 9.96233 3.34252
internal_count=233 152 142 81 104 38
is_linear=0
shrinkage=0.03


Tree=238
num_leaves=7
num_cat=0
split_feature=58 17 44 47 47 33
split_gain=0.658294 0.67743 0.385975 0.34088 0.243838 0.156073
threshold=1.0000000180025095e-35 0.51415646076202404 0.351733148097992 0.13558906316757205 0.8404977321624757 0.23355001211166385
decision_type=2 2 2 2 2 2
left_child=1 2 -1 -2 5 -5
right_child=3 -3 -4 4 -6 -7
leaf_value=0.0090305715926836429 0 0 0 0 0 -0.0078177162457685606
leaf_weight=5.6921725533902663 0.84620370715856363 5.4711343776434651 3.8282459452748299 0.95329315215349186 0.98205508291721333 5.3235573135316372
leaf_count=43 7 51 29 12 9 79
internal_value=0 0.00359311 0.00691102 -0.00386039 -0.00578006 -0.00699339
internal_weight=23.0967 14.9916 9.52042 8.10511 7.25891 6.27685
internal_count=230 123 72 107 100 91
is_linear=0
shrinkage=0.03


Tree=239
num_leaves=7
num_cat=0
split_feature=68 48 61 11 4 55
split_gain=0.743731 0.591224 0.911152 0.429045 0.306106 0.155904
threshold=697.16046142578136 -0.3183924257755279 0.01060000015422702 5.6070852279663095 0.0050959466025233277 0.16589002311229709
decision_type=8 2 2 2 8 2
left_child=1 -1 -3 4 -2 -6
right_child=3 2 -4 -5 5 -7
leaf_value=0 0 0.010354667998358661 0 0 -0.0076016380408152852 0
leaf_weight=1.8691408038139332 1.063989743590352 7.1956353038549441 3.8386007659137249 1.5978167131543148 6.9550270773470411 0.68040636554360379
leaf_count=16 11 57 33 15 90 12
internal_value=0 0.00463276 0.00697614 -0.00295966 -0.00549162 -0.00689921
internal_weight=23.2006 12.9034 11.0342 10.2972 8.69942 7.63543
internal_count=234 106 90 128 113 102
is_linear=0
shrinkage=0.03


Tree=240
num_leaves=7
num_cat=0
split_feature=33 53 43 34 60 53
split_gain=0.853038 0.503907 0.427388 0.404882 0.372536 0.290473
threshold=0.63803189992904674 -0.22608545422554013 0.65708169341087352 0.76888278126716625 0.21280000358819964 -0.48418669402599329
decision_type=2 2 2 2 2 2
left_child=1 2 -1 4 5 -2
right_child=3 -3 -4 -5 -6 -7
leaf_value=-0.0079219356852879806 0 0 0 0 0 0.009134732115826924
leaf_weight=9.8670777007937414 1.6036752499639977 1.0580306202173257 1.8184592723846424 1.3110164534300555 1.3050634413957594 5.8215394653379908
leaf_count=123 20 7 11 19 12 52
internal_value=0 -0.00423875 -0.00630531 0.00423297 0.00621506 0.00779494
internal_weight=22.7849 12.7436 11.6855 10.0413 8.73028 7.42521
internal_count=244 141 134 103 84 72
is_linear=0
shrinkage=0.03


Tree=241
num_leaves=7
num_cat=0
split_feature=58 17 34 36 47 34
split_gain=0.606229 0.732721 0.816031 0.571417 0.349247 0.219438
threshold=1.0000000180025095e-35 0.8604593575000764 0.79708495736122142 0.055899698287248618 0.13558906316757205 0.18011350929737094
decision_type=2 2 2 2 2 2
left_child=1 2 3 -1 -2 -6
right_child=4 -3 -4 -5 5 -7
leaf_value=0 0 0 0 0.010868029291095187 0 -0.0062615926124376898
leaf_weight=1.183109395205977 1.3632233664393405 1.4633911252021778 2.1123656574636689 9.8667713701724988 1.6476486362516878 5.7885442115366459
leaf_count=7 10 14 20 82 15 90
internal_value=0 0.00421928 0.00688461 0.00932975 -0.0023881 -0.0049169
internal_weight=23.4251 14.6256 13.1622 11.0499 8.79942 7.43619
internal_count=238 123 109 89 115 105
is_linear=0
shrinkage=0.03


Tree=242
num_leaves=7
num_cat=0
split_feature=37 47 17 11 58 49
split_gain=0.277129 0.736451 0.521325 0.31192 0.276071 0.225033
threshold=0.667617827653885 0.087287481874227538 0.021675205789506439 5.6070852279663095 0.005799999926239253 0.14997395873069766
decision_type=2 2 2 2 2 2
left_child=1 -1 -3 -4 5 -2
right_child=4 2 3 -5 -6 -7
leaf_value=0.00097329615640291635 0.0062781149722082215 0 -0.0091981390580671528 0 0 0
leaf_weight=3.0469542741775539 4.7837619185447684 1.7150655575096596 7.9429767895489913 0.76890642195940007 2.0448523256927729 1.1527819260954855
leaf_count=16 42 12 105 9 31 9
internal_value=0 -0.00223932 -0.0061323 -0.00813182 0.00270638 0.00488417
internal_weight=21.4553 13.4739 10.4269 8.71188 7.9814 5.93654
internal_count=224 142 126 114 82 51
is_linear=0
shrinkage=0.03


Tree=243
num_leaves=7
num_cat=0
split_feature=68 11 60 52 42 7
split_gain=0.605515 0.717955 0.533772 0.445328 0.329485 0.15572
threshold=385.15440368652349 5.6070852279663095 0.34340000152587896 -0.32115480303764338 0.18874773383140567 321.00000000000006
decision_type=8 2 2 2 2 2
left_child=2 3 5 4 -2 -1
right_child=1 -3 -4 -5 -6 -7
leaf_value=0.0068586496750073977 0 0 0 0 -0.0097439559010359372 0
leaf_weight=6.0468074567616004 0.78020154312252898 2.4968712702393523 1.9178990758955476 0.80734609812497993 8.4753721058368665 1.1594698205590246
leaf_count=47 11 24 17 6 112 11
internal_value=0 -0.00426645 0.00265016 -0.00725773 -0.00870044 0.00597712
internal_weight=21.684 12.5598 9.12418 10.0629 9.25557 7.20628
internal_count=228 153 75 129 123 58
is_linear=0
shrinkage=0.03


Tree=244
num_leaves=7
num_cat=0
split_feature=51 32 19 58 25 11
split_gain=0.619373 0.970003 0.222796 0.213593 0.145162 0.162539
threshold=-0.4306392222642898 0.17417489737272265 0.81449943780899059 0.018600000068545345 0.15188997983932498 7.5000000000000009
decision_type=2 2 2 2 2 2
left_child=1 3 -2 -1 -3 -6
right_child=2 4 -4 -5 5 -7
leaf_value=0.0036954253229492012 0.0062905576605340116 0 0 0 -0.0087729642564188075 0
leaf_weight=5.0538594461977508 5.2439254429191342 0.57411906868219187 1.5868981443345545 1.5084798671305177 6.7780708409845829 1.2087141498923299
leaf_count=38 38 11 13 15 106 10
internal_value=0 -0.00248172 0.00489147 0.000897595 -0.0073927 -0.00797872
internal_weight=21.9541 15.1232 6.83082 6.56234 8.5609 7.98678
internal_count=231 180 51 53 127 116
is_linear=0
shrinkage=0.03


Tree=245
num_leaves=7
num_cat=0
split_feature=47 1 55 53 51 58
split_gain=0.504461 0.759643 0.716566 0.342785 0.205672 0.203337
threshold=0.090125467628240599 0.83333334326744091 -0.15479367971420285 -0.24242531508207318 -0.4306392222642898 0.009599999990314247
decision_type=2 2 2 2 2 2
left_child=4 2 -2 -4 -1 -3
right_child=1 5 3 -5 -6 -7
leaf_value=0 0 0.003804388257071239 -0.0099986635613375386 0 0.0061944165261788777 0
leaf_weight=1.5624941773712633 3.9798269439488685 4.1952803395688525 7.0396856535226142 0.8824398964643424 4.3403749838471439 1.4197277147322891
leaf_count=10 38 34 94 9 29 25
internal_value=0 -0.0017971 -0.00585217 -0.00882253 0.00479177 0.00119905
internal_weight=23.4198 17.517 11.902 7.92213 5.90287 5.61501
internal_count=239 200 141 103 39 59
is_linear=0
shrinkage=0.03


Tree=246
num_leaves=7
num_cat=0
split_feature=47 68 5 0 48 16
split_gain=0.472501 0.640961 0.572911 0.179434 0.151306 0.128774
threshold=0.090125467628240599 376.21420288085943 0.68173515796661388 2.5000000000000004 0.13498388230800631 0.037191180512309081
decision_type=2 8 2 2 2 2
left_child=4 5 3 -3 -1 -2
right_child=1 2 -4 -5 -6 -7
leaf_value=0.0047895115747120512 0 -0.0094078543684892567 0 0 0 0.0028490312804716812
leaf_weight=4.383318409323695 3.836539566516878 6.7833566535264236 1.1402060333639381 0.66441724449396122 1.6726858168840406 4.2782370559871197
leaf_count=29 30 113 12 5 11 37
internal_value=0 -0.00294429 -0.00659451 -0.00871101 0.00347395 0
internal_weight=22.7588 16.7028 8.58798 7.44777 6.056 8.11478
internal_count=237 197 130 118 40 67
is_linear=0
shrinkage=0.03


Tree=247
num_leaves=7
num_cat=0
split_feature=68 60 11 47 36 32
split_gain=0.767963 0.725424 0.610272 0.37344 0.335969 0.274769
threshold=697.16046142578136 0.31399999558925634 5.6070852279663095 0.070282794535160079 0.068459115922451033 0.82274550199508678
decision_type=8 2 2 2 2 2
left_child=1 4 3 -2 -1 -5
right_child=2 -3 -4 5 -6 -7
leaf_value=0 0 0 0 -0.0094080779373038985 0.0082517815612651764 0
leaf_weight=1.1865186318755174 1.0809036940336207 2.7775791846215716 1.7390037439763535 7.2859541177749634 8.343433625996111 0.58008519187569607
leaf_count=8 5 25 15 98 71 14
internal_value=0 0.00362902 -0.00438294 -0.00706837 0.00696223 -0.00847329
internal_weight=22.9935 12.3075 10.6859 8.94694 9.52995 7.86604
internal_count=236 104 132 117 79 112
is_linear=0
shrinkage=0.03


Tree=248
num_leaves=7
num_cat=0
split_feature=58 7 19 36 1 14
split_gain=0.602327 0.372242 0.364669 0.482841 0.301859 0.191902
threshold=1.0000000180025095e-35 376.00000000000006 0.89738315343856823 0.81128785014152538 3.1666666269302373 1.4842136502265932
decision_type=2 2 2 2 2 2
left_child=1 2 3 -1 5 -2
right_child=4 -3 -4 -5 -6 -7
leaf_value=0.0079966766325044111 0 0 0 0 0 -0.0067423975289915465
leaf_weight=10.585697740316393 0.49474044144153406 1.2832569815218438 1.2773259915411461 1.3415666930377472 0.74107490479946125 6.8910325784236193
leaf_count=89 4 11 11 16 8 106
internal_value=0 0.00298788 0.00488454 0.00634163 -0.00422438 -0.00585083
internal_weight=22.6147 14.4878 13.2046 11.9273 8.12685 7.38577
internal_count=245 127 116 105 118 110
is_linear=0
shrinkage=0.03


Tree=249
num_leaves=7
num_cat=0
split_feature=68 60 11 4 41 6
split_gain=0.655031 1.22426 0.35902 0.293513 0.179779 0.0645001
threshold=752.01473999023449 0.31399999558925634 5.6070852279663095 0.0050959466025233277 0.47431828081607824 174.37500000000003
decision_type=8 2 2 8 2 2
left_child=1 5 3 -2 -5 -1
right_child=2 -3 -4 4 -6 -7
leaf_value=0.0095161098018768289 0 -0.00067239045756062711 0 -0.0068858672161912788 0 0
leaf_weight=9.5342806652188319 0.94788135215639879 2.6669942773878565 2.1122035831212997 6.2460088394582272 0.73998810350894917 1.258855964988469
leaf_count=80 11 25 20 95 5 10
internal_value=0.00117794 0.00511917 -0.00102902 -0.00438187 -0.00598532 0.00907095
internal_weight=23.5062 13.4601 10.0461 7.93388 6.986 10.7931
internal_count=246 115 131 111 100 90
is_linear=0
shrinkage=0.03


Tree=250
num_leaves=7
num_cat=0
split_feature=68 60 53 11 56 30
split_gain=0.453741 0.722584 0.44715 0.349453 0.321639 0.188809
threshold=697.16046142578136 0.31399999558925634 -0.44541835784912104 7.5000000000000009 -0.36945162713527674 0.84136217832565319
decision_type=8 2 2 2 2 2
left_child=1 2 -1 4 5 -2
right_child=3 -3 -4 -5 -6 -7
leaf_value=0 -0.0071252987270518748 0 0.009091629664012519 0 0 0
leaf_weight=2.6883030608296385 6.5383444819599381 2.8072374798357478 6.8815302960574654 1.4856486581265915 1.3965132180601347 0.59640626981854428
leaf_count=24 94 27 57 11 13 14
internal_value=0 0.003913 0.00712313 -0.00181223 -0.00452981 -0.00625185
internal_weight=22.394 12.3771 9.56983 10.0169 8.53126 7.13475
internal_count=240 108 81 132 121 108
is_linear=0
shrinkage=0.03


Tree=251
num_leaves=7
num_cat=0
split_feature=1 60 15 2 53 68
split_gain=0.489534 0.510868 0.40931 0.357155 0.206978 0.0913968
threshold=0.83333334326744091 0.0030000000260770325 2.5333355551993012e-05 1.4670542478561404 -0.23700707405805585 752.01473999023449
decision_type=2 2 2 2 2 8
left_child=1 2 5 -2 -3 -1
right_child=3 4 -4 -5 -6 -7
leaf_value=0.005452482760457603 0.006600262883028586 -0.0068173196448041646 -0.0017591570348641653 0 0 0
leaf_weight=3.7637201752513665 5.6239323876798144 5.6521996334195137 3.393174922093749 1.8758042827248571 0.85095378011464973 2.1824371460825205
leaf_count=24 59 72 38 23 6 24
internal_value=0 -0.00177465 0 0.00453052 -0.00572642 0.00452794
internal_weight=23.3422 15.8425 9.33933 7.49974 6.50315 5.94616
internal_count=246 164 86 82 78 48
is_linear=0
shrinkage=0.03


Tree=252
num_leaves=7
num_cat=0
split_feature=54 33 53 33 55 29
split_gain=0.429166 0.946469 0.708084 0.526221 0.27933 0.266322
threshold=0.069159060716629042 0.63803189992904674 -0.22608545422554013 0.23355001211166385 0.13327334821224215 0.59709206223487865
decision_type=2 2 2 2 2 2
left_child=-1 2 3 -2 5 -3
right_child=1 4 -4 -5 -6 -7
leaf_value=0.0042849642637050695 0 0 0 -0.010843914411693656 0 0.0055911820372313006
leaf_weight=2.7704312838614014 1.3682964742183701 1.076686792075632 0.93178417533635993 7.8845329210162163 2.0019620824605227 6.0743057411164045
leaf_count=17 19 12 7 99 19 65
internal_value=0 -0.00227449 -0.00701107 -0.0091997 0.000772087 0.00391453
internal_weight=22.108 19.3376 10.1846 9.25283 9.15295 7.15099
internal_count=238 221 125 118 96 77
is_linear=0
shrinkage=0.03


Tree=253
num_leaves=7
num_cat=0
split_feature=51 29 0 25 39 68
split_gain=0.493381 0.390795 0.317005 0.277351 0.348948 0.0107193
threshold=-0.51844158768653859 0.59709206223487865 3.5000000000000004 0.86794385313987743 0.021761205047369007 206.68585205078128
decision_type=2 2 2 2 2 10
left_child=2 5 3 4 -1 -2
right_child=1 -3 -4 -5 -6 -7
leaf_value=0 -0.000836755593300146 0.0057049482564823515 0 0 -0.0082087046884372714 0
leaf_weight=1.1805794984102229 3.7787547875195724 5.04363913834095 0.83984699845314104 0.88000134564936239 7.1425719112157822 2.1333275027573109
leaf_count=9 31 48 11 14 101 16
internal_value=0 0.00256527 -0.00390823 -0.00554972 -0.00677507 0
internal_weight=20.9987 10.9557 10.043 9.20315 8.32315 5.91208
internal_count=230 95 135 124 110 47
is_linear=0
shrinkage=0.03


Tree=254
num_leaves=7
num_cat=0
split_feature=60 68 6 43 22 46
split_gain=0.530145 1.2376 0.695559 0.171154 0.201311 0.0671659
threshold=0.31399999558925634 752.01473999023449 174.37500000000003 0.15180068463087085 0.096351381391286864 0.094774521887302413
decision_type=2 8 2 2 2 2
left_child=1 2 -1 -3 -5 -2
right_child=5 3 -4 4 -6 -7
leaf_value=0.010657153269217488 0 0 0 0 -0.0045250126876919417 -0.0031936882468935183
leaf_weight=8.9287336934357935 0.51176749169826452 1.3959741443395595 1.0408730693161476 0.73387390188872803 6.4651780147105455 3.1678926274180412
leaf_count=75 4 9 9 5 91 41
internal_value=0.000517448 0.00379738 0.0087354 -0.000321144 -0.00301127 -0.00232361
internal_weight=22.2443 18.5646 9.96961 8.59503 7.19905 3.67966
internal_count=234 189 84 105 96 45
is_linear=0
shrinkage=0.03


Tree=255
num_leaves=7
num_cat=0
split_feature=1 47 47 58 55 48
split_gain=0.366586 0.525975 0.757848 0.350155 0.335997 0.0584585
threshold=0.83333334326744091 0.085297085344791426 0.79380273818969738 0.009599999990314247 0.14797452092170718 -0.3183924257755279
decision_type=2 2 2 2 2 2
left_child=1 -1 -3 4 -2 -4
right_child=3 2 5 -5 -6 -7
leaf_value=0 0.0070192120083749513 -0.0087259999774123055 0 0 0 0.0021205609631738758
leaf_weight=3.0566540881991413 4.2933813743293276 8.3690905682742578 1.8282384127378466 1.7315649241209028 1.0836764164268968 1.7000837884843338
leaf_count=16 42 104 22 34 7 12
internal_value=0 -0.00312209 -0.00572067 0.00225099 0.00511191 0
internal_weight=22.0627 14.9541 11.8974 7.10862 5.37706 3.52832
internal_count=237 154 138 83 49 34
is_linear=0
shrinkage=0.03


Tree=256
num_leaves=7
num_cat=0
split_feature=68 19 48 4 68 48
split_gain=0.418569 0.462769 0.392834 0.514092 0.173705 0.148192
threshold=50.487812042236335 0.2999271303415299 -0.3183924257755279 0.0075805915985256442 752.01473999023449 0.14886464178562167
decision_type=10 2 2 8 10 2
left_child=1 -1 -2 -4 -5 -3
right_child=2 5 3 4 -6 -7
leaf_value=0 0 -0.0070011486878292228 0 0.0080798222130390035 0 0
leaf_weight=4.9062075112015027 1.4040703997015942 4.4075061362236738 1.3039926104247541 8.273292273283003 1.282039966434241 0.62287703156471241
leaf_count=43 14 60 16 69 19 7
internal_value=0 -0.00280028 0.00314621 0.0052454 0.00728074 -0.00617343
internal_weight=22.2 9.93659 12.2634 10.8593 9.55533 5.03038
internal_count=228 110 118 104 88 67
is_linear=0
shrinkage=0.03


Tree=257
num_leaves=7
num_cat=0
split_feature=58 0 49 62 23 54
split_gain=0.345919 0.625994 0.415108 0.181852 0.125703 0.0863268
threshold=0.011799999978393318 0.83333334326744091 0.14659953117370608 0.55140000581741344 0.90556073188781749 0.069159060716629042
decision_type=2 2 2 2 2 2
left_child=1 5 -3 4 -2 -1
right_child=3 2 -4 -5 -6 -7
leaf_value=0.00058898313060554174 -0.0045707379422653353 0.0089517337185210551 0 0 0 -0.0019883358875564085
leaf_weight=2.0631676614284578 3.7749695666134349 5.6084529049694529 1.8712138794362543 0.77224928885698307 0.49760789424180973 8.5935852508991939
leaf_count=10 78 53 13 7 7 76
internal_value=0.000636068 0.00333942 0.00708392 -0.000854366 -0.00349809 0
internal_weight=23.1812 18.1364 7.47967 5.04483 4.27258 10.6568
internal_count=244 152 66 92 85 86
is_linear=0
shrinkage=0.03


Tree=258
num_leaves=7
num_cat=0
split_feature=68 60 11 47 60 57
split_gain=0.732735 0.821825 0.463796 0.280668 0.207249 0.167676
threshold=697.16046142578136 0.31399999558925634 5.6070852279663095 0.070282794535160079 0.93880000710487377 0.89219999313354503
decision_type=8 2 2 2 2 2
left_child=1 5 3 -2 -5 -1
right_child=2 -3 -4 4 -6 -7
leaf_value=0.0086734826483999064 0 0 0 -0.0076397045113510004 0 0
leaf_weight=8.4974367357790488 1.0761608332395534 2.6711996346712104 1.891367258504032 7.3906372971832752 0.55491656996309746 1.3317053765058506
leaf_count=74 5 25 17 111 8 9
internal_value=0 0.00471871 -0.00275268 -0.00550226 -0.00679459 0.0079099
internal_weight=23.4134 12.5003 10.9131 9.02171 7.94555 9.82914
internal_count=249 108 141 124 119 83
is_linear=0
shrinkage=0.03


Tree=259
num_leaves=7
num_cat=0
split_feature=68 60 7 11 43 52
split_gain=0.556699 0.968352 0.445427 0.292996 0.29193 0.20946
threshold=697.16046142578136 0.026600000448524955 388.00000000000006 7.5000000000000009 0.14653412997722629 -0.38562110066413874
decision_type=8 2 2 2 2 2
left_child=1 2 -1 4 -2 -6
right_child=3 -3 -4 -5 5 -7
leaf_value=0.010218694897882593 0 0 0 0 -0.0070198924203871572 0
leaf_weight=6.7840400561690348 0.67935221269726564 5.3135707378387451 1.1792925521731374 1.7001442797482011 5.1818477865308514 2.0784792900085458
leaf_count=55 5 46 10 13 90 19
internal_value=0.000613414 0.00454209 0.00867465 -0.00130013 -0.00406812 -0.00569412
internal_weight=22.9167 13.2769 7.96333 9.63982 7.93968 7.26033
internal_count=238 111 65 127 114 109
is_linear=0
shrinkage=0.03


Tree=260
num_leaves=7
num_cat=0
split_feature=68 6 55 26 52 56
split_gain=0.368338 0.512873 0.441564 0.336379 0.23052 0.148707
threshold=752.01473999023449 185.75000000000003 0.14269554615020755 0.14372427761554721 -0.38562110066413874 -0.57330232858657826
decision_type=8 2 2 2 2 2
left_child=1 2 5 -2 -5 -1
right_child=3 -3 -4 4 -6 -7
leaf_value=0 0 0 0 -0.0063666359583965468 0 0.0082168399227858669
leaf_weight=1.0489521771669359 3.6617032140493375 1.5745297893881787 2.0202477164566508 4.4898037258535624 1.5758881568908689 8.4727270528674161
leaf_count=9 27 15 18 86 14 75
internal_value=0 0.00331729 0.00576507 -0.00197721 -0.00486254 0.00755201
internal_weight=22.8439 13.1165 11.5419 9.7274 6.06569 9.52168
internal_count=244 117 102 127 100 84
is_linear=0
shrinkage=0.03


Tree=261
num_leaves=7
num_cat=0
split_feature=19 59 9 31 54 51
split_gain=0.660092 0.471022 0.37033 0.56432 0.408208 0.0805582
threshold=0.24221903830766681 0.27939999103546148 5.1666667461395273 0.2714486569166184 0.72662216424942028 -0.39158758521080012
decision_type=2 2 2 2 2 2
left_child=1 5 3 -2 -5 -1
right_child=2 -3 -4 4 -6 -7
leaf_value=0.0074282815658449517 0 0 0 -0.0094536343059796555 0 0
leaf_weight=5.6951002925634384 3.8773269057273847 2.0088903568685055 1.0680953562259663 6.0345951300114393 1.379884574562311 1.7845059074461476
leaf_count=50 36 19 12 91 14 12
internal_value=0 0.00435502 -0.00316835 -0.00511819 -0.00782259 0.00673782
internal_weight=21.8484 9.4885 12.3599 11.2918 7.41448 7.47961
internal_count=234 81 153 141 105 62
is_linear=0
shrinkage=0.03


Tree=262
num_leaves=7
num_cat=0
split_feature=19 6 58 61 54 14
split_gain=0.520584 0.599935 0.6697 0.261928 0.255987 0.17911
threshold=0.44250741600990301 327.00000000000006 0.035399999469518668 0.00059999998484272521 0.069159060716629042 13.609868049621584
decision_type=2 2 2 2 2 2
left_child=1 2 5 4 -2 -1
right_child=3 -3 -4 -5 -6 -7
leaf_value=0.009281583351719495 0 0 0 0 -0.0058155292389367331 0
leaf_weight=10.186496023088695 0.86826252192258735 1.1874744165688742 1.8764696288853873 1.9415335953235624 5.0028723012655973 1.1664847843348969
leaf_count=82 5 11 31 18 76 12
internal_value=0.000495247 0.00422158 0.00647893 -0.00152231 -0.0041778 0.00859607
internal_weight=22.2296 14.4169 13.2295 7.81267 5.87113 11.353
internal_count=235 136 125 99 81 94
is_linear=0
shrinkage=0.03


Tree=263
num_leaves=7
num_cat=0
split_feature=1 47 36 14 58 55
split_gain=0.447627 0.560628 0.576554 0.467475 0.344392 0.377481
threshold=0.83333334326744091 0.087287481874227538 0.73881620168685924 1.3474708795547488 0.009599999990314247 0.14269554615020755
decision_type=2 2 2 2 2 2
left_child=1 -1 3 -3 5 -2
right_child=4 2 -4 -5 -6 -7
leaf_value=0 0.0078825255820404658 0 0 -0.0095033675119850364 0 0
leaf_weight=3.2943682223558453 4.7958049960434428 1.0116544589400271 2.9375265184789887 7.4659254495054483 1.4777759946882723 1.6706683263182638
leaf_count=18 46 6 34 89 30 11
internal_value=0 -0.002322 -0.00545731 -0.00791199 0.0038764 0.00593282
internal_weight=22.6537 14.7095 11.4151 8.47758 7.94425 6.46647
internal_count=234 147 129 95 87 57
is_linear=0
shrinkage=0.03


Tree=264
num_leaves=7
num_cat=0
split_feature=38 53 20 60 49 40
split_gain=0.172987 0.350274 0.430797 0.371682 0.294556 0.351409
threshold=0.4512446820735932 -0.46945028007030482 0.93484970927238475 0.16399999707937243 0.014183941762894394 0.32110944390296942
decision_type=2 2 2 2 2 2
left_child=4 -2 3 -3 -1 -6
right_child=1 2 -4 -5 5 -7
leaf_value=0 0 0.0085303623590563833 0 0 -0.0062659862146316921 0
leaf_weight=4.0660503357648867 2.9393525402992955 6.0006862692534906 1.2258413322269914 1.2503966446965931 5.5418171975761652 0.84008792042732228
leaf_count=36 46 57 11 15 60 4
internal_value=0 0.00243369 0.00489149 0.00693555 -0.00118766 -0.00423594
internal_weight=21.8642 11.4163 8.47692 7.25108 10.448 6.38191
internal_count=229 129 83 72 100 64
is_linear=0
shrinkage=0.03


Tree=265
num_leaves=7
num_cat=0
split_feature=35 28 58 51 47 11
split_gain=0.46443 0.702737 0.441092 0.419353 0.317775 0.319636
threshold=0.32889331877231603 0.82930251955986034 0.005799999926239253 -0.6166270077228545 0.077529683709144606 3.8500000238418584
decision_type=2 2 2 2 2 2
left_child=4 2 3 -2 -1 -6
right_child=1 -3 -4 -5 5 -7
leaf_value=0 0 0 0 0.010173706510008007 -0.0061840698881742472 0
leaf_weight=1.1391031965613381 1.0402654688805322 2.356028886511921 2.9241696298122397 7.2137690521776676 6.1536340061575174 1.074632406234741
leaf_count=6 11 33 46 61 64 10
internal_value=0.000171333 0.00399089 0.00689659 0.00877097 -0.00154931 -0.00437717
internal_weight=21.9016 13.5342 11.1782 8.25403 8.36737 7.22827
internal_count=231 151 118 72 80 74
is_linear=0
shrinkage=0.03


Tree=266
num_leaves=7
num_cat=0
split_feature=58 32 2 62 38 33
split_gain=0.258574 0.359409 0.268028 0.232249 0.134199 0.10488
threshold=1.0000000180025095e-35 0.34145653247833258 1.4670542478561404 0.83859997987747203 0.86325907707214367 0.23355001211166385
decision_type=2 2 2 2 2 2
left_child=1 2 -1 4 5 -2
right_child=3 -3 -4 -5 -6 -7
leaf_value=0.0061883961329328692 0 0 0 0 0 -0.0061443855461290574
leaf_weight=6.9852231964468974 0.93714305572211642 5.1788914222270241 1.5956470817327497 0.82367440499365319 1.1044552531093357 5.1280115507543087
leaf_count=54 14 54 13 8 18 75
internal_value=0 0.00190005 0.00469309 -0.00285768 -0.00455326 -0.00544753
internal_weight=21.753 13.7598 8.58087 7.99328 7.16961 6.06515
internal_count=236 121 67 115 107 89
is_linear=0
shrinkage=0.03


Tree=267
num_leaves=7
num_cat=0
split_feature=47 24 33 3 52 11
split_gain=0.553827 0.735577 0.553436 0.30183 0.0488467 0.0375879
threshold=0.090125467628240599 0.097157843410968794 0.23355001211166385 5.1666667461395273 -0.38562110066413874 2.8611940145492558
decision_type=2 2 2 2 2 2
left_child=4 5 -3 -4 -1 -2
right_child=1 2 3 -5 -6 -7
leaf_value=0 0 0 -0.0092151796455338421 0 0.004169601044712961 0.0016441521499784683
leaf_weight=1.4034798480570314 2.6875057630240944 1.0483700744807709 10.442422121763226 0.8702835254371174 3.7012644223868874 2.514309361577034
leaf_count=11 20 13 143 11 26 21
internal_value=0 -0.00332215 -0.00657343 -0.00828892 0.00358604 0
internal_weight=22.6676 17.5629 12.3611 11.3127 5.10474 5.20182
internal_count=245 208 167 154 37 41
is_linear=0
shrinkage=0.03


Tree=268
num_leaves=7
num_cat=0
split_feature=30 60 2 40 59 19
split_gain=0.251573 0.490005 0.571499 0.330877 0.316914 0.146898
threshold=0.37630313634872442 0.31399999558925634 1.4670542478561404 0.22900554537773135 0.28880000114440924 0.91512048244476329
decision_type=2 2 2 2 2 2
left_child=1 2 4 5 -1 -2
right_child=3 -3 -4 -5 -6 -7
leaf_value=0.0089730370370160097 -0.0058755657615737018 0 0 0 0 0
leaf_weight=7.4301377423107642 4.2978832181543103 1.8888238351792086 2.9037330131977788 2.6443299409002066 1.7510335911065338 0.56759676337242115
leaf_count=58 78 17 30 21 19 9
internal_value=0 0.00260605 0.00522886 -0.00190582 0.00763513 -0.00493057
internal_weight=21.4835 13.9737 12.0849 7.50981 9.18117 4.86548
internal_count=232 124 107 108 77 87
is_linear=0
shrinkage=0.03


Tree=269
num_leaves=7
num_cat=0
split_feature=0 53 23 58 55 14
split_gain=0.610025 0.851408 0.507494 0.495194 0.515456 0.258216
threshold=0.83333334326744091 -0.22608545422554013 0.70635014772415172 0.009599999990314247 0.14269554615020755 14.235917091369631
decision_type=2 2 2 2 2 2
left_child=1 2 5 4 -2 -1
right_child=3 -3 -4 -5 -6 -7
leaf_value=-0.010501948426330831 0.0080082931227249896 0 0 0 0 0
leaf_weight=7.5055041443556529 5.3511492535471898 1.9263562615960861 2.1503978781402102 1.9943333715200422 1.374294515699148 0.98427690938115109
leaf_count=84 51 12 31 38 9 8
internal_value=-0.00019541 -0.00458931 -0.00775581 0.00200062 0.00557909 -0.00958389
internal_weight=21.2863 12.5665 10.6402 8.71978 6.72544 8.48978
internal_count=233 135 123 98 60 92
is_linear=0
shrinkage=0.03


Tree=270
num_leaves=7
num_cat=0
split_feature=68 60 6 11 54 48
split_gain=0.284699 0.568317 0.634328 0.429378 0.303391 0.141512
threshold=697.16046142578136 0.31399999558925634 192.00000000000003 5.6070852279663095 0.06128505431115628 0.14886464178562167
decision_type=8 2 2 2 2 2
left_child=1 2 -1 4 -2 -6
right_child=3 -3 -4 -5 5 -7
leaf_value=0.0081171236299819489 0 -6.7168211661734754e-06 0 0 -0.0074056145152128659 0
leaf_weight=8.1059102192521113 0.68254388868808558 2.9243894107639781 1.2457473427057255 1.9337876103818405 7.0031619109213352 0.67504339478909958
leaf_count=71 3 28 10 19 101 10
internal_value=0 0.00222798 0.00566967 -0.00267899 -0.0053833 -0.00674867
internal_weight=22.5706 12.276 9.35166 10.2945 8.36075 7.67821
internal_count=242 109 81 133 114 111
is_linear=0
shrinkage=0.03


Tree=271
num_leaves=7
num_cat=0
split_feature=38 34 20 54 54 4
split_gain=0.3094 0.34916 0.654002 0.269162 0.438363 0.418393
threshold=0.46866282820701605 0.76888278126716625 0.93484970927238475 0.72662216424942028 0.069159060716629042 0.0079052620567381399
decision_type=2 2 2 2 2 10
left_child=3 2 -2 4 -1 -6
right_child=1 -3 -4 -5 5 -7
leaf_value=0 0.0077206065126457805 0 0 0 -0.0083542189588024299 0
leaf_weight=1.5803723335266129 7.9801634699106199 2.1514861751347771 0.98765471391379822 1.815456761047243 6.0886527709662914 1.5706120803952215
leaf_count=8 85 28 9 15 75 11
internal_value=0 0.00282807 0.00504702 -0.00228099 -0.00427608 -0.00650095
internal_weight=22.1744 11.1193 8.96782 11.0551 9.23964 7.65926
internal_count=231 122 94 109 94 86
is_linear=0
shrinkage=0.03


Tree=272
num_leaves=7
num_cat=0
split_feature=19 29 31 35 30 39
split_gain=0.442923 0.390495 0.400443 0.270899 0.222702 0.183177
threshold=0.44250741600990301 0.87276113033294689 0.087492756545543685 0.041734721511602409 0.15509434044361117 0.16843111813068393
decision_type=2 2 2 2 2 2
left_child=1 2 -1 -4 -2 -6
right_child=4 -3 3 -5 5 -7
leaf_value=0 0 0 0 0.0082345330436901787 -0.0055137383349265308 0
leaf_weight=3.50203409790993 1.7574118487536896 1.6502645201981057 0.73111467808484931 8.9724689312279207 4.2460497077554464 1.8211069032549856
leaf_count=24 15 19 5 90 67 15
internal_value=0 0.00364824 0.00542227 0.00727445 -0.00195043 -0.00408594
internal_weight=22.6805 14.8559 13.2056 9.70358 7.82457 6.06716
internal_count=235 138 119 95 97 82
is_linear=0
shrinkage=0.03


Tree=273
num_leaves=7
num_cat=0
split_feature=50 48 0 58 19 34
split_gain=0.409219 0.463005 0.42059 0.402927 0.334554 0.263682
threshold=0.15126202255487445 -0.3183924257755279 4.8333332538604745 0.00059999998484272521 0.058061653748154647 0.078262127935886397
decision_type=2 2 2 2 2 2
left_child=1 -1 4 5 -2 -3
right_child=2 3 -4 -5 -6 -7
leaf_value=0 0 0 0 0 -0.0068298431833842838 0.0088241936704628286
leaf_weight=2.189635854214429 0.85216476768255045 1.3420953750610367 1.555586230009794 3.4148368723690501 5.8589775208383799 7.0138771384954453
leaf_count=26 5 9 20 50 73 56
internal_value=0 0.00358623 -0.00181448 0.00577019 -0.0051235 0.00769706
internal_weight=22.2272 13.9604 8.26673 11.7708 6.71114 8.35597
internal_count=239 141 98 115 78 65
is_linear=0
shrinkage=0.03


Tree=274
num_leaves=7
num_cat=0
split_feature=51 35 34 59 61 0
split_gain=0.329753 0.359234 0.401284 0.388258 0.265323 0.270845
threshold=-0.51844158768653859 0.1045847423374653 0.79708495736122142 0.17279999703168872 1.0000000180025095e-35 1.8333333134651186
decision_type=2 2 2 2 2 2
left_child=4 -2 3 -3 5 -1
right_child=1 2 -4 -5 -6 -7
leaf_value=-0.0057593726300199221 0 0.0089819554105560612 0 0 0 0
leaf_weight=4.6707870997488516 1.4020172245800484 6.4832960274070484 1.9791599977761505 1.1940908990800378 3.6336446851491928 1.4919975399971006
leaf_count=88 10 53 20 13 29 14
internal_value=0.000322361 0.00374851 0.00561262 0.00744706 -0.00045421 -0.00387644
internal_weight=20.855 11.0586 9.65655 7.67739 9.79643 6.16278
internal_count=227 96 86 66 131 102
is_linear=0
shrinkage=0.03


Tree=275
num_leaves=7
num_cat=0
split_feature=19 35 32 58 51 48
split_gain=0.45565 0.435894 0.306472 0.212215 0.162517 0.0314565
threshold=0.44250741600990301 0.36522072553634649 0.15498365461826327 1.0000000180025095e-35 -0.3978706151247024 0.12237955629825593
decision_type=2 2 2 2 2 2
left_child=1 -1 -2 5 -4 -3
right_child=2 3 4 -5 -6 -7
leaf_value=0 0 0.0083027833772452639 -0.0056275751600173389 0 0 0
leaf_weight=5.9584579002112168 1.3737893886864174 4.2933226861059666 4.5361134670674792 1.9259732868522403 1.548533774912358 1.2128271684050558
leaf_count=53 10 40 74 24 11 9
internal_value=0.000247985 0.00399716 -0.00148043 0.00662897 -0.00441896 0.00785611
internal_weight=20.849 13.3906 7.45844 7.43212 6.08465 5.50615
internal_count=221 126 95 73 85 49
is_linear=0
shrinkage=0.03


Tree=276
num_leaves=7
num_cat=0
split_feature=68 26 60 62 11 36
split_gain=0.261869 0.74314 0.605833 0.428651 0.307044 0.0322758
threshold=50.487812042236335 0.14372427761554721 0.31399999558925634 0.0010000000183936211 7.5000000000000009 0.06331296265125276
decision_type=10 2 2 2 2 2
left_child=1 5 3 -2 -3 -1
right_child=2 4 -4 -5 -6 -7
leaf_value=0 0 -0.0082382667263221424 -5.9699944185532587e-05 0.0081893890411534991 0 0.0016127317356549261
leaf_weight=1.2910231035202762 3.4531443044543249 5.4324515145272017 2.5923522319644681 5.8215084969997406 1.1799174733459947 2.462734904140234
leaf_count=9 40 81 29 52 9 17
internal_value=0 -0.00227693 0.00243914 0.0059191 -0.00681278 0.000494718
internal_weight=22.2331 10.3661 11.867 9.27465 6.61237 3.75376
internal_count=237 116 121 92 90 26
is_linear=0
shrinkage=0.03


Tree=277
num_leaves=7
num_cat=0
split_feature=35 55 13 52 54 4
split_gain=0.231845 0.409185 0.463246 0.343536 0.177297 0.330542
threshold=0.61007177829742443 0.14269554615020755 0.10025992989540101 -0.55058971047401417 0.069159060716629042 0.016200970858335498
decision_type=2 2 2 2 2 10
left_child=4 2 3 -2 -1 -6
right_child=1 -3 -4 -5 5 -7
leaf_value=0 0 0 0 0.0093831624460149043 -0.0049100048043370804 0
leaf_weight=1.9147863388061548 1.3062931280583132 1.1489061769098041 0.99197613820433606 4.8019522931426755 8.9585207626223546 1.8399601951241482
leaf_count=9 19 15 22 47 104 16
internal_value=7.80705e-05 0.00338295 0.00580939 0.00785556 0 -0.00276985
internal_weight=20.9624 8.24913 7.10022 6.10825 12.7133 10.7985
internal_count=232 103 88 66 129 120
is_linear=0
shrinkage=0.03


Tree=278
num_leaves=7
num_cat=0
split_feature=19 35 58 49 15 68
split_gain=0.2236 0.706827 0.392538 0.164435 0.247003 0.196303
threshold=0.44250741600990301 0.36522072553634649 0.009599999990314247 0.15206046402454379 5.1699101924896249 726.24243164062511
decision_type=2 2 2 2 2 10
left_child=1 -1 -3 4 5 -2
right_child=3 2 -4 -5 -6 -7
leaf_value=0 -0.0062204436089429247 0.0085262311481114524 0 0 0 0
leaf_weight=6.3173270616680401 5.4410705752670747 5.683799784630537 1.4870903640985487 1.0944047346711157 0.86414097808301438 0.81511427275836457
leaf_count=56 71 52 20 19 7 12
internal_value=0 0.00253324 0.0067695 -0.00166522 -0.00340506 -0.0050878
internal_weight=21.7029 13.4882 7.17089 8.21473 7.12033 6.25618
internal_count=237 128 72 109 90 83
is_linear=0
shrinkage=0.03


Tree=279
num_leaves=7
num_cat=0
split_feature=51 34 34 61 0 19
split_gain=0.343688 0.423493 0.493058 0.310696 0.361281 0.309273
threshold=-0.51844158768653859 0.79708495736122142 0.088966429233551039 1.0000000180025095e-35 2.1666666269302373 0.81449943780899059
decision_type=2 2 2 2 2 2
left_child=3 2 -2 4 -1 -4
right_child=1 -3 5 -5 -6 -7
leaf_value=-0.0064120720535184037 0 0 0.00885124748503212 0 0 0
leaf_weight=5.0471229031682032 1.3144074827432621 1.7558415755629528 7.8589253947138769 4.4821140505373478 1.4439172595739362 1.2431904971599577
leaf_count=95 8 19 68 35 11 9
internal_value=0.000118845 0.00365319 0.00575864 -0.000813459 -0.00421875 0.00765992
internal_weight=23.1455 12.1724 10.4165 10.9732 6.49104 9.10212
internal_count=245 104 85 141 106 77
is_linear=0
shrinkage=0.03


Tree=280
num_leaves=7
num_cat=0
split_feature=68 60 7 11 46 6
split_gain=0.348784 0.38943 0.418809 0.349916 0.418467 0.193153
threshold=385.15440368652349 0.36660000681877142 397.00000000000006 5.6070852279663095 0.061190232634544379 264.00000762939459
decision_type=8 2 2 2 2 2
left_child=1 2 -1 4 -2 -6
right_child=3 -3 -4 -5 5 -7
leaf_value=0.0079960327044147177 0 0 0 3.9352643265169449e-05 -0.0070195041577390286 0
leaf_weight=5.97233819589019 0.6857340931892385 1.3990515097975729 1.1017441786825655 2.6859936416149131 7.9704844988882524 1.3442716337740419
leaf_count=52 3 13 10 26 109 18
internal_value=0 0.00398801 0.00614287 -0.000941374 -0.00409268 -0.00606991
internal_weight=21.1596 8.47313 7.07408 12.6865 10.0005 9.31476
internal_count=231 75 62 156 130 127
is_linear=0
shrinkage=0.03


Tree=281
num_leaves=7
num_cat=0
split_feature=58 17 39 51 14 21
split_gain=0.537827 0.624305 0.37112 0.354928 0.0726168 0.000187928
threshold=1.0000000180025095e-35 0.51415646076202404 0.17409796267747882 -0.43886667490005488 13.928503513336183 0.2640399038791657
decision_type=2 2 2 2 2 2
left_child=1 2 -1 4 -2 -3
right_child=3 5 -4 -5 -6 -7
leaf_value=0.0084862412103680219 -0.0057490574551551073 0 0 0 0 -0.00011143626011880311
leaf_weight=7.718474408611657 4.7859114147722721 1.3331965412944544 1.302610710263252 1.6722799595445383 0.87297303602099408 3.6201215926557779
leaf_count=64 85 10 11 15 12 38
internal_value=0 0.00398195 0.00703737 -0.00244857 -0.00519956 0
internal_weight=21.3056 13.9744 9.02109 7.33116 5.65888 4.95332
internal_count=235 123 75 112 97 48
is_linear=0
shrinkage=0.03


Tree=282
num_leaves=7
num_cat=0
split_feature=52 24 47 25 42 40
split_gain=0.432806 0.914117 0.334301 0.173603 0.151625 0.130797
threshold=-0.38562110066413874 0.23973467200994494 0.16693903505802157 0.91219913959503185 0.18874773383140567 0.32784201204776769
decision_type=2 2 2 2 2 2
left_child=1 -1 5 4 -3 -2
right_child=2 3 -4 -5 -6 -7
leaf_value=0.00031820548116836867 0.0066635626611917936 0 0 0 -0.0088893401267197796 0
leaf_weight=6.1506610456854132 3.2785482183098784 0.78000850416719725 1.3315952494740484 0.79398737847805012 6.8599559143185616 1.8335606865584848
leaf_count=59 28 13 15 13 98 13
internal_value=0 -0.00298125 0.00322496 -0.00750963 -0.00823348 0.00558803
internal_weight=21.0283 14.5846 6.4437 8.43395 7.63996 5.11211
internal_count=239 183 56 124 111 41
is_linear=0
shrinkage=0.03


Tree=283
num_leaves=7
num_cat=0
split_feature=51 50 34 68 0 40
split_gain=0.395444 0.585058 0.493372 0.372025 0.139996 0.0309027
threshold=-0.51844158768653859 0.15126202255487445 0.088966429233551039 313.60475158691412 2.5000000000000004 0.06988792866468431
decision_type=2 2 2 8 2 2
left_child=3 2 -2 5 -5 -1
right_child=1 -3 -4 4 -6 -7
leaf_value=0.0015248477312664523 0 0 0.0085754195225285317 -0.006367006390024175 0 0
leaf_weight=1.9614917673170578 1.2333820164203624 4.192581195384264 6.0399214904755354 4.9921767432242641 0.67559847980737675 1.6313409321010111
leaf_count=13 8 43 52 95 5 15
internal_value=0 0.00311997 0.00652537 -0.00276212 -0.00554518 0
internal_weight=20.7265 11.4659 7.2733 9.26061 5.66778 3.59283
internal_count=231 103 60 128 100 28
is_linear=0
shrinkage=0.03


Tree=284
num_leaves=7
num_cat=0
split_feature=30 58 51 25 39 32
split_gain=0.257185 0.461199 0.407129 0.233214 0.139028 0.134009
threshold=0.3257004469633103 0.045199999585747726 -0.4306392222642898 0.91219913959503185 0.20223893225193026 0.033457165583968169
decision_type=2 2 2 2 2 2
left_child=1 5 3 -2 -4 -1
right_child=2 -3 4 -5 -6 -7
leaf_value=0 -0.0064930349369362794 0 0.0031521346834235075 0 0 0.0060698794811956999
leaf_weight=1.6592836827039743 5.5656353123486042 1.507815834134816 2.5931351576000439 0.52351919189095486 1.392740588635206 8.6525169909000379
leaf_count=14 96 25 19 10 10 70
internal_value=0 0.00263532 -0.0019954 -0.00526708 0 0.00528165
internal_weight=21.8946 11.8196 10.075 6.08915 3.98588 10.3118
internal_count=244 109 135 106 29 84
is_linear=0
shrinkage=0.03


Tree=285
num_leaves=7
num_cat=0
split_feature=68 60 0 5 48 19
split_gain=0.660954 0.775782 0.568627 0.227825 0.206599 0.0459453
threshold=385.15440368652349 0.34340000152587896 1.8333333134651186 0.39178082346916204 -0.3183924257755279 0.43198791146278387
decision_type=8 2 2 2 2 2
left_child=1 4 3 -2 -1 -4
right_child=2 -3 5 -5 -6 -7
leaf_value=0 -0.0069520502506253768 0 0.0018741955782306983 0 0.0093441122694060928 0
leaf_weight=1.1376186944544313 5.9746822342276555 1.701956547796726 2.3239765502512459 1.5979050789028404 6.3020112663507479 1.1619071308523414
leaf_count=10 92 16 19 24 56 11
internal_value=0.000228069 0.00530758 -0.00164816 -0.00568048 0.00842348 0.000379136
internal_weight=20.2001 9.14159 11.0585 7.57259 7.43963 3.48588
internal_count=228 82 146 116 66 30
is_linear=0
shrinkage=0.03


Tree=286
num_leaves=7
num_cat=0
split_feature=1 54 42 30 17 56
split_gain=0.232291 0.469889 0.606447 0.517486 0.28524 0.192984
threshold=0.83333334326744091 0.069159060716629042 0.23419403284788134 0.84942904114723217 0.68966230750083934 -0.54589617252349842
decision_type=2 2 2 2 2 2
left_child=1 -1 -3 -4 5 -2
right_child=4 2 3 -5 -6 -7
leaf_value=0.00043614711348119635 0 0 -0.0091295807603986624 0 0 0.0064103718667066602
leaf_weight=2.4019189774990108 1.1589485220611093 3.0649181762710205 7.8461277522146684 0.99112407863140095 1.4135751519352195 4.2137215714901677
leaf_count=12 17 37 90 12 16 48
internal_value=0 -0.00150952 -0.00466148 -0.00736475 0.00302575 0.00516687
internal_weight=21.0903 14.3041 11.9022 8.83725 6.78625 5.37267
internal_count=232 151 139 102 81 65
is_linear=0
shrinkage=0.03


Tree=287
num_leaves=7
num_cat=0
split_feature=68 60 6 26 68 4
split_gain=0.510781 0.96255 0.603728 0.561319 0.172823 0.16245
threshold=50.487812042236335 0.31399999558925634 195.87500000000003 0.16030008345842364 752.01473999023449 0.0050959466025233277
decision_type=10 2 2 2 10 8
left_child=3 2 4 -1 -2 -5
right_child=1 -3 -4 5 -6 -7
leaf_value=0.00044274502760273155 0.010714981232472165 -0.00016018210155484031 0 0 0 -0.0065985988896309668
leaf_weight=4.2214666642248648 7.3438565041869861 2.6200432553887358 1.0554816015064705 0.53849566914141167 1.3096147337928412 5.7344038346782327
leaf_count=31 63 32 13 7 18 83
internal_value=0.000311576 0.0043699 0.00809769 -0.00133444 0.00992027 -0.00575466
internal_weight=22.8234 12.329 9.70895 10.4944 8.65347 6.2729
internal_count=247 126 94 121 81 90
is_linear=0
shrinkage=0.03


Tree=288
num_leaves=7
num_cat=0
split_feature=58 50 47 39 62 26
split_gain=0.314019 0.510113 0.355698 0.291315 0.23252 0.0569724
threshold=0.005799999926239253 0.14968683570623401 0.85333144664764415 0.19289850443601611 0.55140000581741344 0.023896766826510433
decision_type=2 2 2 2 2 2
left_child=1 2 3 -1 5 -2
right_child=4 -3 -4 -5 -6 -7
leaf_value=0.0083478756726687135 0 0 0 0 0 -0.0048799770027816818
leaf_weight=7.9306918848305958 0.3155113011598577 5.507538551464676 1.1921528801321972 1.3320977874100206 0.96358518302440632 4.0688155675306916
leaf_count=64 2 52 15 11 9 85
internal_value=0 0.00283131 0.00571133 0.0071594 -0.00220311 -0.00444153
internal_weight=21.3104 15.9625 10.4549 9.26279 5.34791 4.38433
internal_count=238 142 90 75 96 87
is_linear=0
shrinkage=0.03


Tree=289
num_leaves=7
num_cat=0
split_feature=62 31 5 31 31 68
split_gain=0.33273 0.423455 0.323813 0.172948 0.0397799 0.0221915
threshold=0.0010000000183936211 0.69415679574012767 0.73926940560340892 0.14182729274034503 0.925349920988083 50.487812042236335
decision_type=2 2 2 2 2 10
left_child=2 5 3 -1 -3 -2
right_child=1 4 -4 -5 -6 -7
leaf_value=0 -0.0011780684515972626 0.0065882975279624272 0 -0.0063102434625996124 0 0
leaf_weight=1.599714089185001 4.3908780440688115 2.3901181668043132 0.90940376743674267 5.7123308079317212 1.0927619375288484 3.8457560669630766
leaf_count=16 36 20 8 99 12 37
internal_value=0 0.00235923 -0.00313047 -0.00521044 0.00610183 0
internal_weight=19.941 11.7195 8.22145 7.31204 3.48288 8.23663
internal_count=228 105 123 115 32 73
is_linear=0
shrinkage=0.03


Tree=290
num_leaves=7
num_cat=0
split_feature=1 47 54 14 29 53
split_gain=0.419519 0.821064 0.513606 0.223135 0.0782471 0.0408395
threshold=0.83333334326744091 0.096516769379377379 0.72662216424942028 12.59736490249634 0.87975242733955394 -0.22608545422554013
decision_type=2 2 2 2 2 2
left_child=1 -1 5 4 -2 -3
right_child=3 2 -4 -5 -6 -7
leaf_value=0 0.0048133335305399639 -0.0098183524450215186 0 0 0 0
leaf_weight=3.7562357299029854 3.0345514379441729 6.4605859871953726 2.3915727492421865 2.3957819007337093 1.0612655058503149 0.75518606603145411
leaf_count=22 33 97 25 36 12 5
internal_value=-0.000259983 -0.00386407 -0.00744844 0.00136534 0.00405313 -0.00948875
internal_weight=19.8552 13.3636 9.60734 6.4916 4.09582 7.21577
internal_count=230 149 127 81 45 102
is_linear=0
shrinkage=0.03


Tree=291
num_leaves=7
num_cat=0
split_feature=52 32 18 51 20 68
split_gain=0.348786 0.564805 0.208976 0.0942557 0.0880037 0.0432364
threshold=-0.38562110066413874 0.17417489737272265 0.13170059025287631 -0.40721872448921198 0.7400156855583192 606.43356323242199
decision_type=2 2 2 2 2 8
left_child=1 5 -3 -2 -5 -1
right_child=3 2 -4 4 -6 -7
leaf_value=0.001713107994859154 0 0 -0.0070968079145629082 0.0048929336824476283 0 0
leaf_weight=3.2593510709702986 1.1161710526794193 1.1253275927156208 6.7320931293070316 3.8523962274193755 1.1948908865451811 2.033406276255846
leaf_count=27 15 12 107 28 12 21
internal_value=0 -0.00251392 -0.00605463 0.00322014 0.00409586 0
internal_weight=19.3136 13.1502 7.85742 6.16346 5.04729 5.29276
internal_count=222 167 119 55 40 48
is_linear=0
shrinkage=0.03


Tree=292
num_leaves=7
num_cat=0
split_feature=34 60 14 36 28 68
split_gain=0.43763 0.467339 0.600197 0.304907 0.124505 0.0206481
threshold=0.76888278126716625 0.31399999558925634 13.089718341827394 0.055899698287248618 0.53557017445564281 247.4860534667969
decision_type=2 2 2 2 2 10
left_child=1 2 3 -1 -2 -4
right_child=4 -3 5 -5 -6 -7
leaf_value=0 0 0 -0.0011930322676735636 0.0094766271128559516 -0.0032733588604554518 0
leaf_weight=1.2962134554982245 0.75694775581359808 3.0138999577611676 3.0562540143728247 8.0424556108191592 2.9726108983159065 2.2033069189637899
leaf_count=8 6 36 44 75 48 21
internal_value=0.000762201 0.00373468 0.00572327 0.00834248 -0.00140091 0
internal_weight=21.3417 17.6121 14.5982 9.33867 3.72956 5.25956
internal_count=238 184 148 83 54 65
is_linear=0
shrinkage=0.03


Tree=293
num_leaves=7
num_cat=0
split_feature=68 4 11 47 4 60
split_gain=0.360752 0.491695 0.369965 0.449476 0.446579 0.366574
threshold=529.38558959960949 0.011484991759061815 7.5000000000000009 0.067132897675037398 0.0050959466025233277 0.31399999558925634
decision_type=8 8 2 2 8 2
left_child=1 -1 3 -2 -5 -3
right_child=2 5 -4 4 -6 -7
leaf_value=0 0 0.0077593079553535671 0 0 -0.0081927149547981436 0
leaf_weight=1.6166083365678794 0.6809142529964437 6.9907319247722626 1.7148642670363177 0.90364296548068246 8.0805612150579691 1.8047640845179556
leaf_count=13 3 65 13 9 119 18
internal_value=0 0.00350328 -0.00186243 -0.00455006 -0.00653868 0.00607229
internal_weight=21.7921 10.4121 11.38 9.66512 8.9842 8.7955
internal_count=240 96 144 131 128 83
is_linear=0
shrinkage=0.03


Tree=294
num_leaves=7
num_cat=0
split_feature=35 34 58 47 24 31
split_gain=0.234869 0.793844 0.546501 0.270175 0.404345 0.224101
threshold=0.32889331877231603 0.80959230661392223 0.005799999926239253 0.077529683709144606 0.021322838962078098 0.91164034605026256
decision_type=2 2 2 2 2 2
left_child=3 2 5 -1 -5 -2
right_child=1 -3 -4 4 -6 -7
leaf_value=0 0.0098674164731598971 -0.00050032688303851356 0 0 -0.0064091233906977303 0
leaf_weight=1.1245931982994104 6.5337487906217557 3.0197902210056773 2.3890998009592295 1.6900871619582174 4.9322242476046085 0.99849562346935261
leaf_count=6 53 43 43 11 57 11
internal_value=0 0.0029899 0.00678196 -0.000595841 -0.00387394 0.00896196
internal_weight=20.688 12.9411 9.92134 7.7469 6.62231 7.53224
internal_count=224 150 107 74 68 64
is_linear=0
shrinkage=0.03


Tree=295
num_leaves=7
num_cat=0
split_feature=58 19 62 35 49 33
split_gain=0.345114 0.470267 0.429167 0.244312 0.155465 0.0347977
threshold=1.0000000180025095e-35 0.44250741600990301 0.89659997820854198 0.1045847423374653 0.13890706002712253 0.23355001211166385
decision_type=2 2 2 2 2 2
left_child=1 3 5 -1 -5 -2
right_child=2 -3 -4 4 -6 -7
leaf_value=0 0 0 0 0.0076378527022761111 0 -0.0061329894093651903
leaf_weight=1.9500823169946686 0.57103622704744239 4.8925416972488156 0.85614687204360951 5.7738330215215683 1.7465608417987821 5.7128520673140883
leaf_count=12 11 49 7 53 14 94
internal_value=0 0.00237269 -0.00318111 0.00536487 0.00667348 -0.0058627
internal_weight=21.5031 14.363 7.14004 9.47048 7.52039 6.28389
internal_count=240 128 112 79 67 105
is_linear=0
shrinkage=0.03


Tree=296
num_leaves=7
num_cat=0
split_feature=62 31 6 26 30 61
split_gain=0.337171 0.380951 0.312102 0.261183 0.173075 0.0968427
threshold=0.0010000000183936211 0.087492756545543685 31.467741012573246 0.83013883233070385 0.13510000705718997 0.0014000000082887711
decision_type=2 2 2 2 2 2
left_child=4 -2 3 -3 -1 -6
right_child=1 2 -4 -5 5 -7
leaf_value=0 0 0.0082055221653545146 0 0 -0.0042642875253928198 0
leaf_weight=2.8847253471612957 2.1806030794978133 7.1599476020783168 2.6732011921703807 1.0795515701174734 3.8968368526548147 1.2141335830092428
leaf_count=23 15 69 20 8 89 9
internal_value=0.000305391 0.00358365 0.00552958 0.00710336 -0.000737069 -0.00330986
internal_weight=21.089 13.0933 10.9127 8.2395 7.9957 5.11097
internal_count=233 112 97 77 121 98
is_linear=0
shrinkage=0.03


Tree=297
num_leaves=7
num_cat=0
split_feature=68 6 55 11 48 54
split_gain=0.437478 0.464042 0.488497 0.445801 0.38191 0.302242
threshold=752.01473999023449 192.00000000000003 0.14431183785200122 5.6070852279663095 -0.34321959316730494 0.06128505431115628
decision_type=8 2 2 2 2 2
left_child=1 2 4 5 -1 -2
right_child=3 -3 -4 -5 -6 -7
leaf_value=0 0 0 0 0 0.0088921901918040825 -0.0069920483029651866
leaf_weight=0.96660610288381299 0.6786978989839535 1.3886963576078404 1.5048678442835797 1.9245666209608314 8.5746758263558185 6.348407574929297
leaf_count=9 3 12 13 19 75 99
internal_value=0 0.00345442 0.00570651 -0.00257862 0.00758752 -0.00556457
internal_weight=21.3865 12.4348 11.0461 8.95167 9.54128 7.02711
internal_count=230 109 97 121 84 102
is_linear=0
shrinkage=0.03


Tree=298
num_leaves=7
num_cat=0
split_feature=51 28 59 35 30 38
split_gain=0.338422 0.404562 0.543656 0.528628 0.234132 0.222173
threshold=-0.51844158768653859 0.81790655851364147 0.19579999893903735 0.1045847423374653 0.038227004930377013 0.86325907707214367
decision_type=2 2 2 2 2 2
left_child=4 2 3 -2 -1 -6
right_child=1 -3 -4 -5 5 -7
leaf_value=0 0 0 0 0.0095885499898145914 -0.0052955933946874636 0
leaf_weight=1.5949528701603437 1.1510027255862931 1.8693323396146286 1.3543205484747876 7.1171237416565418 6.783416227437554 1.3631507083773611
leaf_count=15 8 23 15 56 103 22
internal_value=0 0.00337353 0.0055696 0.00775268 -0.00174317 -0.00386235
internal_weight=21.2333 11.4918 9.62245 8.26813 9.74152 8.14657
internal_count=242 102 79 64 140 125
is_linear=0
shrinkage=0.03


Tree=299
num_leaves=7
num_cat=0
split_feature=54 61 5 30 46 25
split_gain=0.286778 0.316523 0.397109 0.197985 0.159469 0.0064627
threshold=0.069159060716629042 1.0000000180025095e-35 0.12922374531626704 0.84942904114723217 0.19557714462280276 0.71246159076690685
decision_type=2 2 2 2 2 2
left_child=-1 2 3 -2 -3 -4
right_child=1 4 5 -5 -6 -7
leaf_value=0.0043064238273696192 -0.0072713266627392921 0 0.00067263388055618771 0 0.0033087241288937337 0
leaf_weight=3.5610812120139625 5.6060903379693645 2.518260955810546 2.8557954840362072 0.58165916800498951 3.286398071795702 2.492950264364481
leaf_count=24 80 23 37 14 25 35
internal_value=0 -0.000491555 -0.00366665 -0.00632178 0.000349717 0
internal_weight=20.9022 17.3412 11.5365 6.18775 5.80466 5.34875
internal_count=238 214 166 94 48 72
is_linear=0
shrinkage=0.03


end of trees

feature_importances:
Column_68=142
Column_58=125
Column_60=123
Column_0=102
Column_47=88
Column_54=85
Column_51=65
Column_4=54
Column_30=48
Column_19=47
Column_62=41
Column_11=40
Column_26=38
Column_12=37
Column_14=37
Column_17=35
Column_32=35
Column_55=34
Column_34=30
Column_31=29
Column_53=29
Column_61=29
Column_48=28
Column_6=25
Column_1=22
Column_50=21
Column_35=19
Column_52=19
Column_39=18
Column_5=16
Column_33=16
Column_56=16
Column_28=15
Column_36=15
Column_42=15
Column_43=15
Column_59=15
Column_2=14
Column_7=14
Column_25=14
Column_38=14
Column_44=14
Column_57=14
Column_9=12
Column_40=12
Column_24=11
Column_46=9
Column_49=9
Column_29=8
Column_41=8
Column_21=7
Column_37=7
Column_20=6
Column_22=6
Column_15=5
Column_18=5
Column_23=5
Column_3=4
Column_27=3
Column_16=2
Column_45=2
Column_13=1

parameters:
[boosting: gbdt]
[objective: binary]
[metric: binary_logloss]
[tree_learner: serial]
[device_type: cpu]
[data_sample_strategy: bagging]
[data: ]
[valid: ]
[num_iterations: 300]
[learning_rate: 0.03]
[num_leaves: 7]
[num_threads: -1]
[seed: 50273]
[deterministic: 0]
[force_col_wise: 1]
[force_row_wise: 0]
[histogram_pool_size: -1]
[max_depth: 4]
[min_data_in_leaf: 10]
[min_sum_hessian_in_leaf: 0.001]
[bagging_fraction: 0.8]
[pos_bagging_fraction: 1]
[neg_bagging_fraction: 1]
[bagging_freq: 1]
[bagging_seed: 50273]
[bagging_by_query: 0]
[feature_fraction: 0.8]
[feature_fraction_bynode: 1]
[feature_fraction_seed: 50273]
[extra_trees: 0]
[extra_seed: 25856]
[early_stopping_round: 0]
[early_stopping_min_delta: 0]
[first_metric_only: 0]
[max_delta_step: 0]
[lambda_l1: 2]
[lambda_l2: 10]
[linear_lambda: 0]
[min_gain_to_split: 0]
[drop_rate: 0.1]
[max_drop: 50]
[skip_drop: 0.5]
[xgboost_dart_mode: 0]
[uniform_drop: 0]
[drop_seed: 1386]
[top_rate: 0.2]
[other_rate: 0.1]
[min_data_per_group: 100]
[max_cat_threshold: 32]
[cat_l2: 10]
[cat_smooth: 10]
[max_cat_to_onehot: 4]
[top_k: 20]
[monotone_constraints: ]
[monotone_constraints_method: basic]
[monotone_penalty: 0]
[feature_contri: ]
[forcedsplits_filename: ]
[refit_decay_rate: 0.9]
[cegb_tradeoff: 1]
[cegb_penalty_split: 0]
[cegb_penalty_feature_lazy: ]
[cegb_penalty_feature_coupled: ]
[path_smooth: 0]
[interaction_constraints: ]
[verbosity: -1]
[saved_feature_importance_type: 0]
[use_quantized_grad: 0]
[num_grad_quant_bins: 4]
[quant_train_renew_leaf: 0]
[stochastic_rounding: 1]
[linear_tree: 0]
[max_bin: 63]
[max_bin_by_feature: ]
[min_data_in_bin: 3]
[bin_construct_sample_cnt: 200000]
[data_random_seed: 50273]
[is_enable_sparse: 1]
[enable_bundle: 1]
[use_missing: 1]
[zero_as_missing: 0]
[feature_pre_filter: 1]
[pre_partition: 0]
[two_round: 0]
[header: 0]
[label_column: ]
[weight_column: ]
[group_column: ]
[ignore_column: ]
[categorical_feature: ]
[forcedbins_filename: ]
[precise_float_parser: 0]
[parser_config_file: ]
[objective_seed: 32622]
[num_class: 1]
[is_unbalance: 0]
[scale_pos_weight: 1]
[sigmoid: 1]
[boost_from_average: 1]
[reg_sqrt: 0]
[alpha: 0.9]
[fair_c: 1]
[poisson_max_delta_step: 0.7]
[tweedie_variance_power: 1.5]
[lambdarank_truncation_level: 30]
[lambdarank_norm: 1]
[label_gain: ]
[lambdarank_position_bias_regularization: 0]
[eval_at: ]
[multi_error_top_k: 1]
[auc_mu_weights: ]
[num_machines: 1]
[local_listen_port: 12400]
[time_out: 120]
[machine_list_filename: ]
[machines: ]
[gpu_platform_id: -1]
[gpu_device_id: -1]
[gpu_use_dp: 0]
[num_gpu: 1]

end of parameters

pandas_categorical:null
