tree
version=v4
num_class=1
num_tree_per_iteration=1
label_index=0
max_feature_idx=68
objective=binary sigmoid:1
feature_names=Column_0 Column_1 Column_2 Column_3 Column_4 Column_5 Column_6 Column_7 Column_8 Column_9 Column_10 Column_11 Column_12 Column_13 Column_14 Column_15 Column_16 Column_17 Column_18 Column_19 Column_20 Column_21 Column_22 Column_23 Column_24 Column_25 Column_26 Column_27 Column_28 Column_29 Column_30 Column_31 Column_32 Column_33 Column_34 Column_35 Column_36 Column_37 Column_38 Column_39 Column_40 Column_41 Column_42 Column_43 Column_44 Column_45 Column_46 Column_47 Column_48 Column_49 Column_50 Column_51 Column_52 Column_53 Column_54 Column_55 Column_56 Column_57 Column_58 Column_59 Column_60 Column_61 Column_62 Column_63 Column_64 Column_65 Column_66 Column_67 Column_68
feature_infos=[0.3333333432674408:336] [0.3333333432674408:12] [1:5] [0.3333333432674408:1285.6666259765625] [0.0027173913549631834:2] [0:1] [0:736] [0:813] [0:206.66667175292969] [0:1079] [1:2] [0.20689655840396881:230] [0:1] [0:1] [0.10853985697031021:23.409765243530273] [0:9.559722900390625] [0:2.2245702743530273] [0.00086893513798713684:0.99371588230133057] [0.00085803942056372762:0.99902480840682983] [0.0009152420680038631:0.99332702159881592] [0.00085803942056372762:0.99905753135681152] [0.069869920611381531:0.99943888187408447] [0.0008778013288974762:0.99582791328430176] [0.00084575643995776772:0.99472630023956299] [0.00092586869141086936:0.99597734212875366] [0.069715835154056549:0.9963722825050354] [1.9455832443782128e-05:0.99557089805603027] [8.0112249634112231e-06:0.99911469221115112] [1.4877989087835886e-05:0.99486535787582397] [0.06536749005317688:0.99881237745285034] [0.00081704684998840094:0.99729245901107788] [0.00068631937028840184:0.99277728796005249] [0.00081704684998840094:0.99767279624938965] [0.064658395946025848:0.99326097965240479] [0.0013728630729019642:0.99855345487594604] [0.0011603961465880275:0.99900662899017334] [0.0012911449884995818:0.99849265813827515] [0.064545534551143646:0.99937349557876587] [0.0008308000979013741:0.99996340274810791] [-0.016299232840538025:0.27312231063842773] [0.021422695368528366:0.39662343263626099] [0.014004096388816833:0.52571952342987061] [0.012244179844856262:0.61878496408462524] [0.011788684874773026:0.76856034994125366] [0.010643605142831802:0.72686493396759033] [-0.35783752799034119:0.82238095998764038] [-0.13986162841320038:0.90728151798248291] [-0.045592710375785828:0.94214212894439697] [-0.54495495557785034:0.24392011761665344] [-0.46942317485809326:0.29012987017631531] [-0.30070480704307556:0.34854093194007874] [-0.8218265175819397:0.35784703493118286] [-0.79348605871200562:0.5239940881729126] [-0.76840311288833618:0.5740964412689209] [-0.15482039749622345:0.91189897060394287] [-0.46882593631744385:0.27871313691139221] [-0.78299355506896973:0.5548558235168457] [0:1] [0:0.9660000205039978] [0:1] [0:1] [0:0.98040002584457397] [0:1] none [0:1] [0:0.87120002508163452] none none [7.0710678100585938:1337.1051025390625]
tree_sizes=860 831 846 818 835 846 729 830 813 807 719 810 746 732 825 807 821 826 798 821 825 832 802 817 803 821 814 800 819 816 806 811 810 760 814 823 846 820 810 644 640 838 815 821 834 801 826 832 815 823 815 758 818 809 825 826 817 836 817 849 739 830 819 825 832 803 848 827 840 812 802 803 825 784 802 839 826 757 817 806 843 837 817 815 817 812 801 830 738 807 750 812 803 821 804 830 818 794 795 817 850 819 797 823 827 832 804 784 807 807 805 839 826 820 829 818 793 630 800 818 831 783 799 805 837 792 804 813 777 782 810 807 806 806 795 796 811 817 747 804 793 799 788 793 819 804 800 783 800 823 819 813 727 729 835 831 790 798 805 797 816 808 840 831 800 803 805 790 825 807 790 790 807 843 788 780 823 814 799 783 816 780 783 802 786 793 791 802 811 826 815 798 803 781 815 837 785 809 781 807 752 834 800 816 795 806 813 817 808 781 780 801 793 805 793 791 787 795 807 828 802 811 801 790 794 820 792 795 828 795 788 780 818 800 802 791 793 795 811 782 794 782 646 781 784 784 802 781 786 791 706 622 802 785 836 808 807 787 801 790 807 820 806 786 810 781 785 809 791 784 637 785 788 795 784 803 811 807 783 809 798 798 782 804 799 805 813 802 802 786 788 796 796 789 797 795 695 781 787 794

Tree=0
num_leaves=7
num_cat=0
split_feature=0 26 47 14 68 22
split_gain=40.4256 9.19361 3.1558 3.06335 1.79069 0.652802
threshold=2.1666666269302373 0.20956973731517795 0.085297085344791426 12.842658996582033 313.60475158691412 0.18465863913297656
decision_type=2 2 2 2 8 2
left_child=1 4 -3 -2 -1 -6
right_child=3 2 -4 -5 5 -7
leaf_value=-0.85604983333497719 -0.82776094883435114 -0.86681067461078543 -0.89165813698297902 -0.86681067461078543 -0.87351330726173493 -0.86670933880602419
leaf_weight=4.167013764381406 7.7089754641056043 2.9169096350669887 27.502290844917297 2.0835068821907043 5.2087672054767618 2.0835068821907043
leaf_count=20 37 14 132 10 25 10
internal_value=-0.867486 -0.882123 -0.889229 -0.83181 -0.8644 -0.869165
internal_weight=51.671 41.8785 30.4192 9.79248 11.4593 7.29227
internal_count=248 201 146 47 55 35
is_linear=0
shrinkage=1


Tree=1
num_leaves=7
num_cat=0
split_feature=12 4 30 54 60 51
split_gain=40.2874 10.4292 5.80556 2.65231 1.21823 0.223506
threshold=0.50757575035095226 0.0079052620567381399 0.13510000705718997 0.079683117568492903 0.00059999998484272521 -0.4306392222642898
decision_type=2 10 2 2 2 2
left_child=2 4 -1 -4 -2 -5
right_child=1 -3 3 5 -6 -7
leaf_value=0.002795399123583433 0.0058437684237067182 0.038288441650711325 0 -0.025957875263781884 -0.0066087478479900609 0
leaf_weight=2.6961614489555386 3.7483476996421832 11.164353758096693 2.2790847122669247 23.142629891633995 4.3537265062332153 2.8955558240413621
leaf_count=13 18 53 11 112 21 14
internal_value=0 0.0271927 -0.018879 -0.0226995 0 -0.0247809
internal_weight=50.2799 19.2664 31.0134 28.3173 8.10207 26.0382
internal_count=242 92 150 137 39 126
is_linear=0
shrinkage=0.03


Tree=2
num_leaves=7
num_cat=0
split_feature=12 0 30 46 60 68
split_gain=43.6323 11.6394 4.84641 2.26698 0.837599 1.65889
threshold=0.50757575035095226 0.83333334326744091 0.13510000705718997 0.081586226820945754 0.0030000000260770325 752.01473999023449
decision_type=2 2 2 2 2 8
left_child=2 4 -1 -4 5 -2
right_child=1 -3 3 -5 -6 -7
leaf_value=0.00040382168253142445 0.012404943373305445 0.040136081063302229 0 -0.026638704756116589 -0.0050465309408682961 -0.0010431599104090518
leaf_weight=2.7010456621646908 2.0987531989812869 10.267803639173506 2.6956902295351055 23.109229847788811 4.5581865459680557 3.1323363780975342
leaf_count=13 10 48 13 113 22 15
internal_value=0 0.0271612 -0.0210703 -0.0244788 0 0.00501509
internal_weight=48.563 20.0571 28.506 25.8049 9.78928 5.23109
internal_count=234 95 139 126 47 25
is_linear=0
shrinkage=0.03


Tree=3
num_leaves=7
num_cat=0
split_feature=0 26 51 14 68 61
split_gain=39.6005 7.34695 2.90438 1.61448 0.954086 0.839797
threshold=2.1666666269302373 0.14372427761554721 -0.40721872448921198 12.842658996582033 697.16046142578136 0.00059999998484272521
decision_type=2 2 2 2 8 2
left_child=1 4 5 -2 -1 -3
right_child=3 2 -4 -5 -6 -7
leaf_value=0.0084700048234012237 0.038499077292065725 -0.025061071530062644 0 0 -0.00037909289318514041 0
leaf_weight=4.1954578310251209 8.0494354665279371 22.100886613130573 4.7392499148845699 2.2891882658004752 4.3609879761934289 4.4810273200273505
leaf_count=20 37 109 23 11 21 22
internal_value=0 -0.0143989 -0.0201585 0.0352691 0.00295269 -0.0230318
internal_weight=50.2162 39.8776 31.3212 10.3386 8.55645 26.5819
internal_count=243 195 154 48 41 131
is_linear=0
shrinkage=0.03


Tree=4
num_leaves=7
num_cat=0
split_feature=0 68 54 58 31 57
split_gain=36.9776 7.30143 4.21028 1.84437 1.86836 0.920657
threshold=2.1666666269302373 376.21420288085943 0.070939652621746077 0.00059999998484272521 0.2714486569166184 0.97159999608993541
decision_type=2 8 2 2 2 2
left_child=1 3 -3 4 -1 -4
right_child=-2 2 5 -5 -6 -7
leaf_value=0.015236819558304528 0.035051772177690788 0.00011528226962715637 -0.025280205426130024 -0.0038655251371461849 0 0
leaf_weight=3.5702687352895719 9.1837472766637784 2.080940634012225 22.632612735033039 5.7237129062414169 2.0352204144001007 2.4534423947334281
leaf_count=17 42 10 112 28 10 12
internal_value=0 -0.0141501 -0.0209016 0.00143586 0.00970211 -0.0238911
internal_weight=47.6799 38.4962 27.167 11.3292 5.60549 25.0861
internal_count=231 189 134 55 27 124
is_linear=0
shrinkage=0.03


Tree=5
num_leaves=7
num_cat=0
split_feature=12 58 30 4 46 33
split_gain=35.2749 9.92843 6.35256 1.92558 1.38667 0.367015
threshold=0.50757575035095226 0.016199999488890175 0.13510000705718997 0.0055944493506103763 0.079128284007310881 0.27271996438503271
decision_type=2 2 2 10 2 2
left_child=2 3 -1 5 -4 -2
right_child=1 -3 4 -5 -6 -7
leaf_value=0.0036410532703312825 0.0050267500059656247 -0.002794277464014179 0 0.037809172630988305 -0.023755709076269293 0
leaf_weight=3.1112549453973797 3.3446915447712007 3.7278138101100913 2.0513618141412762 11.040484189987181 23.704917937517166 2.055442288517952
leaf_count=15 16 18 10 50 119 10
internal_value=0.000305277 0.0254392 -0.0177381 0.0327458 -0.0222947 0.000668555
internal_weight=49.036 20.1684 28.8675 16.4406 25.7563 5.40013
internal_count=238 94 144 76 129 26
is_linear=0
shrinkage=0.03


Tree=6
num_leaves=6
num_cat=0
split_feature=0 32 51 58 39
split_gain=40.3816 7.40798 3.07112 2.20395 0.291672
threshold=2.1666666269302373 0.19966991245746615 -0.41610644757747645 0.003199999919161201 0.1012706905603409
decision_type=2 2 2 2 2
left_child=1 3 -3 4 -1
right_child=-2 2 -4 -5 -6
leaf_value=0.012778858548799175 0.035210327211635757 -0.024893309718929203 0 -0.0043960592309195351 0
leaf_weight=2.5402090400457364 10.516319021582602 22.695434480905533 4.9184762090444591 4.3253358453512192 2.0806051194667816
leaf_count=12 47 115 24 21 10
internal_value=0 -0.0153061 -0.0215676 0.00203671 0.0110502
internal_weight=47.0764 36.5601 27.6139 8.94615 4.62081
internal_count=229 182 139 43 22
is_linear=0
shrinkage=0.03


Tree=7
num_leaves=7
num_cat=0
split_feature=12 0 30 51 60 38
split_gain=34.28 6.92429 4.3957 4.21706 0.900166 0.822574
threshold=0.50757575035095226 0.83333334326744091 0.13510000705718997 -0.4306392222642898 0.00059999998484272521 0.15038478374481204
decision_type=2 2 2 2 2 2
left_child=2 4 -1 -4 5 -2
right_child=1 -3 3 -5 -6 -7
leaf_value=0.0013367694523864796 0.010366494924669919 0.036028510221102192 -0.023828616883269236 0 -0.0037872928316668789 0
leaf_weight=3.1133770197629955 2.5446640253067034 10.22125308215618 22.803275644779212 3.0438460558652833 4.1083113253116608 2.9003159552812576
leaf_count=15 12 45 117 15 20 14
internal_value=0.00102831 0.0259281 -0.0167246 -0.02034 0 0.00627309
internal_weight=48.735 19.7745 28.9605 25.8471 9.55329 5.44498
internal_count=238 91 147 132 46 26
is_linear=0
shrinkage=0.03


Tree=8
num_leaves=7
num_cat=0
split_feature=0 68 30 47 51 22
split_gain=37.2251 8.76303 3.97254 1.0261 0.62309 0.31597
threshold=2.1666666269302373 697.16046142578136 0.30031621456146246 0.087287481874227538 -0.41610644757747645 0.36635583639144903
decision_type=2 8 2 2 2 2
left_child=1 2 5 -3 -4 -1
right_child=-2 3 4 -5 -6 -7
leaf_value=0.014079651211822156 0.034140171403624735 0 -0.0094044392787148816 -0.024064111771247575 0 0
leaf_weight=4.8711041808128348 10.674720495939253 2.2795964926481274 6.8131487667560569 21.430496096611023 2.2510963678359976 2.0564863979816437
leaf_count=23 47 11 35 110 11 10
internal_value=0 -0.0137561 0.000748618 -0.0226391 -0.00697028 0.0125441
internal_weight=50.3766 39.7019 15.9918 23.7101 9.06425 6.92759
internal_count=247 200 79 121 46 33
is_linear=0
shrinkage=0.03


Tree=9
num_leaves=7
num_cat=0
split_feature=0 68 51 14 30 43
split_gain=29.3556 6.40552 3.04632 2.65044 1.78212 1.15907
threshold=2.1666666269302373 376.21420288085943 -0.40207976102828974 12.842658996582033 0.16601154953241351 0.16046787053346637
decision_type=2 8 2 2 2 2
left_child=1 4 5 -2 -1 -3
right_child=3 2 -4 -5 -6 -7
leaf_value=0.01000135444803932 0.033325415533596435 0 0 0 -0.0035186775808188674 -0.024386706825152187
leaf_weight=4.286080598831175 8.1314718723297101 2.2424675822258022 3.6783266216516521 2.1499038040637961 6.512107715010643 20.584935814142227
leaf_count=20 35 11 18 10 33 107
internal_value=0 -0.0135374 -0.019864 0.0295845 0.00119142 -0.0228541
internal_weight=47.5853 37.3039 26.5057 10.2814 10.7982 22.8274
internal_count=234 189 136 45 53 118
is_linear=0
shrinkage=0.03


Tree=10
num_leaves=6
num_cat=0
split_feature=12 58 30 34 51
split_gain=28.7687 5.46326 4.38535 3.32846 1.99175
threshold=0.50757575035095226 0.016199999488890175 0.13510000705718997 0.078262127935886397 -0.4306392222642898
decision_type=2 2 2 2 2
left_child=2 3 -1 -2 -4
right_child=1 -3 4 -5 -6
leaf_value=0.0010919320837085584 0 0 -0.024029467646811319 0.030924746506749579 0
leaf_weight=2.4929100275039699 2.486041039228442 3.5027804821729651 22.1786746531725 11.931539863348005 3.6399445384740785
leaf_count=12 12 17 117 53 18
internal_value=-0.000674317 0.0216289 -0.0183184 0.0271346 -0.0216493
internal_weight=46.2319 17.9204 28.3115 14.4176 25.8186
internal_count=229 82 147 65 135
is_linear=0
shrinkage=0.03


Tree=11
num_leaves=7
num_cat=0
split_feature=0 58 68 30 15 0
split_gain=29.234 7.10051 3.73481 1.80306 0.84871 0.731162
threshold=2.1666666269302373 0.00059999998484272521 697.16046142578136 0.31507937610149389 1.3445127010345461 3.5000000000000004
decision_type=2 2 8 2 2 2
left_child=1 2 3 -1 -4 -2
right_child=5 -3 4 -5 -6 -7
leaf_value=0.016529101506318217 0 -0.020920804548644489 -0.010043184847949437 0 0 0.033526892703953405
leaf_weight=4.7192963957786587 2.1568221896886817 18.341515153646469 7.1579375118017179 3.101705014705658 2.0060394108295441 8.715633958578108
leaf_count=22 10 96 37 16 10 37
internal_value=0.001244 -0.0115228 0.000394213 0.0116018 -0.00710276 0.031247
internal_weight=46.1989 35.3265 16.985 7.821 9.16398 10.8725
internal_count=228 181 85 38 47 47
is_linear=0
shrinkage=0.03


Tree=12
num_leaves=6
num_cat=0
split_feature=0 30 47 58 68
split_gain=32.1197 8.06981 8.30224 3.02273 1.0472
threshold=3.5000000000000004 0.14627855271101001 0.085297085344791426 0.018600000068545345 697.16046142578136
decision_type=2 2 2 2 8
left_child=1 3 -3 4 -1
right_child=-2 2 -4 -5 -6
leaf_value=0.016403123863806712 0.032911251518117128 0.0049079425162770361 -0.024740255122373246 -0.0051180948202227093 0
leaf_weight=3.7145887315273267 9.5108681917190534 3.3547627031803158 25.64752496778965 3.0322540402412415 2.4648781716823578
leaf_count=17 40 16 136 15 12
internal_value=0 -0.0126984 -0.0193933 0.00437975 0.0130315
internal_weight=47.7249 38.214 29.0023 9.21172 6.17947
internal_count=236 196 152 44 29
is_linear=0
shrinkage=0.03


Tree=13
num_leaves=6
num_cat=0
split_feature=12 60 58 55 11
split_gain=28.6465 7.11472 7.38796 1.19792 0.0234323
threshold=0.36666667461395269 0.31399999558925634 0.045199999585747726 0.14269554615020755 5.6070852279663095
decision_type=2 2 2 2 2
left_child=4 2 3 -2 -1
right_child=1 -3 -4 -5 -6
leaf_value=-0.020033675626939498 0.034163638223274381 -0.0029988938173050365 -0.0013648363176781285 0 0
leaf_weight=20.636703789234165 13.558761253952989 3.0504934936761847 2.5879501551389685 2.6640534251928321 1.9196726977825154
leaf_count=111 60 15 13 12 10
internal_value=0 0.0205896 0.0262106 0.0317406 -0.0194174
internal_weight=44.4176 21.8613 18.8108 16.2228 22.5564
internal_count=221 100 85 72 121
is_linear=0
shrinkage=0.03


Tree=14
num_leaves=7
num_cat=0
split_feature=12 0 30 45 60 68
split_gain=25.6827 8.63405 1.15889 1.30574 0.998433 1.85575
threshold=0.36666667461395269 0.83333334326744091 0.15509434044361117 0.066822595894336714 0.0030000000260770325 752.01473999023449
decision_type=2 2 2 2 2 8
left_child=2 4 -1 -4 5 -2
right_child=1 -3 3 -5 -6 -7
leaf_value=0 0.012188487241925984 0.029506029296431625 0 -0.0214703138988643 -0.0064517122307919299 -0.0021091568292379423
leaf_weight=1.9782930165529276 2.6199792623519915 12.019136130809782 1.9832900762558008 20.225680738687515 5.2282320410013199 3.5049198865890503
leaf_count=10 12 52 10 111 26 17
internal_value=0 0.0184819 -0.0185115 -0.0199024 0 0.00405177
internal_weight=47.5595 23.3723 24.1873 22.209 11.3531 6.1249
internal_count=238 107 131 121 55 29
is_linear=0
shrinkage=0.03


Tree=15
num_leaves=7
num_cat=0
split_feature=12 0 30 60 38 43
split_gain=32.9752 6.05546 3.60377 0.871372 0.770817 0.0562601
threshold=0.50757575035095226 0.83333334326744091 0.13510000705718997 0.0030000000260770325 0.15038478374481204 0.62658601999282848
decision_type=2 2 2 2 2 2
left_child=2 3 -1 4 -2 -4
right_child=1 -3 5 -5 -6 -7
leaf_value=0 0.0097686006806811561 0.032378849560244415 -0.021566499347209982 -0.004478535157637637 0 0
leaf_weight=2.9083873629570034 2.6245816648006457 11.712879776954649 23.664915636181835 3.6240786612033844 2.9124372601509094 1.940530240535735
leaf_count=14 12 49 130 18 14 10
internal_value=0 0.0236809 -0.0179172 0 0.00573476 -0.0209366
internal_weight=49.3878 20.874 28.5138 9.1611 5.53702 25.6054
internal_count=247 93 154 44 26 140
is_linear=0
shrinkage=0.03


Tree=16
num_leaves=7
num_cat=0
split_feature=0 12 31 60 25 50
split_gain=27.0289 6.12589 2.40136 2.1187 1.23067 0.215332
threshold=3.1666666269302373 0.80625000596046459 0.15461797267198565 0.00059999998484272521 0.92418843507766735 0.14968683570623401
decision_type=2 2 2 2 2 2
left_child=1 2 -1 5 -4 -3
right_child=-2 3 4 -5 -6 -7
leaf_value=0 0.030204087892850055 0.012042833336188399 -0.021553849340135246 -0.0041364253763305943 0 0
leaf_weight=2.9203182011842754 9.9119572490453702 3.707356244325636 21.882094979286197 4.2602438032627106 2.0845753699541083 2.577467754483223
leaf_count=15 41 17 120 21 11 12
internal_value=1.49406e-05 -0.0113966 -0.0176895 0.00252839 -0.020086 0.0104964
internal_weight=47.344 37.4321 26.887 10.5451 23.9667 6.28482
internal_count=237 196 146 50 131 29
is_linear=0
shrinkage=0.03


Tree=17
num_leaves=7
num_cat=0
split_feature=14 0 30 54 38 60
split_gain=26.5106 6.06221 5.43957 1.86345 0.989441 0.970997
threshold=7.1417174339294442 1.1666666865348818 0.15509434044361117 0.082879345864057555 0.092824693769216551 0.0030000000260770325
decision_type=2 2 2 2 2 2
left_child=1 4 -2 -4 5 -1
right_child=2 -3 3 -5 -6 -7
leaf_value=0.010484828602316009 0.0023579211572584045 0.031234550024678946 0 -0.022831909162244538 -0.0053467347506715819 0
leaf_weight=2.4371283948421496 4.1246937513351467 9.9606472700834257 2.6108155548572567 21.337618410587311 3.8927557766437531 2.4693802446126938
leaf_count=11 20 41 13 120 19 12
internal_value=0 0.0220771 -0.016078 -0.0207799 0 0.00575286
internal_weight=46.833 18.7599 28.0731 23.9484 8.79926 4.90651
internal_count=236 83 153 133 42 23
is_linear=0
shrinkage=0.03


Tree=18
num_leaves=7
num_cat=0
split_feature=12 58 48 47 61 35
split_gain=24.7722 7.4634 2.8437 2.12757 1.09456 0.915616
threshold=0.36666667461395269 0.016199999488890175 0.13498388230800631 0.16693903505802157 0.0014000000082887711 0.1045847423374653
decision_type=2 2 2 2 2 2
left_child=3 2 5 -1 -5 -2
right_child=1 -3 -4 4 -6 -7
leaf_value=0 0 -0.0023750983665997037 0 -0.020219981697865572 0 0.03232743503569898
leaf_weight=3.813745558261874 2.7603103518486121 3.6197072118520728 2.2149334698915473 15.704240992665293 3.1270563453435889 13.992957487702368
leaf_count=20 13 18 10 90 17 60
internal_value=0.0025697 0.0214906 0.0273638 -0.0152673 -0.0181752 0.0301071
internal_weight=45.233 22.5879 18.9682 22.645 18.8313 16.7533
internal_count=228 101 83 127 107 73
is_linear=0
shrinkage=0.03


Tree=19
num_leaves=7
num_cat=0
split_feature=12 58 32 51 60 58
split_gain=27.5727 5.79503 4.0947 1.37661 1.0601 0.411288
threshold=0.50757575035095226 0.045199999585747726 0.19966991245746615 -0.41610644757747645 0.10199999809265138 0.003199999919161201
decision_type=2 2 2 2 2 2
left_child=2 4 5 -4 -2 -1
right_child=1 -3 3 -5 -6 -7
leaf_value=0.0055140020967351013 0.030089850635445742 -0.00075843869420833682 -0.020818474579205833 0 0 0
leaf_weight=2.5427768826484707 15.4045239686966 2.39664202928543 20.068362921476371 3.8513175994157747 2.2152983099222174 2.1159725338220596
leaf_count=12 66 12 116 20 10 11
internal_value=0.00155793 0.0236851 -0.014507 -0.018646 0.0282531 0.000873863
internal_weight=48.5949 20.0165 28.5784 23.9197 17.6198 4.65875
internal_count=247 88 159 136 76 23
is_linear=0
shrinkage=0.03


Tree=20
num_leaves=7
num_cat=0
split_feature=0 68 60 26 30 51
split_gain=22.974 6.80353 4.57426 1.13241 0.637601 0.465661
threshold=2.1666666269302373 667.86233520507824 0.0061999999452382335 0.14372427761554721 0.34000758826732641 -0.43886667490005488
decision_type=2 8 2 2 2 2
left_child=1 2 4 -3 -1 -4
right_child=-2 3 5 -5 -6 -7
leaf_value=0.017326145912581522 0.029157989039933462 0 -0.0085860438614137734 -0.019807199858686151 0 0
leaf_weight=3.9390740841627103 10.679425880312918 2.8383704274892834 5.4735172837972641 16.587140098214149 2.8980162888765335 2.4082448333501816
leaf_count=18 44 14 29 95 16 12
internal_value=0.00273026 -0.00890912 0.00295183 -0.0178842 0.0146439 -0.00635254
internal_weight=44.8238 34.1444 14.7189 19.4255 6.83709 7.88176
internal_count=228 184 75 109 34 41
is_linear=0
shrinkage=0.03


Tree=21
num_leaves=7
num_cat=0
split_feature=0 68 54 30 17 58
split_gain=21.9398 7.20762 3.76873 2.20709 1.12986 0.101684
threshold=1.8333333134651186 376.21420288085943 0.069159060716629042 0.30031621456146246 0.67644217610359203 0.022200000472366813
decision_type=2 8 2 2 2 2
left_child=1 3 -3 -1 -2 -5
right_child=4 2 -4 5 -6 -7
leaf_value=0.01191323048028798 0.02764271348568639 0.00010439524024476492 -0.022163571845331735 -0.004050870023740002 0 0
leaf_weight=4.7668525576591474 9.575196444988249 2.0755352377891567 21.434709221124649 3.6565929651260376 2.2322468012571326 2.0186318904161453
leaf_count=22 40 10 120 20 10 11
internal_value=0 -0.0114923 -0.0189627 0.00344059 0.0252839 -0.00290829
internal_weight=45.7598 33.9523 23.5102 10.4421 11.8074 5.67522
internal_count=233 183 130 53 50 31
is_linear=0
shrinkage=0.03


Tree=22
num_leaves=7
num_cat=0
split_feature=12 0 68 54 68 45
split_gain=19.158 6.93537 2.2239 1.1262 0.495725 0.322638
threshold=0.50757575035095226 0.83333334326744091 376.21420288085943 0.079683117568492903 262.56336975097662 0.071773942559957518
decision_type=2 2 8 2 8 2
left_child=2 4 -1 -4 -2 -6
right_child=1 -3 3 -5 5 -7
leaf_value=0 0.0029312370078087161 0.027903420692565666 0 -0.019263312202847761 0 -0.0067589549236700634
leaf_weight=6.3459699749946621 3.2116040140390405 10.82071331143379 1.9609125405550027 17.725071281194687 2.3246658742427835 3.6375578790903091
leaf_count=34 15 44 10 104 11 18
internal_value=0 0.0182309 -0.0142073 -0.0176754 0 -0.00456497
internal_weight=46.0265 19.9945 26.032 19.686 9.17383 5.96222
internal_count=236 88 148 114 44 29
is_linear=0
shrinkage=0.03


Tree=23
num_leaves=7
num_cat=0
split_feature=12 5 4 68 45 51
split_gain=19.3184 6.14388 2.5476 1.93741 1.08522 0.106236
threshold=0.30952382087707525 0.044748857617378242 0.0079052620567381399 376.21420288085943 0.071773942559957518 -0.40721872448921198
decision_type=2 2 10 8 2 2
left_child=3 4 -3 -1 -2 -5
right_child=1 2 -4 5 -6 -7
leaf_value=0 0.0048160015982534679 0 0.028554604184442476 -0.019483757099446698 -0.0065546340980311363 0
leaf_weight=5.0880767107009914 3.8909754306077975 1.8884993195533741 12.150949522852896 13.806468114256859 5.2342580258846283 1.8783052861690492
leaf_count=28 18 10 50 84 26 10
internal_value=0.000965566 0.0175706 0.0256112 -0.0152941 0 -0.0186583
internal_weight=43.9375 23.1647 14.0394 20.7729 9.12523 15.6848
internal_count=226 104 60 122 44 94
is_linear=0
shrinkage=0.03


Tree=24
num_leaves=7
num_cat=0
split_feature=12 58 60 47 48 31
split_gain=19.4294 9.73764 4.00355 2.19721 1.52132 1.22067
threshold=0.30952382087707525 0.016199999488890175 0.31399999558925634 0.13558906316757205 0.13498388230800631 0.12636836245656016
decision_type=2 2 2 2 2 2
left_child=3 2 4 -1 -2 -5
right_child=1 -3 -4 5 -6 -7
leaf_value=0 0.029573727480454597 -0.0065288805925076037 0 0 0 -0.019566112228635586
leaf_weight=2.810710325837138 16.764681667089473 4.4864066094160071 2.2857148647308341 1.9198084175586725 2.7344414591789237 17.053293436765671
leaf_count=15 72 23 11 10 12 103
internal_value=0.00120347 0.0168431 0.0240838 -0.0151351 0.0273335 -0.0178759
internal_weight=48.0551 26.2712 21.7848 21.7838 19.4991 18.9731
internal_count=246 118 95 128 84 113
is_linear=0
shrinkage=0.03


Tree=25
num_leaves=7
num_cat=0
split_feature=0 47 26 19 47 30
split_gain=20.4968 4.63572 2.78103 1.08998 0.46323 0.00589604
threshold=2.1666666269302373 0.085297085344791426 0.19107947498559955 0.57748931646347057 0.71306163072586071 0.3811661303043366
decision_type=2 2 2 2 2 2
left_child=1 5 4 -2 -3 -1
right_child=3 2 -4 -5 -6 -7
leaf_value=0.0039911651271164689 0.025807050246875667 -0.0040644672686994633 -0.020130146338088434 0 0.0035595128263896506 0
leaf_weight=2.2247208505868903 9.2969227880239469 4.30622147023678 22.233856588602066 2.2512658238410941 4.25157330930233 2.0365780889987946
leaf_count=10 38 22 131 10 20 10
internal_value=0 -0.0120817 -0.0160889 0.0234712 0 0.00364452
internal_weight=46.6011 35.053 30.7917 11.5482 8.55779 4.2613
internal_count=241 193 173 48 42 20
is_linear=0
shrinkage=0.03


Tree=26
num_leaves=7
num_cat=0
split_feature=0 30 58 54 14 42
split_gain=22.4261 4.88102 2.31819 1.47075 0.952392 0.662165
threshold=2.1666666269302373 0.15509434044361117 0.0042000000830739745 0.073367144912481322 12.842658996582033 0.31249549984931951
decision_type=2 2 2 2 2 2
left_child=1 2 5 -3 -2 -1
right_child=4 3 -4 -5 -6 -7
leaf_value=0.012237060966953556 0.025844840445917554 0 -0.0068825744169349447 -0.021113490378783552 0 0
leaf_weight=3.566153407096861 9.4459254592657071 2.7727173119783428 3.739725336432457 20.896706208586693 2.3687579631805411 2.3528886884450912
leaf_count=16 38 14 19 125 11 11
internal_value=-0.000297067 -0.013636 0 -0.019229 0.0235825 0.00949613
internal_weight=45.1429 33.3282 9.65877 23.6694 11.8147 5.91904
internal_count=234 185 46 139 49 27
is_linear=0
shrinkage=0.03


Tree=27
num_leaves=7
num_cat=0
split_feature=14 60 30 51 24 52
split_gain=15.0816 3.60492 2.9238 3.11155 1.68366 0.200118
threshold=7.1417174339294442 0.31399999558925634 0.15509434044361117 -0.4306392222642898 0.5095026195049287 -0.52933478355407704
decision_type=2 2 2 2 2 2
left_child=1 4 5 -4 -1 -2
right_child=2 -3 3 -5 -6 -7
leaf_value=0.025094603819019998 0 0 -0.017770607171185837 0 0 0.0043906018529000319
leaf_weight=14.409236028790479 2.016239657998085 2.0238479971885672 17.597176656126983 4.339031264185901 2.0930893868207923 2.1344506591558483
leaf_count=61 10 10 108 22 10 10
internal_value=0.00262157 0.0192873 -0.00961625 -0.0136089 0.0228654 0.00195011
internal_weight=44.6131 18.5262 26.0869 21.9362 16.5023 4.15069
internal_count=231 81 150 130 71 20
is_linear=0
shrinkage=0.03


Tree=28
num_leaves=7
num_cat=0
split_feature=0 68 30 44 58 44
split_gain=19.7452 5.67992 2.2348 1.0358 1.03341 0.29223
threshold=2.1666666269302373 667.86233520507824 0.30031621456146246 0.65886381268501293 0.0042000000830739745 0.085288736969232573
decision_type=2 8 2 2 2 2
left_child=1 2 4 5 -1 -3
right_child=-2 3 -4 -5 -6 -7
leaf_value=0.01364118781729377 0.02475718415824929 0 -0.0045486123024385452 0 0 -0.020887971427289879
leaf_weight=4.2099162787199003 11.233585849404333 2.7471640557050767 6.5123389363288879 1.9965194165706623 2.0449399948120117 15.263851776719092
leaf_count=19 46 15 37 10 10 92
internal_value=0.000267545 -0.0105491 0.00139736 -0.0180971 0.0102691 -0.0195992
internal_weight=44.0083 32.7747 12.7672 20.0075 6.25486 18.011
internal_count=229 183 66 117 29 107
is_linear=0
shrinkage=0.03


Tree=29
num_leaves=7
num_cat=0
split_feature=0 58 28 60 19 62
split_gain=19.2424 4.86298 3.23343 1.54812 0.609634 0.229328
threshold=2.1666666269302373 0.00059999998484272521 0.520310938358307 0.0030000000260770325 0.57748931646347057 0.55140000581741344
decision_type=2 2 2 2 2 2
left_child=1 2 3 -1 -2 -3
right_child=4 5 -4 -5 -6 -7
leaf_value=0.013364420150122357 0.025990107535395816 -0.019692273605782469 -0.0086732112524572063 0 0 0
leaf_weight=6.9793102443218249 9.6343343108892423 13.725381657481192 6.8928675651550284 3.2367542684078217 2.5090159624814978 1.8178133517503727
leaf_count=33 39 83 41 17 11 10
internal_value=0.000489449 -0.0104045 0 0.00900502 0.0239618 -0.0187645
internal_weight=44.7955 32.6521 17.1089 10.2161 12.1434 15.5432
internal_count=234 184 91 50 50 93
is_linear=0
shrinkage=0.03


Tree=30
num_leaves=7
num_cat=0
split_feature=12 60 68 51 30 61
split_gain=17.5698 5.56511 4.21328 1.32798 1.04169 0.489972
threshold=0.36666667461395269 0.34340000152587896 752.01473999023449 -0.41610644757747645 0.14627855271101001 0.0022000001044943933
decision_type=2 2 8 2 2 2
left_child=3 2 -2 4 -1 -6
right_child=1 -3 -4 -5 5 -7
leaf_value=0 0.027513359537521216 -0.0035434539949132245 0 0 -0.019681804973985379 0
leaf_weight=1.9582694321870864 13.052180528640752 2.5332944542169562 6.7731166034936896 2.592751517891883 14.732437640428545 1.6896506994962681
leaf_count=10 55 13 31 14 96 10
internal_value=0.000149493 0.0164975 0.0213995 -0.0150409 -0.0170003 -0.0185987
internal_weight=43.3317 22.3586 19.8253 20.9731 18.3804 16.4221
internal_count=229 99 86 130 116 106
is_linear=0
shrinkage=0.03


Tree=31
num_leaves=7
num_cat=0
split_feature=68 60 58 11 32 44
split_gain=17.0279 8.06367 5.6003 3.72898 1.42933 0.647369
threshold=697.16046142578136 0.31399999558925634 0.011799999978393318 5.6070852279663095 0.35494966804981237 0.65886381268501293
decision_type=8 2 2 2 2 2
left_child=1 2 4 5 -1 -2
right_child=3 -3 -4 -5 -6 -7
leaf_value=0.031740975891344489 -0.020189784370686192 -0.0049946529375144563 0 0.0012156279618387386 0 0
leaf_weight=11.316936418414121 16.944823861122138 4.7830499410629264 4.1061680018901816 2.8078447729349127 3.3827892690896979 2.2393876165151587
leaf_count=47 102 26 23 14 18 11
internal_value=0 0.015683 0.0229332 -0.0148591 0.0285907 -0.0188782
internal_weight=45.581 23.5889 18.8059 21.9921 14.6997 19.1842
internal_count=241 114 88 127 65 113
is_linear=0
shrinkage=0.03


Tree=32
num_leaves=7
num_cat=0
split_feature=0 68 54 30 58 41
split_gain=19.4606 5.07918 3.35742 2.65287 1.6721 0.489359
threshold=1.8333333134651186 376.21420288085943 0.069159060716629042 0.30031621456146246 0.009599999990314247 0.13520091027021411
decision_type=2 8 2 2 2 2
left_child=1 3 -3 5 -2 -1
right_child=4 2 -4 -5 -6 -7
leaf_value=0.013440636258978745 0.025849449168526484 0 -0.020676754411894097 -0.0056135364908258085 0 0
leaf_weight=3.1866227984428388 10.570652678608893 2.0927711278200176 20.015033975243568 5.2563701272010803 2.0039370954036704 2.1277711689472198
leaf_count=14 43 10 122 30 10 10
internal_value=0 -0.0111167 -0.01748 0.00130288 0.0232855 0.0112602
internal_weight=45.2532 32.6786 22.1078 10.5708 12.5746 5.31439
internal_count=239 186 132 54 53 24
is_linear=0
shrinkage=0.03


Tree=33
num_leaves=6
num_cat=0
split_feature=0 54 61 43 48
split_gain=15.873 6.0223 6.26077 1.20433 1.1906
threshold=3.5000000000000004 0.069159060716629042 1.0000000180025095e-35 0.15180068463087085 -0.18684633076190946
decision_type=2 2 2 2 2
left_child=1 -1 3 -3 -4
right_child=-2 2 4 -5 -6
leaf_value=0.010159191534960053 0.024787564996060735 0 0.0097204671995581513 -0.020151742919077158 -0.00078312476701566621
leaf_weight=2.9020964205265036 9.4416916370391828 1.8431629836559356 3.1319516003131866 22.291309699416161 4.5997627824544898
leaf_count=13 38 9 15 136 24
internal_value=0.00163086 -0.00744954 -0.0125299 -0.0187726 0.00317032
internal_weight=44.21 34.7683 31.8662 24.1345 7.73171
internal_count=235 197 184 145 39
is_linear=0
shrinkage=0.03


Tree=34
num_leaves=7
num_cat=0
split_feature=0 23 12 54 57 68
split_gain=17.7841 3.95045 1.77065 1.55857 1.51889 0.711328
threshold=1.8333333134651186 0.10477542132139207 0.36666667461395269 0.079683117568492903 0.99360001087188732 376.21420288085943
decision_type=2 2 2 2 2 8
left_child=1 5 -2 -3 -5 -1
right_child=2 3 -4 4 -6 -7
leaf_value=0.0071238783108554197 0 0 0.024230295509171561 -0.020025916329491751 0 -0.00077095492447767249
leaf_weight=3.115544959902766 1.8239212185144413 3.3256472945213345 10.394685164093969 19.716140434145931 1.6957198828458775 3.1775912642478943
leaf_count=14 10 17 42 125 9 17
internal_value=0 -0.0117091 0.0216145 -0.0162276 -0.0183267 0.00142847
internal_weight=43.2493 31.0306 12.2186 24.7375 21.4119 6.29314
internal_count=234 182 52 151 134 31
is_linear=0
shrinkage=0.03


Tree=35
num_leaves=7
num_cat=0
split_feature=0 68 60 47 4 22
split_gain=15.177 5.15424 4.18833 1.9052 0.725793 0.690229
threshold=2.1666666269302373 697.16046142578136 0.0030000000260770325 0.085297085344791426 0.0050959466025233277 0.61340612173080455
decision_type=2 8 2 2 8 2
left_child=1 2 5 -3 -5 -1
right_child=-2 3 -4 4 -6 -7
leaf_value=0.015374537104362608 0.022660852980128834 0 -0.007183393241893858 0 -0.020090341930166608 0
leaf_weight=5.3014783561229688 10.432367190718649 2.9135797321796444 6.7284083515405655 1.5513715296983743 15.030247420072554 1.7971177697181699
leaf_count=25 43 14 37 10 98 11
internal_value=0.000586561 -0.00857492 0.00193716 -0.0161939 -0.0188545 0.0132364
internal_weight=43.7546 33.3222 13.827 19.4952 16.5816 7.0986
internal_count=238 195 73 122 108 36
is_linear=0
shrinkage=0.03


Tree=36
num_leaves=7
num_cat=0
split_feature=0 54 61 46 43 14
split_gain=15.0225 5.16595 4.78769 1.40531 1.03784 0.97462
threshold=2.1666666269302373 0.069159060716629042 1.0000000180025095e-35 0.20967218279838565 0.15180068463087085 12.842658996582033
decision_type=2 2 2 2 2 2
left_child=1 -1 4 -4 -3 -2
right_child=5 2 3 -5 -6 -7
leaf_value=0.0076233564447442019 0.02378553722271412 0 -0.0039616051606366871 0.008513675124260019 -0.020070831877893078 0
leaf_weight=3.0690293163061133 9.4057339429855329 1.9863718003034652 3.4429590255022031 4.6371147334575653 21.156957119703293 2.3944739252328864
leaf_count=14 38 10 18 23 134 11
internal_value=0.000352192 -0.00879426 -0.0133213 0.000628313 -0.018722 0.0215261
internal_weight=46.0926 34.2924 31.2234 8.08007 23.1433 11.8002
internal_count=248 199 185 41 144 49
is_linear=0
shrinkage=0.03


Tree=37
num_leaves=7
num_cat=0
split_feature=0 68 60 4 47 57
split_gain=17.4048 5.37417 4.10994 1.61824 1.58595 0.457027
threshold=2.1666666269302373 667.86233520507824 0.0030000000260770325 0.0075805915985256442 0.085297085344791426 0.99900001287460338
decision_type=2 8 2 8 2 2
left_child=1 2 3 -1 -3 -6
right_child=-2 4 -4 -5 5 -7
leaf_value=0 0.024325825920951612 0 -0.0069439459254410675 0.016724368551671465 -0.01958567942861458 0
leaf_weight=1.6154772788286189 12.152602314949034 2.2770621925592449 6.7011603862047195 5.9881163239479065 14.540557324886322 1.6059074848890311
leaf_count=9 50 11 38 29 97 9
internal_value=0.0023559 -0.00818162 0.0022394 0.0130882 -0.016325 -0.0185555
internal_weight=44.8809 32.7283 14.3048 7.60359 18.4235 16.1465
internal_count=243 193 76 38 117 106
is_linear=0
shrinkage=0.03


Tree=38
num_leaves=7
num_cat=0
split_feature=12 4 54 33 26 60
split_gain=12.0478 4.25386 1.51406 1.1072 0.756768 0.753566
threshold=0.50757575035095226 0.0055944493506103763 0.079683117568492903 0.23355001211166385 0.14372427761554721 0.00059999998484272521
decision_type=2 10 2 2 2 2
left_child=2 5 -1 -4 -5 -2
right_child=1 -3 3 4 -6 -7
leaf_value=0 0.0032309158566857167 0.02082857184378745 0 0 -0.017663464332849019 -0.0060817940399514516
leaf_weight=2.0836039334535625 4.2992560416460055 11.606465160846708 1.8837810605764413 2.0581932961940792 16.725061818957329 4.3002883940935135
leaf_count=11 20 48 12 11 112 22
internal_value=0 0.013549 -0.0127187 -0.0147374 -0.0163103 0
internal_weight=42.9566 20.206 22.7506 20.667 18.7833 8.59954
internal_count=236 90 146 135 123 42
is_linear=0
shrinkage=0.03


Tree=39
num_leaves=5
num_cat=0
split_feature=0 54 43 33
split_gain=20.4165 3.83178 3.31574 1.07701
threshold=2.1666666269302373 0.069159060716629042 0.15180068463087085 0.23355001211166385
decision_type=2 2 2 2
left_child=1 -1 -3 -4
right_child=-2 2 3 -5
leaf_value=0.0033715724645967762 0.023625100178405075 0.00036263443949117178 0 -0.01996246103037488
leaf_weight=2.3927389830350902 11.845616698265074 2.624737665057185 2.2199618667364147 23.729807361960411
leaf_count=11 49 13 14 149
internal_value=0 -0.012284 -0.0156845 -0.018626
internal_weight=42.8129 30.9672 28.5745 25.9498
internal_count=236 187 176 163
is_linear=0
shrinkage=0.03


Tree=40
num_leaves=5
num_cat=0
split_feature=0 61 51 30
split_gain=17.4335 3.09399 0.817644 0.524367
threshold=2.1666666269302373 1.0000000180025095e-35 -0.40207976102828974 0.3257004469633103
decision_type=2 2 2 2
left_child=1 2 -1 -3
right_child=-2 3 -4 -5
leaf_value=-0.018855687989673003 0.020743343440234839 0.0052014012989444044 0 -0.0025779985520356483
leaf_weight=17.979177996516231 11.52743639051914 4.1968647241592398 4.089989289641383 3.2168732583522797
leaf_count=119 48 19 22 19
internal_value=0 -0.0127587 -0.0169483 0
internal_weight=41.0103 29.4829 22.0692 7.41374
internal_count=227 179 141 38
is_linear=0
shrinkage=0.03


Tree=41
num_leaves=7
num_cat=0
split_feature=0 31 54 14 41 58
split_gain=11.3283 2.92132 2.70814 1.8812 1.44031 1.06818
threshold=1.8333333134651186 0.19510143250226977 0.069159060716629042 13.221588611602785 0.10711032897233964 0.01060000015422702
decision_type=2 2 2 2 2 2
left_child=1 4 -3 -2 5 -1
right_child=3 2 -4 -5 -6 -7
leaf_value=0.012476524564805479 0.021931692809256154 0.00078816811542074773 -0.016344067754613206 0 -0.0035871038421481328 0
leaf_weight=3.471898019313814 9.9523580670356733 1.8767191469669366 17.67197784781456 2.2817303687334052 4.156615749001503 1.6854130774736402
leaf_count=16 41 9 117 11 22 10
internal_value=0.00111009 -0.00778355 -0.0129587 0.0188544 0.00105741 0.00865615
internal_weight=41.0967 28.8626 19.5487 12.2341 9.31393 5.15731
internal_count=226 174 126 52 48 26
is_linear=0
shrinkage=0.03


Tree=42
num_leaves=7
num_cat=0
split_feature=0 68 60 58 19 4
split_gain=9.54088 4.58961 3.93977 1.62794 0.58156 0.757856
threshold=3.5000000000000004 752.01473999023449 0.0030000000260770325 0.01480000000447035 0.058061653748154647 0.0054832310415804395
decision_type=2 8 2 2 2 8
left_child=1 2 3 -1 -3 -6
right_child=-2 4 -4 -5 5 -7
leaf_value=0.016253906659702354 0.018443890107725968 0 -0.0069888176340567191 0 0 -0.018056627928609036
leaf_weight=5.9278090298175794 8.0414953827857953 1.9116627871990228 7.5921600162982941 1.8346931040287016 1.4269433766603441 13.706547424197197
leaf_count=28 33 10 43 12 10 91
internal_value=0 -0.00760074 0.0014899 0.0124264 -0.0155313 -0.0167449
internal_weight=40.4413 32.3998 15.3547 7.7625 17.0452 15.1335
internal_count=227 194 83 40 111 101
is_linear=0
shrinkage=0.03


Tree=43
num_leaves=7
num_cat=0
split_feature=0 68 47 60 58 57
split_gain=9.92802 4.67139 1.99536 1.79137 1.52844 0.721177
threshold=1.8333333134651186 529.38558959960949 0.085297085344791426 0.0030000000260770325 0.009599999990314247 0.97799998521804821
decision_type=2 8 2 2 2 2
left_child=1 3 -3 -1 -2 -4
right_child=4 2 5 -5 -6 -7
leaf_value=0.010662433790885429 0.02069593334350674 0 -0.018666997242387511 -0.0022583497407303787 0 0
leaf_weight=5.7022129446268099 9.9040358513593656 2.6673955768346813 13.736357212066647 5.35793437063694 2.1068564653396598 1.4198072552680976
leaf_count=29 41 13 97 30 11 9
internal_value=0.00131286 -0.00694079 -0.0144706 0.00345393 0.018023 -0.0174066
internal_weight=40.8946 28.8837 17.8236 11.0601 12.0109 15.1562
internal_count=230 178 119 59 52 106
is_linear=0
shrinkage=0.03


Tree=44
num_leaves=7
num_cat=0
split_feature=12 1 30 51 60 68
split_gain=10.9933 4.35688 1.39932 1.29222 1.0318 1.38891
threshold=0.50757575035095226 0.83333334326744091 0.13510000705718997 -0.40207976102828974 0.00059999998484272521 752.01473999023449
decision_type=2 2 2 2 2 8
left_child=2 4 -1 -4 5 -2
right_child=1 -3 3 -5 -6 -7
leaf_value=0 0.011151669564727275 0.021927765952853763 -0.015907750292146552 0 -0.0064459222129699244 -0.00071621369310074655
leaf_weight=2.701807543635371 2.6071659177541751 10.617094874382017 15.040583387017254 2.5725948512554142 4.5397791862487793 3.038537859916687
leaf_count=14 11 44 107 15 24 15
internal_value=0.000491878 0.0139474 -0.0113631 -0.0136881 0 0.00455413
internal_weight=41.1176 20.8026 20.315 17.6132 10.1855 5.6457
internal_count=230 94 136 122 50 26
is_linear=0
shrinkage=0.03


Tree=45
num_leaves=7
num_cat=0
split_feature=12 58 60 51 61 32
split_gain=15.79 4.86097 3.27768 1.53532 0.75693 0.602892
threshold=0.30952382087707525 0.045199999585747726 0.1418000012636185 -0.40207976102828974 0.0018000000272877517 0.35494966804981237
decision_type=2 2 2 2 2 2
left_child=3 2 5 4 -1 -2
right_child=1 -3 -4 -5 -6 -7
leaf_value=-0.01770457418885393 0.025771964328348794 -0.002102466908405042 0 0 0 0
leaf_weight=12.75236749649048 16.116144433617603 3.0340319126844397 2.6792514175176612 2.3603676110506049 2.3218263536691657 3.0173408091068259
leaf_count=93 69 18 14 14 14 14
internal_value=0.00274592 0.0165429 0.0208681 -0.0135926 -0.0160393 0.0240162
internal_weight=42.2813 24.8468 21.8127 17.4346 15.0742 19.1335
internal_count=236 115 97 121 107 83
is_linear=0
shrinkage=0.03


Tree=46
num_leaves=7
num_cat=0
split_feature=0 26 54 58 54 19
split_gain=11.0427 4.22359 1.71695 1.39437 0.509337 0.449175
threshold=1.8333333134651186 0.20956973731517795 0.069159060716629042 0.003199999919161201 0.76592186093330394 0.57748931646347057
decision_type=2 2 2 2 2 2
left_child=1 3 -3 -1 -4 -2
right_child=5 2 4 -5 -6 -7
leaf_value=0.0096684575870430167 0.021063935502704981 0 -0.016741971575783339 -0.0015340892529623039 0 0
leaf_weight=6.2238481491804141 10.110609605908392 1.8448572307825113 15.677500031888487 3.5193856805562973 2.5496703237295142 2.3018741756677619
leaf_count=29 43 9 109 20 17 10
internal_value=0.00225683 -0.00650701 -0.0131417 0.00385548 -0.0154511 0.0194957
internal_weight=42.2277 29.8153 20.072 9.74323 18.2272 12.4125
internal_count=237 184 135 49 126 53
is_linear=0
shrinkage=0.03


Tree=47
num_leaves=7
num_cat=0
split_feature=12 0 68 60 68 47
split_gain=12.1702 5.40017 1.19247 0.305688 1.06548 0.230423
threshold=0.36666667461395269 0.83333334326744091 606.43356323242199 0.00059999998484272521 752.01473999023449 0.16693903505802157
decision_type=2 2 8 2 8 2
left_child=2 3 -1 4 -2 -4
right_child=1 -3 5 -5 -6 -7
leaf_value=0 0.0088045627831424972 0.02362637491094061 0 -0.0039357178012180355 -0.0016258529058739231 -0.015040138123824364
leaf_weight=6.1134869754314449 2.6008535623550433 13.339233517646788 1.7109432518482197 4.3218362927436829 3.3849252164363861 10.187938131392
leaf_count=38 11 57 11 23 17 79
internal_value=0.00311352 0.0155806 -0.0108308 0 0.00182557 -0.014109
internal_weight=41.6592 23.6468 18.0124 10.3076 5.98578 11.8989
internal_count=236 108 128 51 28 90
is_linear=0
shrinkage=0.03


Tree=48
num_leaves=7
num_cat=0
split_feature=0 68 54 60 43 32
split_gain=14.2368 3.45496 2.15869 1.6836 1.2108 0.117828
threshold=2.1666666269302373 376.21420288085943 0.069159060716629042 0.0061999999452382335 0.15180068463087085 0.27426053583621984
decision_type=2 8 2 2 2 2
left_child=1 3 -3 5 -4 -1
right_child=-2 2 4 -5 -6 -7
leaf_value=0.0099652452439913091 0.02001613992160671 0 0 -0.0047856326315435576 -0.019572775224632192 0
leaf_weight=2.9079733639955538 11.997996836900709 1.6852666586637521 1.8996087759733224 4.8329044282436371 16.472442552447319 2.1976053714752197
leaf_count=13 51 8 10 28 118 13
internal_value=0 -0.0100001 -0.0153789 0.000114645 -0.0178616 0.00882261
internal_weight=41.9938 29.9958 20.0573 9.93848 18.3721 5.10558
internal_count=241 190 136 54 128 26
is_linear=0
shrinkage=0.03


Tree=49
num_leaves=7
num_cat=0
split_feature=0 26 51 58 58 60
split_gain=11.0479 3.99293 2.03217 1.30924 1.13855 0.700234
threshold=1.8333333134651186 0.20956973731517795 -0.41610644757747645 0.016199999488890175 0.01060000015422702 0.026600000448524955
decision_type=2 2 2 2 2 2
left_child=1 3 -3 5 -2 -1
right_child=4 2 -4 -5 -6 -7
leaf_value=0.011903015401824472 0.020958434191556897 -0.016405210193599872 0 -0.0015986225842637609 0 0
leaf_weight=4.3806841969490069 11.88268621265888 15.475878663361074 4.4951549470424643 2.8509287610650063 1.8462111800909031 1.8823926597833631
leaf_count=19 50 112 25 17 10 10
internal_value=0.00253678 -0.00658643 -0.0129515 0.00370091 0.0190236 0.00930224
internal_weight=42.8139 29.085 19.971 9.11401 13.7289 6.26308
internal_count=243 183 137 46 60 29
is_linear=0
shrinkage=0.03


Tree=50
num_leaves=7
num_cat=0
split_feature=0 68 14 54 47 43
split_gain=11.8971 3.62706 1.77473 0.699799 0.389241 0.199708
threshold=1.8333333134651186 313.60475158691412 13.560840129852297 0.57661253213882457 0.077529683709144606 0.42962278425693518
decision_type=2 8 2 2 2 2
left_child=1 3 -2 5 -3 -1
right_child=2 4 -4 -5 -6 -7
leaf_value=-0.0039754930351529501 0.019875553259768943 0 0 0.0069889346644144311 -0.017236770937479957 0
leaf_weight=2.8007390648126629 9.4506210088729841 1.4462811946868921 1.8292251378297795 2.5380560457706451 17.701991267502308 1.8597851544618604
leaf_count=16 40 7 10 12 124 9
internal_value=0 -0.0112754 0.0169121 0.000548675 -0.0164422 -0.00124083
internal_weight=37.6267 26.3469 11.2798 7.19858 19.1483 4.66052
internal_count=218 168 50 37 131 25
is_linear=0
shrinkage=0.03


Tree=51
num_leaves=6
num_cat=0
split_feature=12 4 30 51 60
split_gain=9.55297 4.20284 3.55568 2.27132 0.571986
threshold=0.50757575035095226 0.0055944493506103763 0.13510000705718997 -0.41610644757747645 0.00059999998484272521
decision_type=2 10 2 2 2
left_child=2 4 -1 -4 -2
right_child=1 -3 3 -5 -6
leaf_value=0.0045600157128771633 0.0029819457669776873 0.021722631935738118 -0.016508500037119206 0 -0.0052810082672325323
leaf_weight=3.2641760706901577 3.6761429011821773 12.644891887903212 15.859102316200737 2.5805556029081318 4.0979657173156738
leaf_count=16 17 54 119 15 22
internal_value=0.00271491 0.0150642 -0.00809769 -0.0132636 0
internal_weight=42.1228 20.419 21.7038 18.4397 7.77411
internal_count=243 93 150 134 39
is_linear=0
shrinkage=0.03


Tree=52
num_leaves=7
num_cat=0
split_feature=58 26 60 62 2 47
split_gain=8.49845 6.07642 5.17915 1.8851 1.55191 0.556714
threshold=0.011799999978393318 0.52387118339538585 0.31399999558925634 0.55140000581741344 1.9959999918937685 0.13558906316757205
decision_type=2 2 2 2 2 2
left_child=1 2 4 -2 -1 -3
right_child=3 5 -4 -5 -6 -7
leaf_value=0.02503946734141017 -0.014703690424627611 0 -0.0014564218746681305 0 0 -0.0071228141945061142
leaf_weight=16.312041357159625 10.832217924296854 2.7734589576721183 3.2611346542835227 1.412474751472472 2.1391806378960601 4.5481679439544678
leaf_count=72 79 16 19 8 11 35
internal_value=0.00277243 0.0115812 0.0181677 -0.0112339 0.0230378 -0.00369936
internal_weight=41.2787 29.034 21.7124 12.2447 18.4512 7.32163
internal_count=240 153 102 87 83 51
is_linear=0
shrinkage=0.03


Tree=53
num_leaves=7
num_cat=0
split_feature=12 58 60 68 44 68
split_gain=9.33905 3.68956 3.6961 1.48955 0.559095 0.105788
threshold=0.30952382087707525 0.045199999585747726 0.1418000012636185 376.21420288085943 0.61688560247421276 247.4860534667969
decision_type=2 2 2 8 2 10
left_child=3 2 -2 5 -5 -1
right_child=1 -3 -4 4 -6 -7
leaf_value=0 0.021806374733516268 -0.0015400908248849683 0 -0.014135357349573411 0 0.0027950102398919081
leaf_weight=2.361875087022784 17.746825143694885 2.8403169214725486 2.4821413606405249 10.868402287364004 1.2359909787774075 2.1874304115772247
leaf_count=15 78 17 13 88 7 13
internal_value=0.00316547 0.0141032 0.0180674 -0.00934151 -0.0128791 0
internal_weight=39.723 23.0693 20.229 16.6537 12.1044 4.54931
internal_count=231 108 91 123 95 28
is_linear=0
shrinkage=0.03


Tree=54
num_leaves=7
num_cat=0
split_feature=68 60 45 4 4 38
split_gain=8.98977 4.0962 2.36319 1.09105 1.03263 0.0829744
threshold=529.38558959960949 0.077600002288818373 0.066822595894336714 0.0080972984433174151 0.0050959466025233277 0.56460326910018932
decision_type=8 2 2 8 8 2
left_child=1 3 5 -1 -4 -2
right_child=2 -3 4 -5 -6 -7
leaf_value=0 0 -0.00070340882165652633 0 0.021635344687560638 -0.015292322447963152 0.0025515663549367513
leaf_weight=1.5845788121223456 1.9296401590108896 4.594118893146514 1.883687548339364 11.964465960860252 13.928408160805702 2.4731687158346176
leaf_count=9 10 27 13 55 98 11
internal_value=0.00124773 0.0141313 -0.00917963 0.0198719 -0.0134456 0.000673313
internal_weight=38.3581 18.1432 20.2149 13.549 15.8121 4.40281
internal_count=223 91 132 64 111 21
is_linear=0
shrinkage=0.03


Tree=55
num_leaves=7
num_cat=0
split_feature=0 54 68 14 4 42
split_gain=7.91889 3.31048 2.26869 1.9629 1.30585 0.294666
threshold=1.8333333134651186 0.069159060716629042 376.21420288085943 13.221588611602785 0.0050959466025233277 0.30939516425132757
decision_type=2 2 8 2 8 2
left_child=1 -1 5 -2 -4 -3
right_child=3 2 4 -5 -6 -7
leaf_value=0.0051135497874823816 0.018644572055548227 0.0032372896876811303 0 0 -0.017672935879104026 -0.0027443237521032832
leaf_weight=3.0554658621549633 9.4578271210193616 5.8885404318571108 1.8658119961619402 2.0150206685066214 15.565114647150038 3.1034802496433258
leaf_count=14 41 33 13 11 115 17
internal_value=0 -0.00734476 -0.0114411 0.0152554 -0.0157558 0
internal_weight=40.9513 29.4784 26.4229 11.4728 17.4309 8.99202
internal_count=244 192 178 52 128 50
is_linear=0
shrinkage=0.03


Tree=56
num_leaves=7
num_cat=0
split_feature=4 68 47 54 17 46
split_gain=10.6062 3.91187 1.62227 1.69571 0.371445 0.0149085
threshold=0.0079052620567381399 984.45333862304699 0.087287481874227538 0.66878628730773937 0.51415646076202404 0.80203181505203258
decision_type=10 8 2 2 2 2
left_child=2 -2 -1 -4 -3 -5
right_child=1 4 3 5 -6 -7
leaf_value=0 0.020776523072116408 0.001186296384526109 -0.016328326948243772 0.0010092842355234651 -0.0049214012195891131 0
leaf_weight=2.4149834513664272 10.770879030227663 3.1173357218503943 16.579350784420971 3.1719199717044821 3.0403942912817001 1.5357808992266653
leaf_count=12 49 15 117 19 20 11
internal_value=0 0.0142202 -0.01103 -0.0133311 0 0
internal_weight=40.6306 16.9286 23.702 21.2871 6.15773 4.7077
internal_count=243 84 159 147 35 30
is_linear=0
shrinkage=0.03


Tree=57
num_leaves=7
num_cat=0
split_feature=58 1 57 60 28 52
split_gain=7.75505 5.47733 1.10171 1.04895 1.10938 0.110635
threshold=0.011799999978393318 0.83333334326744091 0.0016000000759959223 0.0030000000260770325 0.520310938358307 -0.35618743300437922
decision_type=2 2 2 2 2 2
left_child=1 3 -2 4 -1 -5
right_child=2 -3 -4 5 -6 -7
leaf_value=0.0087587948208235327 0 0.020329772926408703 -0.014488085303541214 -0.0076195916693796474 -0.0010139998902530202 0
leaf_weight=5.395078971982004 1.3860933333635319 11.774955362081526 9.2303230538964254 4.5896378681063652 3.5792350247502327 2.299887314438819
leaf_count=26 9 53 67 32 25 14
internal_value=0.00167528 0.0103987 -0.0121531 0 0.00321872 -0.00665258
internal_weight=38.2552 27.6388 10.6164 15.8638 8.97431 6.88953
internal_count=226 150 76 97 51 46
is_linear=0
shrinkage=0.03


Tree=58
num_leaves=7
num_cat=0
split_feature=12 0 68 44 60 68
split_gain=8.63601 2.86453 1.43657 0.543073 0.336208 0.639548
threshold=0.50757575035095226 0.83333334326744091 606.43356323242199 0.61688560247421276 0.00059999998484272521 697.16046142578136
decision_type=2 2 8 2 2 8
left_child=2 4 -1 -4 5 -2
right_child=1 -3 3 -5 -6 -7
leaf_value=0 0.0075304345528461316 0.019137226181376209 -0.014236385699387002 0 -0.0036182176151103567 0
leaf_weight=6.9261615872383144 2.2005618959665316 11.004113867878912 12.112814001739023 1.2547465115785588 4.2319434881210327 2.6017492264509201
leaf_count=42 9 48 99 7 23 13
internal_value=0.000913044 0.0130484 -0.00944078 -0.0130719 0 0.00280265
internal_weight=40.3321 20.0384 20.2937 13.3676 9.03425 4.80231
internal_count=241 93 148 106 45 22
is_linear=0
shrinkage=0.03


Tree=59
num_leaves=7
num_cat=0
split_feature=68 60 11 4 52 51
split_gain=6.31922 5.34456 2.08749 1.00159 0.69248 0.52932
threshold=697.16046142578136 0.0030000000260770325 5.6070852279663095 0.012527989223599436 -0.38562110066413874 -0.43886667490005488
decision_type=8 2 2 10 2 2
left_child=1 -1 4 5 -2 -3
right_child=2 3 -4 -5 -6 -7
leaf_value=0.019983306095145693 -0.014066433352286873 -0.0093442347599137759 0.0014332281268189387 0.0027095973205772434 0 0
leaf_weight=11.771457880735399 11.821485407650471 5.188687838613987 2.7503833770751944 2.1942940056324005 3.4024150297045717 1.7486787438392619
leaf_count=57 88 32 16 10 19 10
internal_value=0.00125089 0.0112653 -0.00811439 -0.00140768 -0.0121024 -0.00708333
internal_weight=38.8774 20.9031 17.9743 9.13166 15.2239 6.93737
internal_count=232 109 123 52 107 42
is_linear=0
shrinkage=0.03


Tree=60
num_leaves=6
num_cat=0
split_feature=68 60 11 4 56
split_gain=7.54465 3.2319 2.80701 2.59854 2.32061
threshold=529.38558959960949 0.31399999558925634 6.5000000000000009 0.0075805915985256442 -0.36945162713527674
decision_type=8 2 2 8 2
left_child=1 3 4 -1 -2
right_child=2 -3 -4 -5 -6
leaf_value=0 -0.017197773117635835 -0.0012334724751796625 0.0025235745438111639 0.019732175942961595 0
leaf_weight=1.3270166888833053 13.890665754675869 3.3931378200650206 2.6714800149202338 14.381453417241573 2.8655861392617235
leaf_count=8 103 20 13 70 16
internal_value=0.000399614 0.0121076 -0.00927552 0.0166821 -0.0136392
internal_weight=38.5293 19.1016 19.4277 15.7085 16.7563
internal_count=230 98 132 78 119
is_linear=0
shrinkage=0.03


Tree=61
num_leaves=7
num_cat=0
split_feature=12 60 46 53 31 0
split_gain=6.11932 3.83357 1.33688 1.16547 0.997532 0.754534
threshold=0.30952382087707525 0.0030000000260770325 0.081586226820945754 -0.4992534071207046 0.15461797267198565 1.5000000000000002
decision_type=2 2 2 2 2 2
left_child=2 3 -1 -2 -4 -3
right_child=1 5 4 -5 -6 -7
leaf_value=0 0 -0.0063612264417554258 0 0.019258359243981681 -0.013359302216502474 0.0021883542866120566
leaf_weight=1.6962098851799989 1.8948363810777671 5.4741489812731734 2.4549147039651862 11.788715116679668 12.777007535099981 2.4854561686515808
leaf_count=10 10 31 15 53 104 11
internal_value=0.000967947 0.0106497 -0.00854033 0.0172314 -0.0112038 -0.00061872
internal_weight=38.5713 21.6432 16.9281 13.6836 15.2319 7.95961
internal_count=234 105 129 63 119 42
is_linear=0
shrinkage=0.03


Tree=62
num_leaves=7
num_cat=0
split_feature=58 0 43 54 30 56
split_gain=8.31309 6.48839 1.3097 1.05192 1.05412 0.334153
threshold=0.011799999978393318 0.83333334326744091 0.495358556509018 0.069159060716629042 0.038227004930377013 -0.55636668205261219
decision_type=2 2 2 2 2 2
left_child=1 3 -2 -1 -5 -3
right_child=2 5 -4 4 -6 -7
leaf_value=0.0032109606217119251 -0.015419068665714674 0 0 0 -0.0094967918002473208 0.020853346732406634
leaf_weight=2.3972080796957043 11.71370008587837 1.6666999086737622 1.2164890021085728 2.0838083475828162 10.36222445219755 12.007082320749758
leaf_count=11 90 9 7 10 69 56
internal_value=9.43796e-05 0.0095306 -0.0131806 -0.00166458 -0.00628888 0.0197874
internal_weight=41.4472 28.517 12.9302 14.8432 12.446 13.6738
internal_count=252 155 97 90 79 65
is_linear=0
shrinkage=0.03


Tree=63
num_leaves=7
num_cat=0
split_feature=68 60 47 58 4 26
split_gain=7.55533 5.49428 2.27176 2.01226 1.45906 0.691838
threshold=697.16046142578136 0.077600002288818373 0.085297085344791426 0.045199999585747726 0.0050959466025233277 0.55874142050743114
decision_type=8 2 2 2 8 2
left_child=1 3 -2 5 -4 -1
right_child=2 -3 4 -5 -6 -7
leaf_value=0.023332308704999805 0.00050298349790734202 -0.0027150658717544603 0 0 -0.016191541040138757 0
leaf_weight=11.543042384088041 3.81517165899277 6.689241722226142 1.5244788601994486 1.5500698313117016 11.953092366456985 1.8384763747453678
leaf_count=52 18 40 11 10 95 11
internal_value=0.00122803 0.0118928 -0.00937957 0.0193078 -0.0137554 0.0217936
internal_weight=38.9136 21.6208 17.2927 14.9316 13.4776 13.3815
internal_count=237 113 124 73 106 63
is_linear=0
shrinkage=0.03


Tree=64
num_leaves=7
num_cat=0
split_feature=58 60 68 40 26 19
split_gain=9.17657 5.05805 4.54254 1.16894 1.02823 0.284657
threshold=0.011799999978393318 0.25939999520778662 1.0000000180025095e-35 0.20053360611200335 0.54808622598648082 0.2999271303415299
decision_type=2 2 10 2 2 2
left_child=1 2 5 -2 -4 -1
right_child=3 -3 4 -5 -6 -7
leaf_value=0.0023610075888549791 -0.014297943608286807 -0.003499578327575218 0.025392131692350651 0 0 -0.003541260571072903
leaf_weight=4.0804791674017959 10.685502290725706 5.1438668817281714 12.951760753989218 1.226796768605708 1.555905058979987 4.1702003479003906
leaf_count=22 84 35 58 7 10 26
internal_value=0.00259606 0.011956 0.0172827 -0.0120405 0.0237922 0
internal_weight=39.8145 27.9022 22.7583 11.9123 14.5077 8.25068
internal_count=242 151 116 91 68 48
is_linear=0
shrinkage=0.03


Tree=65
num_leaves=7
num_cat=0
split_feature=0 68 14 58 20 4
split_gain=7.66494 2.52647 1.49831 1.20089 0.63606 0.345402
threshold=1.8333333134651186 697.16046142578136 13.221588611602785 0.00059999998484272521 0.41178958117961889 0.0050959466025233277
decision_type=2 8 2 2 2 8
left_child=1 3 -2 4 -1 -3
right_child=2 5 -4 -5 -6 -7
leaf_value=0.0097733928920816816 0.017924653764017109 0 0 -0.0043934565267798173 0 -0.014534315801492845
leaf_weight=3.9703456982970255 9.2618582695722562 1.6213725283741922 2.2485700100660315 6.5168995186686516 3.327608235180378 11.978625260293484
leaf_count=19 42 12 12 41 20 94
internal_value=0 -0.00741692 0.0150006 0 0.00663705 -0.0135485
internal_weight=38.9253 27.4149 11.5104 13.8149 7.29795 13.6
internal_count=240 186 54 80 39 106
is_linear=0
shrinkage=0.03


Tree=66
num_leaves=7
num_cat=0
split_feature=0 54 61 46 42 14
split_gain=7.55396 3.39963 4.17239 0.77237 0.69964 0.0654617
threshold=2.1666666269302373 0.069159060716629042 1.0000000180025095e-35 0.20967218279838565 0.18874773383140567 8.2942690849304217
decision_type=2 2 2 2 2 2
left_child=1 -1 4 -4 -3 -2
right_child=5 2 3 -5 -6 -7
leaf_value=0.0061375139673203495 0.016968482733265611 0 -0.0012300716809433517 0.0070600260752101563 -0.018512516939868134 0
leaf_weight=2.6638561785221126 8.4313435703515989 2.5533966794610086 3.2417172640562049 4.2073926329612732 14.807503759860991 2.4384610354900351
leaf_count=12 39 20 18 21 111 11
internal_value=0.000591289 -0.00646745 -0.0109188 0.00137636 -0.0169622 0.0158576
internal_weight=38.3437 27.4739 24.81 7.44911 17.3609 10.8698
internal_count=232 182 170 39 131 50
is_linear=0
shrinkage=0.03


Tree=67
num_leaves=7
num_cat=0
split_feature=68 60 11 4 56 4
split_gain=6.83657 6.5754 2.99008 1.92171 0.973491 0.655856
threshold=697.16046142578136 0.077600002288818373 7.5000000000000009 0.0075805915985256442 -0.33803570270538325 0.0050959466025233277
decision_type=8 2 2 8 2 8
left_child=1 3 4 -1 5 -2
right_child=2 -3 -4 -5 -6 -7
leaf_value=0 0 -0.0048068145133422519 0.002973197058387644 0.021630685001992049 0 -0.016543208629062122
leaf_weight=1.3352512121200568 1.4417356923222566 6.2658198699355117 2.8128547146916381 13.741565071046352 1.2653972283005721 13.295698799192905
leaf_count=8 11 38 14 67 7 101
internal_value=0.000550081 0.0110641 -0.00899465 0.0193392 -0.0137401 -0.0152927
internal_weight=40.1583 21.3426 18.8157 15.0768 16.0028 14.7374
internal_count=246 113 133 75 119 112
is_linear=0
shrinkage=0.03


Tree=68
num_leaves=7
num_cat=0
split_feature=68 54 4 0 4 55
split_gain=5.67662 2.81584 1.88189 1.80866 1.27916 0.152127
threshold=385.15440368652349 0.069159060716629042 0.0079052620567381399 3.1666666269302373 0.0050959466025233277 -0.077501706779003129
decision_type=8 2 10 2 8 2
left_child=2 -2 5 4 -3 -1
right_child=1 3 -4 -5 -6 -7
leaf_value=0.0023313217719365753 0.0035853534334108861 0 0.016647257031995766 0 -0.016539035024813058 -0.0021130310052613018
leaf_weight=1.9459230974316595 3.3169340044260052 1.7837955132126868 8.285606920719145 1.9887055307626713 15.141943238675593 6.1230113655328768
leaf_count=10 15 13 38 9 116 36
internal_value=3.48875e-05 -0.00733731 0.0113144 -0.0119054 -0.0145829 0
internal_weight=38.5859 22.2314 16.3545 18.9144 16.9257 8.06893
internal_count=237 153 84 138 129 46
is_linear=0
shrinkage=0.03


Tree=69
num_leaves=7
num_cat=0
split_feature=58 0 62 56 68 20
split_gain=5.38504 4.65911 1.45262 0.47727 0.388621 0.310488
threshold=0.011799999978393318 0.83333334326744091 0.55140000581741344 -0.55636668205261219 752.01473999023449 0.41178958117961889
decision_type=2 2 2 2 8 2
left_child=1 4 -2 -3 5 -1
right_child=2 3 -4 -5 -6 -7
leaf_value=0.0044344634815416933 -0.012132876388443792 0 0 0.01977150828480239 -0.0045807897936288823 0
leaf_weight=4.9920581132173547 8.9369685351848585 1.7217775732278813 1.349711775779723 11.509863950312136 5.9356257915496835 2.8048867583274841
leaf_count=25 73 10 8 54 43 17
internal_value=0.0029796 0.0101201 -0.00854218 0.0185324 0 0.000929367
internal_weight=37.2509 26.9642 10.2867 13.2316 13.7326 7.79694
internal_count=230 149 81 64 85 42
is_linear=0
shrinkage=0.03


Tree=70
num_leaves=7
num_cat=0
split_feature=12 60 47 32 53 32
split_gain=6.37267 2.86888 1.506 1.18558 0.687997 0.220539
threshold=0.30952382087707525 0.31399999558925634 0.16693903505802157 0.35494966804981237 -0.49311269819736475 0.19966991245746615
decision_type=2 2 2 2 2 2
left_child=2 3 -1 4 -2 -4
right_child=1 -3 5 -5 -6 -7
leaf_value=0 0 -0.0013911771513934763 0 0 0.018924555793342741 -0.012704849180660741
leaf_weight=2.5339445993304244 2.1114522293210056 3.1621447205543509 1.4897219389677037 4.6227874979376784 13.241479545831682 10.999225884675978
leaf_count=17 11 18 9 24 61 96
internal_value=0.00193975 0.0110973 -0.00856502 0.0148805 0.0174324 -0.011912
internal_weight=38.1608 23.1379 15.0229 19.9757 15.3529 12.4889
internal_count=236 114 122 96 72 105
is_linear=0
shrinkage=0.03


Tree=71
num_leaves=7
num_cat=0
split_feature=12 60 53 48 51 68
split_gain=5.44529 3.44166 2.26169 1.75362 0.90999 0.560063
threshold=0.30952382087707525 0.31399999558925634 -0.49311269819736475 0.13498388230800631 -0.41610644757747645 292.94918823242193
decision_type=2 2 2 2 2 8
left_child=4 2 -2 -4 5 -1
right_child=1 -3 3 -5 -6 -7
leaf_value=0 0 -0.0020700875696181291 0.021088874461678883 0 0 -0.011234818822083926
leaf_weight=2.8627324253320667 2.5466334745287922 3.3934661000967017 15.062386900186544 2.2392591685056678 2.863617703318595 8.5178038850426674
leaf_count=18 15 19 71 11 18 79
internal_value=0.0035721 0.0116251 0.0158858 0.0187204 -0.00646812 -0.00925988
internal_weight=37.4859 23.2417 19.8483 17.3016 14.2442 11.3805
internal_count=231 116 97 82 115 97
is_linear=0
shrinkage=0.03


Tree=72
num_leaves=7
num_cat=0
split_feature=68 60 11 54 4 24
split_gain=6.87542 5.2109 1.92879 1.01793 0.691911 0.627978
threshold=697.16046142578136 0.036400001496076591 5.6070852279663095 0.069159060716629042 0.0050959466025233277 0.60883086919784557
decision_type=8 2 2 2 8 2
left_child=1 5 3 -2 -5 -1
right_child=2 -3 -4 4 -6 -7
leaf_value=0.020128643465299679 0 -0.0027835484802547317 0.00020779101201504088 0 -0.01605441181895605 0
leaf_weight=11.793502159416677 1.5013794600963617 6.8580060303211203 2.7461587861180297 1.3919509649276705 12.349855057895184 2.1292342320084563
leaf_count=56 7 42 16 11 98 13
internal_value=0.000285544 0.010972 -0.00942503 -0.0129322 -0.0147107 0.018587
internal_weight=38.7701 20.7807 17.9893 15.2432 13.7418 13.9227
internal_count=243 111 132 116 109 69
is_linear=0
shrinkage=0.03


Tree=73
num_leaves=7
num_cat=0
split_feature=12 60 68 30 47 45
split_gain=7.01595 1.94605 1.66508 0.706522 0.7968 0.00174398
threshold=0.50757575035095226 0.31399999558925634 752.01473999023449 0.13510000705718997 0.13558906316757205 0.071773942559957518
decision_type=2 2 8 2 2 2
left_child=3 2 -2 -1 -5 -4
right_child=1 -3 5 4 -6 -7
leaf_value=0 0.017653064865926046 0 0 0 -0.013433225591420846 -0.00035605680817196543
leaf_weight=2.2765819951891926 11.294009208679205 2.1359919756650916 2.337312549352645 1.9398318082094181 13.726575352251528 2.3807248175144196
leaf_count=13 53 12 11 13 117 12
internal_value=0 0.0109676 0.0140533 -0.0102373 -0.0117844 0
internal_weight=36.091 18.148 16.012 17.943 15.6664 4.71804
internal_count=231 88 76 143 130 23
is_linear=0
shrinkage=0.03


Tree=74
num_leaves=7
num_cat=0
split_feature=58 32 60 2 62 51
split_gain=6.01185 4.61916 1.07644 0.852606 0.605406 0.587727
threshold=0.011799999978393318 0.34145653247833258 0.19040000438690188 1.4670542478561404 0.37680000066757208 -0.40207976102828974
decision_type=2 2 2 2 2 2
left_child=1 2 3 -1 -2 -3
right_child=4 5 -4 -5 -6 -7
leaf_value=0.019716113351836238 -0.01305036084188789 -0.0062012591313476383 0 0 0 0
leaf_weight=11.529146291315561 9.7025014013051969 7.0339665561914444 1.908917374908923 3.3949099332094184 1.1647886633872975 3.3513906300067884
leaf_count=54 81 53 10 17 7 18
internal_value=0.000186991 0.00836074 0.0157222 0.0174639 -0.0116058 -0.00248711
internal_weight=38.0856 27.2183 16.833 14.9241 10.8673 10.3854
internal_count=240 152 81 71 88 71
is_linear=0
shrinkage=0.03


Tree=75
num_leaves=7
num_cat=0
split_feature=0 54 48 58 68 44
split_gain=5.48656 1.99271 1.94868 0.699414 0.309163 0.270432
threshold=1.8333333134651186 0.069159060716629042 -0.19895818084478376 0.01060000015422702 292.94918823242193 0.63954132795333873
decision_type=2 2 2 2 8 2
left_child=1 -1 4 -2 -3 -4
right_child=3 2 5 -5 -6 -7
leaf_value=0.0034652397207718291 0.015422429267244844 0.0045884855607712478 -0.01394008474816882 0 -0.0010482731866118106 0
leaf_weight=2.8351181894540813 9.3812594562768918 2.4635851681232479 13.841156333684919 1.6256320029497136 4.4111427217721939 1.4802760332822789
leaf_count=13 44 12 109 10 35 8
internal_value=0.000919468 -0.00533332 -0.00904796 0.0137652 0 -0.0131664
internal_weight=36.0382 25.0313 22.1962 11.0069 6.87473 15.3214
internal_count=231 177 164 54 47 117
is_linear=0
shrinkage=0.03


Tree=76
num_leaves=7
num_cat=0
split_feature=68 60 0 58 30 51
split_gain=4.75575 3.17588 1.70131 0.906938 0.975639 0.838989
threshold=697.16046142578136 0.31399999558925634 3.1666666269302373 0.045199999585747726 0.57834297418594371 -0.40207976102828974
decision_type=8 2 2 2 2 2
left_child=1 3 5 4 -1 -2
right_child=2 -3 -4 -5 -6 -7
leaf_value=0.018271321346675133 -0.013892112161248627 -0.0024106273029088749 0.00052033719969123702 0 0 0
leaf_weight=11.13360668718815 10.623983748257157 3.8960605859756461 2.2609942257404319 1.9218724966049183 2.1872909963130942 2.9767332673072824
leaf_count=53 95 25 10 13 14 16
internal_value=0.00010792 0.00941587 -0.00810121 0.0145731 0.0162751 -0.0116899
internal_weight=35.0005 19.1388 15.8617 15.2428 13.3209 13.6007
internal_count=226 105 121 80 67 111
is_linear=0
shrinkage=0.03


Tree=77
num_leaves=6
num_cat=0
split_feature=12 4 30 46 60
split_gain=5.53506 2.07883 1.86815 0.75085 0.735186
threshold=0.50757575035095226 0.0079052620567381399 0.14627855271101001 0.081586226820945754 0.00059999998484272521
decision_type=2 10 2 2 2
left_child=2 4 -1 -4 -2
right_child=1 -3 3 -5 -6
leaf_value=0.0013765865780927947 0.0042407957856855395 0.015969523537433195 0 -0.012980073102136598 -0.0053628239101012705
leaf_weight=2.1544868275523212 4.0528694242239016 10.4422160834074 1.8767572790384282 13.737004794180391 4.2189718037843704
leaf_count=11 18 50 11 119 24
internal_value=0.000747806 0.0107889 -0.00774389 -0.011391 0
internal_weight=36.4823 18.7141 17.7682 15.6138 8.27184
internal_count=233 92 141 130 42
is_linear=0
shrinkage=0.03


Tree=78
num_leaves=7
num_cat=0
split_feature=58 0 38 14 60 56
split_gain=5.79371 5.73896 1.10913 0.728818 0.625007 0.41232
threshold=0.011799999978393318 0.83333334326744091 0.11142597720026971 13.604084968566896 0.026600000448524955 -0.54589617252349842
decision_type=2 2 2 2 2 2
left_child=1 2 4 -4 -1 -3
right_child=-2 5 3 -5 -6 -7
leaf_value=0.0069941496499572329 -0.012239718578540823 0 -0.0098986795487037479 0 0 0.019183687994301951
leaf_weight=2.6194968074560192 11.005121126770971 1.8079031407833088 7.7664391696453077 2.355885922908783 2.1283439472317696 10.276983879506586
leaf_count=11 91 10 54 16 12 51
internal_value=0 0.00747981 -0.00238514 -0.00734266 0.00192792 0.0179188
internal_weight=37.9602 26.9551 14.8702 10.1223 4.74784 12.0849
internal_count=245 154 93 70 23 61
is_linear=0
shrinkage=0.03


Tree=79
num_leaves=7
num_cat=0
split_feature=4 68 47 54 11 60
split_gain=5.34684 2.38473 1.25586 1.45407 0.430302 0.2862
threshold=0.0079052620567381399 984.45333862304699 0.087287481874227538 0.66878628730773937 7.5000000000000009 0.8384000062942506
decision_type=10 8 2 2 2 2
left_child=2 -2 -1 5 -3 -4
right_child=1 4 3 -5 -6 -7
leaf_value=0 0.016549357890587497 -0.0050306567534772421 -0.014160081291565867 0 0.0020788613824615559 0
leaf_weight=2.1912861019372967 9.3713195770978892 3.2593148574233064 11.692336626350881 4.6778528764843932 1.9656161665916441 1.7109822928905476
leaf_count=11 47 25 93 31 9 13
internal_value=0 0.0113332 -0.00738938 -0.0099556 0 -0.0132228
internal_weight=34.8687 14.5963 20.2725 18.0812 5.22493 13.4033
internal_count=229 81 148 137 34 106
is_linear=0
shrinkage=0.03


Tree=80
num_leaves=7
num_cat=0
split_feature=58 0 62 38 14 55
split_gain=5.9334 4.06463 1.17313 0.90225 1.24749 0.783132
threshold=0.011799999978393318 0.83333334326744091 0.37680000066757208 0.11142597720026971 13.604084968566896 0.14269554615020755
decision_type=2 2 2 2 2 2
left_child=1 3 -2 -1 -5 -3
right_child=2 5 -4 4 -6 -7
leaf_value=0.0031236323072094904 -0.013982780864131466 0.018441957117159666 0 -0.010285534051662607 7.5684055957262399e-05 0
leaf_weight=4.226726986467841 9.3620555549859983 10.498169325292109 1.1635476574301709 7.0129212737083417 2.2002605944871902 2.1352089345455161
leaf_count=20 83 54 7 49 14 10
internal_value=0.000220587 0.00851013 -0.0115324 -0.000410605 -0.00593674 0.0166397
internal_weight=36.5989 26.0733 10.5256 13.4399 9.21318 12.6334
internal_count=237 147 90 83 63 64
is_linear=0
shrinkage=0.03


Tree=81
num_leaves=7
num_cat=0
split_feature=58 1 62 60 27 17
split_gain=5.00035 2.81974 1.28052 0.483807 0.696594 0.305018
threshold=0.011799999978393318 0.83333334326744091 0.55140000581741344 1.0000000180025095e-35 0.68269702792167675 0.68966230750083934
decision_type=2 2 2 2 2 2
left_child=1 3 -2 4 -1 -3
right_child=2 5 -4 -5 -6 -7
leaf_value=0.006595991163605857 -0.013048219983156068 0.017049444483458277 0 -0.0046935707366698356 -0.0005660175128945126 0
leaf_weight=6.6143268272280711 8.4540456011891347 8.4277072474360448 1.1595434397459019 5.2398657798767081 1.8357293233275411 2.300374209880828
leaf_count=36 73 42 7 39 14 11
internal_value=0.000871857 0.00859795 -0.0100713 0 0.00232458 0.0156582
internal_weight=34.0316 24.418 9.61359 13.6899 8.45006 10.7281
internal_count=222 142 80 89 50 53
is_linear=0
shrinkage=0.03


Tree=82
num_leaves=7
num_cat=0
split_feature=32 51 58 60 68 2
split_gain=4.68793 2.73782 2.42628 2.58959 0.47267 0.244479
threshold=0.27426053583621984 -0.4306392222642898 0.045199999585747726 0.31399999558925634 257.19635009765631 1.619257986545563
decision_type=2 2 2 2 10 2
left_child=2 -2 3 5 -3 -1
right_child=1 4 -4 -5 -6 -7
leaf_value=0.019027771509131253 -0.012675533307040935 0 -0.001210426870015056 0 0.006291874564842012 0
leaf_weight=11.55710492283106 12.150531999766828 3.1922970935702315 2.0318651571869841 2.0015547275543204 2.9724443256855011 2.0029712021350852
leaf_count=56 109 19 15 12 16 11
internal_value=0.00106498 -0.00646374 0.0105791 0.014337 0.00233516 0.0179426
internal_weight=35.9088 18.3153 17.5935 15.5616 6.16474 13.5601
internal_count=238 144 94 79 35 67
is_linear=0
shrinkage=0.03


Tree=83
num_leaves=7
num_cat=0
split_feature=58 32 62 60 56 43
split_gain=5.48916 2.82752 1.61991 1.31558 0.466995 0.518744
threshold=0.011799999978393318 0.27426053583621984 0.55140000581741344 0.57420000433921825 -0.37773197889327997 0.65708169341087352
decision_type=2 2 2 2 2 2
left_child=1 3 -2 -1 5 -3
right_child=2 4 -4 -5 -6 -7
leaf_value=0.017425592865623882 -0.013375368247268246 -0.0071787369695077022 0 0 0.0025174737053997869 0
leaf_weight=12.69638415426016 8.8432549685239774 5.4556912481784803 1.3249638006091107 1.754514843225478 4.3061468750238419 1.3177400976419447
leaf_count=62 80 43 8 10 23 7
internal_value=0.00172445 0.00943515 -0.00973958 0.0152787 0 -0.00443304
internal_weight=35.6987 25.5305 10.1682 14.4509 11.0796 6.77343
internal_count=233 145 88 72 73 50
is_linear=0
shrinkage=0.03


Tree=84
num_leaves=7
num_cat=0
split_feature=68 60 11 54 58 31
split_gain=5.16402 3.9606 1.99266 1.41615 1.36237 0.236817
threshold=667.86233520507824 0.077600002288818373 5.6070852279663095 0.069159060716629042 0.045199999585747726 0.72432744503021251
decision_type=8 2 2 2 2 2
left_child=1 4 3 -2 -1 -3
right_child=2 5 -4 -5 -6 -7
leaf_value=0.018337287130617535 0 -0.0045765850626732522 0.00064321839359163246 -0.015045672875514041 0 0
leaf_weight=11.276970550417902 1.7338537275791193 4.6971588656306258 2.8539644777774802 13.199409909546373 1.4417192861437786 1.7069791778922079
leaf_count=57 8 29 18 114 10 11
internal_value=0 0.009188 -0.00887584 -0.0126298 0.0161539 -0.00240268
internal_weight=36.9101 19.1228 17.7872 14.9333 12.7187 6.40414
internal_count=247 107 140 122 67 40
is_linear=0
shrinkage=0.03


Tree=85
num_leaves=7
num_cat=0
split_feature=58 0 62 19 38 14
split_gain=4.76728 2.72839 1.20444 1.07479 0.449226 0.630222
threshold=0.011799999978393318 0.83333334326744091 0.55140000581741344 0.69315171241760265 0.11142597720026971 13.604084968566896
decision_type=2 2 2 2 2 2
left_child=1 4 -2 -3 -1 -6
right_child=2 3 -4 -5 5 -7
leaf_value=0.0031657535228465407 -0.012085765773269265 0.017289411022368285 0 0 -0.0069889228327479642 0
leaf_weight=3.1313955038785961 9.1082451194524747 10.363247290253637 1.105503313243388 1.9689859971404065 7.195212244987486 2.5586191043257713
leaf_count=15 82 54 7 10 53 16
internal_value=0.00133283 0.00869769 -0.00918971 0.0151411 0 -0.0037155
internal_weight=35.4312 25.2175 10.2137 12.3322 12.8852 9.75383
internal_count=237 148 89 64 84 69
is_linear=0
shrinkage=0.03


Tree=86
num_leaves=7
num_cat=0
split_feature=58 32 60 28 62 51
split_gain=4.60972 2.84848 2.20232 0.968383 0.928608 0.329098
threshold=0.011799999978393318 0.60815632343292247 0.31399999558925634 0.520310938358307 0.55140000581741344 -0.40721872448921198
decision_type=2 2 2 2 2 2
left_child=1 2 3 -1 -2 -3
right_child=4 5 -4 -5 -6 -7
leaf_value=0.018173753267226998 -0.011099011786120072 -0.0050051935118963116 0 0 0 0
leaf_weight=15.136120684444913 8.3468829765915853 3.6214477643370628 3.083060383796691 2.3809351027011862 1.0820370987057675 1.2600931525230397
leaf_count=75 76 32 20 15 7 8
internal_value=0.00213912 0.00908706 0.0133437 0.0164327 -0.00856223 -0.00174
internal_weight=34.9106 25.4817 20.6001 17.5171 9.42892 4.88154
internal_count=233 150 110 90 83 40
is_linear=0
shrinkage=0.03


Tree=87
num_leaves=7
num_cat=0
split_feature=0 58 54 54 39 61
split_gain=4.26915 4.31961 2.65358 1.24245 0.350468 0.0371408
threshold=0.83333334326744091 0.009599999990314247 0.069159060716629042 0.76592186093330394 0.20778678357601169 1.0000000180025095e-35
decision_type=2 2 2 2 2 2
left_child=2 -2 -1 4 -4 -5
right_child=1 -3 3 5 -6 -7
leaf_value=0.0036054286734149548 0.016919880205220998 -0.0037751564090564363 -0.015104932087159633 0 0 0.0017122505259256837
leaf_weight=2.8226790279150036 11.228579573333262 4.0873746871948233 12.383128575980665 1.529309689998626 1.4218821674585331 1.4014241099357603
leaf_count=13 58 35 99 13 8 7
internal_value=0 0.00971731 -0.00700816 -0.0117214 -0.0141873 0
internal_weight=34.8744 15.316 19.5584 16.7357 13.805 2.93073
internal_count=233 93 140 127 107 20
is_linear=0
shrinkage=0.03


Tree=88
num_leaves=6
num_cat=0
split_feature=0 47 68 43 15
split_gain=4.45299 3.05099 2.30405 0.424937 0.418381
threshold=2.5000000000000004 0.085297085344791426 376.21420288085943 0.34567125141620642 5.6700842380523691
decision_type=2 2 8 2 2
left_child=1 -1 3 -3 -4
right_child=-2 2 4 -5 -6
leaf_value=0.0051366177528149731 0.012295609764306974 0.003934925815064382 -0.016274041127836973 -0.0031569240804706776 0
leaf_weight=3.9930362254381206 8.084017872810362 6.2830438539385813 13.034608304500578 3.0764893814921379 1.4144195392727841
leaf_count=19 42 36 119 18 9
internal_value=0 -0.00580471 -0.010391 0 -0.015301
internal_weight=35.8856 27.8016 23.8086 9.35953 14.449
internal_count=243 201 182 54 128
is_linear=0
shrinkage=0.03


Tree=89
num_leaves=7
num_cat=0
split_feature=12 60 58 48 47 51
split_gain=4.18348 2.04648 1.71521 1.51706 1.23698 0.081693
threshold=0.30952382087707525 0.31399999558925634 0.045199999585747726 0.13498388230800631 0.16693903505802157 -0.65429282188415516
decision_type=2 2 2 2 2 2
left_child=4 2 3 -2 -1 -6
right_child=1 -3 -4 -5 5 -7
leaf_value=0 0.017206527615738081 -0.0010908668593770105 0 0 0 -0.011695972395757186
leaf_weight=2.7707169950008383 13.431253835558897 3.0316998511552802 2.0104360431432715 2.4291993677616111 0.89466351270675382 10.114261634647846
leaf_count=19 66 18 14 12 8 97
internal_value=0.000177943 0.00844096 0.012022 0.0146784 -0.00811183 -0.0112903
internal_weight=34.6822 20.9026 17.8709 15.8605 13.7796 11.0089
internal_count=234 110 92 78 124 105
is_linear=0
shrinkage=0.03


Tree=90
num_leaves=6
num_cat=0
split_feature=12 30 4 47 60
split_gain=4.59142 2.08474 1.81031 0.956703 0.305012
threshold=0.50757575035095226 0.13510000705718997 0.0055944493506103763 0.16693903505802157 0.00059999998484272521
decision_type=2 2 10 2 2
left_child=1 -1 4 -3 -2
right_child=2 3 -4 -5 -6
leaf_value=0.0015780164370378061 0.0020579231447286602 0 0.014138011446390665 -0.014246114060403254 -0.0039590684834591482
leaf_weight=2.7477250620722797 4.1096492558717754 2.6461235508322707 10.723579272627829 11.30953912436962 3.7011992558836937
leaf_count=15 19 18 55 109 22
internal_value=0 -0.00778707 0.00938455 -0.0120246 0
internal_weight=35.2378 16.7034 18.5344 13.9557 7.81085
internal_count=238 142 96 127 41
is_linear=0
shrinkage=0.03


Tree=91
num_leaves=7
num_cat=0
split_feature=58 0 62 17 54 30
split_gain=3.48105 2.24871 1.32617 0.660523 0.480763 0.616555
threshold=0.011799999978393318 0.83333334326744091 0.55140000581741344 0.78189149498939525 0.069159060716629042 0.04593904688954354
decision_type=2 2 2 2 2 2
left_child=1 4 -2 -3 -1 -6
right_child=2 3 -4 -5 5 -7
leaf_value=0.0037703166395798744 -0.011174374895597729 0.015866373702295242 0 0 0 -0.0066140875939202986
leaf_weight=2.0452028512954739 8.43706516176462 8.7433424666523916 1.2215081080794323 2.0269798487424842 1.9011733680963505 8.6613147407770139
leaf_count=9 79 46 7 11 9 65
internal_value=0.0013276 0.00793227 -0.00750959 0.0140909 0 -0.00356587
internal_weight=33.0366 23.378 9.65857 10.7703 12.6077 10.5625
internal_count=226 140 86 57 83 74
is_linear=0
shrinkage=0.03


Tree=92
num_leaves=7
num_cat=0
split_feature=1 47 14 17 14 35
split_gain=4.33434 2.39195 1.76433 1.65456 0.919019 0.0314553
threshold=0.83333334326744091 0.085297085344791426 12.59736490249634 0.021675205789506439 14.235917091369631 0.57554519176483165
decision_type=2 2 2 2 2 2
left_child=1 -1 -2 -3 -5 -4
right_child=2 3 5 4 -6 -7
leaf_value=0.0032242796709060343 0.014838307039739549 0 -0.001543301825098761 -0.014905852597476083 0 0
leaf_weight=3.821005746722224 9.1970921754837018 2.3904716521501568 1.8859632611274708 15.147462129592897 1.5025511160492886 2.7556371465325356
leaf_count=18 49 12 17 124 9 19
internal_value=0 -0.00619726 0.0105212 -0.0106133 -0.0133649 0
internal_weight=36.7002 22.8615 13.8387 19.0405 16.65 4.6416
internal_count=248 163 85 145 133 36
is_linear=0
shrinkage=0.03


Tree=93
num_leaves=7
num_cat=0
split_feature=0 68 14 60 42 44
split_gain=4.24612 2.57813 1.49436 1.04687 0.566657 0.464835
threshold=1.8333333134651186 376.21420288085943 15.311172962188722 0.0061999999452382335 0.2093833535909653 0.65886381268501293
decision_type=2 8 2 2 2 2
left_child=1 3 5 -1 -2 -3
right_child=4 2 -4 -5 -6 -7
leaf_value=0.0083036437849837476 0 -0.014443330432027007 0 -0.0010411892903650971 0.01417925744818431 0
leaf_weight=5.3970137760043162 1.8605999052524556 12.273086301982401 1.6393533274531353 4.8511315137147903 8.1956501603126508 1.3451229780912388
leaf_count=28 12 114 9 31 43 8
internal_value=0.000742235 -0.00443489 -0.010684 0.00258732 0.0125288 -0.0133797
internal_weight=35.562 25.5057 15.2576 10.2481 10.0563 13.6182
internal_count=245 190 131 59 55 122
is_linear=0
shrinkage=0.03


Tree=94
num_leaves=7
num_cat=0
split_feature=58 28 60 62 55 47
split_gain=4.98078 2.91953 1.91302 1.3048 0.963025 0.333645
threshold=0.011799999978393318 0.520310938358307 0.31399999558925634 0.55140000581741344 0.14269554615020755 0.13558906316757205
decision_type=2 2 2 2 2 2
left_child=1 2 4 -2 -1 -3
right_child=3 5 -4 -5 -6 -7
leaf_value=0.018610680675865486 -0.011798556602310172 0 0 0 0 -0.0048131712620526892
leaf_weight=14.524016849696645 8.9606698527932149 2.8418791368603697 2.7986222505569449 1.4290347546339024 2.6690742224454871 3.5417621806263924
leaf_count=75 85 17 18 9 13 32
internal_value=0.00242019 0.00951247 0.0140324 -0.00847679 0.0167478 -0.000905597
internal_weight=36.7651 26.3754 19.9917 10.3897 17.1931 6.38364
internal_count=249 155 106 94 88 49
is_linear=0
shrinkage=0.03


Tree=95
num_leaves=7
num_cat=0
split_feature=68 60 0 58 4 51
split_gain=3.45213 2.82153 1.7668 0.550294 0.537835 0.630542
threshold=752.01473999023449 0.077600002288818373 2.5000000000000004 0.011799999978393318 0.0050959466025233277 -0.38627026975154871
decision_type=8 2 2 2 8 2
left_child=1 3 4 -1 -2 -6
right_child=2 -3 -4 -5 5 -7
leaf_value=0.015490569123540134 0 -0.0014549887430673979 0.0015152926491793864 0 -0.013862431880893873 0
leaf_weight=10.929487921297552 1.2675610035657854 5.5635432824492446 2.4614162594079962 2.1431889832019797 9.2818117365240997 1.7847131267190022
leaf_count=57 11 37 12 16 92 10
internal_value=0.000367666 0.00839985 -0.00663715 0.0140072 -0.0109006 -0.0122045
internal_weight=33.4317 18.6362 14.7955 13.0727 12.3341 11.0665
internal_count=235 110 125 73 113 102
is_linear=0
shrinkage=0.03


Tree=96
num_leaves=7
num_cat=0
split_feature=30 68 60 51 43 45
split_gain=4.56351 2.75876 2.27702 1.14579 0.580414 0.212643
threshold=0.37630313634872442 752.01473999023449 0.077600002288818373 -0.40207976102828974 0.65708169341087352 0.071773942559957518
decision_type=2 8 2 2 2 2
left_child=1 2 -1 4 -2 -3
right_child=3 5 -4 -5 -6 -7
leaf_value=0.018840709757822101 -0.011943925216378755 0.00059828536434074599 0 0 0 -0.0033868993607552877
leaf_weight=11.621894776821138 9.1640990152955037 2.2752806246280652 2.5201928988099089 2.0681133791804305 1.0251638889312733 6.3005144819617271
leaf_count=60 91 12 15 13 6 45
internal_value=0.00219212 0.00980117 0.0152654 -0.00728218 -0.0104661 0
internal_weight=34.9753 22.7179 14.1421 12.2574 10.1893 8.5758
internal_count=242 132 75 110 97 57
is_linear=0
shrinkage=0.03


Tree=97
num_leaves=7
num_cat=0
split_feature=12 60 68 46 30 50
split_gain=4.78313 1.70142 1.50886 0.505939 0.438464 0.0668824
threshold=0.30952382087707525 0.21280000358819964 984.45333862304699 0.079128284007310881 0.14627855271101001 0.23901679366827014
decision_type=2 2 8 2 2 2
left_child=3 2 -2 -1 -5 -6
right_child=1 -3 -4 4 5 -7
leaf_value=0 0.015081643638741721 -0.0004290649345752393 0 0 -0.012496024536443252 0
leaf_weight=1.0854919031262387 12.02283793687821 2.319965846836566 5.462160497903823 1.0891219601035107 9.8061130940914136 1.0118772611021984
leaf_count=7 62 15 30 7 100 12
internal_value=0 0.00843825 0.0115258 -0.00974296 -0.0109733 -0.0120694
internal_weight=32.7976 19.805 17.485 12.9926 11.9071 10.818
internal_count=233 107 92 126 119 112
is_linear=0
shrinkage=0.03


Tree=98
num_leaves=7
num_cat=0
split_feature=68 60 54 11 26 55
split_gain=6.27975 2.28166 1.79216 1.75822 0.103478 0.058188
threshold=464.86520385742193 0.34340000152587896 0.069159060716629042 7.5000000000000009 0.60906714200973522 0.16926126182079318
decision_type=8 2 2 2 2 2
left_child=1 4 -2 5 -1 -4
right_child=2 -3 3 -5 -6 -7
leaf_value=0.015376402331810939 0 -0.00060680453534178583 -0.016230993241573899 0 0 0
leaf_weight=10.806396722793577 2.4324513822793987 2.3776493668556204 13.239064209163187 1.6196182221174229 2.1051728203892699 1.0667324066162098
leaf_count=58 11 15 120 9 15 11
internal_value=0 0.0104795 -0.010068 -0.0131564 0.0145136 -0.0158028
internal_weight=33.6471 15.2892 18.3579 15.9254 12.9116 14.3058
internal_count=239 88 151 140 73 131
is_linear=0
shrinkage=0.03


Tree=99
num_leaves=7
num_cat=0
split_feature=58 0 14 47 42 54
split_gain=3.49482 2.64288 1.40649 0.956948 0.641382 0.816871
threshold=0.011799999978393318 0.83333334326744091 13.604084968566896 0.16693903505802157 0.26790553331375128 0.069159060716629042
decision_type=2 2 2 2 2 2
left_child=1 4 -3 -2 -1 -6
right_child=3 2 -4 -5 5 -7
leaf_value=0.0022294115667627935 0 0.015931117019150159 0 -0.012013151287513651 0 -0.0083929366310274978
leaf_weight=4.2367817461490658 1.0541966855525959 9.208400793373583 2.1652888357639304 9.2131752669811231 2.1299185752868635 7.6718354299664497
leaf_count=25 6 50 13 92 10 56
internal_value=0 0.00590271 0.0129948 -0.00971158 -0.000362694 -0.0050732
internal_weight=35.6796 25.4122 11.3737 10.2674 14.0385 9.80175
internal_count=252 154 63 98 91 66
is_linear=0
shrinkage=0.03


Tree=100
num_leaves=7
num_cat=0
split_feature=51 24 28 35 59 58
split_gain=3.13847 2.00311 1.72847 1.37247 0.785948 0.484852
threshold=-0.51844158768653859 0.23973467200994494 0.81790655851364147 0.1045847423374653 0.21559999883174899 0.020399999804794792
decision_type=2 2 2 2 2 2
left_child=1 5 3 -2 -5 -1
right_child=2 -3 -4 4 -6 -7
leaf_value=0.0053539871944197712 0 -0.011543266224467443 -0.00028200740259845585 0.015941929313992152 0 -0.00060093791213021149
leaf_weight=5.6154207587242153 1.5946210846304918 9.7130769118666631 2.6171390563249579 11.626530572772024 2.0487813651561728 1.8609167039394376
leaf_count=29 9 96 22 63 13 15
internal_value=0.000555393 -0.00555643 0.0084667 0.0118587 0.0142223 0.000942823
internal_weight=35.0765 17.1894 17.8871 15.2699 13.6753 7.47634
internal_count=247 140 107 85 76 44
is_linear=0
shrinkage=0.03


Tree=101
num_leaves=7
num_cat=0
split_feature=1 54 42 26 54 52
split_gain=3.23031 1.90485 1.30996 0.818715 0.0861902 0.0397792
threshold=0.83333334326744091 0.069159060716629042 0.23753813654184344 0.49690803885459905 0.56555533409118663 -0.35618743300437922
decision_type=2 2 2 2 2 2
left_child=1 -1 4 -2 -3 -4
right_child=3 2 5 -5 -6 -7
leaf_value=0.0046344477085375714 0.012857120042326963 0 -0.012296382514102195 0 0.002448225215078106 0
leaf_weight=2.2357381880283382 10.069914139807222 2.2911100015044239 10.426665745675566 1.7262887805700291 2.941892497241497 2.6279028505086854
leaf_count=10 59 23 87 16 17 17
internal_value=0.00150414 -0.00371915 -0.00813879 0.0108815 0 -0.0115071
internal_weight=32.3195 20.5233 18.2876 11.7962 5.233 13.0546
internal_count=229 154 144 75 40 104
is_linear=0
shrinkage=0.03


Tree=102
num_leaves=7
num_cat=0
split_feature=32 47 58 55 62 68
split_gain=3.27506 2.92935 1.60122 1.49329 0.435847 0.109434
threshold=0.19966991245746615 0.096516769379377379 0.018600000068545345 0.12808823585510257 0.55140000581741344 102.1502151489258
decision_type=2 2 2 2 2 10
left_child=2 5 3 -1 -3 -2
right_child=1 4 -4 -5 -6 -7
leaf_value=0.015397244110631874 0 -0.013606831739203953 0 0 0 0.0043759215095702433
leaf_weight=9.1921911090612394 2.8461073637008694 11.956967204809187 2.2857984229922286 2.0102844983339301 1.3885932713747013 2.7704070955514908
leaf_count=47 17 119 16 10 9 15
internal_value=0 -0.00639009 0.0086684 0.0122968 -0.0125432 0.00305811
internal_weight=32.4503 18.9621 13.4883 11.2025 13.3456 5.61651
internal_count=233 160 73 57 128 32
is_linear=0
shrinkage=0.03


Tree=103
num_leaves=7
num_cat=0
split_feature=58 32 62 48 44 68
split_gain=2.94313 3.10504 0.75856 0.676365 0.664691 0.755308
threshold=0.011799999978393318 0.27426053583621984 0.55140000581741344 0.12942958623170855 0.65886381268501293 206.68585205078128
decision_type=2 2 2 2 2 10
left_child=1 3 -2 -1 5 -3
right_child=2 4 -4 -5 -6 -7
leaf_value=0.015096915954829756 -0.010154542259425435 -0.0091968276275138823 0 0 0.0015743165112636806 0
leaf_weight=11.391929462552072 7.7615105696022493 5.1947477757930738 1.1687950789928434 1.9530217498540867 2.0932625457644454 3.7069493234157562
leaf_count=60 77 42 8 10 11 28
internal_value=0.000466997 0.00663002 -0.00779 0.0135194 -0.00133058 -0.0056595
internal_weight=33.2702 24.3399 8.93031 13.345 10.995 8.9017
internal_count=236 151 85 70 81 70
is_linear=0
shrinkage=0.03


Tree=104
num_leaves=7
num_cat=0
split_feature=68 60 9 43 59 60
split_gain=3.31155 3.08166 1.39002 0.594775 0.585331 0.117927
threshold=752.01473999023449 0.077600002288818373 2.1666666269302373 0.15180068463087085 0.58779999613761913 0.833600014448166
decision_type=8 2 2 2 2 2
left_child=1 4 3 -2 -1 -5
right_child=2 -3 -4 5 -6 -7
leaf_value=0.016345713543328391 0 -0.0015212590257010947 0.00077634901634114433 -0.011772908583046925 0 0
leaf_weight=11.243676707148557 0.89669536799192329 5.2220986559987059 3.3498780727386466 8.6039062403142417 1.7089393362402905 0.88633181899786073
leaf_count=62 5 36 20 87 11 9
internal_value=0.00172423 0.00925033 -0.00540765 -0.00974764 0.0149779 -0.0112629
internal_weight=31.9115 18.1747 13.7368 10.3869 12.9526 9.49024
internal_count=230 109 121 101 73 96
is_linear=0
shrinkage=0.03


Tree=105
num_leaves=7
num_cat=0
split_feature=68 60 11 58 26 56
split_gain=3.71235 2.39071 1.28656 0.827507 0.757847 0.635906
threshold=667.86233520507824 0.31399999558925634 5.6070852279663095 0.045199999585747726 0.66653695702552807 -0.36945162713527674
decision_type=8 2 2 2 2 2
left_child=1 3 5 4 -1 -2
right_child=2 -3 -4 -5 -6 -7
leaf_value=0.017271032941483085 -0.011147526846933275 -0.00090184681980609029 0.00072586161803975995 0 0 0
leaf_weight=10.790059745311739 10.508131023496386 3.4252358376979819 2.0860691070556632 1.9440881684422482 2.3789945319294921 2.1580920591950425
leaf_count=58 100 24 12 14 16 14
internal_value=0.00164694 0.00960694 -0.00577197 0.0137886 0.0154344 -0.00933734
internal_weight=33.2907 18.5384 14.7523 15.1131 13.1691 12.6662
internal_count=238 112 126 88 74 114
is_linear=0
shrinkage=0.03


Tree=106
num_leaves=7
num_cat=0
split_feature=58 0 17 68 17 52
split_gain=3.59843 1.91958 0.703816 0.618353 0.215677 0.199138
threshold=0.009599999990314247 0.83333334326744091 0.72184714674949657 752.01473999023449 0.47890043258666998 -0.3386028110980987
decision_type=2 2 2 8 2 2
left_child=1 3 -3 4 -1 -2
right_child=5 2 -4 -5 -6 -7
leaf_value=0.0046376312897247439 -0.010904483160983601 0.014140239740071109 0 -0.0052424823935155766 0 0
leaf_weight=4.26826842874289 7.8932899013161659 8.2609685882925969 2.0083315446972838 6.1460072621703157 2.0889291986823082 1.0334615632891635
leaf_count=22 83 47 12 48 14 7
internal_value=0 0.00627433 0.0122018 0 0.00262565 -0.0101462
internal_weight=31.6993 22.7725 10.2693 12.5032 6.3572 8.92675
internal_count=233 143 59 84 36 90
is_linear=0
shrinkage=0.03


Tree=107
num_leaves=7
num_cat=0
split_feature=58 30 62 28 43 51
split_gain=2.7583 1.62376 1.24857 0.712101 0.689497 0.40358
threshold=0.005799999926239253 0.31507937610149389 0.55140000581741344 0.01563517423346639 0.63758903741836559 -0.64645934104919422
decision_type=2 2 2 2 2 2
left_child=1 3 5 -1 -5 -2
right_child=2 -3 -4 4 -6 -7
leaf_value=0 0 0 0 0.014564539774513573 0 -0.01190499299596974
leaf_weight=1.8485921770334268 0.86341432109475036 9.3986169621348363 1.4028604626655568 9.3173152506351453 1.8364233598113049 8.3062867820262891
leaf_count=10 8 70 8 49 10 85
internal_value=2.60422e-06 0.00651408 -0.00733747 0.0111042 0.0128209 -0.0107888
internal_weight=32.9735 22.4009 10.5726 13.0023 11.1537 9.1697
internal_count=240 139 101 69 59 93
is_linear=0
shrinkage=0.03


Tree=108
num_leaves=7
num_cat=0
split_feature=62 31 60 6 5 1
split_gain=2.41754 1.43229 1.14847 0.75097 0.633731 0.318966
threshold=0.0010000000183936211 0.14182729274034503 0.0061999999452382335 31.467741012573246 0.69680365920066845 0.83333334326744091
decision_type=2 2 2 2 2 2
left_child=1 -1 3 -2 -3 -4
right_child=2 4 5 -5 -6 -7
leaf_value=0 0.011824384034103132 -0.012719212396427516 -0.0041477793201965384 0 0 0.0016058213287918613
leaf_weight=2.8334517776966122 9.0374763682484645 9.0566340014338476 4.8840733617544165 2.6036579906940451 1.0323144644498814 2.0228310823440552
leaf_count=17 51 92 37 13 7 11
internal_value=0 -0.00730597 0.00577547 0.00957934 -0.0111836 0
internal_weight=31.4704 12.9224 18.548 11.6411 10.0889 6.9069
internal_count=228 116 112 64 99 48
is_linear=0
shrinkage=0.03


Tree=109
num_leaves=7
num_cat=0
split_feature=58 0 62 54 54 19
split_gain=2.89087 2.13364 1.28746 0.48165 0.74913 0.307823
threshold=0.005799999926239253 0.83333334326744091 0.55140000581741344 0.070939652621746077 0.72662216424942028 0.72827759385108959
decision_type=2 2 2 2 2 2
left_child=1 3 -2 -1 -5 -3
right_child=2 5 -4 4 -6 -7
leaf_value=0.0024868979677649988 -0.011704604139301656 0.013731450319950739 0 -0.007723655017689417 0 0
leaf_weight=2.2237813025713029 8.6344277672469598 8.0582515299320203 1.2581534609198559 7.3012276738882047 2.4152647778391838 1.9049569517374028
leaf_count=10 87 45 8 53 15 10
internal_value=0 0.00615241 -0.00837166 0 -0.00426046 0.0125173
internal_weight=31.7961 21.9035 9.89258 11.9403 9.71649 9.96321
internal_count=228 133 95 78 68 55
is_linear=0
shrinkage=0.03


Tree=110
num_leaves=7
num_cat=0
split_feature=68 11 55 54 4 60
split_gain=3.62143 1.99172 1.00922 0.7065 0.842165 0.521726
threshold=505.51928710937506 5.6070852279663095 0.16169135272502902 0.070939652621746077 0.0050959466025233277 0.36660000681877142
decision_type=8 2 2 2 8 2
left_child=2 3 5 -2 -5 -1
right_child=1 -3 -4 4 -6 -7
leaf_value=0.013045560715676554 0 0.0018914970086069435 0 0 -0.014290576623944421 0
leaf_weight=11.018788605928423 1.4911629706621194 3.7127888053655616 1.9363309815525998 1.0789546221494646 10.554891385138035 1.7055274918675412
leaf_count=66 7 24 13 10 101 12
internal_value=0.000100807 -0.00628596 0.00944357 -0.0110114 -0.0126095 0.011694
internal_weight=31.4984 16.8378 14.6606 13.125 11.6338 12.7243
internal_count=233 142 91 118 111 78
is_linear=0
shrinkage=0.03


Tree=111
num_leaves=7
num_cat=0
split_feature=12 31 4 51 60 42
split_gain=2.82255 1.4046 1.32447 0.932524 0.351138 0.00463069
threshold=0.50757575035095226 0.15461797267198565 0.0055944493506103763 -0.40207976102828974 0.00059999998484272521 0.25310514867305761
decision_type=2 2 10 2 2 2
left_child=1 5 4 -3 -2 -1
right_child=2 3 -4 -5 -6 -7
leaf_value=0.00065183094933685473 0.0022272745073305461 -0.012478288441980479 0.011663616674316436 0 -0.0042143259821064549 0
leaf_weight=1.7091714143753045 4.2363109290599841 10.237208630889651 9.7282219901680929 1.6958314552903182 3.8172149807214737 1.3661816865205763
leaf_count=11 20 108 55 12 23 9
internal_value=0 -0.00647498 0.00732785 -0.0102666 0 0.000248498
internal_weight=32.7901 15.0084 17.7817 11.933 8.05353 3.07535
internal_count=238 140 98 120 43 20
is_linear=0
shrinkage=0.03


Tree=112
num_leaves=7
num_cat=0
split_feature=62 55 30 61 30 52
split_gain=2.09508 1.63227 1.09668 0.296212 0.294256 0.0816171
threshold=0.0010000000183936211 0.14269554615020755 0.13510000705718997 0.0014000000082887711 0.69834941625595104 -0.52933478355407704
decision_type=2 2 2 2 2 2
left_child=2 4 5 -4 -2 -1
right_child=1 -3 3 -5 -6 -7
leaf_value=0 0.011646893642653994 -0.00048780572401867738 -0.010133615503749843 0 0 0.0024876135578182231
leaf_weight=1.8960387706756594 12.891903378069403 4.1429880112409583 7.4104314707219583 1.3892495781183241 2.4164160639047614 1.8701975271105755
leaf_count=12 73 25 88 9 19 9
internal_value=0.000747712 0.00683226 -0.00486584 -0.00899561 0.0105941 0
internal_weight=32.0172 19.4513 12.5659 8.79968 15.3083 3.76624
internal_count=235 117 118 97 92 21
is_linear=0
shrinkage=0.03


Tree=113
num_leaves=7
num_cat=0
split_feature=12 60 19 4 2 49
split_gain=2.20645 1.92222 0.727696 0.584111 0.503434 0.38751
threshold=0.30952382087707525 0.0030000000260770325 0.43198791146278387 0.011484991759061815 1.9959999918937685 0.15206046402454379
decision_type=2 2 2 10 2 2
left_child=2 4 -1 -3 -2 -4
right_child=1 3 5 -5 -6 -7
leaf_value=0 0.01248778646195248 -0.0059605405948414004 -0.010100420601909901 0.0012323508857339394 0 0
leaf_weight=4.0179455615580073 11.678659014403822 4.4886298999190322 7.4897962771356088 2.2288590371608734 1.7519399300217617 1.4174716658890245
leaf_count=41 62 28 71 13 11 16
internal_value=0 0.00632268 -0.00583521 -0.00067533 0.011178 -0.00871346
internal_weight=33.0733 20.1481 12.9252 6.71749 13.4306 8.90727
internal_count=242 114 128 41 73 87
is_linear=0
shrinkage=0.03


Tree=114
num_leaves=7
num_cat=0
split_feature=68 60 11 0 4 56
split_gain=2.76017 3.51069 1.20697 0.509836 0.439715 0.177555
threshold=752.01473999023449 0.026600000448524955 5.6070852279663095 3.1666666269302373 0.005315635586157442 -0.36144161224365229
decision_type=8 2 2 2 8 2
left_child=1 -1 3 4 -2 -3
right_child=2 5 -4 -5 -6 -7
leaf_value=0.015204663267062477 0 -0.0041074594936484216 0.00077130434005317507 0 -0.011501734738170573 0
leaf_weight=11.641756363213064 1.2997656054794759 3.9938971474766731 2.5292564630508414 1.2610177546739567 9.3229822292923927 2.7247509136795989
leaf_count=67 11 28 17 6 92 18
internal_value=0.00116971 0.0082277 -0.00505093 -0.00881806 -0.0102354 -0.00213622
internal_weight=32.7734 18.3604 14.413 11.8838 10.6227 6.71865
internal_count=239 113 126 109 103 46
is_linear=0
shrinkage=0.03


Tree=115
num_leaves=7
num_cat=0
split_feature=58 19 62 39 50 14
split_gain=2.91493 1.95488 1.13465 0.808425 0.429567 0.147243
threshold=1.0000000180025095e-35 0.44250741600990301 0.83859997987747203 0.20223893225193026 0.25274411588907247 14.235917091369631
decision_type=2 2 2 2 2 2
left_child=1 3 4 -1 -2 -3
right_child=2 5 -4 -5 -6 -7
leaf_value=0.014312025097462369 -0.010397884464654891 -0.0029938734519682278 0.00036964822921827569 0 0 0
leaf_weight=11.5107459127903 10.046055298298596 4.7846391573548308 1.3094665259122837 2.1339209526777259 1.6163140907883633 2.0590449124574661
leaf_count=66 96 41 8 12 13 9
internal_value=0.0011429 0.00793393 -0.00575583 0.012473 -0.00906653 0
internal_weight=33.4602 20.4884 12.9718 13.6447 11.6624 6.84368
internal_count=245 128 117 78 109 50
is_linear=0
shrinkage=0.03


Tree=116
num_leaves=7
num_cat=0
split_feature=0 54 43 14 50 6
split_gain=2.56256 2.39436 1.10477 0.828817 0.638738 0.317437
threshold=1.5000000000000002 0.069159060716629042 0.15180068463087085 13.560840129852297 0.24566179513931277 109.2777786254883
decision_type=2 2 2 2 2 2
left_child=1 -1 -3 5 -4 -2
right_child=3 2 4 -5 -6 -7
leaf_value=0.0042114844528071483 0.011929768811433993 0 -0.013364339436339153 0 0 0
leaf_weight=2.6976048201322618 6.8068918585777265 1.5701175779104257 14.886378385126593 1.6387362331151951 1.5984521135687817 1.5303524136543272
leaf_count=12 42 8 135 11 13 10
internal_value=0 -0.00554627 -0.0101243 0.00825213 -0.012088 0.0107174
internal_weight=30.7285 20.7526 18.0549 9.97598 16.4848 8.33724
internal_count=231 168 156 63 148 52
is_linear=0
shrinkage=0.03


Tree=117
num_leaves=5
num_cat=0
split_feature=0 47 53 42
split_gain=2.67169 1.3754 1.36197 1.11819
threshold=1.8333333134651186 0.085297085344791426 -0.22608545422554013 0.18874773383140567
decision_type=2 2 2 2
left_child=1 -1 3 -3
right_child=-2 2 -4 -5
leaf_value=0.0021823314393716476 0.010146043007837537 0 0 -0.012360119592002984
leaf_weight=3.9914480000734391 8.0355705022811872 2.0087447278201678 2.0741884410381273 15.863733716309069
leaf_count=19 49 17 11 142
internal_value=0 -0.00401797 -0.00757668 -0.0102789
internal_weight=31.9737 23.9381 19.9467 17.8725
internal_count=238 189 170 159
is_linear=0
shrinkage=0.03


Tree=118
num_leaves=7
num_cat=0
split_feature=58 30 62 60 51 51
split_gain=2.24315 1.99024 1.00122 0.979289 0.221321 0.193213
threshold=0.005799999926239253 0.3257004469633103 0.55140000581741344 0.0030000000260770325 -0.64645934104919422 -0.40207976102828974
decision_type=2 2 2 2 2 2
left_child=1 3 4 -1 -2 -3
right_child=2 5 -4 -5 -6 -7
leaf_value=0.014486256107573285 0 -0.0033365596415703106 0 0 -0.010096647428227417 0
leaf_weight=9.5552795231342369 1.0258177258074272 5.6200224012136459 1.850809760391712 3.1539826840162268 6.9365778006613246 2.8203823044896108
leaf_count=52 10 52 12 19 72 16
internal_value=0.000970263 0.00677817 -0.00562216 0.011912 -0.00922124 0
internal_weight=30.9629 21.1497 9.81321 12.7093 7.9624 8.4404
internal_count=233 139 94 71 82 68
is_linear=0
shrinkage=0.03


Tree=119
num_leaves=7
num_cat=0
split_feature=68 60 9 47 7 4
split_gain=1.95567 2.18038 1.12777 0.802142 0.761159 0.232199
threshold=752.01473999023449 0.0030000000260770325 5.1666667461395273 0.073408186435699477 388.00000000000006 0.012527989223599436
decision_type=8 2 2 2 2 10
left_child=1 4 3 -2 -1 -3
right_child=2 5 -4 -5 -6 -7
leaf_value=0.014434701283805385 0 -0.0037543078819433384 0.00068890843573605825 -0.01076626815982528 0 0
leaf_weight=8.0695390254259163 1.6767593771219242 5.4826892614364615 1.5997760146856297 10.400577776134012 1.580992892384528 1.567407354712486
leaf_count=46 8 39 8 107 10 10
internal_value=0 0.00649636 -0.00517164 -0.00862607 0.0125194 -0.000736427
internal_weight=30.3777 16.7006 13.6771 12.0773 9.65053 7.0501
internal_count=228 105 123 115 56 49
is_linear=0
shrinkage=0.03


Tree=120
num_leaves=7
num_cat=0
split_feature=68 60 0 43 4 31
split_gain=2.27453 1.74886 1.27053 1.16065 0.403626 0.202459
threshold=697.16046142578136 0.0030000000260770325 3.1666666269302373 0.14653412997722629 0.016200970858335498 0.70160162448883068
decision_type=8 2 2 2 10 2
left_child=1 -1 3 -2 5 -3
right_child=2 4 -4 -5 -6 -7
leaf_value=0.011966646977529808 0 -0.0059391769776462062 0.00034741083463556735 -0.012417973144668623 0.0016292114714176224 0
leaf_weight=8.6250606551766449 1.5421539992094029 4.5686477571725836 1.7439980804920185 10.366068478673695 1.8992846757173536 1.2745964005589483
leaf_count=50 9 31 9 108 11 10
internal_value=0 0.0064388 -0.0063507 -0.00978117 0 -0.00457548
internal_weight=30.0198 16.3676 13.6522 11.9082 7.74253 5.84324
internal_count=228 102 126 117 52 41
is_linear=0
shrinkage=0.03


Tree=121
num_leaves=7
num_cat=0
split_feature=68 58 26 9 30 32
split_gain=3.98757 1.71755 1.28895 0.878704 0.275984 0.181465
threshold=667.86233520507824 0.011799999978393318 0.14372427761554721 4.6666667461395273 0.57834297418594371 0.88642621040344249
decision_type=8 2 2 2 2 2
left_child=1 4 -2 5 -1 -4
right_child=2 -3 3 -5 -6 -7
leaf_value=0.014555990709091532 0 0 -0.012784416482881684 0 0 0
leaf_weight=11.379571065306669 4.0115055069327346 3.2470830976963034 8.63847845420241 1.0342330634593953 1.5870157033205021 0.81170825660228807
leaf_count=65 23 24 96 5 12 9
internal_value=0.00139246 0.0102157 -0.00616853 -0.0101061 0.0136536 -0.0121747
internal_weight=30.7096 16.2137 14.4959 10.4844 12.9666 9.45019
internal_count=234 101 133 110 77 105
is_linear=0
shrinkage=0.03


Tree=122
num_leaves=7
num_cat=0
split_feature=0 54 58 53 47 55
split_gain=2.22348 2.38785 1.15126 0.895806 0.492354 0.0539711
threshold=1.1666666865348818 0.069159060716629042 0.009599999990314247 -0.22608545422554013 0.79380273818969738 0.14269554615020755
decision_type=2 2 2 2 2 2
left_child=1 -1 5 4 -3 -2
right_child=2 3 -4 -5 -6 -7
leaf_value=0.0049943700121172522 0.01223549739259791 -0.012811046029207494 0 0 0 0
leaf_weight=3.0746722221374574 7.0925880223512632 11.930086299777036 2.262612033635377 1.5004777833819343 3.2987232729792586 1.9070473462343214
leaf_count=14 43 110 23 8 28 10
internal_value=0 -0.00420484 0.00832666 -0.00937626 -0.0111848 0.0114945
internal_weight=31.0662 19.804 11.2622 16.7293 15.2288 8.99964
internal_count=236 160 76 146 138 53
is_linear=0
shrinkage=0.03


Tree=123
num_leaves=7
num_cat=0
split_feature=62 60 5 14 31 1
split_gain=2.613 1.753 1.03934 0.774368 0.762706 0.439487
threshold=0.0010000000183936211 0.0061999999452382335 0.73926940560340892 13.221588611602785 0.15461797267198565 0.83333334326744091
decision_type=2 2 2 2 2 2
left_child=2 3 4 -2 -1 -3
right_child=1 5 -4 -5 -6 -7
leaf_value=0 0.013345274351633709 -0.0047426264385692241 0 0 -0.012189098890042022 0.0016867159163900455
leaf_weight=2.2296937331557301 9.4828380346298236 6.1198926456272593 1.0955672189593304 1.8460771963000286 8.7001136951148492 1.5857940465211866
leaf_count=16 55 47 6 10 95 10
internal_value=0 0.00641594 -0.00724626 0.011402 -0.00999746 0
internal_weight=31.06 19.0346 12.0254 11.3289 10.9298 7.70569
internal_count=239 122 117 65 111 57
is_linear=0
shrinkage=0.03


Tree=124
num_leaves=7
num_cat=0
split_feature=0 51 54 14 15 68
split_gain=2.04812 1.33506 1.34079 0.683249 0.272695 0.250848
threshold=1.8333333134651186 -0.4306392222642898 0.56555533409118663 13.221588611602785 0.00017710646352497863 313.60475158691412
decision_type=2 2 2 2 2 8
left_child=1 2 -1 -2 -3 -4
right_child=3 4 5 -5 -6 -7
leaf_value=-0.011369657873889985 0.011907135072774721 0.0049539886273344373 0.0040987957747992071 0 0 -0.001044669887775505
leaf_weight=9.0119235180318373 6.4579586461186391 4.9321199618279961 2.5058842971920958 1.9891021028161047 1.940205246210098 4.3517111763358116
leaf_count=90 40 28 13 13 13 43
internal_value=0.00105236 -0.00228155 -0.00695385 0.00965182 0.00267839 0
internal_weight=31.1889 22.7418 15.8695 8.44706 6.87233 6.8576
internal_count=240 187 146 53 41 56
is_linear=0
shrinkage=0.03


Tree=125
num_leaves=7
num_cat=0
split_feature=68 60 9 59 15 41
split_gain=2.67347 4.4238 1.18602 0.601624 0.358709 0.344424
threshold=752.01473999023449 0.077600002288818373 5.1666667461395273 0.58779999613761913 6.8180971145629892 0.033363632857799537
decision_type=8 2 2 2 2 2
left_child=1 3 4 5 -2 -1
right_child=2 -3 -4 -5 -6 -7
leaf_value=0 -0.010814734463369129 -0.0051485312811083575 0 0 0 0.017031913898816628
leaf_weight=1.3438974395394385 10.834085363894699 5.4590644538402548 1.3903324455022801 1.5981038287281979 1.0585809648036946 9.934561073780058
leaf_count=8 108 39 7 11 7 59
internal_value=0 0.00692704 -0.00670415 0.014682 -0.00982633 0.0160374
internal_weight=31.6186 18.3356 13.283 12.8766 11.8927 11.2785
internal_count=239 117 122 78 115 67
is_linear=0
shrinkage=0.03


Tree=126
num_leaves=7
num_cat=0
split_feature=19 58 35 37 49 62
split_gain=1.75848 1.53988 1.13059 0.889704 0.278484 0.168914
threshold=0.44250741600990301 1.0000000180025095e-35 0.36522072553634649 0.81200975179672252 0.15206046402454379 0.55140000581741344
decision_type=2 2 2 2 2 2
left_child=1 2 -1 4 -2 -3
right_child=3 5 -4 -5 -6 -7
leaf_value=0 -0.010130300544658414 -0.0032009056871522392 0.013985061611884161 0 0 0
leaf_weight=4.8941180780530029 6.9746254161000234 4.9341681003570548 6.8443315401673317 3.3348978050053111 1.5669671855866907 1.4722390398383138
leaf_count=29 66 45 42 26 16 8
internal_value=0 0.00562971 0.0102343 -0.00561862 -0.00896843 -0.000245681
internal_weight=30.0213 18.1449 11.7384 11.8765 8.54159 6.40641
internal_count=232 124 71 108 82 53
is_linear=0
shrinkage=0.03


Tree=127
num_leaves=7
num_cat=0
split_feature=9 52 26 4 54 31
split_gain=2.19961 1.58152 1.17291 0.520059 0.202924 0.0662704
threshold=2.1666666269302373 -0.38562110066413874 0.14372427761554721 0.011484991759061815 0.069159060716629042 0.58823850750923168
decision_type=2 2 2 10 2 2
left_child=1 2 -1 -2 -3 -6
right_child=3 4 -4 -5 5 -7
leaf_value=0 0 0.0039226118437022976 -0.013095792574239921 0.0091828213112601486 -0.002095654917434141 0
leaf_weight=4.4961146898567721 1.5328085534274567 1.9930252134799964 10.648719687014816 6.4072146937251091 3.5807204321026802 1.216317370533943
leaf_count=26 11 9 113 42 23 10
internal_value=0 -0.00577263 -0.00994247 0.0071435 0.000336715 0
internal_weight=29.8749 21.9349 15.1448 7.94002 6.79006 4.79704
internal_count=234 181 139 53 42 33
is_linear=0
shrinkage=0.03


Tree=128
num_leaves=7
num_cat=0
split_feature=68 32 51 6 0 44
split_gain=3.77347 1.40301 0.900061 0.659817 0.379017 0.574109
threshold=752.01473999023449 0.37618413567543035 -0.32645046710968012 185.75000000000003 3.5000000000000004 0.65886381268501293
decision_type=8 2 2 2 2 2
left_child=1 3 4 -1 5 -2
right_child=2 -3 -4 -5 -6 -7
leaf_value=0.012099569209484271 -0.014010996162736971 0 0 0 0 0
leaf_weight=11.236234098672872 9.4162597246468049 5.0868869423866263 0.91843835264444074 1.6022975668311108 0.83600248396396715 1.1613830029964436
leaf_count=65 107 40 5 10 4 7
internal_value=0 0.00669694 -0.00979755 0.0104941 -0.0117447 -0.0126538
internal_weight=30.2575 17.9254 12.3321 12.8385 11.4136 10.5776
internal_count=238 115 123 75 118 114
is_linear=0
shrinkage=0.03


Tree=129
num_leaves=7
num_cat=0
split_feature=12 59 35 54 43 59
split_gain=2.37466 0.884713 0.71463 0.476432 0.549375 0.413091
threshold=0.50757575035095226 0.19579999893903735 0.1045847423374653 0.070939652621746077 0.15180068463087085 0.84119999408721935
decision_type=2 2 2 2 2 2
left_child=3 2 -2 -1 -5 -6
right_child=1 -3 -4 4 5 -7
leaf_value=0 0 0 0.010988838283122204 0 -0.010965811527476457 0
leaf_weight=0.80388948321342546 2.6221878528594962 3.5863424837589273 9.6746135056018812 1.3582603558897961 10.755324505269526 1.1190259754657734
leaf_count=4 14 23 55 8 120 10
internal_value=0 0.00601478 0.00881519 -0.00706805 -0.0083751 -0.00985399
internal_weight=29.9196 15.8831 12.2968 14.0365 13.2326 11.8744
internal_count=234 92 69 142 138 130
is_linear=0
shrinkage=0.03


Tree=130
num_leaves=7
num_cat=0
split_feature=58 19 62 39 0 50
split_gain=2.53553 1.3274 1.17125 0.833149 0.489162 0.521958
threshold=1.0000000180025095e-35 0.44250741600990301 0.83859997987747203 0.20223893225193026 2.1666666269302373 0.25274411588907247
decision_type=2 2 2 2 2 2
left_child=1 3 4 -1 5 -2
right_child=2 -3 -4 -5 -6 -7
leaf_value=0.013121829892154763 -0.011928491514757809 0 0.00047366081147859525 0 0 0
leaf_weight=10.235667243599897 9.0606929361820203 6.5442645214498034 1.5251397043466557 1.9325748160481442 1.4598359614610661 1.0271331407129753
leaf_count=64 99 52 9 11 9 10
internal_value=0.000446629 0.00732296 -0.00570359 0.0111062 -0.00914516 -0.0105654
internal_weight=31.7853 18.7125 13.0728 12.1682 11.5477 10.0878
internal_count=254 127 127 75 118 109
is_linear=0
shrinkage=0.03


Tree=131
num_leaves=7
num_cat=0
split_feature=1 54 43 58 53 19
split_gain=1.85632 2.32321 1.39546 1.16417 0.743191 0.643207
threshold=0.83333334326744091 0.069159060716629042 0.15180068463087085 0.01480000000447035 -0.22608545422554013 0.69315171241760265
decision_type=2 2 2 2 2 2
left_child=1 -1 -3 5 -4 -2
right_child=3 2 4 -5 -6 -7
leaf_value=0.0058179322506188222 0.013393630617066426 0 -0.012860756480694556 0 0 0
leaf_weight=2.6640290617942872 6.682021923363207 1.6922324523329759 13.551835082471374 1.8028274029493321 1.2554070949554379 1.9102502539753912
leaf_count=12 43 9 128 23 7 10
internal_value=0.000305033 -0.00325207 -0.00862358 0.00818375 -0.0114046 0.011394
internal_weight=29.5586 19.1635 16.4995 10.3951 14.8072 8.59227
internal_count=232 156 144 76 135 53
is_linear=0
shrinkage=0.03


Tree=132
num_leaves=7
num_cat=0
split_feature=58 0 62 17 33 26
split_gain=2.09328 1.54512 0.723314 0.545364 0.366946 0.322981
threshold=0.011799999978393318 0.83333334326744091 0.55140000581741344 0.80976635217666637 0.27271996438503271 0.52387118339538585
decision_type=2 2 2 2 2 2
left_child=1 4 -2 -3 5 -1
right_child=2 3 -4 -5 -6 -7
leaf_value=0.0048827833708636739 -0.0095754178778971032 0.012353720500180951 0 0 -0.0042196601659721744 0
leaf_weight=4.046866208314901 7.5218905359506589 8.4111769795417768 0.99579957872629155 1.5081874355673779 6.0643724948167801 2.7184353061020374
leaf_count=20 86 54 7 8 45 25
internal_value=0 0.0053243 -0.00718355 0.0107897 0 0.00162401
internal_weight=31.2667 22.749 8.51769 9.91936 12.8297 6.7653
internal_count=245 152 93 62 90 45
is_linear=0
shrinkage=0.03


Tree=133
num_leaves=7
num_cat=0
split_feature=68 6 11 4 51 55
split_gain=1.95479 1.39483 1.00547 0.458798 0.492329 0.451554
threshold=752.01473999023449 192.00000000000003 5.6070852279663095 0.0050959466025233277 -0.38627026975154871 0.14431183785200122
decision_type=8 2 2 8 2 2
left_child=1 5 3 -2 -5 -1
right_child=2 -3 -4 4 -6 -7
leaf_value=0.011962390066449764 0 0 0.0013001141341025678 -0.010756336271034967 0 0
leaf_weight=13.254183489829307 1.0689627043902845 1.943602181971072 2.5066063068807116 7.1755666807293883 1.9789152219891555 2.1853198185563079
leaf_count=87 10 13 16 76 12 13
internal_value=0.00195928 0.00779978 -0.00329912 -0.0074789 -0.00897846 0.0107159
internal_weight=30.1132 17.3831 12.7301 10.2234 9.15448 15.4395
internal_count=227 113 114 98 88 100
is_linear=0
shrinkage=0.03


Tree=134
num_leaves=7
num_cat=0
split_feature=58 28 35 62 55 47
split_gain=1.90763 1.36373 1.3653 0.500779 0.445867 0.214237
threshold=0.011799999978393318 0.520310938358307 0.36522072553634649 0.55140000581741344 0.14269554615020755 0.13558906316757205
decision_type=2 2 2 2 2 2
left_child=1 2 -1 -2 -4 -3
right_child=3 5 4 -5 -6 -7
leaf_value=0 -0.0074730595927345296 0 0.015212088275059019 0 0 -0.0038230617203127851
leaf_weight=7.0194441117346384 6.151214472949504 3.0521276891231528 8.2711314484477025 1.0492741651833055 1.6417801156640042 3.1921022646129131
leaf_count=42 72 21 51 7 9 34
internal_value=0.00161336 0.00642764 0.00982167 -0.00512221 0.0138628 0
internal_weight=30.3771 23.1766 16.9324 7.20049 9.91291 6.24423
internal_count=236 157 102 79 60 55
is_linear=0
shrinkage=0.03


Tree=135
num_leaves=7
num_cat=0
split_feature=58 35 34 19 42 24
split_gain=1.54018 1.70147 1.37311 1.64669 0.329976 0.123549
threshold=0.011799999978393318 0.32889331877231603 0.77916738390922557 0.81449943780899059 0.23419403284788134 0.90211856365203869
decision_type=2 2 2 2 2 2
left_child=1 4 3 -3 -1 -2
right_child=5 2 -4 -5 -6 -7
leaf_value=0 -0.0080125961635697709 0.015185404871821694 0 0 -0.0048717620082906928 0
leaf_weight=1.533749308437115 7.0249068625271311 9.8205676637589914 2.8883715793490401 1.3659391701221455 6.006338220089674 0.76285964250564564
leaf_count=8 80 64 25 11 39 9
internal_value=0 0.0035762 0.00877253 0.0120739 -0.00217423 -0.00742948
internal_weight=29.4027 21.615 14.0749 11.1865 7.54009 7.78777
internal_count=236 147 100 75 47 89
is_linear=0
shrinkage=0.03


Tree=136
num_leaves=7
num_cat=0
split_feature=58 0 62 50 19 29
split_gain=1.83923 1.53042 0.868036 0.423841 0.310058 0.201078
threshold=1.0000000180025095e-35 0.83333334326744091 0.55140000581741344 0.25274411588907247 0.53518071770668041 0.2798540741205216
decision_type=2 2 2 2 2 2
left_child=1 5 3 -2 -3 -1
right_child=2 4 -4 -5 -6 -7
leaf_value=0.00034449996774078075 -0.010647382695802215 0.012533466253050754 0 0 0 -0.0034654988745530415
leaf_weight=5.4895453751087242 7.8978996612131578 5.5671202912926665 2.1757261268794528 1.1973994225263593 1.9415538311004636 4.9156399220228195
leaf_count=38 87 34 15 9 12 38
internal_value=0 0.00531643 -0.00638189 -0.00928878 0.0111234 0
internal_weight=29.1849 17.9139 11.271 9.0953 7.50867 10.4052
internal_count=233 122 111 96 46 76
is_linear=0
shrinkage=0.03


Tree=137
num_leaves=7
num_cat=0
split_feature=58 0 62 17 68 42
split_gain=1.60026 1.57319 0.811867 0.760999 0.242106 0.562872
threshold=0.011799999978393318 0.83333334326744091 0.55140000581741344 0.80976635217666637 184.70973205566409 0.22498039156198504
decision_type=2 2 2 2 10 2
left_child=1 4 -2 -3 5 -1
right_child=2 3 -4 -5 -6 -7
leaf_value=0 -0.0079251172943268812 0.013606543183697008 0 0 0.0016211870903163254 -0.0066205090944377329
leaf_weight=1.2854915224015764 6.5150860585272303 8.0415693894028646 1.141929645091295 1.6281592324376095 5.0674975775182247 5.6254057064652443
leaf_count=7 80 52 7 10 33 43
internal_value=0.00164042 0.00625797 -0.00416697 0.0116187 0 -0.00324702
internal_weight=29.3051 21.6481 7.65702 9.66973 11.9784 6.9109
internal_count=232 145 87 62 83 50
is_linear=0
shrinkage=0.03


Tree=138
num_leaves=6
num_cat=0
split_feature=54 0 61 14 47
split_gain=2.0698 2.51008 1.23865 0.442298 0.132041
threshold=0.069159060716629042 3.1666666269302373 1.0000000180025095e-35 15.311172962188722 0.73610010743141185
decision_type=2 2 2 2 2
left_child=-1 2 3 -2 -4
right_child=1 -3 4 -5 -6
leaf_value=0.010125906949487579 -0.01268661426515473 0.0056349029589662925 -0.0007950266303833782 0 0.0030457865767826667
leaf_weight=4.7932965308427837 12.674692515283827 4.7529287412762633 4.4025944992899886 0.94673624634742815 1.8288359120488165
leaf_count=25 134 32 30 5 9
internal_value=0 -0.00316205 -0.00846005 -0.0117323 0
internal_weight=29.3991 24.6058 19.8529 13.6214 6.23143
internal_count=235 210 178 139 39
is_linear=0
shrinkage=0.03


Tree=139
num_leaves=7
num_cat=0
split_feature=32 51 60 53 61 55
split_gain=1.54872 1.37811 0.847413 0.738602 0.734884 0.617995
threshold=0.19966991245746615 -0.4306392222642898 0.077600002288818373 -0.49601510167121882 0.0014000000082887711 0.12808823585510257
decision_type=2 2 2 2 2 2
left_child=2 4 3 -1 -2 -5
right_child=1 -3 -4 5 -6 -7
leaf_value=0 -0.011741630165446637 0.000744189725122135 0 0.013209991251173892 0 0
leaf_weight=2.1814122572541228 7.9366026557981986 5.4574572816491118 2.1867012232542029 6.0325391367077845 3.1980245187878609 2.1574135720729828
leaf_count=16 100 36 14 35 23 12
internal_value=0 -0.00466908 0.00600754 0.00879789 -0.00925797 0.0111009
internal_weight=29.1502 16.5921 12.5581 10.3714 11.1346 8.18995
internal_count=236 159 77 63 123 47
is_linear=0
shrinkage=0.03


Tree=140
num_leaves=7
num_cat=0
split_feature=68 60 0 42 7 30
split_gain=1.99014 1.54019 0.832494 0.906509 0.756152 0.572148
threshold=697.16046142578136 0.31399999558925634 3.5000000000000004 0.18874773383140567 388.00000000000006 0.6851727068424226
decision_type=8 2 2 2 2 2
left_child=1 4 3 -2 5 -1
right_child=2 -3 -4 -5 -6 -7
leaf_value=0.013179356883796997 0 -0.0010212174316950005 0 -0.011234670231688511 0 0
leaf_weight=9.9786294773221034 1.7665571682155121 3.3651295974850646 1.722405433654784 9.4404861256480199 1.4028813913464535 1.2151095271110524
leaf_count=62 17 26 9 102 10 10
internal_value=0 0.00589596 -0.00622536 -0.00878821 0.0100333 0.0118085
internal_weight=28.8912 15.9617 12.9294 11.207 12.5966 11.1937
internal_count=236 108 128 119 82 72
is_linear=0
shrinkage=0.03


Tree=141
num_leaves=7
num_cat=0
split_feature=51 30 18 36 36 26
split_gain=1.14721 2.1505 0.509314 0.328866 0.452589 0.295932
threshold=-0.43886667490005488 0.14627855271101001 0.13170059025287631 0.84326621890068065 0.097918644547462477 0.2176284268498421
decision_type=2 2 2 2 2 2
left_child=1 5 -3 4 -2 -1
right_child=3 2 -4 -5 -6 -7
leaf_value=0.0054255938228975282 0 0 -0.010929246221871126 0 0.0092954709277112708 0
leaf_weight=6.1757046878337922 1.3410477265715579 1.301234509795903 10.453989289700983 1.7697129026055325 7.089291088283062 1.3626684695482252
leaf_count=39 8 11 119 11 44 9
internal_value=0 -0.00297454 -0.00955164 0.00618727 0.00761693 0.00345888
internal_weight=29.4936 19.2936 11.7552 10.2001 8.43034 7.53837
internal_count=241 178 130 63 52 48
is_linear=0
shrinkage=0.03


Tree=142
num_leaves=7
num_cat=0
split_feature=51 35 34 61 0 55
split_gain=1.80836 0.847754 1.19955 0.808158 1.02169 0.0800659
threshold=-0.51844158768653859 0.1045847423374653 0.79708495736122142 0.0014000000082887711 2.1666666269302373 0.07656854018568994
decision_type=2 2 2 2 2 2
left_child=3 -2 -3 4 -1 -5
right_child=1 2 -4 5 -6 -7
leaf_value=-0.011143040773828404 0 0.011905536132328675 0 0.0023930995080377938 0 0
leaf_weight=8.1330700069665927 1.7662842050194729 10.215827688574789 2.0508928261697283 2.5825439393520346 1.7664299756288517 1.4529905915260313
leaf_count=101 11 66 16 16 10 10
internal_value=0 0.00652384 0.00895555 -0.00502623 -0.0081815 0
internal_weight=27.968 14.033 12.2667 13.935 9.8995 4.03553
internal_count=230 93 82 137 111 26
is_linear=0
shrinkage=0.03


Tree=143
num_leaves=7
num_cat=0
split_feature=68 60 6 54 4 0
split_gain=1.77421 1.9192 1.11681 0.890114 0.595878 0.659236
threshold=752.01473999023449 0.31399999558925634 192.00000000000003 0.069159060716629042 0.005215203622356058 3.1666666269302373
decision_type=8 2 2 2 8 2
left_child=1 2 -1 -2 -5 -6
right_child=3 -3 -4 4 5 -7
leaf_value=0.013016401343605081 0 -0.0018308225831961632 0 0 -0.011915810972010646 0
leaf_weight=11.796755205839878 1.9145016819238652 3.6652439236640921 1.2869537249207486 0.93611915409564694 7.7562160231173038 1.4216126203536985
leaf_count=78 9 27 9 9 94 8
internal_value=0 0.00613367 0.0107906 -0.00517721 -0.00831763 -0.0100262
internal_weight=28.7774 16.749 13.0837 12.0284 10.1139 9.17783
internal_count=234 114 87 120 111 102
is_linear=0
shrinkage=0.03


Tree=144
num_leaves=7
num_cat=0
split_feature=1 58 61 47 60 56
split_gain=1.44263 1.18944 1.06974 1.41854 0.374525 0.00823661
threshold=0.83333334326744091 0.009599999990314247 1.0000000180025095e-35 0.096516769379377379 0.0061999999452382335 -0.37773197889327997
decision_type=2 2 2 2 2 2
left_child=2 -2 3 5 -4 -1
right_child=1 -3 4 -5 -6 -7
leaf_value=0 0.010838331107999234 0 0.0050661155605397964 -0.011975006008784747 0 0.00078267228712150809
leaf_weight=2.0361351296305656 7.2516147792339307 2.4313403889536858 3.4104237034916869 7.9543384648859501 2.880546860396862 2.1012682393193298
leaf_count=13 45 29 17 92 20 11
internal_value=0 0.00696935 -0.00347291 -0.00766511 0.000660793 0
internal_weight=28.0657 9.68296 18.3827 12.0917 6.29097 4.1374
internal_count=227 74 153 116 37 24
is_linear=0
shrinkage=0.03


Tree=145
num_leaves=7
num_cat=0
split_feature=12 0 47 31 50 50
split_gain=1.51827 1.3353 0.810255 0.473102 0.227666 0.0437002
threshold=0.30952382087707525 1.1666666865348818 0.13558906316757205 0.073563203215599074 0.24409358203411105 0.070631399750709548
decision_type=2 2 2 2 2 2
left_child=2 5 -1 -4 -5 -2
right_child=1 -3 3 4 -6 -7
leaf_value=0 0 0.01141784166872095 0 -0.0097507038837571312 0 -0.0015283719693745719
leaf_weight=2.3072028979659107 2.2655783295631426 7.3730120584368697 0.72111435234546561 7.669107932597397 0.66199401766061772 6.8371363319456577
leaf_count=16 13 50 5 96 9 43
internal_value=0.000663283 0.00633669 -0.00387057 -0.00742097 -0.00897023 0
internal_weight=27.8351 16.4757 11.3594 9.05222 8.3311 9.10271
internal_count=232 106 126 110 105 56
is_linear=0
shrinkage=0.03


Tree=146
num_leaves=7
num_cat=0
split_feature=58 0 19 47 54 44
split_gain=2.18637 1.73743 0.428583 0.401493 0.251722 0.380457
threshold=0.005799999926239253 0.83333334326744091 0.69315171241760265 0.19407196342945102 0.069159060716629042 0.093806218355894103
decision_type=2 2 2 2 2 2
left_child=1 4 -3 -2 -1 -6
right_child=3 2 -4 -5 5 -7
leaf_value=0 0 0.0123482666354989 0 -0.010041268673943702 0 -0.0057854448511765206
leaf_weight=2.0157224088907304 1.0478986725211124 6.4890596866607648 2.0184097960591316 7.4589448533952236 1.8182734064757804 7.1150761768221855
leaf_count=9 7 43 11 87 13 61
internal_value=0 0.00439407 0.0107242 -0.00869443 -0.000431716 -0.00348882
internal_weight=27.9634 19.4565 8.50747 8.50684 10.9491 8.93335
internal_count=231 137 54 94 83 74
is_linear=0
shrinkage=0.03


Tree=147
num_leaves=7
num_cat=0
split_feature=12 60 48 53 51 17
split_gain=1.6286 1.0606 1.16448 0.894295 0.86549 0.479242
threshold=0.30952382087707525 0.0030000000260770325 0.13498388230800631 -0.49311269819736475 -0.40207976102828974 0.16936624795198443
decision_type=2 2 2 2 2 2
left_child=4 2 3 -2 5 -1
right_child=1 -3 -4 -5 -6 -7
leaf_value=0 0 0 0 0.013806926571963578 0 -0.0098864974719709963
leaf_weight=0.87586550414562481 1.6512852013111103 5.2048330679535857 1.7127492949366558 9.0674701780080813 1.9090595394372929 8.9126987159252149
leaf_count=10 12 36 10 53 14 113
internal_value=0 0.00547169 0.00891291 0.0116872 -0.00542393 -0.00846288
internal_weight=29.334 17.6363 12.4315 10.7188 11.6976 9.78856
internal_count=248 111 75 65 137 123
is_linear=0
shrinkage=0.03


Tree=148
num_leaves=7
num_cat=0
split_feature=68 60 19 56 4 31
split_gain=2.60722 1.94977 0.95721 0.285489 0.133854 0.121359
threshold=752.01473999023449 0.0030000000260770325 0.24221903830766681 -0.33060491085052485 0.012527989223599436 0.58823850750923168
decision_type=8 2 2 2 10 2
left_child=1 -1 -2 -4 5 -3
right_child=2 4 3 -5 -6 -7
leaf_value=0.013338617067997134 0 -0.004068010747751382 -0.01035089521136117 0 0 0
leaf_weight=9.093087989836933 4.2489913329482061 3.8797295391559592 7.111456885933876 0.76774125173687924 1.5274438783526418 1.3057322092354295
leaf_count=59 34 27 88 6 10 12
internal_value=0.000529487 0.00797729 -0.00568398 -0.00938986 0 -0.00281658
internal_weight=27.9342 15.806 12.1282 7.8792 6.71291 5.18546
internal_count=236 108 128 94 49 39
is_linear=0
shrinkage=0.03


Tree=149
num_leaves=7
num_cat=0
split_feature=30 58 47 60 2 60
split_gain=1.37491 1.14859 1.02583 0.696752 0.566461 0.0813634
threshold=0.3257004469633103 0.016199999488890175 0.090125467628240599 0.64239999651908886 1.9439166784286501 0.72759997844696056
decision_type=2 2 2 2 2 2
left_child=1 3 -2 4 -1 -4
right_child=2 -3 5 -5 -6 -7
leaf_value=0.012133742011396111 5.2871569707621155e-05 -0.00027520853260596442 -0.009050592997229422 0 0 0
leaf_weight=9.7911849841475505 2.7132484614849082 2.5513926669955245 8.1865074336528743 1.3117766752839077 1.4189319759607304 0.87144612893462259
leaf_count=59 16 26 95 9 10 10
internal_value=0 0.00544782 -0.00475998 0.00888242 0.0106462 -0.00862121
internal_weight=26.8445 15.0733 11.7712 12.5219 11.2101 9.05795
internal_count=225 104 121 78 69 105
is_linear=0
shrinkage=0.03


Tree=150
num_leaves=7
num_cat=0
split_feature=58 0 51 54 68 23
split_gain=1.69693 2.12569 0.484807 0.393973 0.581405 0.177862
threshold=0.011799999978393318 0.83333334326744091 -0.41610644757747645 0.069159060716629042 313.60475158691412 0.89744064211845409
decision_type=2 2 2 2 8 2
left_child=1 3 5 -1 -5 -2
right_child=2 -3 -4 4 -6 -7
leaf_value=0.0023636298849219156 -0.007682918290858127 0.013199980531829802 0 0 -0.0071814063220926498 0
leaf_weight=2.6045179665088716 5.277023658156395 8.7620726525783521 1.2811003699898709 3.5442247241735432 5.6560254655778417 0.62567131593823422
leaf_count=12 73 59 8 21 54 8
internal_value=0.00188473 0.0066604 -0.00421547 0 -0.00384703 -0.00682927
internal_weight=27.7506 20.5668 7.1838 11.8048 9.20025 5.90269
internal_count=235 146 89 87 75 81
is_linear=0
shrinkage=0.03


Tree=151
num_leaves=7
num_cat=0
split_feature=58 32 42 60 51 44
split_gain=1.67615 1.27955 0.620218 0.574134 0.181501 0.255626
threshold=0.011799999978393318 0.27426053583621984 0.48570363223552709 0.19040000438690188 -0.40207976102828974 0.61688560247421276
decision_type=2 2 2 2 2 2
left_child=1 2 3 -1 5 -3
right_child=-2 4 -4 -5 -6 -7
leaf_value=0.012564879200685249 -0.0064920389535520692 -0.0051930125121274311 0 0 9.6470920570045018e-06 0
leaf_weight=9.0459664687514358 7.2764895781874648 4.5884868986904648 1.7186316773295391 1.5845066234469403 3.3886744678020433 1.2697865739464758
leaf_count=55 93 48 10 10 20 8
internal_value=0 0.00496981 0.00929763 0.0109865 0 -0.00320945
internal_weight=28.8725 21.5961 12.3491 10.6305 9.24695 5.85827
internal_count=244 151 75 65 76 56
is_linear=0
shrinkage=0.03


Tree=152
num_leaves=6
num_cat=0
split_feature=9 47 32 56 68
split_gain=1.08374 0.958368 1.45521 0.246214 0.105263
threshold=5.1666667461395273 0.077529683709144606 0.15498365461826327 -0.37773197889327997 697.16046142578136
decision_type=2 2 2 2 8
left_child=1 -1 4 -4 -3
right_child=-2 2 3 -5 -6
leaf_value=0.0020163214129186582 0.0070604747635965113 0.0025807248441279619 -0.011481365470339448 0 0
leaf_weight=3.3260540664196077 4.3930391967296591 4.2243930548429516 9.7046551220119053 3.2698242515325466 3.2580673545598984
leaf_count=16 33 23 118 24 24
internal_value=0 -0.00276279 -0.00591671 -0.0101693 0
internal_weight=28.176 23.783 20.4569 12.9745 7.48246
internal_count=238 205 189 142 47
is_linear=0
shrinkage=0.03


Tree=153
num_leaves=6
num_cat=0
split_feature=68 60 0 54 6
split_gain=1.63474 1.42734 1.17502 0.869766 0.384573
threshold=385.15440368652349 0.21280000358819964 3.1666666269302373 0.069159060716629042 264.00000762939459
decision_type=8 2 2 2 2
left_child=1 -1 3 -2 -5
right_child=2 -3 -4 4 -6
leaf_value=0.01085553532568388 0 -0.00036888919651706565 0.0010839857434913217 -0.011827127685440843 0
leaf_weight=8.3769017979502696 1.8653618544340123 2.2613849267363539 1.8769263774156559 9.738862741738556 1.4688264429569233
leaf_count=53 9 16 12 110 17
internal_value=0 0.00653969 -0.00485716 -0.0084107 -0.0106711
internal_weight=25.5883 10.6383 14.95 13.0731 11.2077
internal_count=217 69 148 136 127
is_linear=0
shrinkage=0.03


Tree=154
num_leaves=7
num_cat=0
split_feature=0 47 61 58 55 54
split_gain=1.38218 1.19527 1.22838 0.906757 0.416635 0.265951
threshold=1.1666666865348818 0.077529683709144606 1.0000000180025095e-35 0.009599999990314247 0.14797452092170718 0.56555533409118663
decision_type=2 2 2 2 2 2
left_child=1 -1 -3 4 -2 -4
right_child=3 2 5 -5 -6 -7
leaf_value=0.0017274185159362543 0.010911289973069423 -0.011387513598684992 -0.0012564833463550383 0 0 0.0042798322317822886
leaf_weight=2.6235974133014741 6.7160781621932966 9.9612342938780767 3.1696183755993834 1.7984857223927964 1.4460859000682829 1.9323517158627508
leaf_count=12 47 113 21 22 8 10
internal_value=0 -0.00400846 -0.00769206 0.00632723 0.00943033 0
internal_weight=27.6475 17.6868 15.0632 9.96065 8.16216 5.10197
internal_count=233 156 144 77 55 31
is_linear=0
shrinkage=0.03


Tree=155
num_leaves=7
num_cat=0
split_feature=0 58 54 48 39 49
split_gain=1.30864 1.44153 0.595249 1.04076 0.361449 0.215494
threshold=0.83333334326744091 0.009599999990314247 0.069159060716629042 -0.23816646635532376 0.20778678357601169 0.14997395873069766
decision_type=2 2 2 2 2 2
left_child=2 5 -1 -4 -5 -2
right_child=1 -3 3 4 -6 -7
leaf_value=0.00031774840567575034 0.012236204607805572 -4.3064302650575914e-06 0 -0.01018643032197953 0 0
leaf_weight=2.116523936390883 6.7049372568726522 2.7113219313323489 4.660821225494149 9.0081299357116169 1.0747742615640152 1.7062976285815237
leaf_count=10 44 36 41 90 7 10
internal_value=0.000456005 0.00691431 -0.00255871 -0.00535803 -0.00905606 0.0111944
internal_weight=27.9828 11.1226 16.8602 14.7437 10.0829 8.41123
internal_count=238 90 148 138 97 54
is_linear=0
shrinkage=0.03


Tree=156
num_leaves=7
num_cat=0
split_feature=68 60 0 52 7 33
split_gain=1.45945 1.84222 1.23073 0.760559 0.378626 0.251813
threshold=752.01473999023449 0.0030000000260770325 3.1666666269302373 -0.31572489440441126 388.00000000000006 0.63803189992904674
decision_type=8 2 2 2 2 2
left_child=1 4 3 -2 -1 -3
right_child=2 5 -4 -5 -6 -7
leaf_value=0.01178738723088232 -0.011880009571989973 -0.0044018533932796942 0 0 0 0
leaf_weight=7.2181906104087847 8.8828515745699388 4.1254282444715491 2.1711853146553031 0.81594484299421211 1.212136387825012 2.9802054837346077
leaf_count=49 108 33 12 5 8 20
internal_value=0 0.004154 -0.00631756 -0.010027 0.0105506 -0.00165878
internal_weight=27.4059 15.536 11.87 9.6988 8.43033 7.10563
internal_count=235 110 125 113 57 53
is_linear=0
shrinkage=0.03


Tree=157
num_leaves=7
num_cat=0
split_feature=47 19 68 25 4 28
split_gain=1.36888 1.10537 0.590251 0.287863 0.149448 0.116849
threshold=0.13558906316757205 0.23182993382215503 1.0000000180025095e-35 0.95008096098899852 0.004733734531328083 0.10189286246895791
decision_type=2 2 10 2 10 2
left_child=2 4 -1 5 -2 -3
right_child=1 3 -4 -5 -6 -7
leaf_value=0 0 0 0.0085364696164614458 0 0.0032035944841153747 -0.010352824594739688
leaf_weight=4.5103644095361251 3.1261099465191391 0.94576762244105061 5.8370432406663895 0.87508258223533708 3.10564224421978 8.3635367229580861
leaf_count=28 27 7 38 9 22 103
internal_value=0 -0.00480205 0.00553266 -0.00891439 0 -0.00982268
internal_weight=26.7635 16.4161 10.3474 10.1844 6.23175 9.3093
internal_count=234 168 66 119 49 110
is_linear=0
shrinkage=0.03


Tree=158
num_leaves=7
num_cat=0
split_feature=68 60 54 0 4 30
split_gain=1.70166 1.29001 0.963626 0.830514 1.03896 0.469202
threshold=529.38558959960949 0.31399999558925634 0.069159060716629042 3.1666666269302373 0.0050959466025233277 0.6851727068424226
decision_type=8 2 2 2 8 2
left_child=1 5 -2 4 -4 -1
right_child=2 -3 3 -5 -6 -7
leaf_value=0.012351836900659318 0.0013050773819385639 0 0 0 -0.011978277962204988 0
leaf_weight=8.8338662758469599 2.3190049380064002 2.6895939670503131 1.3566080071032018 1.2134961858391751 9.4805236607789993 1.1153384968638409
leaf_count=59 11 21 13 7 110 9
internal_value=0.000820171 0.00754908 -0.0033053 -0.00710303 -0.0094479 0.0110847
internal_weight=27.0084 12.6388 14.3696 12.0506 10.8371 9.9492
internal_count=230 89 141 130 123 68
is_linear=0
shrinkage=0.03


Tree=159
num_leaves=7
num_cat=0
split_feature=68 60 46 0 6 4
split_gain=1.91733 1.37099 0.992998 1.17591 0.536602 0.460188
threshold=505.51928710937506 0.34340000152587896 0.061190232634544379 3.1666666269302373 174.37500000000003 0.0050959466025233277
decision_type=8 2 2 2 2 8
left_child=1 4 -2 5 -1 -4
right_child=2 -3 3 -5 -6 -7
leaf_value=0.011356152056850312 0 -0.00062892592835856343 0 0 0 -0.012693161124918976
leaf_weight=9.787405654788019 1.0344740450382222 2.6023996807634822 1.3075106851756544 1.3557757362723339 1.3597601950168599 10.182987369596958
leaf_count=66 5 21 13 8 8 116
internal_value=0 0.00594712 -0.00608975 -0.00882509 0.00989104 -0.0114909
internal_weight=27.6303 13.7496 13.8807 12.8463 11.1472 11.4905
internal_count=237 95 142 137 74 129
is_linear=0
shrinkage=0.03


Tree=160
num_leaves=7
num_cat=0
split_feature=30 60 51 2 4 25
split_gain=0.851414 0.953305 0.711523 0.661953 0.301158 0.213925
threshold=0.3257004469633103 0.0022000001044943933 -0.4306392222642898 1.4670542478561404 0.011484991759061815 0.89278802275657665
decision_type=2 2 2 2 10 2
left_child=1 3 5 -1 -3 -2
right_child=2 4 -4 -5 -6 -7
leaf_value=0.010539861013282489 -0.0079612862761155243 -0.0044960177040305298 0 0 0.0005619992456769138 0
leaf_weight=7.7867753095924872 6.992173109203577 3.2261414788663378 3.6525172181427461 2.6391525156795979 1.6731507740914819 0.84321960434317578
leaf_count=52 91 25 26 20 11 11
internal_value=0 0.0045408 -0.00337041 0.00822001 0 -0.00704205
internal_weight=26.8131 15.3252 11.4879 10.4259 4.89929 7.83539
internal_count=236 108 128 72 36 102
is_linear=0
shrinkage=0.03


Tree=161
num_leaves=7
num_cat=0
split_feature=19 51 15 47 59 7
split_gain=1.29304 1.21665 0.673418 0.590322 0.435879 0.506749
threshold=0.23182993382215503 -0.3978706151247024 5.1699101924896249 0.077529683709144606 0.28880000114440924 373.50000000000006
decision_type=2 2 2 2 2 2
left_child=4 2 3 -2 5 -1
right_child=1 -3 -4 -5 -6 -7
leaf_value=0.010410215247702208 0 0.0024553110088973984 0 -0.011131568162334951 0 0
leaf_weight=7.0686394162476081 1.1942848712205911 4.2057112008333197 2.3747312761843196 8.7025299742817861 2.0956267416477194 1.8339894413948057
leaf_count=49 6 28 17 103 17 14
internal_value=0.000474176 -0.00253953 -0.0072792 -0.0094748 0.0069058 0.00858664
internal_weight=27.4755 16.4773 12.2715 9.89681 10.9983 8.90263
internal_count=234 154 126 109 80 63
is_linear=0
shrinkage=0.03


Tree=162
num_leaves=7
num_cat=0
split_feature=30 60 31 2 4 39
split_gain=1.36467 1.12134 0.810313 0.711637 0.268738 0.253753
threshold=0.3257004469633103 0.0022000001044943933 0.69415679574012767 1.313725531101227 0.011484991759061815 0.07438200339674951
decision_type=2 2 2 2 10 2
left_child=1 3 -2 -1 -3 -4
right_child=2 4 5 -5 -6 -7
leaf_value=0.012197247006214664 -0.0071279110256803873 -0.0041842375197785686 0 0 0.0010406674977211823 0.0042063265156925085
leaf_weight=8.5878670774400288 7.7931113056838495 3.0833046250045291 1.5112731270492075 3.1104670763015738 1.8223394788801668 2.9768849313259125
leaf_count=53 85 23 22 25 12 23
internal_value=0.00127733 0.00647588 -0.0028102 0.00989591 0 0.000290786
internal_weight=28.8852 16.604 12.2813 11.6983 4.90564 4.48816
internal_count=243 113 130 78 35 45
is_linear=0
shrinkage=0.03


Tree=163
num_leaves=7
num_cat=0
split_feature=68 6 11 24 59 68
split_gain=1.8752 1.26636 1.19957 0.486832 0.144946 0.0823891
threshold=752.01473999023449 192.00000000000003 5.6070852279663095 0.63725516200065624 0.27939999103546148 812.52410888671886
decision_type=8 2 2 2 2 10
left_child=1 3 5 4 -1 -2
right_child=2 -3 -4 -5 -6 -7
leaf_value=0.012400792520666556 -0.0094434979876047501 -4.0563485940223942e-06 0.0009567948496079058 0 0 0
leaf_weight=9.2543252408504539 7.8708052821457368 1.9481723904609669 2.2148764654994002 2.6765170022845259 2.5447831451892844 0.94518475607037533
leaf_count=59 91 14 17 22 20 13
internal_value=0.000654801 0.00688508 -0.00463151 0.00988651 0.0113949 -0.00898661
internal_weight=27.4547 16.4238 11.0309 14.4756 11.7991 8.81599
internal_count=236 115 121 101 79 104
is_linear=0
shrinkage=0.03


Tree=164
num_leaves=7
num_cat=0
split_feature=32 52 4 11 57 51
split_gain=1.18233 1.96484 0.665111 0.474482 0.35174 0.18971
threshold=0.17417489737272265 -0.38562110066413874 0.45476537942886358 7.5000000000000009 0.0016000000759959223 -0.65429282188415516
decision_type=2 2 8 2 2 2
left_child=2 3 -1 5 -3 -2
right_child=1 4 -4 -5 -6 -7
leaf_value=0.0088075065190184321 0 0.0055879258286197116 0 0 0 -0.01202446644002338
leaf_weight=7.5309099927544603 0.81092697754502019 4.4634066373109809 3.3055548667907724 1.2991183586418618 1.6588922776281831 7.5246901139616975
leaf_count=51 10 30 20 9 14 93
internal_value=0 -0.00342861 0.00604462 -0.00993001 0.00289426 -0.0113526
internal_weight=26.5935 15.757 10.8365 9.63474 6.1223 8.33562
internal_count=227 156 71 112 44 103
is_linear=0
shrinkage=0.03


Tree=165
num_leaves=7
num_cat=0
split_feature=58 30 54 28 23 42
split_gain=1.46938 1.39472 0.375412 0.200908 0.184073 0.183974
threshold=0.011799999978393318 0.3257004469633103 0.082879345864057555 0.01563517423346639 0.91513192653656017 0.46639330685138708
decision_type=2 2 2 2 2 2
left_child=1 3 -2 -1 -4 -3
right_child=2 5 4 -5 -6 -7
leaf_value=0 0 -0.0033155896571807424 -0.0077628150651598473 0.010628748949965069 0 0
leaf_weight=1.9890542030334533 0.72169920057058234 5.0618526935577384 5.2908309325575829 10.839414432644842 0.61994045972824086 2.0078565068542957
leaf_count=12 5 53 73 70 8 15
internal_value=0.000610806 0.00554164 -0.00501259 0.00975738 -0.0068921 0
internal_weight=26.5306 19.8982 6.63247 12.8285 5.91077 7.06971
internal_count=236 150 86 82 81 68
is_linear=0
shrinkage=0.03


Tree=166
num_leaves=7
num_cat=0
split_feature=1 47 58 53 25 17
split_gain=0.914477 0.930553 0.871697 0.774408 0.590744 0.571511
threshold=0.83333334326744091 0.085297085344791426 0.009599999990314247 -0.22608545422554013 0.86794385313987743 0.79209938645362865
decision_type=2 2 2 2 2 2
left_child=1 -1 5 4 -3 -2
right_child=2 3 -4 -5 -6 -7
leaf_value=0.0013296072494472972 0.011116415087997164 -0.010345240588948949 0 0 0 0
leaf_weight=3.4540685862302842 5.2961167395114881 11.248066280037165 2.056363582611084 1.4171598441898776 0.92935620620846826 1.3550121933221815
leaf_count=18 38 114 28 8 11 8
internal_value=0 -0.0029268 0.00562219 -0.00665639 -0.00886373 0.00909001
internal_weight=25.7561 17.0487 8.70749 13.5946 12.1774 6.65113
internal_count=225 151 74 133 125 46
is_linear=0
shrinkage=0.03


Tree=167
num_leaves=7
num_cat=0
split_feature=58 34 19 38 62 17
split_gain=1.83199 1.14049 0.899002 0.286032 0.225001 0.165818
threshold=0.011799999978393318 0.77916738390922557 0.83544328808784496 0.4512446820735932 0.55140000581741344 0.91419854760169994
decision_type=2 2 2 2 2 2
left_child=1 2 3 -1 5 -2
right_child=4 -3 -4 -5 -6 -7
leaf_value=0 -0.0066030287251596957 0 0 0.014393153086156966 0 0
leaf_weight=7.2687291614711373 4.7047564499080172 2.6820492185652247 1.6213678009808052 7.6863426528871059 0.70650009065866459 0.5813838057219981
leaf_count=46 69 25 11 57 5 8
internal_value=0.00244995 0.00732757 0.00988605 0.0116836 -0.00425385 -0.00567265
internal_weight=25.2511 19.2585 16.5764 14.9551 5.99264 5.28614
internal_count=221 139 114 103 82 77
is_linear=0
shrinkage=0.03


Tree=168
num_leaves=7
num_cat=0
split_feature=54 68 11 4 30 68
split_gain=0.851735 1.37911 0.981005 0.68237 0.536849 0.0708899
threshold=0.069159060716629042 385.15440368652349 6.5000000000000009 0.0050959466025233277 0.3257004469633103 247.4860534667969
decision_type=2 8 2 8 2 10
left_child=-1 4 3 -3 -2 -6
right_child=1 2 -4 -5 5 -7
leaf_value=0.0071798133788125804 0.0063739992598451116 0 0 -0.011261090263534291 -0.0022443189140230533 0
leaf_weight=4.1583813279867199 6.6011308282613772 0.98878933489322385 1.7596219889819611 10.381112165749073 2.6665248349308968 1.4264075458049772
leaf_count=23 42 11 13 123 21 12
internal_value=0.00015727 -0.00105492 -0.00685707 -0.00960241 0.00304047 0
internal_weight=27.982 23.8236 13.1295 11.3699 10.6941 4.09293
internal_count=245 222 147 134 75 33
is_linear=0
shrinkage=0.03


Tree=169
num_leaves=7
num_cat=0
split_feature=1 54 58 17 43 2
split_gain=1.48624 1.39366 1.09155 1.0228 0.523833 0.0567384
threshold=0.83333334326744091 0.069159060716629042 0.009599999990314247 0.021675205789506439 0.15180068463087085 1.4670542478561404
decision_type=2 2 2 2 2 2
left_child=1 -1 5 -3 -5 -2
right_child=2 3 -4 4 -6 -7
leaf_value=0.0034732517796913567 0.011687269421005278 0 0 0 -0.011046477001294987 0
leaf_weight=2.7800537943840089 5.7888562157750112 1.7052926793694485 2.150545246899128 1.3343538492918003 12.198256358504294 1.2862297296524046
leaf_count=13 40 9 29 8 131 10
internal_value=0.000242689 -0.00278069 0.00764333 -0.00722317 -0.00975047 0.0111046
internal_weight=27.2436 18.018 9.22563 15.2379 13.5326 7.07509
internal_count=240 161 79 148 139 50
is_linear=0
shrinkage=0.03


Tree=170
num_leaves=7
num_cat=0
split_feature=58 50 62 47 58 11
split_gain=1.29426 1.18834 0.844828 0.647473 0.403986 0.204103
threshold=0.011799999978393318 0.15126202255487445 0.55140000581741344 0.85333144664764415 1.0000000180025095e-35 4.6250000000000009
decision_type=2 2 2 2 2 2
left_child=1 3 -2 4 -1 -3
right_child=2 5 -4 -5 -6 -7
leaf_value=0.011918279277860684 -0.0087924751866416771 -0.0035265022188019027 0 0 0 0
leaf_weight=9.061545476317411 5.9544107802212229 4.7707608453929415 1.2802099548280237 1.6869565062224854 1.5220801979303349 2.113342396914959
leaf_count=60 85 37 9 17 12 15
internal_value=0 0.00487115 -0.00523906 0.00889303 0.0106714 0
internal_weight=26.3893 19.1547 7.23462 12.2706 10.5836 6.8841
internal_count=235 141 94 89 72 52
is_linear=0
shrinkage=0.03


Tree=171
num_leaves=7
num_cat=0
split_feature=68 60 7 11 52 56
split_gain=1.29849 1.17748 0.807677 0.711548 0.591995 0.149342
threshold=697.16046142578136 0.0030000000260770325 388.00000000000006 5.6070852279663095 -0.38562110066413874 -0.31618131697177881
decision_type=8 2 2 2 2 2
left_child=1 2 -1 4 -2 -3
right_child=3 5 -4 -5 -6 -7
leaf_value=0.011642447270350848 -0.010083404133029291 -0.0029496648198369764 0 0 0 0
leaf_weight=7.7685771845281142 6.9166746474802485 5.4482838809490204 1.2564705982804296 1.8718859516084183 3.3497349768877021 1.3020200505852688
leaf_count=53 91 45 9 15 25 8
internal_value=0 0.00491171 0.00940142 -0.0049699 -0.00765376 0
internal_weight=27.9136 15.7754 9.02505 12.1383 10.2664 6.7503
internal_count=246 115 62 131 116 53
is_linear=0
shrinkage=0.03


Tree=172
num_leaves=7
num_cat=0
split_feature=68 11 58 7 52 55
split_gain=1.4543 0.79612 0.746051 0.520441 0.52031 0.512755
threshold=752.01473999023449 5.6070852279663095 0.045199999585747726 376.00000000000006 -0.38562110066413874 0.16169135272502902
decision_type=8 2 2 2 2 2
left_child=2 4 3 5 -2 -1
right_child=1 -3 -4 -5 -6 -7
leaf_value=0.011486242319019818 -0.0094287164580512083 0.00020321920212165243 0 0 0 0
leaf_weight=10.203974433243276 6.2986594513058654 2.3209780380129805 1.9012753628194321 1.6405242830514897 3.3204421848058692 1.3658722117543209
leaf_count=70 82 18 18 12 24 8
internal_value=0.000736111 -0.00347332 0.00651009 0.00864764 -0.00707009 0.0101086
internal_weight=27.0517 11.9401 15.1116 13.2104 9.6191 11.5698
internal_count=232 124 108 90 106 78
is_linear=0
shrinkage=0.03


Tree=173
num_leaves=7
num_cat=0
split_feature=0 51 48 11 61 58
split_gain=1.15124 0.860358 1.21601 0.414217 0.313605 0.136068
threshold=1.8333333134651186 -0.4306392222642898 -0.19895818084478376 2.8611940145492558 1.0000000180025095e-35 0.005799999926239253
decision_type=2 2 2 2 2 2
left_child=1 2 4 -3 -1 -2
right_child=5 3 -4 -5 -6 -7
leaf_value=-0.00046454463452777213 0.0089469767016092053 0.0057781079896303805 -0.010088876394093399 0 0.0048339889105555615 0
leaf_weight=3.4368447475135362 5.5089577138423911 4.7329128086566934 7.3074211645871401 1.778685040771961 1.9544339925050733 1.3126240000128744
leaf_count=39 41 27 90 12 9 13
internal_value=0.00162286 -0.000641003 -0.00542176 0.00268556 0 0.0081561
internal_weight=26.0319 19.2103 12.6987 6.5116 5.39128 6.82158
internal_count=231 177 138 39 48 54
is_linear=0
shrinkage=0.03


Tree=174
num_leaves=7
num_cat=0
split_feature=58 35 19 36 17 25
split_gain=1.20633 1.00927 0.852813 1.22874 0.453794 0.307045
threshold=0.005799999926239253 0.32889331877231603 0.84375298023223888 0.81128785014152538 0.11143004521727563 0.88626328110694896
decision_type=2 2 2 2 2 2
left_child=1 -1 3 -3 -2 -6
right_child=4 2 -4 -5 5 -7
leaf_value=0 0 0.013948284160155139 0 0 -0.0082348164341180217 0
leaf_weight=7.2755093537271085 2.1101101711392385 7.9619987718760949 1.3957846201956261 2.2281945571303368 5.5963702462613583 0.64476776123046864
leaf_count=49 18 60 13 17 77 7
internal_value=1.92198e-05 0.00496978 0.00866625 0.0108771 -0.0045076 -0.0069358
internal_weight=27.2127 18.8615 11.586 10.1902 8.35125 6.24114
internal_count=241 139 90 77 102 84
is_linear=0
shrinkage=0.03


Tree=175
num_leaves=7
num_cat=0
split_feature=68 60 6 54 0 55
split_gain=1.29085 0.840321 0.739234 0.636102 0.467067 0.167365
threshold=697.16046142578136 0.31399999558925634 174.37500000000003 0.069159060716629042 3.5000000000000004 0.16589002311229709
decision_type=8 2 2 2 2 2
left_child=1 2 -1 -2 5 -5
right_child=3 -3 -4 4 -6 -7
leaf_value=0.010405778165580202 0 0 0 -0.0094740484107296245 0 0
leaf_weight=10.010381355881693 1.7944026887416828 2.6894841231405726 1.4100421741604794 7.3814913108944875 1.2287991493940342 0.76159615442156781
leaf_count=72 9 23 9 99 7 12
internal_value=0 0.00555927 0.00837215 -0.00443668 -0.00714564 -0.00881405
internal_weight=25.2762 14.1099 11.4204 11.1663 9.37189 8.14309
internal_count=231 104 81 127 118 111
is_linear=0
shrinkage=0.03


Tree=176
num_leaves=7
num_cat=0
split_feature=58 0 56 62 25 40
split_gain=0.968056 1.07869 0.46861 0.41468 0.173948 0.102366
threshold=0.011799999978393318 0.83333334326744091 -0.52962470054626454 0.70939999818801891 0.88626328110694896 0.059048738330602653
decision_type=2 2 2 2 2 2
left_child=1 5 -3 4 -2 -1
right_child=3 2 -4 -5 -6 -7
leaf_value=0.00043496635449009576 -0.0071000174790569713 0 0.010935322184877942 0 0 -0.0022415771560775066
leaf_weight=3.3876400813460403 4.9416177514940491 1.5329047143459318 7.1537854708731157 0.82618669420480717 0.59731027111411084 7.8313783593475819
leaf_count=21 70 13 50 5 8 64
internal_value=0.000548165 0.00469319 0.00933822 -0.0036951 -0.00619658 0
internal_weight=26.2708 19.9057 8.68669 6.36511 5.53893 11.219
internal_count=231 148 63 83 78 85
is_linear=0
shrinkage=0.03


Tree=177
num_leaves=7
num_cat=0
split_feature=58 0 62 49 68 45
split_gain=1.3502 0.858368 0.831231 0.258911 0.0567206 0.129139
threshold=0.005799999926239253 0.83333334326744091 0.55140000581741344 0.14997395873069766 752.01473999023449 0.055835651233792312
decision_type=2 2 2 2 8 2
left_child=1 4 -2 -3 -1 -6
right_child=2 3 -4 -5 5 -7
leaf_value=0.00043093240912367686 -0.0087420936413438507 0.010192622046068441 0 0 0 -0.0034395150257076658
leaf_weight=6.4186357781291052 6.2553417365998021 6.6189209856092912 1.486313574016094 1.5451094582676885 0.79409148544073183 3.8817266374826431
leaf_count=39 86 49 10 10 4 43
internal_value=0 0.00496405 -0.00527778 0.00906773 0 -0.00180849
internal_weight=27.0001 19.2585 7.74166 8.16403 11.0945 4.67582
internal_count=241 145 96 59 86 47
is_linear=0
shrinkage=0.03


Tree=178
num_leaves=7
num_cat=0
split_feature=68 60 26 7 52 60
split_gain=1.13336 1.34958 0.57042 0.369581 0.355244 0.22278
threshold=697.16046142578136 0.31399999558925634 0.14372427761554721 388.00000000000006 -0.31572489440441126 0.53180000185966503
decision_type=8 2 2 2 2 2
left_child=1 3 -2 -1 5 -4
right_child=2 -3 4 -5 -6 -7
leaf_value=0.010654595363240206 0 -0.000803166569344708 -0.0090222388155015154 0 0 0
leaf_weight=9.5088066570460814 4.005369395017623 3.2226898148655883 6.9248267300426951 1.3833156377077092 0.73439057916402717 0.6256480999290942
leaf_count=67 27 26 93 10 5 10
internal_value=0 0.00529431 -0.00392899 0.00949121 -0.00684801 -0.00818991
internal_weight=26.405 14.1148 12.2902 10.8921 8.28487 7.55047
internal_count=238 103 135 77 108 103
is_linear=0
shrinkage=0.03


Tree=179
num_leaves=7
num_cat=0
split_feature=58 60 68 62 14 47
split_gain=1.06886 0.645615 0.952469 0.635721 0.496904 0.268112
threshold=1.0000000180025095e-35 0.25939999520778662 917.62997436523449 0.83859997987747203 1.3885855674743655 0.8404977321624757
decision_type=2 2 8 2 2 2
left_child=1 2 -1 4 -2 -6
right_child=3 -3 -4 -5 5 -7
leaf_value=0.010675253691629805 0 0 0 0 -0.0098058759514672161 0
leaf_weight=7.7118721082806632 0.65832908451556882 2.862528219819068 5.8429550044238576 0.95744016021490175 7.0812797117978317 0.97482066601514805
leaf_count=52 5 27 47 7 93 8
internal_value=0 0.0046864 0.00702136 -0.00440544 -0.00713957 -0.00880908
internal_weight=26.0892 16.4174 13.5548 9.67187 8.71443 8.0561
internal_count=239 126 99 113 106 101
is_linear=0
shrinkage=0.03


Tree=180
num_leaves=7
num_cat=0
split_feature=54 32 23 4 38 54
split_gain=1.19003 1.84384 0.433908 0.348772 0.279683 0.0344945
threshold=0.070939652621746077 0.19966991245746615 0.92635458707809459 0.0079052620567381399 0.092824693769216551 0.66878628730773937
decision_type=2 2 2 10 2 2
left_child=-1 3 4 5 -3 -2
right_child=1 2 -4 -5 -6 -7
leaf_value=0.0064984279450666206 -0.0015555554110200753 0 0 0.0049674826751469423 -0.011949896425414431 0
leaf_weight=4.1114800125360516 2.829837556928398 1.1823853477835644 1.1350624822080124 4.7447950318455696 9.095616849139331 1.520898215472698
leaf_count=25 22 10 14 31 114 8
internal_value=0 -0.00394626 -0.00986675 0.00161727 -0.0110481 0
internal_weight=24.6201 20.5086 11.4131 9.09553 10.278 4.35074
internal_count=224 199 138 61 124 30
is_linear=0
shrinkage=0.03


Tree=181
num_leaves=7
num_cat=0
split_feature=68 6 48 26 19 42
split_gain=0.91226 0.884792 1.01218 0.682173 0.260771 0.263919
threshold=36.717102050781257 181.37500000000003 -0.32985320687294001 0.13431811332702639 0.23182993382215503 0.56863743066787731
decision_type=10 2 2 2 2 2
left_child=3 2 -2 -1 -5 -6
right_child=1 -3 -4 4 5 -7
leaf_value=0 0 0 0.010629387147194254 0 -0.0091059200175301943 0
leaf_weight=3.2356123551726359 1.4894791580736626 1.9604629054665554 10.600556096062062 1.1351697556674478 5.5209049638360739 0.84887950122356404
leaf_count=20 13 20 82 15 69 4
internal_value=0 0.00507834 0.00800792 -0.00311138 -0.00682226 -0.00800674
internal_weight=24.7911 14.0505 12.09 10.7406 7.50495 6.36978
internal_count=223 115 95 108 88 73
is_linear=0
shrinkage=0.03


Tree=182
num_leaves=7
num_cat=0
split_feature=51 61 0 17 36 60
split_gain=0.749103 0.797622 0.571811 0.474215 0.563861 0.492882
threshold=-0.51844158768653859 0.0022000001044943933 2.1666666269302373 0.89189520478248607 0.75758782029151928 0.31399999558925634
decision_type=2 2 2 2 2 2
left_child=1 2 -1 4 5 -2
right_child=3 -3 -4 -5 -6 -7
leaf_value=-0.0092217707342668407 0.0099860565483746357 0 0 0 0 0
leaf_weight=7.4804066680371779 8.0301656946539861 3.926971308887004 1.5509824827313421 1.5457106605172146 1.7480135746300209 1.6621323972940434
leaf_count=102 54 27 10 10 16 15
internal_value=0 -0.0033266 -0.00714629 0.00427523 0.00628502 0.00829325
internal_weight=25.9444 12.9584 9.03139 12.986 11.4403 9.6923
internal_count=234 139 112 95 85 69
is_linear=0
shrinkage=0.03


Tree=183
num_leaves=7
num_cat=0
split_feature=68 60 6 52 24 37
split_gain=0.729715 1.00745 0.868628 0.650859 0.533889 0.526617
threshold=667.86233520507824 0.31399999558925634 195.87500000000003 -0.38562110066413874 0.097157843410968794 0.25891791284084326
decision_type=8 2 2 2 2 2
left_child=1 2 5 4 -2 -1
right_child=3 -3 -4 -5 -6 -7
leaf_value=0 0 -0.00012056779364216143 0 0 -0.0088071559049792865 0.012503428283031576
leaf_weight=2.6585903465747851 2.5437019653618318 2.9719577357172957 1.244301065802573 3.3889540508389464 5.5187709275633097 7.1523393839597702
leaf_count=17 19 23 9 24 89 54
internal_value=0 0.00464892 0.00822905 -0.00253136 -0.00632775 0.0105561
internal_weight=25.4786 14.0272 11.0552 11.4514 8.06247 9.81093
internal_count=235 103 80 132 108 71
is_linear=0
shrinkage=0.03


Tree=184
num_leaves=7
num_cat=0
split_feature=58 17 34 34 47 50
split_gain=0.800271 0.687902 0.668172 0.711538 0.328702 0.444949
threshold=1.0000000180025095e-35 0.8604593575000764 0.79708495736122142 0.078262127935886397 0.1530069634318352 0.25274411588907247
decision_type=2 2 2 2 2 2
left_child=1 2 3 -1 -2 -6
right_child=4 -3 -4 -5 5 -7
leaf_value=0 0 0 0 0.010858347609792039 -0.0071961765575553763 0
leaf_weight=2.0713874846696916 1.5326883420348156 1.921520810574292 1.9028664678335179 10.104879178106783 7.5136024765670282 0.79172212257981289
leaf_count=12 11 16 16 79 93 9
internal_value=0 0.00442708 0.0068465 0.00883254 -0.00325864 -0.00526012
internal_weight=25.8387 16.0007 14.0791 12.1763 9.83801 8.30532
internal_count=236 123 107 91 113 102
is_linear=0
shrinkage=0.03


Tree=185
num_leaves=7
num_cat=0
split_feature=30 58 9 38 19 2
split_gain=0.992577 0.567623 0.48402 0.309827 0.254399 0.250177
threshold=0.3257004469633103 0.016199999488890175 4.1666667461395273 0.025804423727095131 0.92837941646575939 1.4670542478561404
decision_type=2 2 2 2 2 2
left_child=1 3 4 -1 -2 -5
right_child=2 -3 -4 5 -6 -7
leaf_value=0 -0.0085053308281268121 0 0 0.0080840227373334961 0 0
leaf_weight=1.7415337488055254 9.5706453453749365 2.8027517460286608 0.95056682080030519 7.7349181585013849 1.1583856083452708 1.9904306158423422
leaf_count=10 115 30 7 52 10 15
internal_value=-0.000235555 0.00243701 -0.00588634 0.00552377 -0.00756655 0.00688057
internal_weight=25.9492 14.2696 11.6796 11.4669 10.729 9.72535
internal_count=239 107 132 77 125 67
is_linear=0
shrinkage=0.03


Tree=186
num_leaves=7
num_cat=0
split_feature=58 2 19 62 50 0
split_gain=1.16184 1.20458 0.808459 0.538328 0.299323 0.173151
threshold=1.0000000180025095e-35 1.4670542478561404 0.82340154051780712 0.89659997820854198 0.25274411588907247 2.1666666269302373
decision_type=2 2 2 2 2 2
left_child=1 2 -1 4 5 -2
right_child=3 -3 -4 -5 -6 -7
leaf_value=0.011669272398595052 -0.0079339489258008593 0 0 0 0 0
leaf_weight=10.409337863326074 6.5889118053019029 3.1628772020339957 1.6352861896157254 1.1194688826799382 1.2186201661825178 0.95602194964885701
leaf_count=72 88 28 13 7 10 8
internal_value=0.00126667 0.00619511 0.00964698 -0.00260097 -0.00574367 -0.00711586
internal_weight=25.0905 15.2075 12.0446 9.88302 8.76355 7.54493
internal_count=226 113 85 113 106 96
is_linear=0
shrinkage=0.03


Tree=187
num_leaves=7
num_cat=0
split_feature=68 60 26 24 48 51
split_gain=1.11646 1.373 0.520436 0.338032 0.280789 0.104987
threshold=752.01473999023449 0.077600002288818373 0.14372427761554721 0.60883086919784557 0.15414737164974215 -0.40721872448921198
decision_type=8 2 2 2 2 2
left_child=1 3 -2 -1 -4 -3
right_child=2 5 4 -5 -6 -7
leaf_value=0.011256855859790539 0 -0.0026912308110759891 -0.0081596495026551828 0 0 0
leaf_weight=7.1786131821572798 2.5842598639428598 3.3318378962576389 6.325650941580534 2.2735538855195045 0.79837287217378605 1.7729717046022404
leaf_count=50 18 27 91 19 8 12
internal_value=0 0.00510092 -0.00430856 0.00981154 -0.00697983 -0.000370255
internal_weight=24.2653 14.557 9.70828 9.45217 7.12402 5.10481
internal_count=225 108 117 69 99 39
is_linear=0
shrinkage=0.03


Tree=188
num_leaves=7
num_cat=0
split_feature=68 60 11 47 4 54
split_gain=1.52043 1.7788 0.581673 0.472214 0.462114 0.270108
threshold=697.16046142578136 0.21280000358819964 5.6070852279663095 0.070282794535160079 0.0050959466025233277 0.81606256961822521
decision_type=8 2 2 2 8 2
left_child=1 5 3 -2 -5 -1
right_child=2 -3 -4 4 -6 -7
leaf_value=0.012136550123107463 0 -0.0013159808090926334 0 0 -0.0098764043219090169 0
leaf_weight=9.2356212288141268 1.0763638466596592 2.816953517496585 2.0206911489367476 1.1643968336284132 7.6537595409899959 1.2679473385214795
leaf_count=66 5 23 18 13 100 9
internal_value=0.000143607 0.00658591 -0.00403952 -0.00665501 -0.00833106 0.0112397
internal_weight=25.2357 13.3205 11.9152 9.89452 8.81816 10.5036
internal_count=234 98 136 118 113 75
is_linear=0
shrinkage=0.03


Tree=189
num_leaves=7
num_cat=0
split_feature=54 32 68 52 60 31
split_gain=0.893716 1.59674 0.626116 0.366376 0.125677 0.115594
threshold=0.069159060716629042 0.27426053583621984 414.06513977050787 -0.38562110066413874 0.026600000448524955 0.4558307826519013
decision_type=2 2 8 2 2 2
left_child=-1 2 4 -3 -2 -4
right_child=1 3 5 -5 -6 -7
leaf_value=0.0065670278866553867 0.007192070998016528 -0.010572939304117622 -0.0026700953222989375 0 0 0
leaf_weight=3.8327988609671619 4.2183078378438958 7.1299999598413732 4.7105465419590482 2.9472778178751424 1.8911469802260397 1.4287589918822048
leaf_count=22 26 103 38 25 12 11
internal_value=0 -0.00253536 0.00163785 -0.00888558 0.00621549 -0.000228509
internal_weight=26.1588 22.326 12.2488 10.0773 6.10945 6.13931
internal_count=237 215 87 128 38 49
is_linear=0
shrinkage=0.03


Tree=190
num_leaves=7
num_cat=0
split_feature=0 58 38 14 60 31
split_gain=0.983654 1.06012 0.662678 0.479155 0.31734 0.303895
threshold=0.83333334326744091 0.009599999990314247 0.11142597720026971 14.235917091369631 0.0030000000260770325 0.69415679574012767
decision_type=2 2 2 2 2 2
left_child=2 -2 4 5 -1 -4
right_child=1 -3 3 -5 -6 -7
leaf_value=0.0048925913843427425 0.009925625446434827 0 -0.0089966446574896736 0 0 0
leaf_weight=2.4898744039237526 8.2699906453490239 1.9304090626537789 6.7133226580917817 1.2794076874852169 2.5400352068245411 2.3332089632749557
leaf_count=13 64 29 76 8 19 25
internal_value=0.000847121 0.00647081 -0.00160091 -0.00564639 0.000943161 -0.00752759
internal_weight=25.5562 10.2004 15.3558 10.3259 5.02991 9.04653
internal_count=234 93 141 109 32 101
is_linear=0
shrinkage=0.03


Tree=191
num_leaves=7
num_cat=0
split_feature=60 68 7 1 26 14
split_gain=0.829261 1.58501 1.1483 0.882882 0.307213 0.18339
threshold=0.0030000000260770325 984.45333862304699 379.50000000000006 0.83333334326744091 0.14372427761554721 12.331385612487795
decision_type=2 8 2 2 2 2
left_child=1 2 -1 -2 -3 -6
right_child=3 4 -4 -5 5 -7
leaf_value=0.012481654637612674 -0.0083386445569675356 0 0 0 0 -0.0058561999863578932
leaf_weight=8.1656740792095714 6.4208355862647277 2.4506744667887679 1.2563955448567856 2.1850540861487389 1.5562321990728376 3.7220792956650257
leaf_count=61 68 14 11 19 11 51
internal_value=0 0.00383414 0.00961783 -0.00431979 -0.00128023 -0.00447201
internal_weight=25.7569 17.1511 9.42207 8.60589 7.72899 5.27831
internal_count=235 148 72 87 76 62
is_linear=0
shrinkage=0.03


Tree=192
num_leaves=7
num_cat=0
split_feature=68 60 11 7 37 52
split_gain=0.619725 1.11155 0.661584 0.548912 0.422075 0.272816
threshold=697.16046142578136 0.0030000000260770325 5.6070852279663095 388.00000000000006 0.86003434658050548 -0.32115480303764338
decision_type=8 2 2 2 2 2
left_child=1 3 4 -1 5 -2
right_child=2 -3 -4 -5 -6 -7
leaf_value=0.009942827077316101 -0.0098716644064457092 -0.00088372428434527347 0 0 0 0
leaf_weight=7.2692892923951167 5.9343906007707101 6.5905219167470923 1.91863503307104 1.2746303528547285 1.9947929736226795 0.82849556952714909
leaf_count=51 79 52 16 9 19 6
internal_value=0 0.00299713 -0.00400697 0.00808851 -0.00703144 -0.00883096
internal_weight=25.8108 15.1344 10.6763 8.54392 8.75768 6.76289
internal_count=232 112 120 60 104 85
is_linear=0
shrinkage=0.03


Tree=193
num_leaves=7
num_cat=0
split_feature=58 60 34 62 50 0
split_gain=1.23645 0.742867 0.83376 0.466894 0.370873 0.203951
threshold=0.00059999998484272521 0.19040000438690188 0.77916738390922557 0.83859997987747203 0.25274411588907247 2.1666666269302373
decision_type=2 2 2 2 2 2
left_child=1 2 -1 4 5 -2
right_child=3 -3 -4 -5 -6 -7
leaf_value=0.01006008449177097 -0.00913180900967887 0 0 0 0 0
leaf_weight=10.994924802333122 6.1232804115861637 2.8682426847517482 2.717157866805791 1.0192427970468996 0.85038650780916203 0.93192918598651875
leaf_count=77 87 26 25 8 10 8
internal_value=0 0.00515313 0.00761332 -0.00463731 -0.00679681 -0.00825051
internal_weight=25.5052 16.5803 13.7121 8.92484 7.9056 7.05521
internal_count=241 128 102 113 105 95
is_linear=0
shrinkage=0.03


Tree=194
num_leaves=7
num_cat=0
split_feature=60 6 1 46 51 30
split_gain=0.892653 0.765984 0.677017 0.523517 0.341451 0.234586
threshold=0.0030000000260770325 31.467741012573246 0.83333334326744091 0.80203181505203258 -0.39158758521080012 0.13510000705718997
decision_type=2 2 2 2 2 2
left_child=1 3 4 -1 -2 -3
right_child=2 5 -4 -5 -6 -7
leaf_value=0.0096443421123111658 -0.0085963496907001235 0.0012047596001043652 0 0 0 -0.0037715603463500079
leaf_weight=8.6275670807808691 5.5343647357076406 2.8619008734822264 2.0832597315311432 1.1119506433606137 1.2226598411798457 3.5299231894314289
leaf_count=71 64 19 18 11 9 42
internal_value=0 0.00467887 -0.00350403 0.00799404 -0.00708283 0
internal_weight=24.9716 16.1313 8.84028 9.73952 6.75702 6.39182
internal_count=234 143 91 82 73 61
is_linear=0
shrinkage=0.03


Tree=195
num_leaves=7
num_cat=0
split_feature=60 53 1 53 39 48
split_gain=0.824667 1.20757 0.693717 0.770018 0.362305 0.305044
threshold=0.0030000000260770325 -0.49601510167121882 0.83333334326744091 -0.22608545422554013 0.20223893225193026 -0.34321959316730494
decision_type=2 2 2 2 2 2
left_child=1 -1 3 -2 5 -3
right_child=2 4 -4 -5 -6 -7
leaf_value=-0.00029289828654561009 -0.0093812747961168896 0 0.00065720349006544523 0 0 0.011105288515848797
leaf_weight=4.3447631150484112 5.9117858298122883 0.82129564136266964 2.3682980164885521 1.0124216079711894 2.6000271737575522 9.2478912770748121
leaf_count=51 67 9 20 6 15 76
internal_value=0.000964124 0.00504514 -0.00213997 -0.00646493 0.00884419 0.0102275
internal_weight=26.3065 17.014 9.29251 6.92421 12.6692 10.0692
internal_count=244 151 93 73 100 85
is_linear=0
shrinkage=0.03


Tree=196
num_leaves=7
num_cat=0
split_feature=58 19 35 36 4 36
split_gain=0.852806 0.619923 0.447446 0.542002 0.245777 0.258348
threshold=1.0000000180025095e-35 0.81449943780899059 0.1045847423374653 0.81128785014152538 0.016200970858335498 0.69807201623916637
decision_type=2 2 2 2 10 2
left_child=1 2 -1 -4 5 -2
right_child=4 -3 3 -5 -6 -7
leaf_value=0 -0.0066976659923294749 0 0.010276886764716022 0 0 0
leaf_weight=1.9302691295743013 5.3249196615070087 2.6431088820099822 8.7684158720076066 1.871989607810973 1.5645643062889574 2.3953780028969049
leaf_count=11 66 23 67 17 15 28
internal_value=0 0.00460111 0.00695475 0.00850896 -0.00348147 -0.00506691
internal_weight=24.4986 15.2138 12.5707 10.6404 9.28486 7.7203
internal_count=227 118 95 84 109 94
is_linear=0
shrinkage=0.03


Tree=197
num_leaves=7
num_cat=0
split_feature=58 60 17 28 56 3
split_gain=1.00751 1.13353 0.866892 0.889979 0.24122 0.0173059
threshold=0.011799999978393318 0.077600002288818373 0.89189520478248607 0.520310938358307 -0.35178464651107783 0.83333334326744091
decision_type=2 2 2 2 2 2
left_child=1 2 3 -1 -2 -3
right_child=4 5 -4 -5 -6 -7
leaf_value=0.012254781620361152 -0.0058055704770473187 -0.0012471991717413777 0 0 0 0
leaf_weight=11.601996485143905 4.3287282139062881 2.917561173439025 1.505509428679942 2.5790089741349211 0.94635947793722053 1.1209306642413137
leaf_count=78 74 26 11 26 7 11
internal_value=0.000428318 0.00466664 0.00804624 0.0100518 -0.0041718 -0.000567302
internal_weight=25.0001 19.725 15.6865 14.181 5.27509 4.03849
internal_count=233 152 115 104 81 37
is_linear=0
shrinkage=0.03


Tree=198
num_leaves=7
num_cat=0
split_feature=33 53 14 14 38 18
split_gain=0.982496 0.702121 0.806791 0.746522 0.476818 0.612901
threshold=0.63803189992904674 -0.22608545422554013 13.695309638977053 1.3474708795547488 0.46866282820701605 0.94038009643554699
decision_type=2 2 2 2 2 2
left_child=1 2 3 -1 -2 -6
right_child=4 -3 -4 -5 5 -7
leaf_value=0 0 0 0 -0.011754376706534533 0.0088296066166119111 0
leaf_weight=1.1056839749217022 1.5447363201528777 1.4942165985703493 2.6225110404193392 8.4158592764288169 7.321904566138981 1.2994268443435428
leaf_count=6 15 10 26 92 65 15
internal_value=0 -0.00466555 -0.00719531 -0.00979403 0.0042817 0.00654974
internal_weight=23.8043 13.6383 12.1441 9.52154 10.1661 8.62133
internal_count=229 134 124 98 95 80
is_linear=0
shrinkage=0.03


Tree=199
num_leaves=7
num_cat=0
split_feature=24 56 35 26 41 59
split_gain=1.4303 1.69087 0.447754 0.404435 0.29651 0.0158857
threshold=0.1770737171173096 -0.3232800811529159 0.1045847423374653 0.14372427761554721 0.46498918533325201 0.28880000114440924
decision_type=2 2 2 2 2 2
left_child=2 3 -1 -2 -5 -4
right_child=1 -3 5 4 -6 -7
leaf_value=0 0 0.0016293078062358656 0.0067219554697750365 -0.012386771019703955 0 0
leaf_weight=2.8755482137203234 1.1754982993006695 1.8154835328459729 4.1675326935946941 11.140693539753554 1.1958332546055306 1.4967244789004324
leaf_count=19 9 16 27 137 9 14
internal_value=-0.00130872 -0.00665698 0.00346723 -0.0105417 -0.0115443 0.00632096
internal_weight=23.8673 15.3275 8.53981 13.512 12.3365 5.66426
internal_count=231 171 60 155 146 41
is_linear=0
shrinkage=0.03


Tree=200
num_leaves=6
num_cat=0
split_feature=54 0 57 47 53
split_gain=0.506302 0.96457 0.996369 0.153685 0.141497
threshold=0.069159060716629042 3.5000000000000004 0.31100000441074377 0.087287481874227538 -0.49601510167121882
decision_type=2 2 2 2 2
left_child=-1 2 3 -2 -4
right_child=1 -3 4 -5 -6
leaf_value=0.005097109219565024 0 0.0029044359646705625 -0.00067837640291959131 -0.0099095791283685831 0.0028577123361628281
leaf_weight=3.5962572693824795 1.3953512459993422 3.5423419326543799 3.213992765173316 9.2602902948856336 4.849228033795951
leaf_count=22 8 32 37 104 42
internal_value=0 -0.00178189 -0.00546048 -0.00921248 0
internal_weight=25.8575 22.2612 18.7189 10.6556 8.06322
internal_count=245 223 191 112 79
is_linear=0
shrinkage=0.03


Tree=201
num_leaves=7
num_cat=0
split_feature=54 68 0 60 4 7
split_gain=0.900916 0.934613 0.739095 0.674076 0.579554 0.353002
threshold=0.069159060716629042 385.15440368652349 3.5000000000000004 0.34340000152587896 0.0050959466025233277 357.50000000000006
decision_type=2 8 2 2 8 2
left_child=-1 3 4 5 -3 -2
right_child=1 2 -4 -5 -6 -7
leaf_value=0.0074366458184180681 0.0080182315928759053 0 0 -0.00073770077853319179 -0.010204759566829789 0
leaf_weight=4.1187736019492176 5.4766244292259234 1.0216338522732229 1.0988804847002018 1.8360202945768831 9.0677416045218706 1.3064278811216352
leaf_count=24 41 12 8 16 120 10
internal_value=0.000376719 -0.0010808 -0.00614033 0.00203486 -0.00853682 0.00635276
internal_weight=23.9261 19.8073 11.1883 8.61907 10.0894 6.78305
internal_count=231 207 140 67 132 51
is_linear=0
shrinkage=0.03


Tree=202
num_leaves=7
num_cat=0
split_feature=54 1 47 39 22 50
split_gain=0.723732 0.928595 0.739212 0.444541 0.360832 0.169982
threshold=0.070939652621746077 0.83333334326744091 0.79380273818969738 0.20778678357601169 0.32294894754886633 0.15126202255487445
decision_type=2 2 2 2 2 2
left_child=5 2 3 -2 -3 -1
right_child=1 4 -4 -5 -6 -7
leaf_value=0.006868097789112064 -0.010521123027107917 0.0050136170678868565 0 0 0 0
leaf_weight=2.6838750839233425 8.9098277185112256 3.4741747397929421 3.4975522849708787 1.063533630222081 3.9206445720046759 1.662423253059387
leaf_count=15 104 30 32 8 41 12
internal_value=0 -0.00258364 -0.00661752 -0.009207 0.000895284 0.00557145
internal_weight=25.212 20.8657 13.4709 9.97336 7.39482 4.3463
internal_count=242 215 144 112 71 27
is_linear=0
shrinkage=0.03


Tree=203
num_leaves=7
num_cat=0
split_feature=68 60 3 43 60 4
split_gain=1.16498 1.55412 0.472587 0.524786 0.239932 0.200779
threshold=752.01473999023449 0.0030000000260770325 3.5000000000000004 0.13800700753927234 0.72759997844696056 0.012527989223599436
decision_type=8 2 2 2 2 10
left_child=1 -1 3 -2 -5 -3
right_child=2 5 -4 4 -6 -7
leaf_value=0.011044751530625573 0 -0.0035225869461950983 0 -0.0089746463505062726 0 0
leaf_weight=8.0983132049441355 0.8565596714615803 4.564719643443822 2.1059973835945121 6.8275669738650322 0.59390315040945996 1.3008892238140104
leaf_count=61 5 36 13 96 10 10
internal_value=0.000263144 0.00581052 -0.00344409 -0.00604139 -0.00808724 -4.08772e-05
internal_weight=24.3479 13.9639 10.384 8.27803 7.42147 5.86561
internal_count=231 107 124 111 106 46
is_linear=0
shrinkage=0.03


Tree=204
num_leaves=7
num_cat=0
split_feature=68 60 38 47 7 56
split_gain=0.691235 1.17243 0.404569 0.248915 0.146486 0.13518
threshold=667.86233520507824 0.0030000000260770325 0.53331512212753307 0.073408186435699477 371.50000000000006 -0.3232800811529159
decision_type=8 2 2 2 2 2
left_child=1 4 3 -2 -1 -3
right_child=2 5 -4 -5 -6 -7
leaf_value=0.01027324409414597 0 -0.0028042578680194537 0 -0.006705511002479919 0 0
leaf_weight=6.619241591542961 0.86709411442279627 5.4710502177476883 6.0389100629836321 4.5601114127784967 1.266150154173374 1.2285504713654516
leaf_count=50 4 45 64 68 8 8
internal_value=0.000562205 0.00480222 -0.00176066 -0.0052835 0.00952349 0
internal_weight=26.0511 14.585 11.4661 5.42721 7.88539 6.6996
internal_count=247 111 136 72 58 53
is_linear=0
shrinkage=0.03


Tree=205
num_leaves=7
num_cat=0
split_feature=54 32 57 62 4 4
split_gain=1.04128 1.41979 0.210482 0.1485 0.141818 0.075162
threshold=0.08475163578987123 0.19966991245746615 0.036600001156330116 0.89659997820854198 0.0050959466025233277 0.10223663970828058
decision_type=2 2 2 2 8 10
left_child=3 2 -2 -1 -3 -6
right_child=1 4 -4 -5 5 -7
leaf_value=0 0 0 0.0037178779153459688 0.0062317542943481994 -0.010348712612619637 0
leaf_weight=1.5471642650663877 2.4968824461102512 0.79673995822667798 4.4702079147100449 5.8878772705793381 7.8934083618223667 0.73368642106652249
leaf_count=12 19 11 31 39 115 8
internal_value=0 -0.00414673 0.000789757 0.00526527 -0.00941297 -0.00996223
internal_weight=23.826 16.3909 6.96709 7.43504 9.42383 8.62709
internal_count=235 184 50 51 134 123
is_linear=0
shrinkage=0.03


Tree=206
num_leaves=7
num_cat=0
split_feature=51 32 26 7 38 23
split_gain=0.870924 0.948506 0.496056 0.318352 0.293458 0.326316
threshold=-0.4306392222642898 0.17417489737272265 0.13431811332702639 22.500000000000004 0.11142597720026971 0.92635458707809459
decision_type=2 2 2 2 2 2
left_child=1 3 -2 -1 -3 -6
right_child=2 4 -4 -5 5 -7
leaf_value=0 0 0 0.0087162589867758877 0.0047809649048935971 -0.0088674726418519634 0
leaf_weight=2.9066771902144017 1.6890044361352909 0.8022385910153379 5.7457951232790947 5.0591307915747166 7.7872216217219812 0.63247430138289917
leaf_count=21 11 10 41 37 107 10
internal_value=0.00056032 -0.00128501 0.00655793 0.00179209 -0.00661395 -0.0077452
internal_weight=24.6225 17.1877 7.4348 7.96581 9.22193 8.4197
internal_count=237 185 52 58 127 117
is_linear=0
shrinkage=0.03


Tree=207
num_leaves=7
num_cat=0
split_feature=11 68 60 52 27 29
split_gain=0.529199 0.618586 0.521399 0.403989 0.194683 0.160929
threshold=5.1070852279663095 667.86233520507824 0.0030000000260770325 -0.38562110066413874 0.63863244652748119 0.93851613998413097
decision_type=2 8 2 2 2 2
left_child=1 2 -1 5 -4 -3
right_child=-2 3 4 -5 -6 -7
leaf_value=0.0052329082640490496 0.0048756339858298525 -0.0088172679220012099 -0.0041441413452559528 0 0 0
leaf_weight=5.2359502837061935 4.3280643597245207 5.4458913579583195 3.2330315932631493 2.91781883873045 1.3085442371666429 0.63850048929452885
leaf_count=34 38 85 29 21 11 5
internal_value=0 -0.00217124 0 -0.00603639 -0.0018919 -0.00810267
internal_weight=23.1078 18.7797 9.77753 9.00221 4.54158 6.08439
internal_count=223 185 74 111 40 90
is_linear=0
shrinkage=0.03


Tree=208
num_leaves=7
num_cat=0
split_feature=68 60 7 4 41 48
split_gain=0.514318 1.31965 0.399213 0.336216 0.442854 0.456435
threshold=697.16046142578136 0.0030000000260770325 361.50000000000006 0.0050959466025233277 0.49817629158496862 0.15414737164974215
decision_type=8 2 2 8 2 2
left_child=1 2 -1 -2 5 -5
right_child=3 -3 -4 4 -6 -7
leaf_value=0.0097758662676935074 0 -0.0023017083434721491 0 -0.0089985782250593723 0 0
leaf_weight=6.5210230238735694 0.85021762922405919 5.4872505031526089 1.2202880308032034 8.0413790643215144 1.0217493996024138 0.83254718407988626
leaf_count=48 10 45 9 108 6 8
internal_value=0 0.00221486 0.00829111 -0.00410116 -0.00572253 -0.00745906
internal_weight=23.9745 13.2286 7.74131 10.7459 9.89568 8.87393
internal_count=234 102 57 132 122 116
is_linear=0
shrinkage=0.03


Tree=209
num_leaves=7
num_cat=0
split_feature=32 54 60 2 37 38
split_gain=0.753301 0.602152 0.48372 0.64986 0.185216 0.107086
threshold=0.27426053583621984 0.069159060716629042 0.026600000448524955 1.4670542478561404 0.86705854535102855 0.11142597720026971
decision_type=2 2 2 2 2 2
left_child=2 -2 3 -1 5 -3
right_child=1 4 -4 -5 -6 -7
leaf_value=0.0084080663857394981 0 0 0 0 0 -0.0087895868787016464
leaf_weight=7.1054410487413424 1.8136425986886013 0.71955286897718718 2.667452882975339 1.9400385841727255 1.1805110499262808 6.7483262866735458
leaf_count=56 10 8 20 17 15 91
internal_value=0 -0.00488812 0.00295078 0.00572581 -0.00743494 -0.00827992
internal_weight=22.175 10.462 11.7129 9.04548 8.64839 7.46788
internal_count=217 124 93 73 114 99
is_linear=0
shrinkage=0.03


Tree=210
num_leaves=7
num_cat=0
split_feature=1 54 2 61 30 20
split_gain=0.65936 0.581846 0.537796 0.512516 0.6701 0.0327886
threshold=0.83333334326744091 0.069159060716629042 1.4670542478561404 1.0000000180025095e-35 0.84942904114723217 0.703294336795807
decision_type=2 2 2 2 2 2
left_child=1 -1 5 4 -3 -2
right_child=2 3 -4 -5 -6 -7
leaf_value=0 0.007775402473620973 -0.010036811193203888 0 0 0 0
leaf_weight=2.2948033064603832 5.2024354804307205 7.6287166923284513 1.8427796922624109 3.7632993236184111 0.91720948554575432 1.2036899179220197
leaf_count=11 48 97 20 26 16 10
internal_value=0 -0.0027632 0.00471425 -0.00564743 -0.00795216 0.0073636
internal_weight=22.8529 14.604 8.24891 12.3092 8.54593 6.40613
internal_count=228 150 78 139 113 58
is_linear=0
shrinkage=0.03


Tree=211
num_leaves=7
num_cat=0
split_feature=37 54 56 58 49 39
split_gain=0.829429 1.20719 0.474863 0.457449 0.323748 0.0614247
threshold=0.652053862810135 0.069159060716629042 -0.60224470496177662 0.005799999926239253 0.16620416194200519 0.18138737231492999
decision_type=2 2 2 2 2 2
left_child=1 -1 -3 5 -4 -2
right_child=3 2 4 -5 -6 -7
leaf_value=0.0031844365143272883 0.0084762330561986635 0 -0.0097212329227619743 0 0 0
leaf_weight=2.5844032168388393 5.4145532101392728 1.0351321063935746 8.8736084438860399 2.39083207026124 1.3048170171678055 1.005846034735441
leaf_count=12 48 8 98 31 16 8
internal_value=0 -0.00211039 -0.00708496 0.00583512 -0.00859951 0.00800493
internal_weight=22.6092 13.798 11.2136 8.81123 10.1784 6.4204
internal_count=221 134 122 87 114 56
is_linear=0
shrinkage=0.03


Tree=212
num_leaves=7
num_cat=0
split_feature=58 34 17 35 62 14
split_gain=0.839604 0.589209 0.93029 0.661025 0.500662 0.297448
threshold=1.0000000180025095e-35 0.77916738390922557 0.90320709347724926 0.1045847423374653 0.89659997820854198 1.3885855674743655
decision_type=2 2 2 2 2 2
left_child=1 2 3 -1 5 -2
right_child=4 -3 -4 -5 -6 -7
leaf_value=0 0 0 0 0.011333845678628413 0 -0.0069601823170388887
leaf_weight=1.5946157798171068 0.70304838567971994 2.4415034912526599 1.2022475525736798 10.006852786988018 1.0506918653845776 7.9367991033941507
leaf_count=9 6 23 9 78 7 103
internal_value=0.000268553 0.00490562 0.00706372 0.00956204 -0.00276587 -0.00567935
internal_weight=24.9358 15.2452 12.8037 11.6015 9.69054 8.63985
internal_count=235 119 96 87 116 109
is_linear=0
shrinkage=0.03


Tree=213
num_leaves=7
num_cat=0
split_feature=58 17 39 41 3 68
split_gain=1.02986 1.22585 0.763712 0.59228 0.395304 0.176693
threshold=1.0000000180025095e-35 0.51415646076202404 0.20223893225193026 0.38890534639358526 4.5000000000000009 376.21420288085943
decision_type=2 2 2 2 2 10
left_child=1 2 -1 4 -2 -3
right_child=3 5 -4 -5 -6 -7
leaf_value=0.011149952128626418 -0.0084977727947766792 -0.0034428580982932239 0 0 0 0
leaf_weight=8.9445264451205748 7.3063623495399916 3.5316430218517771 1.6274775564670552 0.85443032532930452 0.9864000231027602 1.6266403533518312
leaf_count=70 98 35 11 5 10 13
internal_value=0 0.00469002 0.00900415 -0.00434153 -0.00699066 -0.000300682
internal_weight=24.8775 15.7303 10.572 9.14719 8.29276 5.15828
internal_count=242 129 81 113 108 48
is_linear=0
shrinkage=0.03


Tree=214
num_leaves=7
num_cat=0
split_feature=58 22 35 62 34 21
split_gain=1.69818 0.524082 0.663537 0.36212 0.353974 0.225207
threshold=1.0000000180025095e-35 0.88569590449333202 0.1045847423374653 0.83859997987747203 0.79708495736122142 0.88802599906921398
decision_type=2 2 2 2 2 2
left_child=1 2 -1 5 -4 -2
right_child=3 -3 4 -5 -6 -7
leaf_value=0 -0.0071384612976365773 0 0.01148393449536133 0 0 0
leaf_weight=2.0264572501182583 7.4003381058573687 1.4231314957141865 9.5945358686149103 0.86899876222014505 1.8989994786679734 0.85926907695829857
leaf_count=12 96 16 77 7 17 12
internal_value=0.000880723 0.00692658 0.00842227 -0.00432665 0.0102668 -0.00612041
internal_weight=24.0717 14.9431 13.52 9.12861 11.4935 8.25961
internal_count=237 122 106 115 94 108
is_linear=0
shrinkage=0.03


Tree=215
num_leaves=7
num_cat=0
split_feature=58 22 38 62 50 25
split_gain=0.953175 0.403327 0.556195 0.369612 0.379529 0.15751
threshold=0.003199999919161201 0.88569590449333202 0.21466276794672015 0.89659997820854198 0.25274411588907247 0.85263764858245861
decision_type=2 2 2 2 2 2
left_child=1 2 -1 4 -2 -4
right_child=3 -3 5 -5 -6 -7
leaf_value=0 -0.0072926967100784765 0 0.0099478584880584899 0 0 0
leaf_weight=4.9783838950097588 5.1261245049536219 1.4182918891310681 7.8373730294406396 0.71697112172842015 0.90906949341297139 1.1542413085699079
leaf_count=32 83 16 64 4 11 10
internal_value=0.00100139 0.00547077 0.00684427 -0.0027882 -0.00537277 0.0092456
internal_weight=22.1405 15.3883 13.97 6.75217 6.03519 8.99161
internal_count=220 122 106 98 94 74
is_linear=0
shrinkage=0.03


Tree=216
num_leaves=7
num_cat=0
split_feature=19 50 7 31 14 14
split_gain=0.610645 0.717216 0.958771 0.245508 0.219033 0.301539
threshold=0.44250741600990301 0.16421373933553698 376.00000000000006 0.073563203215599074 14.235917091369631 12.331385612487795
decision_type=2 2 2 2 2 2
left_child=1 2 3 -1 5 -2
right_child=4 -3 -4 -5 -6 -7
leaf_value=0 0 0 0 0.011561942670519269 0 -0.0056307898061358956
leaf_weight=1.5756516829133049 1.9575412999838571 4.3958186712115994 1.8389503397047509 7.1431293059140444 1.7880120128393171 5.5828995704650879
leaf_count=11 21 44 14 60 10 77
internal_value=0.0010569 0.00474708 0.00766501 0.0105177 -0.00114979 -0.00356306
internal_weight=24.282 14.9535 10.5577 8.71878 9.32845 7.54044
internal_count=237 129 85 71 108 98
is_linear=0
shrinkage=0.03


Tree=217
num_leaves=7
num_cat=0
split_feature=58 35 19 34 62 50
split_gain=0.729044 0.572422 0.552738 0.764054 0.461419 0.415293
threshold=0.00059999998484272521 0.32889331877231603 0.81449943780899059 0.79708495736122142 0.89659997820854198 0.25274411588907247
decision_type=2 2 2 2 2 2
left_child=1 -1 3 -3 5 -2
right_child=4 2 -4 -5 -6 -7
leaf_value=0 -0.0075954673074131668 0.011469418664453262 0 0 0 0
leaf_weight=5.6426663026213673 5.6775947976857415 7.0739837028086168 1.244548525661229 1.47660606354475 0.97435469925403584 0.85938315838575352
leaf_count=42 84 55 12 15 6 10
internal_value=0.000390538 0.00463187 0.00732089 0.00916557 -0.00256729 -0.00566492
internal_weight=22.9491 15.4378 9.79514 8.55059 7.51133 6.53698
internal_count=224 124 82 70 100 94
is_linear=0
shrinkage=0.03


Tree=218
num_leaves=7
num_cat=0
split_feature=59 28 2 60 4 28
split_gain=0.686196 0.924873 0.686028 0.73435 0.357289 0.134241
threshold=0.12620000541210177 0.81790655851364147 1.4670542478561404 0.077600002288818373 0.016200970858335498 0.83481431007385265
decision_type=2 2 2 2 10 2
left_child=1 2 3 -1 5 -2
right_child=4 -3 -4 -5 -6 -7
leaf_value=0.011424882558373746 -0.0064804284043852127 -0.00077154570947970968 0 0 0 0
leaf_weight=9.5550409518182331 4.5507003497332326 1.9779462013393629 2.9509337544441214 3.0274150464683762 1.4798087310045955 0.66257894597947586
leaf_count=72 59 22 29 28 15 12
internal_value=0 0.00403935 0.00706406 0.00915219 -0.00317893 -0.00567674
internal_weight=24.2044 17.5113 15.5334 12.5825 6.69309 5.21328
internal_count=237 151 129 100 86 71
is_linear=0
shrinkage=0.03


Tree=219
num_leaves=7
num_cat=0
split_feature=54 68 11 4 46 54
split_gain=0.594516 0.871403 0.693919 0.638575 0.315305 0.0265906
threshold=0.069159060716629042 385.15440368652349 5.6070852279663095 0.0050959466025233277 0.19557714462280276 0.10234168171882631
decision_type=2 8 2 8 2 2
left_child=-1 4 3 -3 5 -2
right_child=1 2 -4 -5 -6 -7
leaf_value=0.0059625129833418365 0 0 0 -0.010404612778219018 0.0049417993183128511 -0.0013961816954083752
leaf_weight=4.4921827316284206 1.7783614844083802 0.92071243003010472 1.9957540296018113 7.7874976713210353 4.8088933788239956 2.2768522500991821
leaf_count=27 15 11 20 107 37 20
internal_value=6.187e-05 -0.000821918 -0.0059231 -0.00849754 0.00203185 0
internal_weight=24.0603 19.5681 10.704 8.70821 8.86411 4.05521
internal_count=237 210 138 118 72 35
is_linear=0
shrinkage=0.03


Tree=220
num_leaves=7
num_cat=0
split_feature=68 60 11 6 4 52
split_gain=0.649043 1.59418 0.460847 0.440107 0.401589 0.343665
threshold=752.01473999023449 0.077600002288818373 5.6070852279663095 185.75000000000003 0.0050959466025233277 -0.33105434477329249
decision_type=8 2 2 2 8 2
left_child=1 3 4 -1 -2 -6
right_child=2 -3 -4 -5 5 -7
leaf_value=0.010814267695933986 0 -0.0021386490847068729 0 0 -0.0088280320903773406 0
leaf_weight=8.0767300948500651 0.96603878587484082 4.4390192143619052 1.8370755091309536 1.1667741611599911 6.9425891488790503 0.8562139347195642
leaf_count=62 11 37 17 8 96 7
internal_value=0 0.00384006 -0.00337677 0.0094485 -0.00588405 -0.00753708
internal_weight=24.2844 13.6825 10.6019 9.2435 8.76484 7.7988
internal_count=238 107 131 70 114 103
is_linear=0
shrinkage=0.03


Tree=221
num_leaves=7
num_cat=0
split_feature=51 50 59 61 0 22
split_gain=0.544057 0.70842 0.52311 0.429768 0.441772 0.238123
threshold=-0.51844158768653859 0.15126202255487445 0.1176000013947487 0.0018000000272877517 2.1666666269302373 0.11548638716340066
decision_type=2 2 2 2 2 2
left_child=3 2 5 4 -1 -2
right_child=1 -3 -4 -5 -6 -7
leaf_value=-0.0069472311185016927 0 0 0 0.0006473232318055473 0 0.010906545701260867
leaf_weight=6.3255204446613806 1.465933695435522 4.4391650930047026 1.4312004186213014 3.8854813501238823 1.4180730655789373 5.4384274668991566
leaf_count=101 9 38 13 27 10 37
internal_value=0.000986376 0.00474954 0.00792416 -0.000658116 -0.0046903 0.00979589
internal_weight=24.4038 12.7747 8.33556 11.6291 7.74359 6.90436
internal_count=235 97 59 138 111 46
is_linear=0
shrinkage=0.03


Tree=222
num_leaves=7
num_cat=0
split_feature=54 32 38 46 58 44
split_gain=0.720043 1.1626 0.58501 0.363978 0.570961 0.289074
threshold=0.069159060716629042 0.19966991245746615 0.11142597720026971 0.14615449309349063 0.020399999804794792 0.65886381268501293
decision_type=2 2 2 2 2 2
left_child=-1 3 -3 -2 -5 -4
right_child=1 2 5 4 -6 -7
leaf_value=0.0058490166161118589 0 0 -0.010286353938980152 0.0075757579504113293 0 0
leaf_weight=3.4621502831578281 3.6439427584409732 1.2514405921101559 8.853538410738107 5.107772059738636 1.1516649313271043 0.66676096618175584
leaf_count=21 26 9 128 35 14 5
internal_value=0 -0.00247224 -0.00762664 0.0011346 0.00466078 -0.00942693
internal_weight=24.1373 20.6751 10.7717 9.90338 6.25944 9.5203
internal_count=238 217 142 75 49 133
is_linear=0
shrinkage=0.03


Tree=223
num_leaves=7
num_cat=0
split_feature=58 34 35 62 50 57
split_gain=0.344333 0.416354 0.702785 0.250108 0.245859 0.133917
threshold=1.0000000180025095e-35 0.79708495736122142 0.32889331877231603 0.83859997987747203 0.25274411588907247 0.78940001130104076
decision_type=2 2 2 2 2 2
left_child=1 2 -1 4 5 -2
right_child=3 -3 -4 -5 -6 -7
leaf_value=0 -0.0062128015768564901 0 0.0088191384443164055 0 0 0
leaf_weight=4.9084745794534701 5.9758709389716351 2.7868226394057265 6.2948630526661873 0.95030854269862253 1.0335286352783439 1.1104652043431995
leaf_count=37 79 26 51 8 10 13
internal_value=0 0.00329299 0.00547189 -0.00161526 -0.00389469 -0.00538854
internal_weight=23.0603 13.9902 11.2033 9.07017 8.11986 7.08634
internal_count=224 114 88 110 102 92
is_linear=0
shrinkage=0.03


Tree=224
num_leaves=7
num_cat=0
split_feature=68 4 60 26 52 49
split_gain=0.618251 0.663101 0.721367 0.283422 0.281592 0.0625949
threshold=667.86233520507824 0.0075805915985256442 0.34340000152587896 0.14372427761554721 -0.38562110066413874 -0.26722750067710871
decision_type=8 8 2 2 2 2
left_child=1 -1 5 -2 -5 -3
right_child=3 2 -4 4 -6 -7
leaf_value=0 0 0 0 -0.0059042565046170878 0 0.010258618636889384
leaf_weight=1.3843149505555636 2.9929728023707849 0.78310841321945091 2.1628830097615728 4.6643556747585535 2.0955807454884052 8.4807358048856241
leaf_count=12 21 6 20 82 19 64
internal_value=0.00165141 0.00530736 0.0076053 -0.00036906 -0.00392175 0.00990135
internal_weight=22.564 12.811 11.4267 9.75291 6.75994 9.26384
internal_count=224 102 90 122 101 70
is_linear=0
shrinkage=0.03


Tree=225
num_leaves=7
num_cat=0
split_feature=68 11 60 47 54 56
split_gain=0.581269 0.798922 0.788071 0.748426 0.119427 0.0628032
threshold=529.38558959960949 5.6070852279663095 0.0030000000260770325 0.070282794535160079 0.81606256961822521 -0.36144161224365229
decision_type=8 2 2 2 2 2
left_child=2 3 4 -2 -1 -4
right_child=1 -3 5 -5 -6 -7
leaf_value=0.0085561398858702512 0 0.00021377596534582379 -0.0020385082249278698 -0.0096277933943931544 0 0
leaf_weight=5.1111851148307341 0.67057180404662897 2.2044146582484236 3.6018926538527012 7.5381942242383957 1.0796309225261209 2.2232623398303986
leaf_count=42 3 16 33 106 8 16
internal_value=0 -0.00338311 0.00362626 -0.00723108 0.00785413 0
internal_weight=22.4292 10.4132 12.016 8.20877 6.19082 5.82515
internal_count=224 125 99 109 50 49
is_linear=0
shrinkage=0.03


Tree=226
num_leaves=7
num_cat=0
split_feature=58 49 35 51 62 23
split_gain=0.56939 0.624379 0.450153 0.542458 0.352104 0.171458
threshold=0.011799999978393318 0.14333777129650119 0.36522072553634649 -0.63833454251289357 0.55140000581741344 0.91513192653656017
decision_type=2 2 2 2 2 2
left_child=1 2 -1 -4 5 -2
right_child=4 -3 3 -5 -6 -7
leaf_value=0 -0.0059295159373880402 0 0 0.010422107140648453 0 0
leaf_weight=5.6255465820431771 4.3637705519795409 4.3564436994492999 0.95210396125912922 8.2325328607112116 1.1829550266265867 0.50312984734773625
leaf_count=39 73 34 8 71 9 7
internal_value=0.00114901 0.00424318 0.00661934 0.00881939 -0.00145143 -0.00485692
internal_weight=25.2165 19.1666 14.8102 9.18464 6.04986 4.8669
internal_count=241 152 118 79 89 80
is_linear=0
shrinkage=0.03


Tree=227
num_leaves=7
num_cat=0
split_feature=32 51 58 60 2 51
split_gain=0.641622 0.845832 0.643893 0.493123 0.371372 0.124377
threshold=0.27426053583621984 -0.4306392222642898 0.045199999585747726 0.21280000358819964 1.4670542478561404 -0.38627026975154871
decision_type=2 2 2 2 2 2
left_child=2 -2 3 4 -1 -3
right_child=1 5 -4 -5 -6 -7
leaf_value=0.0097306050396573016 -0.0077775039778752901 0.0029785330559049549 0 0 0 0
leaf_weight=7.7165468111634272 6.8420990705490112 2.6176775209605694 1.5551229920238245 1.5310839861631382 2.0612630471587181 2.1270525865256769
leaf_count=56 106 18 19 11 15 16
internal_value=0 -0.00345393 0.00374073 0.00649689 0.00824118 0
internal_weight=24.4508 11.5868 12.864 11.3089 9.77781 4.74473
internal_count=241 140 101 82 71 34
is_linear=0
shrinkage=0.03


Tree=228
num_leaves=7
num_cat=0
split_feature=58 44 19 49 54 9
split_gain=0.525978 0.623605 0.566431 0.419242 0.383164 0.628447
threshold=0.011799999978393318 0.32803888618946081 0.69315171241760265 -0.24350908398628232 0.069159060716629042 3.1666666269302373
decision_type=2 2 2 2 2 2
left_child=1 2 3 -1 -3 -6
right_child=-2 4 -4 -5 5 -7
leaf_value=0 -0.0052113863779222848 0.00035416772653792722 0 0.0091911018643999736 -0.0079350383837987794 0
leaf_weight=1.1665996536612526 5.0681311432272187 2.7630123198032361 1.3652370870113362 7.8474227692931926 4.5107291266322136 1.2025155797600744
leaf_count=11 88 17 17 63 37 12
internal_value=0 0.00149104 0.00551829 0.00771033 -0.000510591 -0.00470648
internal_weight=23.9236 18.8555 10.3793 9.01402 8.47626 5.71324
internal_count=245 157 91 74 66 49
is_linear=0
shrinkage=0.03


Tree=229
num_leaves=7
num_cat=0
split_feature=51 61 34 34 0 17
split_gain=0.507389 0.510126 0.48886 0.493955 0.369822 0.357774
threshold=-0.51844158768653859 0.0014000000082887711 0.79708495736122142 0.088966429233551039 1.8333333134651186 0.82969683408737194
decision_type=2 2 2 2 2 2
left_child=1 4 3 -2 -1 -5
right_child=2 -3 -4 5 -6 -7
leaf_value=-0.0073531135831933596 0 0 0 0.0096233986524736515 0 0
leaf_weight=5.5937732253223675 1.2919720038771618 4.9529016949236393 2.2522583827376357 7.4077891279011947 1.5441646762192247 1.6369995027780531
leaf_count=95 8 36 22 62 13 11
internal_value=6.04468e-05 -0.00152203 0.00423742 0.00644815 -0.00545668 0.00823056
internal_weight=24.6799 12.0908 12.589 10.3368 7.13794 9.04479
internal_count=247 144 103 81 108 73
is_linear=0
shrinkage=0.03


Tree=230
num_leaves=7
num_cat=0
split_feature=33 34 53 47 57 53
split_gain=0.581191 0.553451 0.43086 0.368173 0.606579 0.326232
threshold=0.63803189992904674 0.76888278126716625 -0.48418669402599329 0.087287481874227538 0.65219998359680187 -0.22608545422554013
decision_type=2 2 2 2 2 2
left_child=3 2 -2 -1 5 -5
right_child=1 -3 -4 4 -6 -7
leaf_value=0 0 0 0.008640521053669142 -0.0088288081843295001 0 0
leaf_weight=2.8525242358446148 2.1008565463125697 1.6841681376099575 7.3481342904269686 6.4808786809444419 3.2670598328113556 0.77585851401090522
leaf_count=15 24 21 62 85 29 6
internal_value=0 0.00440091 0.00683053 -0.00220604 -0.00465704 -0.00757821
internal_weight=24.5095 11.1332 9.44899 13.3763 10.5238 7.25674
internal_count=242 107 86 135 120 91
is_linear=0
shrinkage=0.03


Tree=231
num_leaves=7
num_cat=0
split_feature=68 60 47 4 0 7
split_gain=0.51958 0.758062 0.567935 0.644288 0.853084 0.419826
threshold=385.15440368652349 0.34340000152587896 0.085297085344791426 0.0050959466025233277 3.1666666269302373 321.00000000000006
decision_type=8 2 2 8 2 2
left_child=1 5 -2 -4 -5 -1
right_child=2 -3 3 4 -6 -7
leaf_value=0.0089744383736630948 0 0 0 -0.010778568569428425 0 0
leaf_weight=7.284074082970621 3.3719450235366812 1.6144967675209034 1.2400844059884519 7.1670838743448257 1.1166550703346727 1.3243712075054643
leaf_count=55 20 16 14 113 9 11
internal_value=0 0.0040516 -0.00243409 -0.00575574 -0.00819084 0.00738265
internal_weight=23.1187 10.2229 12.8958 9.52382 8.28374 8.60845
internal_count=238 82 156 136 122 66
is_linear=0
shrinkage=0.03


Tree=232
num_leaves=7
num_cat=0
split_feature=4 54 57 37 12 31
split_gain=0.288003 0.4942 0.890679 0.544373 0.321112 0.0389678
threshold=0.01759916823357344 0.070939652621746077 0.46420000493526464 0.82728824019432079 0.50757575035095226 0.2714486569166184
decision_type=10 2 2 2 2 2
left_child=1 -1 3 -3 -2 -4
right_child=4 2 5 -5 -6 -7
leaf_value=0.00024540430819050899 0 -0.0098558023502090392 0.0016858377927770202 0 0.0055506609924943218 0
leaf_weight=2.6565763764083448 1.2673584222793568 8.9703457243740541 2.3400365356355897 1.1566882040351618 4.3151935562491417 2.6497104912996292
leaf_count=14 14 103 16 15 39 35
internal_value=0 -0.00196423 -0.00468448 -0.00819831 0.00312371 0
internal_weight=23.3559 17.7734 15.1168 10.127 5.58255 4.98975
internal_count=236 183 169 118 53 51
is_linear=0
shrinkage=0.03


Tree=233
num_leaves=7
num_cat=0
split_feature=68 54 60 4 0 4
split_gain=0.629041 0.706812 0.675422 0.421574 0.427435 0.0908755
threshold=529.38558959960949 0.069159060716629042 0.0030000000260770325 0.0050959466025233277 3.5000000000000004 0.016200970858335498
decision_type=8 2 2 8 2 10
left_child=2 -2 -1 -3 -5 -4
right_child=1 3 5 4 -6 -7
leaf_value=0.0069853471936485922 0 0 -0.0023994939493686804 -0.010059643783561721 0 0
leaf_weight=6.2527805268764514 1.7346610277891148 0.93451403453945836 4.2052838318049908 7.6014012806117535 1.1017393395304678 1.3536467403173444
leaf_count=49 9 11 37 114 7 11
internal_value=0 -0.00422196 0.00291372 -0.00719673 -0.00864101 0
internal_weight=23.184 11.3723 11.8117 9.63765 8.70314 5.55893
internal_count=238 141 97 132 121 48
is_linear=0
shrinkage=0.03


Tree=234
num_leaves=7
num_cat=0
split_feature=58 17 48 31 59 68
split_gain=0.547475 0.595578 0.416998 0.370988 0.168151 0.0255463
threshold=1.0000000180025095e-35 0.51415646076202404 0.12663277238607409 0.69415679574012767 1.0000000180025095e-35 414.06513977050787
decision_type=2 2 2 2 2 10
left_child=1 2 -1 4 -2 -3
right_child=3 5 -4 -5 -6 -7
leaf_value=0.0082105705950949997 0 -0.0012477718891809415 0 0 -0.006536747648237513 0
leaf_weight=8.0652579627931136 0.55505594983696749 4.7672837097197762 1.6755973398685444 1.7625178936868904 5.7136015128344297 1.4636406190693376
leaf_count=66 8 44 12 21 75 11
internal_value=0 0.00343543 0.00653301 -0.00321352 -0.00565411 0
internal_weight=24.003 15.9718 9.74086 8.03118 6.26866 6.23092
internal_count=237 133 78 104 83 55
is_linear=0
shrinkage=0.03


Tree=235
num_leaves=7
num_cat=0
split_feature=50 51 36 9 55 68
split_gain=0.70036 0.837502 0.588716 0.588661 0.658005 0.116375
threshold=0.15126202255487445 -0.52580422163009632 0.077054243534803404 4.6666667461395273 -0.025388401933014389 313.60475158691412
decision_type=2 2 2 2 2 8
left_child=1 5 -3 4 -2 -1
right_child=3 2 -4 -5 -6 -7
leaf_value=0 0 0 0.010051065793334315 0 -0.0089405634413720764 -0.0026904229287297941
leaf_weight=2.7456285692751399 1.0636247992515562 1.2513220533728615 7.0061018355190754 1.4991363510489462 6.4873708635568601 4.4697991143912077
leaf_count=20 10 8 53 16 73 64
internal_value=0 0.00412971 0.00806717 -0.00320675 -0.00643021 0
internal_weight=24.523 15.4729 8.25742 9.05013 7.551 7.21543
internal_count=244 145 61 99 83 84
is_linear=0
shrinkage=0.03


Tree=236
num_leaves=7
num_cat=0
split_feature=60 68 6 4 56 26
split_gain=0.682344 0.811565 0.791337 0.440642 0.413722 0.10218
threshold=0.0030000000260770325 984.45333862304699 192.00000000000003 0.011484991759061815 -0.3232800811529159 0.16030008345842364
decision_type=2 8 2 10 2 2
left_child=1 2 -1 4 -2 -3
right_child=3 5 -4 -5 -6 -7
leaf_value=0.01007371029613644 -0.0081339403113414969 0 0 0 0 -0.0025268641402920338
leaf_weight=7.9907661490142399 5.1139345355331898 2.5006889514625064 1.1875523701310156 1.6613389663398264 0.95285823941230674 4.4027864523231983
leaf_count=64 60 17 10 17 7 59
internal_value=0 0.00383247 0.00761971 -0.00360992 -0.00624997 0
internal_weight=23.8099 16.0818 9.17832 7.72813 6.06679 6.90348
internal_count=234 150 74 84 67 76
is_linear=0
shrinkage=0.03


Tree=237
num_leaves=7
num_cat=0
split_feature=19 58 39 28 15 49
split_gain=0.659462 0.885191 0.704535 0.396786 0.231175 0.302355
threshold=0.44250741600990301 1.0000000180025095e-35 0.20223893225193026 0.01563517423346639 4.4960873126983651 0.15206046402454379
decision_type=2 2 2 2 2 2
left_child=1 2 3 -1 5 -2
right_child=4 -3 -4 -5 -6 -7
leaf_value=0 -0.0056897544860460914 0 0 0.011635959599906332 0 0
leaf_weight=1.1249883994460121 6.1253650877624732 5.1000688895583144 1.2827212363481511 7.5174719952046871 1.5138332992792127 0.99625644646584977
leaf_count=7 75 57 10 61 13 15
internal_value=0.000979065 0.00483048 0.00832401 0.0103956 -0.00149865 -0.00382051
internal_weight=23.6607 15.0253 9.92518 8.64246 8.63545 7.12162
internal_count=238 135 78 68 103 90
is_linear=0
shrinkage=0.03


Tree=238
num_leaves=7
num_cat=0
split_feature=52 30 61 11 57 30
split_gain=0.664356 0.871848 0.329309 0.432812 0.223608 0.167256
threshold=-0.38562110066413874 0.13510000705718997 0.0014000000082887711 7.5000000000000009 1.0000000180025095e-35 0.12004877626895906
decision_type=2 2 2 2 2 2
left_child=1 -1 3 -3 5 -2
right_child=4 2 -4 -5 -6 -7
leaf_value=0.00076077346800476847 0 -0.009991644245319873 0 0 0 0.0073587088036122074
leaf_weight=5.6565035991370705 1.4745957478880862 6.2241490036249143 2.5572639517486095 0.7432689145207404 1.9462401028722522 4.6167138516902924
leaf_count=46 9 100 20 6 19 33
internal_value=0 -0.00250644 -0.00691567 -0.00851482 0.00493745 0.00631138
internal_weight=23.2187 15.1812 9.52468 6.96742 8.03755 6.09131
internal_count=233 172 126 106 61 42
is_linear=0
shrinkage=0.03


Tree=239
num_leaves=7
num_cat=0
split_feature=68 60 11 7 22 44
split_gain=0.547731 0.596133 0.555048 0.338428 0.257082 0.270569
threshold=752.01473999023449 0.31399999558925634 5.6070852279663095 388.00000000000006 0.11548638716340066 0.069357667118310942
decision_type=8 2 2 2 2 2
left_child=1 3 4 -1 -2 -6
right_child=2 -3 -4 -5 5 -7
leaf_value=0.0072728726639255999 0 0 0 0 0 -0.0090816838953273714
leaf_weight=9.2216956820338982 1.2896599061787108 2.974645882844924 1.822530288249254 1.1558494940400112 0.44626735895872105 5.6621562242507935
leaf_count=75 12 28 18 11 4 93
internal_value=0 0.00274235 -0.00406329 0.00591162 -0.00685218 -0.00806691
internal_weight=22.5728 13.3522 9.22061 10.3775 7.39808 6.10842
internal_count=241 114 127 86 109 97
is_linear=0
shrinkage=0.03


Tree=240
num_leaves=7
num_cat=0
split_feature=58 60 39 55 31 41
split_gain=0.444143 0.622614 0.628677 0.595992 0.184713 0.0206505
threshold=0.011799999978393318 0.16399999707937243 0.19289850443601611 0.14797452092170718 0.69415679574012767 0.2769524902105332
decision_type=2 2 2 2 2 2
left_child=1 2 3 -1 -2 -3
right_child=4 5 -4 -5 -6 -7
leaf_value=0.0097237664550783344 -0.0044748001749828573 -0.0012152656609832643 0 0 0 0
leaf_weight=10.683629307895904 3.6264584790915242 2.5843421574681993 2.6932318098843089 1.6526414975523938 1.37375907972455 1.0649405159056184
leaf_count=87 61 27 18 14 19 10
internal_value=0 0.00319698 0.0058394 0.00797129 -0.00266596 0
internal_weight=23.679 18.6788 15.0295 12.3363 5.00022 3.64928
internal_count=236 156 119 101 80 37
is_linear=0
shrinkage=0.03


Tree=241
num_leaves=7
num_cat=0
split_feature=68 54 4 11 55 59
split_gain=0.570095 0.45207 0.60732 0.455448 0.385068 0.186144
threshold=529.38558959960949 0.069159060716629042 0.0050959466025233277 7.5000000000000009 0.16169135272502902 0.58779999613761913
decision_type=8 2 8 2 2 2
left_child=4 -2 -3 -4 5 -1
right_child=1 2 3 -5 -6 -7
leaf_value=0.0069227910257474573 0 0 -0.0090823773770544614 0 0 0
leaf_weight=9.1859805323183554 2.120067946612834 1.143749523907897 7.8330568913370371 1.0126306191086767 1.1647618673741806 1.1838439404964436
leaf_count=73 11 12 115 8 11 12
internal_value=0 -0.00220695 -0.00507357 -0.00750378 0.00433883 0.0060758
internal_weight=23.6441 12.1095 9.98944 8.84569 11.5346 10.3698
internal_count=242 146 135 123 96 85
is_linear=0
shrinkage=0.03


Tree=242
num_leaves=5
num_cat=0
split_feature=0 54 17 29
split_gain=0.92204 0.977807 0.826923 0.367135
threshold=3.5000000000000004 0.069159060716629042 0.021675205789506439 0.2463038116693497
decision_type=2 2 2 2
left_child=1 -1 -3 -4
right_child=-2 2 3 -5
leaf_value=0.00042679619749494408 0.0041421739195914731 0 0 -0.010603650000347778
leaf_weight=2.017203673720366 3.3372340463101855 1.6052602287381876 0.98533816449344058 12.764388293027876
leaf_count=10 38 10 16 153
internal_value=-0.000444884 -0.00470942 -0.00765278 -0.00968813
internal_weight=20.7094 17.3722 15.355 13.7497
internal_count=227 189 179 169
is_linear=0
shrinkage=0.03


Tree=243
num_leaves=7
num_cat=0
split_feature=51 50 24 61 54 18
split_gain=0.573669 0.640205 0.50505 0.313381 0.240491 0.199329
threshold=-0.51844158768653859 0.15126202255487445 0.15194876492023471 0.01060000015422702 0.76592186093330394 0.060621360316872604
decision_type=2 2 2 2 2 2
left_child=2 3 -1 5 -4 -2
right_child=1 -3 4 -5 -6 -7
leaf_value=0 0 0 -0.0073169722847562253 0 0 0.0094325078060366382
leaf_weight=4.5913326535373944 1.1469389647245387 4.2965367790311566 5.3028908558189869 1.0758188739418981 1.3229910656809805 5.7984681222587824
leaf_count=38 8 41 87 8 16 42
internal_value=0 0.00406068 -0.0026438 0.0072383 -0.00602158 0.00850667
internal_weight=23.535 12.3178 11.2172 8.02123 6.62588 6.94541
internal_count=240 99 141 58 103 50
is_linear=0
shrinkage=0.03


Tree=244
num_leaves=7
num_cat=0
split_feature=68 11 20 58 32 4
split_gain=0.40321 0.523059 0.325415 0.229745 0.120292 0.119065
threshold=697.16046142578136 5.6070852279663095 0.41178958117961889 0.025799999944865707 0.88642621040344249 0.0050959466025233277
decision_type=8 2 2 2 2 8
left_child=2 4 3 -1 5 -2
right_child=1 -3 -4 -5 -6 -7
leaf_value=0.0064091453737859985 0 0 0 0 0 -0.0073808729672351636
leaf_weight=6.0200038403272647 0.68392929434776117 1.7778225839138029 5.2410570085048676 1.371156398206949 0.66882993653416623 6.3490361217409372
leaf_count=45 7 18 51 11 11 87
internal_value=0 -0.0032399 0.00264564 0.00509403 -0.00617614 -0.00678223
internal_weight=22.1118 9.47962 12.6322 7.39116 7.7018 7.03297
internal_count=230 123 107 56 105 94
is_linear=0
shrinkage=0.03


Tree=245
num_leaves=7
num_cat=0
split_feature=1 58 47 54 49 31
split_gain=0.345234 0.431543 0.383464 0.570463 0.24859 0.0528077
threshold=0.83333334326744091 0.009599999990314247 0.085297085344791426 0.56555533409118663 0.14659953117370608 0.74556332826614391
decision_type=2 2 2 2 2 2
left_child=2 4 -1 5 -2 -4
right_child=1 -3 3 -5 -6 -7
leaf_value=0 0.0076170499394558671 0 -0.007840714478663852 0 0 0
leaf_weight=2.9690512418746975 4.55001276731491 1.7840898148715494 6.0175500307232124 5.125382112339139 1.4067347869276998 0.88691645115613926
leaf_count=16 42 32 74 50 10 12
internal_value=0 0.00361674 -0.00177369 -0.00438588 0.00623566 -0.00744579
internal_weight=22.7397 7.74084 14.9989 12.0298 5.95675 6.90447
internal_count=236 84 152 136 52 86
is_linear=0
shrinkage=0.03


Tree=246
num_leaves=7
num_cat=0
split_feature=60 14 56 0 36 31
split_gain=0.490273 0.80638 0.693708 0.664412 0.534042 0.305303
threshold=0.0030000000260770325 13.089718341827394 -0.2745461761951446 4.1666667461395273 0.81128785014152538 0.15461797267198565
decision_type=2 2 2 2 2 2
left_child=1 4 3 -2 -1 -3
right_child=2 5 -4 -5 -6 -7
leaf_value=0.0086671812763997099 -0.0095659163988999572 0 0 0 0 -0.0043752238637707599
leaf_weight=7.7459840420633572 6.7322340235114098 1.5889453887939442 0.87169353663921167 0.85535888373851765 1.3510429393500087 4.6540011316537857
leaf_count=67 83 11 6 7 13 59
internal_value=0 0.00228617 -0.0040901 -0.00728401 0.00668112 -0.000594598
internal_weight=23.7993 15.34 8.45929 7.58759 9.09703 6.24295
internal_count=246 150 96 90 80 70
is_linear=0
shrinkage=0.03


Tree=247
num_leaves=7
num_cat=0
split_feature=30 52 60 2 11 59
split_gain=0.545665 0.574444 0.481254 0.609737 0.174274 0.0687361
threshold=0.3257004469633103 -0.38562110066413874 0.16399999707937243 1.4670542478561404 7.5000000000000009 0.67939999699592601
decision_type=2 2 2 2 2 2
left_child=2 4 3 5 -2 -1
right_child=1 -3 -4 -5 -6 -7
leaf_value=0.0090365516180215336 -0.0070356536749632591 0 0 0 0 0
leaf_weight=7.4948648922145384 5.7590758334845304 3.6818673238158208 2.0655204784125081 2.605745116248726 0.75928156077861775 1.0457074791193006
leaf_count=60 91 32 18 24 5 9
internal_value=0 -0.00229327 0.00407192 0.00621953 -0.00614246 0.00858586
internal_weight=23.4121 10.2002 13.2118 11.1463 6.51836 8.54057
internal_count=239 128 111 93 96 69
is_linear=0
shrinkage=0.03


Tree=248
num_leaves=7
num_cat=0
split_feature=58 19 38 31 51 15
split_gain=0.455632 0.514788 0.250858 0.221403 0.161059 0.143059
threshold=1.0000000180025095e-35 0.44250741600990301 0.86325907707214367 0.060891930013895042 -0.40721872448921198 5.3150601387023935
decision_type=2 2 2 2 2 2
left_child=1 3 4 -1 -2 -5
right_child=2 -3 -4 5 -6 -7
leaf_value=0 -0.0058366995042983885 0 0 0.0079928323556289378 0 0
leaf_weight=1.1200900413095967 5.7851933538913718 4.7489539906382552 1.1245809495449064 6.1909284368157387 1.1049365997314442 1.1128729395568369
leaf_count=8 87 44 18 52 7 10
internal_value=0 0.00323853 -0.00304498 0.00619182 -0.00482248 0.00723436
internal_weight=21.1876 13.1728 8.01471 8.42389 6.89013 7.3038
internal_count=226 114 112 70 94 62
is_linear=0
shrinkage=0.03


Tree=249
num_leaves=7
num_cat=0
split_feature=58 34 35 31 34 17
split_gain=0.948961 0.59035 0.541887 0.217397 0.164697 0.121179
threshold=1.0000000180025095e-35 0.77916738390922557 0.1045847423374653 0.69415679574012767 0.16196272522211078 0.80976635217666637
decision_type=2 2 2 2 2 2
left_child=1 2 -1 4 -2 -4
right_child=3 -3 5 -5 -6 -7
leaf_value=0 0 0 0.010143281041774525 0 -0.0054698412965372596 0
leaf_weight=1.8799038752913499 1.2679103482514609 2.5399287622421971 8.5795872528105956 1.5803528130054472 5.0639869589358568 1.2727008052170266
leaf_count=12 11 24 70 24 76 12
internal_value=0.00106144 0.00568156 0.00777825 -0.002442 -0.00430355 0.00952873
internal_weight=22.1844 14.2721 11.7322 7.91225 6.3319 9.85229
internal_count=229 118 94 111 87 82
is_linear=0
shrinkage=0.03


Tree=250
num_leaves=6
num_cat=0
split_feature=58 28 35 68 24
split_gain=0.621662 0.60784 0.837244 0.156821 0.0271465
threshold=0.011799999978393318 0.520310938358307 0.36522072553634649 125.49837112426759 0.80802294611930858
decision_type=2 2 2 8 2
left_child=1 2 -1 -2 -3
right_child=3 4 -4 -5 -6
leaf_value=0 0 -0.0013976836816911894 0.0098151348781873298 -0.0053888252077021687 0
leaf_weight=5.1590753830969351 1.1396724134683598 2.5065963342785826 6.5054048262536526 4.1576836761087179 1.5449595395475624
leaf_count=37 9 27 54 82 18
internal_value=0 0.00335525 0.00621404 -0.00420114 0
internal_weight=21.0134 15.716 11.6645 5.29736 4.05156
internal_count=227 136 91 91 45
is_linear=0
shrinkage=0.03


Tree=251
num_leaves=5
num_cat=0
split_feature=62 60 30 68
split_gain=0.771103 0.582762 0.317945 0.315633
threshold=0.0010000000183936211 0.31399999558925634 0.13510000705718997 36.717102050781257
decision_type=2 2 2 10
left_child=2 3 -1 -2
right_child=1 -3 -4 -5
leaf_value=0 0 0 -0.004783017506273946 0.0094633579732254121
leaf_weight=2.5294836089015034 4.4089326281100494 2.7468588706105939 5.079706059768796 6.5331753380596638
leaf_count=20 37 26 92 54
internal_value=0.00108603 0.00532643 -0.00182784 0.00755888
internal_weight=21.2982 13.689 7.60919 10.9421
internal_count=229 117 112 91
is_linear=0
shrinkage=0.03


Tree=252
num_leaves=7
num_cat=0
split_feature=68 60 26 6 31 27
split_gain=0.666567 1.02849 0.689658 0.687262 0.344228 0.0506089
threshold=50.487812042236335 0.31399999558925634 0.16030008345842364 192.00000000000003 0.75880935788154613 0.091384958475828185
decision_type=10 2 2 2 2 2
left_child=2 3 -1 5 -4 -2
right_child=1 -3 4 -5 -6 -7
leaf_value=0 0 -0.00026890747377499952 -0.0084033522051889867 0 0 0.010880818211787817
leaf_weight=4.0229005645960587 1.1682816967368106 2.6633089277893296 5.1160297691822052 1.106231678277253 1.7225614245980976 7.3303251173347235
leaf_count=30 9 31 70 13 23 66
internal_value=0 0.00455968 -0.00256209 0.00841327 -0.00670775 0.0104141
internal_weight=23.1296 12.2681 10.8615 9.60484 6.83859 8.49861
internal_count=242 119 123 88 93 75
is_linear=0
shrinkage=0.03


Tree=253
num_leaves=7
num_cat=0
split_feature=58 28 35 2 38 23
split_gain=0.403428 0.575361 0.752539 0.485305 0.137328 0.141051
threshold=0.005799999926239253 0.520310938358307 0.1045847423374653 1.9959999918937685 0.092824693769216551 0.91513192653656017
decision_type=2 2 2 2 2 2
left_child=1 2 -1 -4 -2 -6
right_child=4 -3 3 -5 5 -7
leaf_value=0 0 0 0.010537947088743877 0 -0.0042872040426811774 0
leaf_weight=2.2906361892819467 1.1140132900327433 4.5687684360891572 8.0937538500875217 1.1945895552635182 4.1258564442396164 0.5683586336672305
leaf_count=15 10 51 62 11 71 8
internal_value=0.00085582 0.00379911 0.00644095 0.00902919 -0.000758443 -0.003005
internal_weight=21.956 16.1477 11.579 9.28834 5.80823 4.69422
internal_count=228 139 88 73 89 79
is_linear=0
shrinkage=0.03


Tree=254
num_leaves=7
num_cat=0
split_feature=51 68 50 24 54 11
split_gain=0.660897 0.536847 0.514178 0.350382 0.324316 0.268147
threshold=-0.51844158768653859 313.60475158691412 0.15126202255487445 0.14184418320655826 0.55302938818931591 6.5000000000000009
decision_type=2 8 2 2 2 2
left_child=1 4 3 -2 -1 -3
right_child=2 5 -4 -5 -6 -7
leaf_value=-6.7734190595468308e-05 0 -0.0070881443169590833 0 0.009257070605496194 0.0047512701068281402 0
leaf_weight=2.0874770283699045 2.3146401047706586 5.4337711110711107 4.2070488855242729 5.5317354835569859 2.9284051433205605 0.9904920570552348
leaf_count=19 16 95 42 43 21 9
internal_value=0.000518558 -0.00154156 0.00500692 0.00754382 4.04645e-05 -0.00570248
internal_weight=23.4936 11.4401 12.0534 7.84638 5.01588 6.42426
internal_count=245 144 101 59 40 104
is_linear=0
shrinkage=0.03


Tree=255
num_leaves=7
num_cat=0
split_feature=1 54 58 53 39 55
split_gain=0.410989 0.649624 0.394013 0.387208 0.346095 0.191522
threshold=0.83333334326744091 0.069159060716629042 0.009599999990314247 -0.22608545422554013 0.20778678357601169 0.14269554615020755
decision_type=2 2 2 2 2 2
left_child=1 -1 5 4 -3 -2
right_child=2 3 -4 -5 -6 -7
leaf_value=0.0013497405210306408 0.0074804515409547037 -0.0079624690968699459 0 0 0 0
leaf_weight=2.6614058166742351 4.6960723362863055 10.442742835730311 1.6052455976605413 1.532180119305848 0.94770215079188425 1.3369111977517603
leaf_count=13 44 125 30 10 7 10
internal_value=0 -0.00170669 0.00409218 -0.00526788 -0.00678454 0.00636712
internal_weight=23.2223 15.584 7.63823 12.9226 11.3904 6.03298
internal_count=239 155 84 142 132 54
is_linear=0
shrinkage=0.03


Tree=256
num_leaves=7
num_cat=0
split_feature=60 3 28 4 45 52
split_gain=0.387917 0.450313 0.439634 0.370401 0.566369 0.132891
threshold=0.0030000000260770325 4.5000000000000009 0.82930251955986034 0.0079052620567381399 0.53441932797431957 -0.30743762850761408
decision_type=2 2 2 8 2 2
left_child=2 5 3 -1 -5 -2
right_child=1 -3 -4 4 -6 -7
leaf_value=0 -0.0071126248039343476 0 -3.6524909474868061e-05 0.0081597388252163672 0 0
leaf_weight=2.0371167231351146 5.7060214709490529 1.0178263410925863 1.7421349436044682 9.7983167767524701 1.3330968953669078 1.080003388226032
leaf_count=24 75 9 26 84 17 7
internal_value=0 -0.00389192 0.00178589 0.00452841 0.00618539 -0.00634109
internal_weight=22.7145 7.80385 14.9107 13.1685 11.1314 6.78602
internal_count=242 91 151 125 101 82
is_linear=0
shrinkage=0.03


Tree=257
num_leaves=7
num_cat=0
split_feature=58 28 17 59 38 17
split_gain=0.337757 0.472172 0.484107 0.290744 0.179173 0.162083
threshold=1.0000000180025095e-35 0.81790655851364147 0.89189520478248607 0.21559999883174899 0.86325907707214367 0.11143004521727563
decision_type=2 2 2 2 2 2
left_child=1 2 3 -1 5 -2
right_child=4 -3 -4 -5 -6 -7
leaf_value=0.0085024600479586057 0 0 0 0 0 -0.0049890373231822249
leaf_weight=8.8676418568938988 2.1217731572687608 1.2802096307277668 1.2851657383143891 1.3287765029817808 1.4735921211540697 4.8432762064039707
leaf_count=70 17 16 9 14 20 76
internal_value=0 0.00325833 0.00557061 0.00738778 -0.00183853 -0.00363028
internal_weight=21.2004 12.7618 11.4816 10.1964 8.43864 6.96505
internal_count=222 109 93 84 113 93
is_linear=0
shrinkage=0.03


Tree=258
num_leaves=7
num_cat=0
split_feature=68 60 38 7 58 36
split_gain=0.438284 0.537698 0.422327 0.380769 0.109933 0.123292
threshold=697.16046142578136 0.31399999558925634 0.53331512212753307 388.00000000000006 0.0038000000640749936 0.58920842409133922
decision_type=8 2 2 2 2 2
left_child=1 3 -2 -1 5 -4
right_child=2 -3 4 -5 -6 -7
leaf_value=0.0081882546672804538 -0.0052156873316910662 0 0.0040329210929883341 0 0 0
leaf_weight=8.1501342393457907 4.4472150038927776 2.4291150122880927 2.9055828787386417 1.419779136776923 1.1928186509758232 1.2163659557700155
leaf_count=66 67 24 21 11 29 14
internal_value=0.000525294 0.00421209 -0.000808526 0.00668372 0 0.0026469
internal_weight=21.761 11.999 9.76198 9.56991 5.31477 4.12195
internal_count=232 101 131 77 64 35
is_linear=0
shrinkage=0.03


Tree=259
num_leaves=7
num_cat=0
split_feature=68 60 36 55 43 11
split_gain=0.58458 0.736825 0.311868 0.249566 0.147687 0.227305
threshold=752.01473999023449 0.31399999558925634 0.81128785014152538 0.14431183785200122 0.14653412997722629 7.5000000000000009
decision_type=8 2 2 2 2 2
left_child=1 2 3 -1 -2 -6
right_child=4 -3 -4 -5 5 -7
leaf_value=0.010081194081737974 0 0 0 0 -0.0044706839132916745 0
leaf_weight=7.7574615012854355 1.0856409147381763 2.4208357073366633 1.4497387968003739 1.3486813232302663 6.8917334657162428 1.0276193134486673
leaf_count=66 7 22 12 11 103 9
internal_value=0.00185683 0.0052623 0.00795069 0.00909399 -8.02804e-05 -0.00272478
internal_weight=21.9817 12.9767 10.5559 9.10614 9.00499 7.91935
internal_count=230 111 89 77 119 112
is_linear=0
shrinkage=0.03


Tree=260
num_leaves=7
num_cat=0
split_feature=1 47 42 17 56 30
split_gain=0.324748 0.683903 0.572084 0.336419 0.241352 0.0645167
threshold=0.83333334326744091 0.085297085344791426 0.23753813654184344 0.68966230750083934 -0.54589617252349842 0.84942904114723217
decision_type=2 2 2 2 2 2
left_child=1 -1 -3 4 -2 -4
right_child=3 2 5 -5 -6 -7
leaf_value=0.0017926903693057498 0 0 -0.0081601095660877639 0 0.0071896766938426603 0
leaf_weight=3.0692644268274334 1.194449922069907 3.399228746071457 7.8870340548455697 1.8930184971541164 4.8509884998202315 0.84202289581298817
leaf_count=16 17 40 88 19 52 12
internal_value=0 -0.00133039 -0.00528517 0.00371577 0.00585712 -0.00777776
internal_weight=23.136 15.1976 12.1283 7.93846 6.04544 8.72906
internal_count=244 156 140 88 69 100
is_linear=0
shrinkage=0.03


Tree=261
num_leaves=7
num_cat=0
split_feature=54 32 24 38 68 48
split_gain=0.442358 0.730296 0.296844 0.210254 0.172919 0.0245236
threshold=0.069159060716629042 0.19966991245746615 0.86818572878837597 0.11142597720026971 414.06513977050787 -0.19895818084478376
decision_type=2 2 2 2 8 2
left_child=-1 4 3 -3 -2 -6
right_child=1 2 -4 -5 5 -7
leaf_value=0.0042520796610291938 0.0033403012975889426 0 0 -0.0084882989021978893 0 -0.00130140029997995
leaf_weight=3.4937811270356205 3.9612492583692083 1.3055422864854316 1.3648098576813925 7.5938695669174194 1.4894679300487039 3.0318097509443769
leaf_count=22 33 13 23 105 11 27
internal_value=0 -0.00231569 -0.0063273 -0.00755391 8.92292e-05 0
internal_weight=22.2405 18.7467 10.2642 8.89941 8.48253 4.52128
internal_count=234 212 141 118 71 38
is_linear=0
shrinkage=0.03


Tree=262
num_leaves=7
num_cat=0
split_feature=68 60 30 11 47 32
split_gain=0.216889 0.527018 0.388184 0.317689 0.100806 0.154468
threshold=697.16046142578136 0.31399999558925634 0.35304744541645056 5.6070852279663095 0.070282794535160079 0.80171194672584545
decision_type=8 2 2 2 2 2
left_child=1 2 -1 4 -2 -6
right_child=3 -3 -4 -5 5 -7
leaf_value=0.0073882474292271214 0 -0.0004611122833159529 0 0 -0.0062438015151984787 0
leaf_weight=6.1907877549529093 0.80111426115035822 2.5718935579061499 3.841810617595911 1.5560681391507376 6.623852726072073 0.61528273299336422
leaf_count=53 4 24 32 15 88 15
internal_value=0 0.0016666 0.00516507 -0.00259945 -0.00481549 -0.00543409
internal_weight=22.2008 12.6045 10.0326 9.59632 8.04025 7.23914
internal_count=231 109 85 122 107 103
is_linear=0
shrinkage=0.03


Tree=263
num_leaves=7
num_cat=0
split_feature=68 60 4 11 18 37
split_gain=0.421428 0.688228 0.544567 0.395028 0.13078 0.139844
threshold=50.487812042236335 0.31399999558925634 0.0075805915985256442 3.1000000238418584 0.023692030459642414 0.81200975179672252
decision_type=10 2 8 2 2 2
left_child=3 2 -2 4 -1 -6
right_child=1 -3 -4 -5 5 -7
leaf_value=0 0 0 0.0086757707490026353 0 -0.0065874499085242311 0
leaf_weight=0.49142969399690795 1.0847101211547823 2.3243337124586096 9.1587174385786057 3.8680209759622812 4.8827711865305901 1.1226578522473571
leaf_count=4 13 27 79 36 59 13
internal_value=0 0.00383865 0.00685748 -0.00151502 -0.00493807 -0.00569975
internal_weight=22.9326 12.5678 10.2434 10.3649 6.49686 6.00543
internal_count=231 119 92 112 76 72
is_linear=0
shrinkage=0.03


Tree=264
num_leaves=7
num_cat=0
split_feature=54 19 39 15 35 35
split_gain=0.380726 0.584918 0.446263 0.472196 0.106203 0.0322737
threshold=0.069159060716629042 0.23182993382215503 0.20778678357601169 5.1699101924896249 0.42143104970455175 0.13193158060312274
decision_type=2 2 2 2 2 2
left_child=-1 4 3 -3 5 -2
right_child=1 2 -4 -5 -6 -7
leaf_value=0.0034517984166023961 0 -0.0092593815955816852 0 0 0.0027607005369454829 -0.0015236735312020933
leaf_weight=3.5507025681436089 2.5710542947053936 7.8948625866323674 0.97775612026453096 1.8826852552592752 2.541201451793313 2.5114375408738852
leaf_count=23 18 104 9 18 26 27
internal_value=0 -0.00252684 -0.00583898 -0.00748912 0 0
internal_weight=21.9297 18.379 10.7553 9.77755 7.62369 5.08249
internal_count=225 202 131 122 71 45
is_linear=0
shrinkage=0.03


Tree=265
num_leaves=7
num_cat=0
split_feature=58 2 26 7 9 21
split_gain=0.509232 0.578038 0.388216 0.288372 0.199225 0.146873
threshold=1.0000000180025095e-35 1.4670542478561404 0.79841089248657238 371.50000000000006 4.6666667461395273 0.88802599906921398
decision_type=2 2 2 2 2 2
left_child=1 2 3 -1 5 -2
right_child=4 -3 -4 -5 -6 -7
leaf_value=0.0090688033435597937 -0.0049630943590651226 0 0 0 0 0
leaf_weight=8.2871748320758361 6.0343894846737376 3.0899060554802409 1.2003267109394062 1.2495452910661686 0.82696610316634167 0.80019753240048874
leaf_count=66 90 31 14 9 9 11
internal_value=0 0.00396629 0.00656983 0.00798114 -0.00217403 -0.00395088
internal_weight=21.4885 13.827 10.737 9.53672 7.66155 6.83459
internal_count=230 120 89 75 110 101
is_linear=0
shrinkage=0.03


Tree=266
num_leaves=7
num_cat=0
split_feature=68 60 6 11 46 55
split_gain=0.524176 0.624798 0.748264 0.469432 0.421014 0.223349
threshold=697.16046142578136 0.31399999558925634 192.00000000000003 5.6070852279663095 0.061190232634544379 0.16926126182079318
decision_type=8 2 2 2 2 2
left_child=1 2 -1 4 -2 -6
right_child=3 -3 -4 -5 5 -7
leaf_value=0.0092926582330261891 0 0 0 0 -0.0081009908036072213 0
leaf_weight=8.6852327920496482 0.49007464945316126 2.4954294897615901 1.2045300938189019 2.0225564148277044 6.7066959012299776 0.5771386120468377
leaf_count=73 2 23 10 19 99 12
internal_value=0 0.00410808 0.00687498 -0.00217882 -0.00539052 -0.00719754
internal_weight=22.1817 12.3852 9.88976 9.79647 7.77391 7.28383
internal_count=238 106 83 132 113 111
is_linear=0
shrinkage=0.03


Tree=267
num_leaves=7
num_cat=0
split_feature=68 60 28 40 4 68
split_gain=0.317895 0.813882 0.293475 0.231627 0.303774 0.228712
threshold=50.487812042236335 0.31399999558925634 0.11622244492173196 0.30088743567466741 0.0050959466025233277 697.16046142578136
decision_type=10 2 2 2 8 10
left_child=2 5 -1 4 -4 -2
right_child=1 -3 3 -5 -6 -7
leaf_value=0 0.0083814241375113809 -9.4118046734456795e-05 0 0 -0.0071463409143702368 0
leaf_weight=2.7655384913086909 7.1912299357354623 2.5848130714148274 0.93367515690624703 1.3866516277194021 4.9336332324892282 1.5305461827665565
leaf_count=23 60 30 7 9 80 21
internal_value=0 0.00355604 -0.000912662 -0.00403419 -0.00555292 0.00731509
internal_weight=21.3261 11.3066 10.0195 7.25396 5.86731 8.72178
internal_count=230 111 119 96 87 81
is_linear=0
shrinkage=0.03


Tree=268
num_leaves=7
num_cat=0
split_feature=68 60 48 11 4 45
split_gain=0.459735 0.775429 0.334494 0.314248 0.310648 0.348278
threshold=697.16046142578136 0.0061999999452382335 -0.3183924257755279 5.6070852279663095 0.0050959466025233277 0.055835651233792312
decision_type=8 2 2 2 8 2
left_child=1 2 -1 4 -2 -6
right_child=3 -3 -4 -5 5 -7
leaf_value=0 0 0 0.0090142590013374841 0 0 -0.0075920836915343423
leaf_weight=1.0207249373197553 0.93592217564582547 5.6822681501507759 6.4097133353352564 1.5999358240514983 0.70025337673723775 6.5709713082760572
leaf_count=9 11 51 55 16 4 101
internal_value=0 0.00380412 0.00769593 -0.00200079 -0.00445966 -0.00609541
internal_weight=22.9198 13.1127 7.43044 9.80708 8.20715 7.27122
internal_count=247 115 64 132 116 105
is_linear=0
shrinkage=0.03


Tree=269
num_leaves=7
num_cat=0
split_feature=26 51 60 11 29 25
split_gain=0.388911 0.562155 0.446042 0.389014 0.287552 0.344872
threshold=0.2176284268498421 -0.40207976102828974 0.31399999558925634 0.91111111640930187 0.2463038116693497 0.8993315100669862
decision_type=2 2 2 2 2 2
left_child=2 4 3 -1 -2 -6
right_child=1 -3 -4 -5 5 -7
leaf_value=0 0 0 0 0.0071405941815382698 -0.0087764752897823341 0
leaf_weight=1.1357165165245549 0.77797291055321505 3.9766972176730624 1.4198415726423252 6.9665262866765261 7.027914360165596 0.69841889105737198
leaf_count=9 12 31 13 58 102 12
internal_value=0 -0.00324331 0.00241164 0.0053337 -0.00633415 -0.00751544
internal_weight=22.0031 12.481 9.52208 8.10224 8.50431 7.72633
internal_count=237 157 80 67 126 114
is_linear=0
shrinkage=0.03


Tree=270
num_leaves=5
num_cat=0
split_feature=54 0 57 30
split_gain=0.559065 0.807491 0.555909 0.452979
threshold=0.069159060716629042 4.8333332538604745 0.72819998860359203 0.84942904114723217
decision_type=2 2 2 2
left_child=-1 2 3 -2
right_child=1 -3 -4 -5
leaf_value=0.0039985445401198843 -0.0095114016442920529 0.0010498459230279678 0 0
leaf_weight=3.6897583007812527 11.064429396763449 2.1505313068628302 4.4767297320067874 1.2339476868510235
leaf_count=25 133 25 46 18
internal_value=0 -0.00313497 -0.00610407 -0.00819619
internal_weight=22.6154 18.9256 16.7751 12.2984
internal_count=247 222 197 151
is_linear=0
shrinkage=0.03


Tree=271
num_leaves=7
num_cat=0
split_feature=68 4 11 4 31 22
split_gain=0.222941 0.448107 0.372954 0.317726 0.191997 0.183804
threshold=529.38558959960949 0.011484991759061815 5.6070852279663095 0.0050959466025233277 0.087492756545543685 0.11548638716340066
decision_type=8 8 2 8 2 2
left_child=1 -1 3 -2 -3 -5
right_child=2 4 -4 5 -6 -7
leaf_value=0 0 0 0 0 0.0060574097799595498 -0.0076298031305629017
leaf_weight=1.6446887440979487 0.9957256540656062 1.7625822797417638 2.0409700553864232 1.7439024001359946 7.7922863140702248 5.6480969320982695
leaf_count=12 12 11 21 15 74 95
internal_value=0 0.00190266 -0.00246274 -0.00499928 0.00495463 -0.00654716
internal_weight=21.6283 11.1996 10.4287 8.38772 9.55487 7.392
internal_count=240 97 143 122 85 110
is_linear=0
shrinkage=0.03


Tree=272
num_leaves=7
num_cat=0
split_feature=0 54 58 44 53 49
split_gain=0.43772 0.667138 0.534062 0.361315 0.172393 0.120465
threshold=0.83333334326744091 0.069159060716629042 0.009599999990314247 0.093806218355894103 -0.22608545422554013 0.14997395873069766
decision_type=2 2 2 2 2 2
left_child=1 -1 5 -3 -5 -2
right_child=2 3 -4 4 -6 -7
leaf_value=0 0.0071049166766448636 0 0 -0.0085036704527414256 0 0
leaf_weight=2.2564179152250317 5.0448842085897905 2.3479974772781125 1.9327520728111265 8.037303321063515 0.85889159142971117 1.4412066973745821
leaf_count=11 48 23 37 102 6 11
internal_value=0 -0.0030843 0.00304151 -0.00622787 -0.00779838 0.00628415
internal_weight=21.9195 13.5006 8.41884 11.2442 8.89619 6.48609
internal_count=238 142 96 131 108 59
is_linear=0
shrinkage=0.03


Tree=273
num_leaves=7
num_cat=0
split_feature=58 0 17 56 0 57
split_gain=0.299868 0.210216 0.25734 0.192732 0.0599952 0.055038
threshold=1.0000000180025095e-35 0.83333334326744091 0.78189149498939525 -0.3232800811529159 2.1666666269302373 0.1564000025391579
decision_type=2 2 2 2 2 2
left_child=1 5 -3 4 -2 -1
right_child=3 2 -4 -5 -6 -7
leaf_value=-0.0017494754182909235 -0.0057110179186006709 0.0055591844603696192 0 0 0 0
leaf_weight=6.1841332279145735 4.8384694159030914 4.0486650653183451 1.069909732788801 0.74785670824348827 1.2232976928353307 2.7908108923584223
leaf_count=55 83 39 8 7 10 24
internal_value=0 0.000744864 0.00366036 -0.00390639 -0.00517396 0
internal_weight=20.9031 14.0935 5.11857 6.80962 6.06177 8.97494
internal_count=226 126 47 100 93 79
is_linear=0
shrinkage=0.03


Tree=274
num_leaves=7
num_cat=0
split_feature=58 50 51 47 3 35
split_gain=0.493826 0.525269 0.382959 0.325037 0.201552 0.14717
threshold=1.0000000180025095e-35 0.14968683570623401 -0.36981226503849024 0.8404977321624757 4.5000000000000009 0.11878597363829614
decision_type=2 2 2 2 2 2
left_child=1 2 3 -1 5 -2
right_child=4 -3 -4 -5 -6 -7
leaf_value=0.0092114787101582451 0 0 0 0 0 -0.0058228900877110067
leaf_weight=5.7095699794590473 1.036229358986019 5.2328708395361891 1.5124526545405403 1.2966427896171806 0.91009754315018643 5.7863656207919121
leaf_count=41 11 50 11 14 10 92
internal_value=0 0.0030644 0.00612959 0.00782178 -0.0035335 -0.00489326
internal_weight=21.4842 13.7515 8.51867 7.00621 7.73269 6.82259
internal_count=229 116 66 55 113 103
is_linear=0
shrinkage=0.03


Tree=275
num_leaves=7
num_cat=0
split_feature=51 50 19 68 0 60
split_gain=0.498426 0.495989 0.290331 0.238683 0.287883 0.170455
threshold=-0.51844158768653859 0.15126202255487445 0.073447644710540785 313.60475158691412 2.1666666269302373 0.026600000448524955
decision_type=2 2 2 8 2 2
left_child=3 2 -2 5 -5 -1
right_child=1 -3 -4 4 -6 -7
leaf_value=0.0034666203654732299 0 0 0.0088814787692889294 -0.0056920058563261029 0 0
leaf_weight=2.7665009349584588 1.1999054104089717 3.9367839284241199 5.5430039633065462 4.6269799461588272 0.90284534171223629 1.5949084162712095
leaf_count=22 9 41 43 95 7 13
internal_value=0.00151072 0.00500658 0.00759086 0 -0.0037191 2.83018e-05
internal_weight=20.5709 10.6797 6.74291 9.89123 5.52983 4.36141
internal_count=230 93 52 137 102 35
is_linear=0
shrinkage=0.03


Tree=276
num_leaves=7
num_cat=0
split_feature=31 19 62 31 44 61
split_gain=0.228253 0.530799 0.475562 0.302906 0.179064 0.100776
threshold=0.69415679574012767 0.24221903830766681 0.0010000000183936211 0.12636836245656016 0.32803888618946081 0.0054000001400709161
decision_type=2 2 2 2 2 2
left_child=1 4 -2 -3 -1 -4
right_child=2 3 5 -5 -6 -7
leaf_value=0.0033484407342578557 0 0 0.007283749471992204 -0.0066554171325382437 0 0
leaf_weight=5.2627252042293602 1.2361736427992571 1.5137516595423202 3.3185672368854284 7.1106012742966413 2.8180064633488655 0.88567296043038357
leaf_count=46 27 13 31 91 20 11
internal_value=0 -0.000810477 0.00348833 -0.00510459 0.000742547 0.00658481
internal_weight=22.1455 16.7051 5.44041 8.62435 8.08073 4.20424
internal_count=239 170 69 104 66 42
is_linear=0
shrinkage=0.03


Tree=277
num_leaves=7
num_cat=0
split_feature=1 60 56 58 48 28
split_gain=0.222664 0.534103 0.409177 0.32201 0.323263 0.202557
threshold=0.83333334326744091 0.0030000000260770325 -0.3232800811529159 0.035399999469518668 0.13498388230800631 0.82930251955986034
decision_type=2 2 2 2 2 2
left_child=1 5 -3 4 -2 -1
right_child=3 2 -4 -5 -6 -7
leaf_value=0.0032408187916455646 0.0072541151681830042 -0.0075423349547774944 0 0 0 0
leaf_weight=7.9076934009790438 4.6169192586094132 5.0323169184848666 0.83802451938390632 0.95318003557622422 1.1293190605938432 1.3643756322562692
leaf_count=68 47 67 5 21 8 20
internal_value=0 -0.000689974 -0.00553883 0.00335909 0.00551104 0.000547712
internal_weight=21.8418 15.1424 5.87034 6.69942 5.74624 9.27207
internal_count=236 160 72 76 55 88
is_linear=0
shrinkage=0.03


Tree=278
num_leaves=7
num_cat=0
split_feature=51 35 34 4 47 19
split_gain=0.69826 0.558278 0.493313 0.270951 0.233033 0.205945
threshold=-0.51844158768653859 0.1045847423374653 0.79708495736122142 0.011484991759061815 0.8206942379474641 0.81449943780899059
decision_type=2 2 2 10 2 2
left_child=3 -2 5 4 -1 -3
right_child=1 2 -4 -5 -6 -7
leaf_value=-0.0061982181241506977 0 0.0097457267073238606 0 0 0 0
leaf_weight=4.8766220146790165 1.622603578492998 7.2908614035695773 1.9219776615500439 2.3421588707715273 2.5388822592794895 1.1970585882663725
leaf_count=78 12 66 21 29 23 10
internal_value=0 0.00481351 0.00704485 -0.00244326 -0.00455791 0.00887716
internal_weight=21.7902 12.0325 10.4099 9.75766 7.4155 8.48792
internal_count=239 109 97 130 101 76
is_linear=0
shrinkage=0.03


Tree=279
num_leaves=7
num_cat=0
split_feature=54 48 9 52 42 34
split_gain=0.215131 0.571823 0.799909 0.248591 0.247373 0.108587
threshold=0.069159060716629042 -0.19895818084478376 4.6666667461395273 -0.35618743300437922 0.30400080978870397 0.06248129345476628
decision_type=2 2 2 2 2 2
left_child=-1 4 3 -3 5 -2
right_child=1 2 -4 -5 -6 -7
leaf_value=0.0037027770999054693 0 -0.0089652322851413759 0 0 0 0.0050421238379769117
leaf_weight=2.8718003854155567 0.9030183553695722 7.9715474378317621 1.5616467408835895 2.2495984304696242 1.6193912848830221 3.8191149719059467
leaf_count=21 6 109 19 19 21 37
internal_value=0 -0.000780624 -0.00479495 -0.00776977 0.00137642 0.00415036
internal_weight=20.9961 18.1243 11.7828 10.2211 6.34152 4.72213
internal_count=232 211 147 128 64 43
is_linear=0
shrinkage=0.03


Tree=280
num_leaves=7
num_cat=0
split_feature=60 68 6 11 43 68
split_gain=0.308956 0.794887 0.848704 0.120386 0.18624 0.103166
threshold=0.31399999558925634 865.87020874023449 192.00000000000003 5.6070852279663095 0.13800700753927234 11.441227912902834
decision_type=2 8 2 2 2 10
left_child=1 2 -1 4 -3 -2
right_child=5 3 -4 -5 -6 -7
leaf_value=0.0093792501834871322 0 0 0 0 -0.0043118104693229973 -0.002929935184459268
leaf_weight=9.8387380996719056 1.0112262051552527 0.69555370509624381 1.3314402550458897 1.7395904939621685 4.8433461841195822 2.7371822856366634
leaf_count=86 15 4 11 16 70 32
internal_value=0.000370544 0.00305774 0.0068086 0 -0.00264058 -0.00109527
internal_weight=22.1971 18.4487 11.1702 7.27849 5.5389 3.74841
internal_count=234 187 97 90 74 47
is_linear=0
shrinkage=0.03


Tree=281
num_leaves=7
num_cat=0
split_feature=1 55 46 19 56 48
split_gain=0.427218 0.664252 0.669761 0.226625 0.32021 0.0438699
threshold=0.83333334326744091 -0.15479367971420285 0.081586226820945754 0.69315171241760265 -0.54589617252349842 -0.3183924257755279
decision_type=2 2 2 2 2 2
left_child=1 5 -3 4 -2 -1
right_child=3 2 -4 -5 -6 -7
leaf_value=0 0 0 -0.0095670157464372799 0 0.0062076624714552785 0.0018205250845189341
leaf_weight=1.6738188173621895 0.98691042698919762 3.6605186648666841 6.6638807356357574 1.420771727338433 4.3259299769997588 1.9128485005348945
leaf_count=17 14 21 95 13 49 15
internal_value=0 -0.00368445 -0.00673684 0.00189198 0.00415107 0
internal_weight=20.6447 13.9111 10.3244 6.73361 5.31284 3.58667
internal_count=224 148 116 76 63 32
is_linear=0
shrinkage=0.03


Tree=282
num_leaves=7
num_cat=0
split_feature=60 68 52 0 46 7
split_gain=0.527705 0.896912 0.222441 0.245742 0.215558 0.0996918
threshold=0.0030000000260770325 11.441227912902834 -0.30743762850761408 0.83333334326744091 0.80203181505203258 383.50000000000006
decision_type=2 10 2 2 2 2
left_child=1 -1 3 -2 5 -3
right_child=2 4 -4 -5 -6 -7
leaf_value=0 -0.0062814953889266988 0.0095495075286458168 0 0 0 0
leaf_weight=5.9324512295424956 4.3816449958831072 5.56900679692626 0.83235451579093833 1.697466794401407 1.2469000481069086 0.85256361588835705
leaf_count=76 62 48 7 19 9 10
internal_value=0 0.00373274 -0.00293918 -0.00464077 0.00801865 0.00899972
internal_weight=20.5124 13.6009 6.91147 6.07911 7.66847 6.42157
internal_count=231 143 88 81 67 58
is_linear=0
shrinkage=0.03


Tree=283
num_leaves=7
num_cat=0
split_feature=19 68 59 32 51 47
split_gain=0.5137 0.467286 0.245947 0.213806 0.112721 0.0192267
threshold=0.24221903830766681 102.1502151489258 0.27939999103546148 0.028530702926218513 -0.39158758521080012 0.10819666460156442
decision_type=2 10 2 2 2 2
left_child=2 -2 3 -1 -5 -3
right_child=1 5 -4 4 -6 -7
leaf_value=0 -0.0073828454681243369 0.0012129758264900097 0 0.0063106036359024675 0 0
leaf_weight=1.0904034227132813 5.2064446751028282 1.7609647661447523 2.0555299855768681 4.2949331663548937 1.8415114916861064 4.1524642705917358
leaf_count=8 83 15 18 42 13 53
internal_value=-1.89834e-05 -0.00439683 0.00167424 0.00399835 0.00538442 0
internal_weight=20.4023 11.1199 9.28238 7.22685 6.13644 5.91343
internal_count=232 151 81 63 55 68
is_linear=0
shrinkage=0.03


Tree=284
num_leaves=7
num_cat=0
split_feature=1 47 42 49 58 48
split_gain=0.329838 0.643975 0.845554 0.239424 0.222505 0.0212854
threshold=0.83333334326744091 0.087287481874227538 0.23753813654184344 0.14659953117370608 0.009599999990314247 -0.2108461186289787
decision_type=2 2 2 2 2 2
left_child=1 -1 5 4 -2 -3
right_child=3 2 -4 -5 -6 -7
leaf_value=0 0.0058609591781796496 0.0012708985686796773 -0.0092997679585624157 0 0 0
leaf_weight=3.2350295111537006 3.8292907141149035 1.8605112098157408 8.2471837140619737 1.8238657154142854 0.99297747388482083 1.6534306593239296
leaf_count=18 38 12 100 19 19 30
internal_value=0 -0.00308273 -0.00612777 0.0018876 0.00430572 0
internal_weight=21.6423 14.9962 11.7611 6.64613 4.82227 3.51394
internal_count=236 160 142 76 57 42
is_linear=0
shrinkage=0.03


Tree=285
num_leaves=7
num_cat=0
split_feature=47 1 54 58 16 20
split_gain=0.370325 0.749418 0.719795 0.16103 0.125533 0.0329694
threshold=0.090125467628240599 0.83333334326744091 0.72662216424942028 0.009599999990314247 1.1397589445114138 0.71316125988960277
decision_type=2 2 2 2 2 2
left_child=-1 2 4 5 -2 -3
right_child=1 3 -4 -5 -6 -7
leaf_value=0.0032442356879219896 -0.009771837238247821 0.0037627307526820514 0 0 0 0
leaf_weight=4.6540550999343422 6.8896168768405897 2.4422906711697574 2.7165122330188751 1.3637409470975397 0.84509230405092228 0.96275993436574925
leaf_count=37 95 23 27 31 9 8
internal_value=0 -0.00266455 -0.00645437 0.000324994 -0.00919609 0.00330572
internal_weight=19.8741 15.22 10.4512 4.76879 7.73471 3.40505
internal_count=230 193 131 62 104 31
is_linear=0
shrinkage=0.03


Tree=286
num_leaves=7
num_cat=0
split_feature=37 54 21 55 34 23
split_gain=0.554821 0.935654 0.487268 0.326821 0.483346 0.244709
threshold=0.652053862810135 0.070939652621746077 0.25829005241394049 0.14797452092170718 0.76888278126716625 0.7492065727710725
decision_type=2 2 2 2 2 2
left_child=1 -1 -3 4 -2 -4
right_child=3 2 5 -5 -6 -7
leaf_value=0.00016081012391478176 0.0070354139377052528 0 -0.010536512376424782 0 0 0
leaf_weight=1.825200662016871 6.0919419266283494 1.2508179172873486 7.4075599927455169 1.5647455677390096 1.4555490612983701 0.99820544384419907
leaf_count=9 66 17 84 13 24 15
internal_value=-1.4837e-05 -0.00448439 -0.00804993 0.00187726 0.00453881 -0.00964528
internal_weight=20.594 11.4818 9.65658 9.11224 7.54749 8.40577
internal_count=228 125 116 103 90 99
is_linear=0
shrinkage=0.03


Tree=287
num_leaves=7
num_cat=0
split_feature=52 32 19 25 36 22
split_gain=0.33439 0.369267 0.290203 0.220608 0.187662 0.185378
threshold=-0.38562110066413874 0.17417489737272265 0.89738315343856823 0.26681254804134374 0.86444467306137096 0.18465863913297656
decision_type=2 2 2 2 2 2
left_child=1 3 -3 -1 5 -2
right_child=4 2 -4 -5 -6 -7
leaf_value=0 0 -0.0057269747172629731 0 0.0038807932215721977 0 0.0067418492685468283
leaf_weight=1.5868213083595062 2.0219287518411866 7.5532575594261271 0.76129746623337258 4.3656149841845036 1.0166422203183172 4.1360677741467953
leaf_count=14 15 112 10 37 8 38
internal_value=0.000430742 0 -0.00414415 0.00105653 0.00422642 0.0054258
internal_weight=21.4416 14.267 8.31456 5.95244 7.17464 6.158
internal_count=234 173 122 51 61 53
is_linear=0
shrinkage=0.03


Tree=288
num_leaves=7
num_cat=0
split_feature=51 50 36 68 0 48
split_gain=0.423947 0.784568 0.377497 0.376376 0.177993 0.14439
threshold=-0.51844158768653859 0.15126202255487445 0.13231173157691958 313.60475158691412 3.1666666269302373 -0.18684633076190946
decision_type=2 2 2 8 2 2
left_child=3 2 -2 5 -5 -1
right_child=1 -3 -4 4 -6 -7
leaf_value=0.0032070413045400515 0 0 0.0093244036135596946 -0.0060197660839062172 0 0
leaf_weight=2.6348792836070061 1.3928223103284816 3.8207785803824663 6.1364518105983734 4.4640533765777954 0.52828374132513989 2.2686522677540788
leaf_count=19 9 40 52 91 5 21
internal_value=0.000157535 0.00408984 0.0077881 -0.00112566 -0.00492703 0
internal_weight=21.2459 11.3501 7.52927 9.89587 4.99234 4.90353
internal_count=237 101 61 136 96 40
is_linear=0
shrinkage=0.03


Tree=289
num_leaves=7
num_cat=0
split_feature=58 62 17 39 50 48
split_gain=0.358717 0.472066 0.461184 0.390478 0.28094 0.0892758
threshold=1.0000000180025095e-35 0.89659997820854198 0.51415646076202404 0.20223893225193026 0.25274411588907247 0.1172507591545582
decision_type=2 2 2 2 2 2
left_child=2 4 3 5 -2 -1
right_child=1 -3 -4 -5 -6 -7
leaf_value=0.0078600443645396433 -0.0073230946876094031 0 0 0 0 0
leaf_weight=6.3889946360141057 5.5680356463417402 1.0220397412776945 4.6236021239310494 1.3127474114298818 1.1422518696635959 1.3403418548405168
leaf_count=54 97 8 44 10 12 11
internal_value=0 -0.00297718 0.00264586 0.00552247 -0.00590176 0.00725105
internal_weight=21.398 7.73233 13.6657 9.04208 6.71029 7.72934
internal_count=236 117 119 75 109 65
is_linear=0
shrinkage=0.03


Tree=290
num_leaves=7
num_cat=0
split_feature=51 34 35 68 0 59
split_gain=0.579847 0.686959 0.44407 0.342054 0.209299 0.129861
threshold=-0.51844158768653859 0.79708495736122142 0.1045847423374653 313.60475158691412 2.1666666269302373 0.19579999893903735
decision_type=2 2 2 8 2 2
left_child=3 2 -2 -1 -5 -4
right_child=1 -3 5 4 -6 -7
leaf_value=0 0 0 0.009969941744303875 -0.0059747688719834144 0 0
leaf_weight=4.573964837938548 1.2160984966903914 1.9352533444762219 6.7102363072335702 4.4093622406944641 1.1141720227897165 1.3489538356661794
leaf_count=39 10 21 57 88 9 13
internal_value=0.000847636 0.00498077 0.00770547 -0.000950711 -0.00458271 0.00924679
internal_weight=21.308 11.2105 9.27529 10.0975 5.52353 8.05919
internal_count=237 101 80 136 97 70
is_linear=0
shrinkage=0.03


Tree=291
num_leaves=7
num_cat=0
split_feature=33 4 32 52 15 60
split_gain=0.460087 0.453191 0.316347 0.276231 0.111638 0.0336124
threshold=0.63803189992904674 0.0042826749850064525 0.37618413567543035 -0.52933478355407704 6.8180971145629892 0.0030000000260770325
decision_type=2 8 2 2 2 2
left_child=2 -2 5 -3 -5 -1
right_child=1 3 -4 4 -6 -7
leaf_value=0.0014444655656933171 0 0 -0.0049603101466877539 0.0083257815588209608 0 0
leaf_weight=4.4986611958593148 0.91948433965444287 1.8881102297455061 4.668342525139451 5.7942119054496297 1.0054049789905546 2.1651157699525356
leaf_count=33 9 25 73 62 8 21
internal_value=0 0.0041512 -0.00188997 0.00631712 0.00769347 0
internal_weight=20.9393 9.60721 11.3321 8.68773 6.79962 6.66378
internal_count=231 104 127 95 70 54
is_linear=0
shrinkage=0.03


Tree=292
num_leaves=7
num_cat=0
split_feature=50 47 59 36 31 21
split_gain=0.307663 0.442142 0.442604 0.523764 0.202583 0.287001
threshold=0.15126202255487445 0.85333144664764415 0.16600000113248828 0.055899698287248618 0.69415679574012767 0.25829005241394049
decision_type=2 2 2 2 2 2
left_child=1 2 3 -1 5 -2
right_child=4 -3 -4 -5 -6 -7
leaf_value=0 0 0 0 0.0091579223714693368 0 -0.0055135605325070391
leaf_weight=0.92257902771234768 0.91104047186672499 1.8752216361463059 2.5179019328206769 8.2970225429162365 2.2578941155225039 4.8541940841823816
leaf_count=6 8 23 38 72 31 61
internal_value=0.00016894 0.00336182 0.00553018 0.00743743 -0.000778838 -0.00350121
internal_weight=21.6359 13.6127 11.7375 9.2196 8.02313 5.76523
internal_count=239 139 116 78 100 69
is_linear=0
shrinkage=0.03


Tree=293
num_leaves=7
num_cat=0
split_feature=68 26 4 55 28 50
split_gain=0.302993 0.677293 0.380243 0.337575 0.184446 0.205417
threshold=50.487812042236335 0.14372427761554721 0.0075805915985256442 0.16589002311229709 0.013348476495593788 -0.023702638223767277
decision_type=10 2 8 2 2 2
left_child=1 -1 -2 -3 -4 -6
right_child=2 3 4 -5 5 -7
leaf_value=0 0 -0.0082584033729261562 0 0 0 0.0067529430352461089
leaf_weight=3.5393486209213751 1.5500034317374201 5.3531339289620519 0.75098725408315736 0.66793524846434582 1.0238851346075524 8.246200433932243
leaf_count=25 20 76 6 13 10 83
internal_value=0 -0.00261464 0.00253821 -0.00681133 0.00490247 0.00579529
internal_weight=21.1315 9.56042 11.5711 6.02107 10.0211 9.27009
internal_count=233 114 119 89 99 93
is_linear=0
shrinkage=0.03


Tree=294
num_leaves=7
num_cat=0
split_feature=28 60 11 54 57 31
split_gain=0.394121 0.395396 0.301713 0.248185 0.267608 0.304067
threshold=0.21729622781276706 0.31399999558925634 1.5505093336105349 0.070939652621746077 0.72819998860359203 0.69415679574012767
decision_type=2 2 2 2 2 2
left_child=1 2 -1 -2 5 -5
right_child=3 -3 -4 4 -6 -7
leaf_value=0 0 0 0.0079579414131103303 -0.0070266484144185419 0 0
leaf_weight=1.0826293565332914 2.5383114926517001 1.583908889442682 5.2752112802118063 5.2433179188519698 2.2194410357624292 2.1232650224119425
leaf_count=11 17 15 46 73 26 34
internal_value=1.23819e-06 0.00435295 0.00652207 -0.000816399 -0.00348673 -0.00525161
internal_weight=20.0661 7.94175 6.35784 12.1243 9.58602 7.36658
internal_count=222 72 57 150 133 107
is_linear=0
shrinkage=0.03


Tree=295
num_leaves=7
num_cat=0
split_feature=32 31 38 14 53 60
split_gain=0.499842 0.484772 0.280424 0.178487 0.162477 0.194843
threshold=0.19966991245746615 0.69415679574012767 0.11142597720026971 13.089718341827394 -0.49601510167121882 0.19040000438690188
decision_type=2 2 2 2 2 2
left_child=4 2 -2 -3 -1 -6
right_child=1 3 -4 -5 5 -7
leaf_value=0 0 0.0036345123863344934 -0.0070215332784265274 0 0.0065262781115261797 0
leaf_weight=1.7364696785807607 0.99735854007303526 2.1606626622378831 6.2774138720706105 1.6188719272613523 5.4397424049675482 1.213698513805866
leaf_count=16 10 22 92 28 45 10
internal_value=0 -0.0023252 -0.00564319 0 0.00427461 0.00538129
internal_weight=19.4442 11.0543 7.27477 3.77953 8.38991 6.65344
internal_count=223 152 102 50 71 55
is_linear=0
shrinkage=0.03


Tree=296
num_leaves=6
num_cat=0
split_feature=68 60 4 51 11
split_gain=0.375586 0.56068 0.621001 0.397112 0.518633
threshold=385.15440368652349 0.34340000152587896 0.0068080618511885413 -0.40207976102828974 3.8500000238418584
decision_type=8 2 8 2 2
left_child=1 2 -1 4 -2
right_child=3 -3 -4 -5 -6
leaf_value=0 -0.007862116434221654 0 0.0084545849553768239 0 0
leaf_weight=0.87794299423694688 5.9166027829051 1.9063785821199406 7.3735223375260839 3.7820455990731707 2.3034089151769876
leaf_count=7 97 18 65 26 33
internal_value=0 0.00297447 0.00611714 -0.00269398 -0.00532728
internal_weight=22.1599 10.1578 8.25147 12.0021 8.22001
internal_count=246 90 72 156 130
is_linear=0
shrinkage=0.03


Tree=297
num_leaves=7
num_cat=0
split_feature=68 26 6 47 56 0
split_gain=0.234675 0.532023 0.281499 0.214391 0.228729 0.072433
threshold=50.487812042236335 0.10526142641901971 192.00000000000003 0.8404977321624757 -0.55636668205261219 3.5000000000000004
decision_type=10 2 2 2 2 2
left_child=1 -1 3 4 -2 -3
right_child=2 5 -4 -5 -6 -7
leaf_value=0 0 -0.0060920307779344382 0 0 0.0066670351578824371 0
leaf_weight=2.6240172479301709 0.88617582991718968 6.7215565647929907 1.2605835031718005 1.0965797919780005 7.7008329946547756 0.81614509969949711
leaf_count=20 13 94 14 11 77 8
internal_value=0 -0.00194885 0.00253539 0.0044397 0.0055906 -0.00562749
internal_weight=21.1059 10.1617 10.9442 9.68359 8.58701 7.5377
internal_count=237 122 115 101 90 102
is_linear=0
shrinkage=0.03


Tree=298
num_leaves=7
num_cat=0
split_feature=17 58 39 47 15 26
split_gain=0.217626 0.432437 0.492732 0.136916 0.208242 0.0228953
threshold=0.51415646076202404 1.0000000180025095e-35 0.20223893225193026 0.093058824539184584 5.6700842380523691 0.016218227334320549
decision_type=2 2 2 2 2 2
left_child=1 2 5 -2 -5 -1
right_child=3 -3 -4 4 -6 -7
leaf_value=0 0 0 0 -0.0047013636998027583 0 0.0078540332668798514
leaf_weight=1.0216757953166977 2.4715119004249564 4.45117088779807 1.3909666761755941 4.7259879466146231 0.65609094128012646 6.7668645326048136
leaf_count=7 20 58 9 76 5 60
internal_value=0 0.00276774 0.00545255 -0.000911822 -0.00299598 0.00754881
internal_weight=21.4843 13.6307 9.17951 7.85359 5.38208 7.78854
internal_count=235 134 76 101 81 67
is_linear=0
shrinkage=0.03


Tree=299
num_leaves=7
num_cat=0
split_feature=35 58 47 56 43 68
split_gain=0.274782 0.534079 0.501726 0.451169 0.245012 0.0305383
threshold=0.32889331877231603 0.005799999926239253 0.077529683709144606 -0.55636668205261219 0.71325507760047924 125.49837112426759
decision_type=2 2 2 2 2 8
left_child=2 3 -1 -2 -5 -3
right_child=1 5 -4 4 -6 -7
leaf_value=0 0 0 -0.0059578126807990333 0.0086882024459437514 0 -0.0014625802627978505
leaf_weight=1.089668914675715 0.98852375708520401 0.877215545624494 5.7050211085006595 6.5414982978254539 1.2228301651775835 2.8483764491975307
leaf_count=6 11 8 64 64 8 57
internal_value=0 0.00250808 -0.00251114 0.00575952 0.00760761 0
internal_weight=19.2731 12.4784 6.79469 8.75285 7.76433 3.72559
internal_count=218 148 70 83 72 65
is_linear=0
shrinkage=0.03


end of trees

feature_importances:
Column_60=142
Column_68=142
Column_58=127
Column_0=108
Column_54=86
Column_4=71
Column_51=65
Column_47=61
Column_30=54
Column_62=43
Column_11=42
Column_12=37
Column_19=36
Column_14=34
Column_32=33
Column_26=31
Column_31=31
Column_17=29
Column_50=27
Column_56=26
Column_35=25
Column_52=25
Column_55=25
Column_1=23
Column_38=23
Column_48=23
Column_61=23
Column_43=22
Column_28=21
Column_34=20
Column_7=19
Column_6=18
Column_53=18
Column_2=17
Column_42=17
Column_59=17
Column_39=16
Column_44=16
Column_46=15
Column_57=15
Column_36=13
Column_24=12
Column_49=12
Column_9=11
Column_15=10
Column_22=10
Column_25=9
Column_45=9
Column_23=8
Column_33=8
Column_37=8
Column_41=7
Column_3=5
Column_20=5
Column_18=4
Column_21=4
Column_29=4
Column_5=3
Column_27=3
Column_40=3
Column_16=1

parameters:
[boosting: gbdt]
[objective: binary]
[metric: binary_logloss]
[tree_learner: serial]
[device_type: cpu]
[data_sample_strategy: bagging]
[data: ]
[valid: ]
[num_iterations: 300]
[learning_rate: 0.03]
[num_leaves: 7]
[num_threads: -1]
[seed: 50272]
[deterministic: 0]
[force_col_wise: 1]
[force_row_wise: 0]
[histogram_pool_size: -1]
[max_depth: 4]
[min_data_in_leaf: 10]
[min_sum_hessian_in_leaf: 0.001]
[bagging_fraction: 0.8]
[pos_bagging_fraction: 1]
[neg_bagging_fraction: 1]
[bagging_freq: 1]
[bagging_seed: 50272]
[bagging_by_query: 0]
[feature_fraction: 0.8]
[feature_fraction_bynode: 1]
[feature_fraction_seed: 50272]
[extra_trees: 0]
[extra_seed: 21929]
[early_stopping_round: 0]
[early_stopping_min_delta: 0]
[first_metric_only: 0]
[max_delta_step: 0]
[lambda_l1: 2]
[lambda_l2: 10]
[linear_lambda: 0]
[min_gain_to_split: 0]
[drop_rate: 0.1]
[max_drop: 50]
[skip_drop: 0.5]
[xgboost_dart_mode: 0]
[uniform_drop: 0]
[drop_seed: 16290]
[top_rate: 0.2]
[other_rate: 0.1]
[min_data_per_group: 100]
[max_cat_threshold: 32]
[cat_l2: 10]
[cat_smooth: 10]
[max_cat_to_onehot: 4]
[top_k: 20]
[monotone_constraints: ]
[monotone_constraints_method: basic]
[monotone_penalty: 0]
[feature_contri: ]
[forcedsplits_filename: ]
[refit_decay_rate: 0.9]
[cegb_tradeoff: 1]
[cegb_penalty_split: 0]
[cegb_penalty_feature_lazy: ]
[cegb_penalty_feature_coupled: ]
[path_smooth: 0]
[interaction_constraints: ]
[verbosity: -1]
[saved_feature_importance_type: 0]
[use_quantized_grad: 0]
[num_grad_quant_bins: 4]
[quant_train_renew_leaf: 0]
[stochastic_rounding: 1]
[linear_tree: 0]
[max_bin: 63]
[max_bin_by_feature: ]
[min_data_in_bin: 3]
[bin_construct_sample_cnt: 200000]
[data_random_seed: 50272]
[is_enable_sparse: 1]
[enable_bundle: 1]
[use_missing: 1]
[zero_as_missing: 0]
[feature_pre_filter: 1]
[pre_partition: 0]
[two_round: 0]
[header: 0]
[label_column: ]
[weight_column: ]
[group_column: ]
[ignore_column: ]
[categorical_feature: ]
[forcedbins_filename: ]
[precise_float_parser: 0]
[parser_config_file: ]
[objective_seed: 22308]
[num_class: 1]
[is_unbalance: 0]
[scale_pos_weight: 1]
[sigmoid: 1]
[boost_from_average: 1]
[reg_sqrt: 0]
[alpha: 0.9]
[fair_c: 1]
[poisson_max_delta_step: 0.7]
[tweedie_variance_power: 1.5]
[lambdarank_truncation_level: 30]
[lambdarank_norm: 1]
[label_gain: ]
[lambdarank_position_bias_regularization: 0]
[eval_at: ]
[multi_error_top_k: 1]
[auc_mu_weights: ]
[num_machines: 1]
[local_listen_port: 12400]
[time_out: 120]
[machine_list_filename: ]
[machines: ]
[gpu_platform_id: -1]
[gpu_device_id: -1]
[gpu_use_dp: 0]
[num_gpu: 1]

end of parameters

pandas_categorical:null
