tree
version=v4
num_class=1
num_tree_per_iteration=1
label_index=0
max_feature_idx=68
objective=binary sigmoid:1
feature_names=Column_0 Column_1 Column_2 Column_3 Column_4 Column_5 Column_6 Column_7 Column_8 Column_9 Column_10 Column_11 Column_12 Column_13 Column_14 Column_15 Column_16 Column_17 Column_18 Column_19 Column_20 Column_21 Column_22 Column_23 Column_24 Column_25 Column_26 Column_27 Column_28 Column_29 Column_30 Column_31 Column_32 Column_33 Column_34 Column_35 Column_36 Column_37 Column_38 Column_39 Column_40 Column_41 Column_42 Column_43 Column_44 Column_45 Column_46 Column_47 Column_48 Column_49 Column_50 Column_51 Column_52 Column_53 Column_54 Column_55 Column_56 Column_57 Column_58 Column_59 Column_60 Column_61 Column_62 Column_63 Column_64 Column_65 Column_66 Column_67 Column_68
feature_infos=[0.3333333432674408:336] [0.3333333432674408:12] [1:5] [0.3333333432674408:1285.6666259765625] [0.0027173913549631834:2] [0:1] [0:736] [0:813] [0:206.66667175292969] [0:1079] [1:2] [0.20689655840396881:230] [0:1] [0:1] [0.10853985697031021:23.409765243530273] [0:9.559722900390625] [0:2.2245702743530273] [0.00086893513798713684:0.99371588230133057] [0.00085803942056372762:0.99902480840682983] [0.0009152420680038631:0.99332702159881592] [0.00085803942056372762:0.99905753135681152] [0.069869920611381531:0.99943888187408447] [0.0008778013288974762:0.99582791328430176] [0.00084575643995776772:0.99472630023956299] [0.00092586869141086936:0.99597734212875366] [0.069715835154056549:0.9963722825050354] [1.9455832443782128e-05:0.99557089805603027] [8.0112249634112231e-06:0.99911469221115112] [1.4877989087835886e-05:0.99486535787582397] [0.06536749005317688:0.99881237745285034] [0.00081704684998840094:0.99729245901107788] [0.00068631937028840184:0.99277728796005249] [0.00081704684998840094:0.99767279624938965] [0.064658395946025848:0.99326097965240479] [0.0013728630729019642:0.99855345487594604] [0.0011603961465880275:0.99900662899017334] [0.0012911449884995818:0.99849265813827515] [0.064545534551143646:0.99937349557876587] [0.0008308000979013741:0.99996340274810791] [-0.016299232840538025:0.27312231063842773] [0.021422695368528366:0.39662343263626099] [0.014004096388816833:0.52571952342987061] [0.012244179844856262:0.61878496408462524] [0.011788684874773026:0.76856034994125366] [0.010643605142831802:0.72686493396759033] [-0.35783752799034119:0.82238095998764038] [-0.13986162841320038:0.90728151798248291] [-0.045592710375785828:0.94214212894439697] [-0.54495495557785034:0.24392011761665344] [-0.46942317485809326:0.29012987017631531] [-0.30070480704307556:0.34854093194007874] [-0.8218265175819397:0.35784703493118286] [-0.79348605871200562:0.5239940881729126] [-0.76840311288833618:0.5740964412689209] [-0.15482039749622345:0.91189897060394287] [-0.46882593631744385:0.27871313691139221] [-0.78299355506896973:0.5548558235168457] [0:1] [0:0.9660000205039978] [0:1] [0:1] [0:0.98040002584457397] [0:1] none [0:1] [0:0.87120002508163452] none none [7.0710678100585938:1337.1051025390625]
tree_sizes=771 731 809 766 817 748 728 819 816 737 845 845 839 865 820 657 746 729 813 824 809 825 815 811 830 825 844 760 825 807 819 731 828 803 804 814 751 832 723 806 829 818 713 824 803 856 834 821 824 819 825 835 809 807 721 814 829 799 842 822 821 803 834 824 817 648 826 843 807 823 752 782 808 818 814 813 830 816 741 815 798 818 825 806 821 804 753 804 840 820 816 820 832 719 837 841 793 828 816 815 815 826 831 829 824 820 804 826 805 829 815 812 806 817 796 821 810 818 811 839 824 805 791 789 848 825 845 813 758 821 796 837 807 796 742 820 778 804 856 812 824 827 790 808 846 811 833 801 824 806 840 794 795 784 836 797 820 811 793 818 747 796 813 822 786 799 821 807 830 824 808 820 789 808 790 783 813 815 785 801 802 801 783 800 801 787 736 823 779 806 785 789 779 810 782 785 793 817 818 806 801 781 808 798 789 818 791 787 777 802 792 817 794 780 804 815 808 818 806 808 785 806 824 786 804 784 777 791 783 807 739 789 797 791 783 832 795 786 782 782 784 817 721 785 803 806 795 836 806 817 781 786 802 785 783 817 811 791 783 784 782 816 795 785 785 805 818 783 823 785 789 803 797 807 785 784 787 790 798 783 805 807 775 782 782 802 791 790 809 776 797 784 787 809 796 726 814 800 787 785

Tree=0
num_leaves=6
num_cat=0
split_feature=12 4 30 47 60
split_gain=42.9156 11.5364 5.0428 3.09455 0.597313
threshold=0.50757575035095226 0.0055944493506103763 0.13510000705718997 0.13558906316757205 0.00059999998484272521
decision_type=2 10 2 2 2
left_child=2 4 -1 -4 -2
right_child=1 -3 3 -5 -6
leaf_value=-0.86621374808204132 -0.86315955134949418 -0.82549568285877439 -0.86681067461078543 -0.89313946934969168 -0.87188662632546177
leaf_weight=3.3336110115051296 3.7503123879432705 9.3757809698581678 3.1252603232860592 23.543627768754959 3.7503123879432678
leaf_count=16 18 45 15 113 18
internal_value=-0.866811 -0.837755 -0.886769 -0.890436 -0.866811
internal_weight=46.8789 16.8764 30.0025 26.6689 7.50062
internal_count=225 81 144 128 36
is_linear=0
shrinkage=1


Tree=1
num_leaves=6
num_cat=0
split_feature=12 4 30 51 60
split_gain=42.852 13.6993 3.59974 1.14113 1.03454
threshold=0.50757575035095226 0.0055944493506103763 0.13510000705718997 -0.39158758521080012 0.0030000000260770325
decision_type=2 10 2 2 2
left_child=2 4 -1 -4 -2
right_child=1 -3 3 -5 -6
leaf_value=0 0.0036197559471901927 0.03960848636446531 -0.025246322933129103 0 -0.0071776711831289964
leaf_weight=2.5008172988891628 3.755895137786867 10.802727609872816 25.363100007176406 2.2850874513387636 4.5742039382457733
leaf_count=12 18 51 123 11 22
internal_value=-0.00046181 0.0264014 -0.0213337 -0.0239042 0
internal_weight=49.2818 19.1328 30.149 27.6482 8.3301
internal_count=237 91 146 134 40
is_linear=0
shrinkage=0.03


Tree=2
num_leaves=7
num_cat=0
split_feature=0 68 32 59 51 51
split_gain=35.4221 8.35874 2.72864 1.41783 0.65986 0.628504
threshold=2.1666666269302373 752.01473999023449 0.37618413567543035 0.19579999893903735 -0.40207976102828974 -0.44812680780887598
decision_type=2 8 2 2 2 2
left_child=1 2 3 -1 -3 -4
right_child=-2 4 5 -5 -6 -7
leaf_value=0.014544696660177289 0.034830740067117144 -0.024333735731962132 -0.0085295335286519509 0 0 0
leaf_weight=4.7986031472682944 8.9653547853231412 18.678945139050484 6.1283400654792777 2.2857883125543594 2.5060409903526333 2.066963627934455
leaf_count=23 42 91 30 11 12 10
internal_value=0 -0.0138177 0.000508086 0.0104189 -0.0229239 -0.00577931
internal_weight=45.43 36.4647 15.2797 7.08439 21.185 8.1953
internal_count=219 177 74 34 103 40
is_linear=0
shrinkage=0.03


Tree=3
num_leaves=6
num_cat=0
split_feature=9 32 58 54 60
split_gain=34.8368 10.0709 5.86163 4.40826 1.78446
threshold=4.1666667461395273 0.27426053583621984 0.00059999998484272521 0.070939652621746077 1.0000000180025095e-35
decision_type=2 2 2 2 2
left_child=1 2 4 -3 -1
right_child=-2 3 -4 -5 -6
leaf_value=0.019078019850874362 0.035530336093701112 0.00015904496384556456 -0.0087989656142600341 -0.024592177357243571 0
leaf_weight=6.1088990122079831 7.5988884866237631 2.0738137066364315 6.1958724260330191 26.266012296080589 2.0858468413352966
leaf_count=29 35 10 30 129 10
internal_value=-0.000146529 -0.0131638 0.00310798 -0.0216469 0.0152963
internal_weight=50.3293 42.7304 14.3906 28.3398 8.19475
internal_count=243 208 69 139 39
is_linear=0
shrinkage=0.03


Tree=4
num_leaves=7
num_cat=0
split_feature=0 68 58 44 14 30
split_gain=40.47 8.93467 3.72555 2.86768 2.06265 1.86048
threshold=2.1666666269302373 697.16046142578136 0.00059999998484272521 0.65886381268501293 8.2942690849304217 0.31507937610149389
decision_type=2 8 2 2 2 2
left_child=1 2 5 -3 -2 -1
right_child=4 3 -4 -5 -6 -7
leaf_value=0.017012724252716962 0.039765830271261009 -0.024691424363405871 -0.0069979348275917433 0 0 0
leaf_weight=4.6537572741508466 8.8013304471969587 21.449354335665706 7.1402009129524222 2.0917108654975882 2.3247440606355658 3.6478337794542313
leaf_count=22 40 106 35 10 11 18
internal_value=0.000967702 -0.013254 0.0014463 -0.0222418 0.0363241 0.0118428
internal_weight=50.1089 38.9829 15.4418 23.5411 11.1261 8.30159
internal_count=242 191 75 116 51 40
is_linear=0
shrinkage=0.03


Tree=5
num_leaves=6
num_cat=0
split_feature=3 54 68 12 30
split_gain=33.2162 8.84306 6.63778 3.19752 1.55039
threshold=3.1666666269302373 0.069159060716629042 376.21420288085943 0.50757575035095226 0.30031621456146246
decision_type=2 2 8 2 2
left_child=1 -1 4 -2 -3
right_child=3 2 -4 -5 -6
leaf_value=0.0088318424565283649 0 0.0076075716837347394 -0.025887373109497409 0.035124322316385174 -0.005945912095320448
leaf_weight=2.9339940249919882 2.2726449221372587 4.4240771383047086 25.942456036806107 7.5820417702198029 5.8556513786315918
leaf_count=14 11 21 129 34 29
internal_value=-0.00117932 -0.0150697 -0.0197957 0.0307825 0
internal_weight=49.0109 39.1562 36.2222 9.85469 10.2797
internal_count=238 193 179 45 50
is_linear=0
shrinkage=0.03


Tree=6
num_leaves=6
num_cat=0
split_feature=12 0 32 59 68
split_gain=36.3589 8.88023 3.12509 0.461464 0.738641
threshold=0.50757575035095226 0.83333334326744091 0.12987417727708819 0.10720000043511392 752.01473999023449
decision_type=2 2 2 2 8
left_child=2 3 -1 4 -2
right_child=1 -3 -4 -5 -6
leaf_value=0 0.0077996674891372166 0.034560907615132572 -0.024023497992628675 -0.0042317381412990121 0
leaf_weight=2.8659477382898357 3.7845175266265887 9.1824591904878599 26.147493958473206 3.4867488294839859 2.6878823339939117
leaf_count=14 18 41 132 17 13
internal_value=-0.00205907 0.0226273 -0.0215091 0 0.00324824
internal_weight=48.155 19.1416 29.0134 9.95915 6.4724
internal_count=235 89 146 48 31
is_linear=0
shrinkage=0.03


Tree=7
num_leaves=7
num_cat=0
split_feature=12 4 0 32 60 52
split_gain=36.8232 9.01106 3.04341 1.14478 0.994554 0.791848
threshold=0.36666667461395269 0.0079052620567381399 0.83333334326744091 0.17417489737272265 0.00059999998484272521 -0.37571489810943598
decision_type=2 10 2 2 2 2
left_child=3 4 -3 -1 -2 -5
right_child=1 2 -4 5 -6 -7
leaf_value=0 0.0051817426014343533 0 0.037737997539226367 -0.02230824490286927 -0.0058776016048631323 0
leaf_weight=2.0315447598695782 5.1940421015024203 2.0993777513504019 11.668051362037657 20.097297757864006 4.1008761525154114 2.3980936110019639
leaf_count=10 25 10 52 103 20 12
internal_value=0.00134351 0.024601 0.0343965 -0.0195788 0 -0.0209523
internal_weight=47.5893 23.0623 13.7674 24.5269 9.29492 22.4954
internal_count=232 107 62 125 45 115
is_linear=0
shrinkage=0.03


Tree=8
num_leaves=7
num_cat=0
split_feature=0 26 47 58 34 38
split_gain=32.7909 7.65858 2.76273 1.58935 0.455095 0.0678767
threshold=2.1666666269302373 0.14372427761554721 0.085297085344791426 0.020399999804794792 0.088966429233551039 0.11142597720026971
decision_type=2 2 2 2 2 2
left_child=1 3 -3 4 -1 -4
right_child=-2 2 5 -5 -6 -7
leaf_value=0 0.030886005692589841 0 0 -0.00267457948116963 0.012315987486564574 -0.022888768801342749
leaf_weight=2.8898666203021985 10.812388420104979 2.8737160861492184 1.9657374322414423 2.2188745439052582 3.1790415048599243 25.983783751726151
leaf_count=14 48 14 10 11 15 133
internal_value=0 -0.0140234 -0.0199846 0.00367102 0.00994561 -0.0222519
internal_weight=49.9234 39.111 30.8232 8.28778 6.06891 27.9495
internal_count=245 197 157 40 29 143
is_linear=0
shrinkage=0.03


Tree=9
num_leaves=6
num_cat=0
split_feature=12 5 32 60 57
split_gain=34.3853 8.06451 3.33059 1.18985 0.00122524
threshold=0.50757575035095226 0.0013698629918508234 0.21870921552181247 0.00059999998484272521 0.88300001621246349
decision_type=2 2 2 2 2
left_child=2 3 4 -2 -1
right_child=1 -3 -4 -5 -6
leaf_value=0 0.0056409018004405865 0.032860894114267465 -0.022031599466420762 -0.0067139649123421352 0.00030253918453539461
leaf_weight=2.2354184389114407 3.1577308028936413 12.50394384562969 24.820799991488457 4.4681926816701889 2.047637552022934
leaf_count=11 15 55 129 22 10
internal_value=0 0.0237831 -0.0188566 0 0
internal_weight=49.2337 20.1299 29.1039 7.62592 4.28306
internal_count=242 92 150 37 21
is_linear=0
shrinkage=0.03


Tree=10
num_leaves=7
num_cat=0
split_feature=0 47 61 14 47 57
split_gain=28.0459 6.5664 6.69201 2.27332 1.34262 0.115227
threshold=2.1666666269302373 0.087287481874227538 0.00059999998484272521 12.842658996582033 0.64718985557556163 0.99900001287460338
decision_type=2 2 2 2 2 2
left_child=1 -1 5 -2 -4 -3
right_child=3 2 4 -5 -6 -7
leaf_value=0.0057509954796242466 0.031389889879850981 -0.024617813489285875 -0.003541500411327649 0 0.0088981689182899646 0
leaf_weight=3.7538811564445487 8.161262243986128 24.669700324535373 4.8420695811510077 2.128554329276084 2.9141917377710342 1.9793653637170781
leaf_count=18 35 128 24 10 14 10
internal_value=-0.000801237 -0.0139932 -0.0183086 0.0279485 0.000132317 -0.0238846
internal_weight=48.449 38.1592 34.4053 10.2898 7.75626 26.6491
internal_count=239 194 176 45 38 138
is_linear=0
shrinkage=0.03


Tree=11
num_leaves=7
num_cat=0
split_feature=14 4 54 32 60 61
split_gain=25.9783 7.93295 4.01134 3.64751 0.974589 0.0332332
threshold=7.1417174339294442 0.0055944493506103763 0.070939652621746077 0.15498365461826327 0.0030000000260770325 0.0022000001044943933
decision_type=2 10 2 2 2 2
left_child=1 4 -2 -4 -1 -5
right_child=2 -3 3 5 -6 -7
leaf_value=0.0049113079387306793 0.0026754334100418799 0.032461209406075331 0 -0.022115765317922451 -0.0061539829943717201 0
leaf_weight=3.9897138029336947 2.0633442252874401 11.322569653391836 3.8892470747232464 20.546077847480777 4.2504182904958725 1.9650228321552266
leaf_count=19 10 49 19 109 21 10
internal_value=0.000945524 0.0227708 -0.014515 -0.0178728 0 -0.0214155
internal_weight=48.0264 19.5627 28.4637 26.4003 8.24013 22.5111
internal_count=237 89 148 138 40 119
is_linear=0
shrinkage=0.03


Tree=12
num_leaves=7
num_cat=0
split_feature=0 26 54 58 60 23
split_gain=33.2996 9.07574 5.05405 3.05918 1.79977 0.0589025
threshold=3.5000000000000004 0.14372427761554721 0.069159060716629042 0.020399999804794792 0.0030000000260770325 0.12750738114118579
decision_type=2 2 2 2 2 2
left_child=1 3 -3 4 -1 -4
right_child=-2 2 5 -5 -6 -7
leaf_value=0.017483905018383442 0.033725105473918403 0.0017254438338155001 0 -0.0049082742855224033 0 -0.023741844214361981
leaf_weight=4.9608199596405012 9.7102883756160718 2.2969858199358013 1.9744097739458109 2.9826563894748688 2.2613295763731003 25.076400473713875
leaf_count=23 41 11 10 15 11 132
internal_value=0 -0.0123448 -0.0196588 0.00503904 0.0130956 -0.0230696
internal_weight=49.2629 39.5526 29.3478 10.2048 7.22215 27.0508
internal_count=243 202 153 49 34 142
is_linear=0
shrinkage=0.03


Tree=13
num_leaves=7
num_cat=0
split_feature=0 68 54 54 47 30
split_gain=20.9629 5.45806 5.29864 1.04182 0.693666 0.475189
threshold=2.1666666269302373 376.21420288085943 0.069159060716629042 0.36973252892494207 0.19407196342945102 0.37630313634872442
decision_type=2 8 2 2 2 2
left_child=1 3 -3 4 -1 -5
right_child=-2 2 -4 5 -6 -7
leaf_value=0.00011079857788484687 0.024767965209109281 0.0024539053165465959 -0.02305235144529337 0.01008895737731513 -0.0071809030356838541 0
leaf_weight=2.0705433338880521 8.5493403226137143 2.0983195304870632 22.294884353876114 2.5771484971046448 3.9041085541248322 1.8886174857616422
leaf_count=10 37 10 119 12 20 10
internal_value=-0.00117661 -0.0129867 -0.0190382 0.000613711 -0.00241048 0.00767683
internal_weight=43.383 34.8336 24.3932 10.4404 5.97465 4.46577
internal_count=218 181 129 52 30 22
is_linear=0
shrinkage=0.03


Tree=14
num_leaves=7
num_cat=0
split_feature=0 26 51 14 58 33
split_gain=27.6624 6.17664 3.39738 3.28315 2.4963 1.18723
threshold=2.1666666269302373 0.14372427761554721 -0.41610644757747645 8.2942690849304217 0.003199999919161201 0.23355001211166385
decision_type=2 2 2 2 2 2
left_child=1 4 5 -2 -1 -3
right_child=3 2 -4 -5 -6 -7
leaf_value=0.011730161239297831 0.03299366348563261 0 0 0 -0.004836106535472306 -0.022965005180292972
leaf_weight=5.4975098669528943 9.3735350668430311 2.2590694427490261 5.1299086362123516 2.3357976526021949 2.9672752469778061 20.827219948172569
leaf_count=26 39 12 26 11 15 113
internal_value=9.62856e-05 -0.0120355 -0.0178172 0.0289024 0.00319945 -0.0214263
internal_weight=48.3903 36.681 28.2162 11.7093 8.46479 23.0863
internal_count=242 192 151 50 41 125
is_linear=0
shrinkage=0.03


Tree=15
num_leaves=5
num_cat=0
split_feature=0 54 17 43
split_gain=31.4867 4.94808 3.76597 1.26818
threshold=2.1666666269302373 0.069159060716629042 0.021675205789506439 0.15714317560195926
decision_type=2 2 2 2
left_child=1 -1 -3 -4
right_child=-2 2 3 -5
leaf_value=0.0047293297531607907 0.031140254988291656 0.00085493073478215044 0 -0.020750994599404136
leaf_weight=2.7533974200487128 11.363597646355627 2.5230672955512992 1.9716359823942209 27.893378973007202
leaf_count=13 48 12 10 150
internal_value=0.00032715 -0.0129987 -0.0166815 -0.0195109
internal_weight=46.5051 35.1415 32.3881 29.865
internal_count=233 185 172 160
is_linear=0
shrinkage=0.03


Tree=16
num_leaves=6
num_cat=0
split_feature=3 54 61 47 14
split_gain=24.2184 7.76207 5.36344 0.936709 0.0685396
threshold=3.1666666269302373 0.069159060716629042 1.0000000180025095e-35 0.73610010743141185 14.235917091369631
decision_type=2 2 2 2 2
left_child=1 -1 4 -4 -3
right_child=-2 2 3 -5 -6
leaf_value=0.0091108457801718813 0.027784383667699676 -0.022829306485874407 -0.0029039882208165058 0.0075325283149189244 0
leaf_weight=3.3928701877593985 10.322811663150786 22.370669215917594 4.6891104429960242 2.6749290078878403 1.9531467258930195
leaf_count=16 44 122 24 13 10
internal_value=0 -0.01164 -0.0169536 0 -0.0221297
internal_weight=45.4035 35.0807 31.6879 7.36404 24.3238
internal_count=229 185 169 37 132
is_linear=0
shrinkage=0.03


Tree=17
num_leaves=6
num_cat=0
split_feature=1 47 58 17 43
split_gain=23.8444 8.19987 6.34396 2.06721 1.37543
threshold=1.1666666865348818 0.087287481874227538 0.01480000000447035 0.026326828636229042 0.15180068463087085
decision_type=2 2 2 2 2
left_child=1 -1 -2 -3 -5
right_child=2 3 -4 4 -6
leaf_value=0.0075775127573205264 0.030099645178337776 0 -0.0015000120079588042 0 -0.02223114340777636
leaf_weight=4.3952323198318473 11.564586311578749 2.2538616806268719 1.9781772047281254 1.9916028082370782 24.917340382933617
leaf_count=21 49 11 11 10 137
internal_value=0 -0.0132137 0.0242588 -0.019014 -0.0208331
internal_weight=47.1008 33.558 13.5428 29.1628 26.9089
internal_count=239 179 60 158 147
is_linear=0
shrinkage=0.03


Tree=18
num_leaves=7
num_cat=0
split_feature=12 0 0 51 61 68
split_gain=24.145 6.44975 1.48515 0.959483 1.22559 0.162452
threshold=0.50757575035095226 0.83333334326744091 2.1666666269302373 -0.41610644757747645 0.0014000000082887711 752.01473999023449
decision_type=2 2 2 2 2 8
left_child=2 5 3 4 -1 -2
right_child=1 -3 -4 -5 -6 -7
leaf_value=-0.020064796850860295 0.0021739301806600491 0.030428043688244467 0 0 0 -0.0023099791057969625
leaf_weight=18.611008241772662 5.5542411804199228 10.890961825847624 2.16000872850418 3.030800759792327 2.0344838351011267 3.6240747421979913
leaf_count=106 27 45 10 16 11 18
internal_value=0.000633492 0.0212181 -0.015141 -0.0168418 -0.0184357 0
internal_weight=45.9056 20.0693 25.8363 23.6763 20.6455 9.17832
internal_count=233 90 143 133 117 45
is_linear=0
shrinkage=0.03


Tree=19
num_leaves=7
num_cat=0
split_feature=12 4 32 60 51 38
split_gain=22.6311 8.66993 2.05162 1.62386 1.42418 0.746311
threshold=0.36666667461395269 0.0079052620567381399 0.15498365461826327 0.00059999998484272521 -0.41610644757747645 0.15038478374481204
decision_type=2 10 2 2 2 2
left_child=2 3 -1 5 -4 -2
right_child=1 -3 4 -5 -6 -7
leaf_value=0 0.0094127977240493141 0.028941555969469065 -0.019955648605022473 -0.0083073635105575423 0 0
leaf_weight=1.9721914082765604 2.1659592092037219 13.778886526823042 18.694685220718387 5.2905987799167633 2.8107782602310172 2.3642875254154205
leaf_count=10 10 59 108 27 15 12
internal_value=0.000891975 0.0189883 -0.0157446 0 -0.0179448 0.00528751
internal_weight=47.0774 23.5997 23.4777 9.82085 21.5055 4.53025
internal_count=241 108 133 49 123 22
is_linear=0
shrinkage=0.03


Tree=20
num_leaves=7
num_cat=0
split_feature=0 68 30 58 44 14
split_gain=21.3079 6.59668 2.7054 1.7103 1.24606 1.17118
threshold=2.1666666269302373 697.16046142578136 0.30031621456146246 0.00059999998484272521 0.65886381268501293 12.842658996582033
decision_type=2 8 2 2 2 2
left_child=1 2 3 -1 -3 -2
right_child=5 4 -4 -5 -6 -7
leaf_value=0.014806467950811208 0.027496002711875762 -0.021880673971513019 -0.0060469815379161343 0 0 0
leaf_weight=5.1300252079963675 8.3922600895166379 17.950956016778949 8.0447649806737882 2.5753952115774155 2.0012245625257483 2.4051532894372931
leaf_count=24 34 102 44 13 10 11
internal_value=0 -0.0117652 0.00032216 0.0100202 -0.020232 0.0248579
internal_weight=46.4998 35.7024 15.7502 7.70542 19.9522 10.7974
internal_count=238 193 81 37 112 45
is_linear=0
shrinkage=0.03


Tree=21
num_leaves=7
num_cat=0
split_feature=12 1 31 47 60 68
split_gain=19.7213 7.78004 2.32303 1.81633 1.08551 1.74391
threshold=0.36666667461395269 0.83333334326744091 0.15461797267198565 0.16693903505802157 0.00059999998484272521 752.01473999023449
decision_type=2 2 2 2 2 8
left_child=2 4 -1 -4 5 -2
right_child=1 -3 3 -5 -6 -7
leaf_value=0 0.012134768616632145 0.028161304765911027 0 -0.021518578485898048 -0.0065341488865384868 -0.0014446253241829419
leaf_weight=2.8281668871641186 2.6265255510807055 10.613134831190107 3.6722676753997829 16.194220006465912 5.4088698923587799 4.0437734127044678
leaf_count=15 12 44 20 95 28 20
internal_value=0 0.0169074 -0.0160324 -0.0187452 0 0.00437497
internal_weight=45.387 22.6923 22.6947 19.8665 12.0792 6.6703
internal_count=234 104 130 115 60 32
is_linear=0
shrinkage=0.03


Tree=22
num_leaves=7
num_cat=0
split_feature=12 4 47 5 60 68
split_gain=21.5861 6.88199 2.49552 1.62613 1.37982 0.641162
threshold=0.30952382087707525 0.0079052620567381399 0.13558906316757205 0.044748857617378242 0.00059999998484272521 752.01473999023449
decision_type=2 10 2 2 2 8
left_child=2 4 -1 -3 5 -2
right_child=1 3 -4 -5 -6 -7
leaf_value=0 0.0092733146810430184 0 -0.018353287289382764 0.029619744404072633 -0.0072094170373789247 0
leaf_weight=2.6182999312877682 2.1855014711618441 2.0220709443092337 17.959828332066536 13.07354600727558 4.8338928073644638 2.8986077308654785
leaf_count=14 10 10 105 54 25 15
internal_value=0.00243791 0.0189593 -0.015315 0.0273555 0 0.00558697
internal_weight=45.5917 25.0136 20.5781 15.0956 9.918 5.08411
internal_count=233 114 119 64 50 25
is_linear=0
shrinkage=0.03


Tree=23
num_leaves=7
num_cat=0
split_feature=58 0 38 14 62 17
split_gain=16.5769 8.89036 1.0321 0.935376 0.920996 0.879728
threshold=0.009599999990314247 0.83333334326744091 0.15038478374481204 13.604084968566896 0.16099999845027926 0.80976635217666637
decision_type=2 2 2 2 2 2
left_child=1 2 -1 -4 -2 -3
right_child=4 5 3 -5 -6 -7
leaf_value=0.0046863485263874561 -0.017333504446985257 0.02896855619907204 -0.0091877798955563601 0 0 0
leaf_weight=5.3323068618774441 13.569474652409552 11.192742004990576 6.9874736666679365 3.3229317516088486 1.9102272987365712 2.1614285111427298
leaf_count=26 78 48 39 18 10 10
internal_value=0.0024415 0.0151844 0 -0.0053996 -0.0156651 0.0269742
internal_weight=44.4766 28.9969 15.6427 10.3104 15.4797 13.3542
internal_count=229 141 83 57 88 58
is_linear=0
shrinkage=0.03


Tree=24
num_leaves=7
num_cat=0
split_feature=0 31 47 24 58 39
split_gain=19.7124 4.72647 2.0379 1.07433 0.968186 0.910745
threshold=2.1666666269302373 0.14182729274034503 0.080323282629251494 0.065017953515052809 0.045199999585747726 0.081958215683698668
decision_type=2 2 2 2 2 2
left_child=1 4 -3 -4 5 -1
right_child=-2 2 3 -5 -6 -7
leaf_value=0.011519013014034097 0.022756984535250095 0 0 -0.020452650116188541 -0.0020056885294875842 0
leaf_weight=2.7774282842874518 11.084158226847647 2.0761632770299938 2.0146550238132503 23.050732478499413 2.1484240144491196 2.2120195776224136
leaf_count=13 46 10 10 136 12 11
internal_value=-0.000178406 -0.0124141 -0.0172286 -0.0191495 0.00176255 0.00764353
internal_weight=45.3636 34.2794 27.1416 25.0654 7.13787 4.98945
internal_count=238 192 156 146 36 24
is_linear=0
shrinkage=0.03


Tree=25
num_leaves=7
num_cat=0
split_feature=12 58 0 54 31 68
split_gain=21.2815 5.37215 2.34641 1.06899 1.37979 0.272117
threshold=0.30952382087707525 0.016199999488890175 0.83333334326744091 0.08475163578987123 0.15461797267198565 752.01473999023449
decision_type=2 2 2 2 2 8
left_child=3 2 5 -1 -5 -2
right_child=1 -3 -4 4 -6 -7
leaf_value=0 0.0041557834969408137 -0.0014630351756579427 0.028563689248741836 0 -0.019193115957088978 -4.0437559595710833e-06
leaf_weight=1.877925962209704 4.1805130094289842 3.4386312365531913 12.801211968064306 2.7658386379480389 16.59765625 3.5997884273529053
leaf_count=10 20 18 53 15 101 18
internal_value=0.00150955 0.0185332 0.023222 -0.0155909 -0.01707 0
internal_weight=45.2616 24.0201 20.5815 21.2414 19.3635 7.7803
internal_count=235 109 91 126 116 38
is_linear=0
shrinkage=0.03


Tree=26
num_leaves=7
num_cat=0
split_feature=0 54 68 31 14 4
split_gain=19.0923 5.97113 5.36604 1.73289 0.843676 0.0932865
threshold=2.1666666269302373 0.069159060716629042 376.21420288085943 0.25995960831642156 8.2942690849304217 0.0050959466025233277
decision_type=2 2 8 2 2 8
left_child=1 -1 3 -3 -2 -4
right_child=4 2 5 -5 -6 -7
leaf_value=0.008880085507148262 0.027729154860739257 0.0093815906436107346 0 -0.0044659457280047301 0 -0.020760574915421246
leaf_weight=3.4227221757173529 9.9926877468824369 4.4268862307071704 2.0412677973508861 4.7631136775016785 2.2289175838232032 18.330321997404099
leaf_count=16 40 21 12 27 10 108
internal_value=0.00274578 -0.00833481 -0.0135854 0.000490666 0.0256439 -0.0199817
internal_weight=45.2059 32.9843 29.5616 9.19 12.2216 20.3716
internal_count=234 184 168 48 50 120
is_linear=0
shrinkage=0.03


Tree=27
num_leaves=6
num_cat=0
split_feature=0 26 47 58 29
split_gain=21.2691 7.59211 3.23158 2.74883 1.09311
threshold=3.5000000000000004 0.14372427761554721 0.085297085344791426 0.003199999919161201 0.2463038116693497
decision_type=2 2 2 2 2
left_child=1 3 -3 -1 -4
right_child=-2 2 4 -5 -6
leaf_value=0.013945510286084673 0.02802460806562803 0.00034476673972359855 0 -0.0030831070019672873 -0.020600911529618321
leaf_weight=6.2732965499162656 10.226661637425421 2.0300484895706203 2.2372499555349377 3.2229148894548416 21.532114654779434
leaf_count=29 41 10 13 17 128
internal_value=0.00198308 -0.00875888 -0.0162827 0.0064716 -0.0191611
internal_weight=45.5223 35.2956 25.7994 9.49621 23.7694
internal_count=238 197 151 46 141
is_linear=0
shrinkage=0.03


Tree=28
num_leaves=7
num_cat=0
split_feature=0 31 47 58 19 39
split_gain=18.1068 5.63396 1.96855 1.53432 1.31034 0.712608
threshold=2.1666666269302373 0.14182729274034503 0.085297085344791426 0.045199999585747726 0.57748931646347057 0.081958215683698668
decision_type=2 2 2 2 2 2
left_child=1 3 -3 5 -2 -1
right_child=4 2 -4 -5 -6 -7
leaf_value=0.013383157488072669 0.02588211323653335 0 -0.018118565533961292 -0.0020729359037592104 0 0
leaf_weight=2.8385797739028913 10.092500522732733 2.8453624248504665 22.188933104276657 2.1608815640211105 2.2817519456148139 3.0556124746799469
leaf_count=13 41 14 133 12 10 15
internal_value=0.000833149 -0.00970006 -0.0158446 0.00427213 0.0234278 0.0102139
internal_weight=45.4636 33.0894 25.0343 8.05507 12.3743 5.89419
internal_count=238 187 147 40 51 28
is_linear=0
shrinkage=0.03


Tree=29
num_leaves=7
num_cat=0
split_feature=12 58 60 68 46 31
split_gain=18.8055 5.32273 4.92495 3.83971 1.90838 1.16624
threshold=0.36666667461395269 0.045199999585747726 0.31399999558925634 1.0000000180025095e-35 0.081586226820945754 0.14182729274034503
decision_type=2 2 2 10 2 2
left_child=4 2 3 -2 -1 -6
right_child=1 -3 -4 -5 5 -7
leaf_value=0 0 -0.0018208287478834143 0 0.032388575038533256 0 -0.017290742179356711
leaf_weight=1.8345681577920938 4.874884098768244 2.8200780749320975 2.6097203344106665 13.510707542300223 1.8279028236866022 17.359214410185814
leaf_count=10 23 15 13 57 10 109
internal_value=0.0030631 0.0188592 0.0232639 0.0273335 -0.0132088 -0.0156296
internal_weight=44.8371 23.8154 20.9953 18.3856 21.0217 19.1871
internal_count=237 108 93 80 129 119
is_linear=0
shrinkage=0.03


Tree=30
num_leaves=7
num_cat=0
split_feature=12 58 30 54 48 34
split_gain=17.5663 5.0696 3.40991 2.52468 2.4952 0.605792
threshold=0.50757575035095226 0.045199999585747726 0.13510000705718997 0.079683117568492903 0.12942958623170855 0.078262127935886397
decision_type=2 2 2 2 2 2
left_child=2 4 -1 -4 5 -2
right_child=1 -3 3 -5 -6 -7
leaf_value=0.0012706968969160605 0 -0.001836885873881623 0 -0.019906554606273597 0 0.027123259338040471
leaf_weight=3.15396620333195 2.7724321484565833 2.823778271675109 1.8786678016185785 17.962162718176842 2.3363872170448294 13.720269069075583
leaf_count=16 13 15 10 113 11 58
internal_value=0.0012912 0.0178984 -0.0132134 -0.0171808 0.0225498 0.0252607
internal_weight=44.6477 21.6529 22.9948 19.8408 18.8291 16.4927
internal_count=236 97 139 123 82 71
is_linear=0
shrinkage=0.03


Tree=31
num_leaves=6
num_cat=0
split_feature=12 0 38 47 17
split_gain=22.2412 7.17 0.520269 0.504118 0.149516
threshold=0.36666667461395269 0.83333334326744091 0.092824693769216551 0.13558906316757205 0.16936624795198443
decision_type=2 2 2 2 2
left_child=3 2 -2 -1 -5
right_child=1 -3 -4 4 -6
leaf_value=0 0.0023980117944303039 0.027149920244204803 -0.0051186393331116818 0 -0.018293018482446684
leaf_weight=2.4791390001773861 4.0140194296836871 15.178059145808218 4.7957336157560349 1.9296961277723337 15.825138494372366
leaf_count=14 19 63 25 12 101
internal_value=0.00162299 0.0188731 0 -0.0163211 -0.0175077
internal_weight=44.2218 23.9878 8.80975 20.234 17.7548
internal_count=234 107 44 127 113
is_linear=0
shrinkage=0.03


Tree=32
num_leaves=7
num_cat=0
split_feature=0 68 58 19 51 62
split_gain=16.7943 6.92122 2.10245 1.32048 0.545957 0.173661
threshold=2.1666666269302373 667.86233520507824 0.00059999998484272521 0.64158549904823314 -0.40207976102828974 0.097400002181530013
decision_type=2 8 2 2 2 2
left_child=1 2 3 -1 -3 -4
right_child=-2 4 5 -5 -6 -7
leaf_value=0.013970877540182169 0.022782541329681154 -0.019974863361794916 -0.0048931360628225269 0 0 0
leaf_weight=5.8939675837755185 11.404056236147879 16.374409377574921 4.1616305112838745 1.72485676407814 3.4196769297122982 1.8600621819496153
leaf_count=29 47 104 25 10 18 10
internal_value=0.000190446 -0.00960513 0.00294048 0.0104223 -0.0183496 -0.00337756
internal_weight=44.8387 33.4346 13.6405 7.61882 19.7941 6.02169
internal_count=243 196 74 39 122 35
is_linear=0
shrinkage=0.03


Tree=33
num_leaves=7
num_cat=0
split_feature=12 60 68 51 30 61
split_gain=15.6936 5.56941 5.17287 1.76183 2.17377 0.543368
threshold=0.36666667461395269 0.1418000012636185 697.16046142578136 -0.41610644757747645 0.14627855271101001 0.0022000001044943933
decision_type=2 2 8 2 2 2
left_child=3 2 -2 4 -1 -6
right_child=1 -3 -4 -5 5 -7
leaf_value=0 0.02875393806495017 -0.0031785800328259528 0 0 -0.019568441480160171 0
leaf_weight=1.9264340698719085 12.091231465339666 3.1077749133110038 8.0233587324619275 2.9879359900951377 14.813264206051828 1.6557733714580525
leaf_count=10 51 16 38 17 99 10
internal_value=0.0011752 0.0162096 0.0212583 -0.0132027 -0.0157638 -0.0184525
internal_weight=44.6058 23.2224 20.1146 21.3834 18.3955 16.469
internal_count=241 105 89 136 119 109
is_linear=0
shrinkage=0.03


Tree=34
num_leaves=7
num_cat=0
split_feature=12 0 60 54 68 31
split_gain=14.6955 5.51034 1.27284 1.04404 0.985524 0.343672
threshold=0.30952382087707525 1.5000000000000002 0.00059999998484272521 0.082879345864057555 11.441227912902834 0.15461797267198565
decision_type=2 2 2 2 10 2
left_child=3 2 4 -1 -2 -5
right_child=1 -3 -4 5 -6 -7
leaf_value=0 0 0.023369771078555202 -0.0073135696619579214 0 0.0099440389821124492 -0.01722180522190624
leaf_weight=1.8278321921825433 3.3674451708793658 11.339719191193579 4.9273941963911057 2.6214174926281002 2.4801478832960129 16.2300935536623
leaf_count=10 17 46 26 15 11 107
internal_value=0 0.0144389 0 -0.01459 0.00468009 -0.0160911
internal_weight=42.794 22.1147 10.775 20.6793 5.84759 18.8515
internal_count=232 100 54 132 28 122
is_linear=0
shrinkage=0.03


Tree=35
num_leaves=7
num_cat=0
split_feature=12 0 47 30 38 58
split_gain=15.198 3.93939 1.46327 1.18322 0.752749 0.350724
threshold=0.36666667461395269 0.83333334326744091 0.13558906316757205 0.15509434044361117 0.092824693769216551 0.005799999926239253
decision_type=2 2 2 2 2 2
left_child=2 4 -1 -4 -2 -3
right_child=1 5 3 -5 -6 -7
leaf_value=0 0.0049434116471677933 0.024131557743269708 0 -0.017295257818032015 -0.004588563223579447 0
leaf_weight=2.2998233288526562 4.4659609347581881 11.678219169378279 1.8047719597816492 15.021640360355375 5.3866788148880005 2.3941027522087088
leaf_count=13 21 48 10 101 28 11
internal_value=0.00187957 0.0160717 -0.0132361 -0.0154695 0 0.022612
internal_weight=43.0512 23.925 19.1262 16.8264 9.85264 14.0723
internal_count=232 108 124 111 49 59
is_linear=0
shrinkage=0.03


Tree=36
num_leaves=6
num_cat=0
split_feature=0 68 45 30 27
split_gain=14.4 7.38106 4.01518 1.33876 0.0259808
threshold=2.5000000000000004 376.21420288085943 0.065303474664688124 0.30031621456146246 0.59968912601470958
decision_type=2 8 2 2 2
left_child=1 3 -3 -1 -5
right_child=-2 2 -4 4 -6
leaf_value=0.011208304241611894 0.022426053235170947 0.00064126127551232981 -0.020359913725125356 -0.0013126650651492655 0
leaf_weight=5.3952480554580671 9.7996521890163404 3.2968583405017879 20.230497270822525 3.5702093243598938 1.6337589621543882
leaf_count=25 40 16 129 21 10
internal_value=0.000363856 -0.00825821 -0.0163139 0.00594959 0
internal_weight=43.9262 34.1266 23.5274 10.5992 5.20397
internal_count=241 201 145 56 31
is_linear=0
shrinkage=0.03


Tree=37
num_leaves=7
num_cat=0
split_feature=0 47 68 54 14 4
split_gain=13.6445 5.4414 3.15416 0.815314 0.706222 0.494263
threshold=2.1666666269302373 0.085297085344791426 376.21420288085943 0.36973252892494207 8.2942690849304217 0.0050959466025233277
decision_type=2 2 8 2 2 8
left_child=1 -1 3 -3 -2 -4
right_child=4 2 5 -5 -6 -7
leaf_value=0.0080970113637203744 0.023161269313343953 -0.0042057000118086345 0 0.0057570467786991824 0 -0.019229687003268693
leaf_weight=3.6067983061075237 9.3796949833631498 4.5812281519174594 1.708953052759173 4.3578767031431198 2.2314347326755515 16.787663996219635
leaf_count=17 38 26 11 23 10 108
internal_value=0.00135903 -0.00798489 -0.0133 0 0.0212519 -0.0182207
internal_weight=42.6536 31.0425 27.4357 8.9391 11.6111 18.4966
internal_count=233 185 168 49 48 119
is_linear=0
shrinkage=0.03


Tree=38
num_leaves=6
num_cat=0
split_feature=0 23 51 62 43
split_gain=16.4834 4.06725 2.24633 0.676095 0.264979
threshold=2.1666666269302373 0.10477542132139207 -0.40721872448921198 0.0056000000331550845 0.16046787053346637
decision_type=2 2 2 2 2
left_child=1 3 4 -1 -3
right_child=-2 2 -4 -5 -6
leaf_value=0 0.022941082443760225 0 0 0.0074290612659235096 -0.018619950725096722
leaf_weight=2.0900372117757824 10.655618503689764 1.74739001691342 4.5739304572343817 3.6834691315889359 18.099771320819855
leaf_count=12 44 10 25 17 120
internal_value=0.00028483 -0.00993613 -0.0147434 0.00304985 -0.0178442
internal_weight=40.8502 30.1946 24.4211 5.77351 19.8472
internal_count=228 184 155 29 130
is_linear=0
shrinkage=0.03


Tree=39
num_leaves=7
num_cat=0
split_feature=0 23 56 44 0 68
split_gain=15.1688 3.75463 1.31737 0.796189 0.391929 0.385543
threshold=2.1666666269302373 0.10477542132139207 -0.32746349275112147 0.088494967669248595 3.5000000000000004 697.16046142578136
decision_type=2 2 2 2 2 8
left_child=1 5 3 -3 -2 -1
right_child=4 2 -4 -5 -6 -7
leaf_value=0.0049652348290564492 0 0 0 -0.019032470625970226 0.020796393610673369 0
leaf_weight=4.4368332028388968 2.6476726680994025 2.3940289467573193 1.6752885580062891 21.447025075554848 8.3401112705469114 2.2746928036212921
leaf_count=21 12 15 9 138 34 13
internal_value=-0.000929751 -0.0120374 -0.0163454 -0.0177605 0.0190032 0.000731016
internal_weight=43.2157 32.2279 25.5163 23.8411 10.9878 6.71153
internal_count=242 196 162 153 46 34
is_linear=0
shrinkage=0.03


Tree=40
num_leaves=7
num_cat=0
split_feature=0 61 45 57 60 30
split_gain=12.7457 4.63903 2.35487 1.61834 1.61448 0.387019
threshold=2.1666666269302373 1.0000000180025095e-35 0.065303474664688124 0.88300001621246349 0.077600002288818373 0.34000758826732641
decision_type=2 2 2 2 2 2
left_child=1 2 -1 -4 5 -3
right_child=-2 4 3 -5 -6 -7
leaf_value=0 0.021740236515461649 0.013412004700623377 -0.018313323241980102 0 -0.0009825060794016495 0
leaf_weight=3.7770222723484101 11.990408003330229 3.1945661306381217 16.096619814634327 3.4560216665267935 2.6171823740005493 1.6567975878715513
leaf_count=19 50 14 108 21 15 10
internal_value=0.00310186 -0.00623394 -0.0124622 -0.0157122 0.00578345 0.0116774
internal_weight=42.7886 30.7982 23.3297 19.5526 7.46855 4.85136
internal_count=237 187 148 129 39 24
is_linear=0
shrinkage=0.03


Tree=41
num_leaves=7
num_cat=0
split_feature=12 1 54 31 60 29
split_gain=10.3168 4.93714 1.56862 1.47613 1.21319 0.445844
threshold=0.30952382087707525 0.83333334326744091 0.086905810981988921 0.15461797267198565 0.00059999998484272521 0.45936143398284918
decision_type=2 2 2 2 2 2
left_child=2 4 -1 -4 5 -2
right_child=1 -3 3 -5 -6 -7
leaf_value=0 0.0075240928318290592 0.022040570830944697 0 -0.016697926913058748 -0.0067869388234801237 0
leaf_weight=1.9482441991567636 3.6870653629302996 10.813888087868689 2.4242783337831488 13.010055735707281 5.5936498790979385 2.7082949578762054
leaf_count=11 17 45 14 92 30 14
internal_value=0.00107479 0.0131446 -0.0115855 -0.0141425 0 0.00477351
internal_weight=40.1855 22.8029 17.3826 15.4343 11.989 6.39536
internal_count=223 106 117 106 61 31
is_linear=0
shrinkage=0.03


Tree=42
num_leaves=6
num_cat=0
split_feature=68 11 58 30 14
split_gain=11.4499 3.83004 3.38484 2.19858 1.6581
threshold=667.86233520507824 5.6070852279663095 0.011799999978393318 0.64149031043052684 14.235917091369631
decision_type=8 2 2 2 2
left_child=2 4 3 -1 -2
right_child=1 -3 -4 -5 -6
leaf_value=0.022925674345511307 -0.017662314461752426 0.0033622526890480934 0 0 0
leaf_weight=12.676652863621714 16.487597271800048 3.5581087917089453 4.8222954571247092 2.2026796936988822 2.0806480050086966
leaf_count=56 110 18 28 14 11
internal_value=0.00112433 -0.0104032 0.0152345 0.019988 -0.0153948
internal_weight=41.828 22.1264 19.7016 14.8793 18.5682
internal_count=237 139 98 70 121
is_linear=0
shrinkage=0.03


Tree=43
num_leaves=7
num_cat=0
split_feature=58 0 38 60 14 56
split_gain=13.2883 8.91243 1.57789 1.03373 0.864836 0.532957
threshold=0.011799999978393318 0.83333334326744091 0.11142597720026971 0.026600000448524955 13.695309638977053 -0.54256087541580189
decision_type=2 2 2 2 2 2
left_child=1 2 3 -1 -4 -3
right_child=-2 5 4 -5 -6 -7
leaf_value=0.0098605756383605865 -0.015677603793958744 0 -0.010370217078058888 0 0 0.025558617803726487
leaf_weight=2.486437231302264 12.485639587044714 2.0263008028268805 8.1444264948368055 2.1269821524620056 2.2343513667583457 13.117009252309797
leaf_count=11 83 10 52 11 14 57
internal_value=0.00196855 0.0128591 -0.00120903 0.00440615 -0.00758658 0.0241147
internal_weight=42.6211 30.1355 14.9922 4.61342 10.3788 15.1433
internal_count=238 155 88 22 66 67
is_linear=0
shrinkage=0.03


Tree=44
num_leaves=7
num_cat=0
split_feature=12 58 30 54 31 48
split_gain=10.7707 3.81144 3.2879 1.41432 1.18563 0.515798
threshold=0.30952382087707525 0.045199999585747726 0.3257004469633103 0.08475163578987123 0.15461797267198565 0.12663277238607409
decision_type=2 2 2 2 2 2
left_child=3 2 5 -1 -5 -2
right_child=1 -3 -4 4 -6 -7
leaf_value=0 0.023580081403165112 -0.0019183461195793339 0 0 -0.015462766437453382 0
leaf_weight=1.9885065704584146 13.434159651398664 2.9439489245414725 4.7085334062576285 2.5739139914512661 14.713395953178404 2.2466472983360282
leaf_count=11 59 17 23 15 107 10
internal_value=0.00137316 0.0136644 0.0177796 -0.0110412 -0.0133206 0.0221202
internal_weight=42.6091 23.3333 20.3893 19.2758 17.2873 15.6808
internal_count=242 109 92 133 122 69
is_linear=0
shrinkage=0.03


Tree=45
num_leaves=7
num_cat=0
split_feature=1 58 54 68 54 37
split_gain=11.5087 6.22532 3.7368 3.31147 0.64248 0.614262
threshold=0.83333334326744091 0.009599999990314247 0.069159060716629042 313.60475158691412 0.56555533409118663 0.92703926563262951
decision_type=2 2 2 8 2 2
left_child=2 -2 -1 4 -4 -5
right_child=1 -3 3 5 -6 -7
leaf_value=0.0055161403126848139 0.024786831938326866 -0.0019572863325458783 -0.0020868661213418538 -0.018716158415267758 0.0064686054761985074 0
leaf_weight=3.0276680439710644 12.879685252904894 4.1369711831212035 4.5345883816480663 14.840420700609686 2.3063772022724152 1.5383600741624821
leaf_count=14 55 27 26 99 12 10
internal_value=0.0025712 0.0177463 -0.00779344 -0.0124731 0 -0.0175758
internal_weight=43.2641 17.0167 26.2474 23.2197 6.84097 16.3788
internal_count=243 82 161 147 38 109
is_linear=0
shrinkage=0.03


Tree=46
num_leaves=7
num_cat=0
split_feature=0 54 68 14 43 46
split_gain=11.2709 3.77132 3.61554 2.05426 1.25519 0.433304
threshold=1.8333333134651186 0.069159060716629042 376.21420288085943 13.221588611602785 0.15714317560195926 0.20967218279838565
decision_type=2 2 8 2 2 2
left_child=1 -1 5 -2 -4 -3
right_child=3 2 4 -5 -6 -7
leaf_value=0.0066254041278771781 0.022694230850766533 -0.0010859273182235274 0 0 -0.018471018916374558 0.0050705269291455007
leaf_weight=2.7919958084821728 10.082087218761442 4.0982484221458453 1.8139442354440714 2.3405705839395514 16.597985796630383 4.5213944613933563
leaf_count=13 42 23 10 12 116 24
internal_value=0.00199776 -0.00683112 -0.011255 0.0194631 -0.0167223 0
internal_weight=42.2462 29.8236 27.0316 12.4227 18.4119 8.61964
internal_count=240 186 173 54 126 47
is_linear=0
shrinkage=0.03


Tree=47
num_leaves=7
num_cat=0
split_feature=0 68 14 14 60 51
split_gain=10.5149 4.10602 2.61442 1.95606 1.73492 1.44431
threshold=1.8333333134651186 376.21420288085943 13.560840129852297 15.311172962188722 0.0061999999452382335 -0.40207976102828974
decision_type=2 8 2 2 2 2
left_child=1 4 -2 5 -1 -3
right_child=2 3 -4 -5 -6 -7
leaf_value=0.010750801385971015 0.022037408025273784 -0.018554893203377904 0 0 -0.002340907267452343 0
leaf_weight=4.6157773733139056 10.029085442423819 15.237586900591854 2.0102954804897299 1.7434884011745442 4.5490072965621948 3.5629757344722757
leaf_count=24 42 109 10 9 26 20
internal_value=0.000996753 -0.0073424 0.0182917 -0.0135749 0.00329111 -0.0160174
internal_weight=41.7482 29.7088 12.0394 20.5441 9.16478 18.8006
internal_count=240 188 52 138 50 129
is_linear=0
shrinkage=0.03


Tree=48
num_leaves=7
num_cat=0
split_feature=12 60 58 48 47 32
split_gain=8.97866 4.74825 3.79581 2.748 1.65707 0.984571
threshold=0.30952382087707525 0.31399999558925634 0.053400000557303436 0.13498388230800631 0.16693903505802157 0.19966991245746615
decision_type=2 2 2 2 2 2
left_child=4 2 3 -2 -1 -6
right_child=1 -3 -4 -5 5 -7
leaf_value=0 0.025185358646717539 -0.0033505498076915946 -6.4112283737208288e-05 0 0 -0.014501834393762807
leaf_weight=3.3766037747263935 15.538322418928155 3.1990622878074637 2.3538288772106162 2.6030877083539954 1.6667479574680317 12.288005933165548
leaf_count=21 68 17 14 12 9 91
internal_value=0.00284622 0.0135478 0.0183868 0.0220849 -0.00919291 -0.0125968
internal_weight=41.0257 23.6943 20.4952 18.1414 17.3314 13.9548
internal_count=232 111 94 80 121 100
is_linear=0
shrinkage=0.03


Tree=49
num_leaves=7
num_cat=0
split_feature=68 60 11 4 51 30
split_gain=9.08637 6.83358 3.33271 1.74588 1.64528 0.93268
threshold=667.86233520507824 0.10199999809265138 7.5000000000000009 0.0075805915985256442 -0.40207976102828974 0.37630313634872442
decision_type=8 2 2 8 2 2
left_child=1 3 4 -1 -2 -5
right_child=2 -3 -4 5 -6 -7
leaf_value=0 -0.016449780469843103 -0.0032534035883053764 0.0041515020107434613 0.026353870566637343 0 0
leaf_weight=1.2139315754175193 14.510262988507751 6.3651883229613295 2.4043112322688094 10.766593694686888 3.4509424567222604 3.0997535586357126
leaf_count=7 101 37 11 46 18 19
internal_value=0.00207682 0.0138538 -0.008827 0.021885 -0.0135736 0.0238569
internal_weight=41.811 21.4455 20.3655 15.0803 17.9612 13.8663
internal_count=239 109 130 72 119 65
is_linear=0
shrinkage=0.03


Tree=50
num_leaves=7
num_cat=0
split_feature=58 30 60 54 62 68
split_gain=9.29884 6.78154 1.55907 1.40825 1.2412 0.587588
threshold=0.011799999978393318 0.31507937610149389 0.19040000438690188 0.08475163578987123 0.37680000066757208 1.0000000180025095e-35
decision_type=2 2 2 2 2 10
left_child=1 2 5 -3 -2 -1
right_child=4 3 -4 -5 -6 -7
leaf_value=0 -0.015411769468224062 0.0027322608895625601 0 -0.0084660437649372016 0 0.024604731917732027
leaf_weight=4.2421232610940995 11.490227065980433 4.4723756313323957 2.0157418400049201 7.8281640037894249 1.5525111332535733 10.402748763561247
leaf_count=21 82 22 10 55 9 45
internal_value=0.00101061 0.0106689 0.0197693 -0.00230451 -0.0131545 0.0219027
internal_weight=42.0039 28.9612 16.6606 12.3005 13.0427 14.6449
internal_count=244 153 76 77 91 66
is_linear=0
shrinkage=0.03


Tree=51
num_leaves=7
num_cat=0
split_feature=12 60 30 47 0 68
split_gain=9.40326 2.86957 2.72579 1.75015 0.716259 0.390615
threshold=0.50757575035095226 0.0030000000260770325 0.13510000705718997 0.16693903505802157 1.5000000000000002 1.0000000180025095e-35
decision_type=2 2 2 2 2 10
left_child=2 5 -1 -4 -3 -2
right_child=1 4 3 -5 -6 -7
leaf_value=0.0030699715519133808 0 -0.0052143190240003636 0 -0.01547851628659682 0.0046031251955374426 0.022500334101886014
leaf_weight=3.1265798211097744 3.7201012223958996 4.0794077068567267 3.735293127596381 14.398109957575796 2.3568317890167236 9.5273909717798215
leaf_count=16 17 22 22 107 10 41
internal_value=0.0029043 0.0153035 -0.0078794 -0.0123202 0 0.0202517
internal_weight=40.9437 19.6837 21.26 18.1334 6.43624 13.2475
internal_count=235 90 145 129 32 58
is_linear=0
shrinkage=0.03


Tree=52
num_leaves=7
num_cat=0
split_feature=58 0 62 19 45 68
split_gain=8.12875 5.58866 1.86835 0.85763 0.758075 0.518264
threshold=0.011799999978393318 0.83333334326744091 0.55140000581741344 0.81449943780899059 0.065303474664688124 353.45547485351568
decision_type=2 2 2 2 2 8
left_child=1 4 -2 -3 -1 -6
right_child=2 3 -4 -5 5 -7
leaf_value=0.0033852692997293219 -0.014794721866582157 0.022407854091019471 0 0 0 -0.0077347311593638146
leaf_weight=3.62956275045872 10.975040502846239 10.69778949767351 1.4286393970251072 2.0521926656365386 3.7442861348390553 6.5899092108011255
leaf_count=17 80 48 8 10 21 44
internal_value=0.00193893 0.0111824 -0.0113961 0.0205643 0 -0.00508638
internal_weight=39.1174 26.7137 12.4037 12.75 13.9638 10.3342
internal_count=228 140 88 58 82 65
is_linear=0
shrinkage=0.03


Tree=53
num_leaves=7
num_cat=0
split_feature=12 58 55 34 52 32
split_gain=11.3936 3.52654 3.19695 0.649228 0.441322 0.317525
threshold=0.30952382087707525 0.018600000068545345 0.14269554615020755 0.078262127935886397 -0.37571489810943598 0.19966991245746615
decision_type=2 2 2 2 2 2
left_child=4 2 3 -2 5 -1
right_child=1 -3 -4 -5 -6 -7
leaf_value=0 0 -0.00068061532371457964 0 0.024059289696650641 0 -0.014731237300001358
leaf_weight=1.5356220006942773 2.2813424766063752 3.858781360089778 3.9508948624134055 11.85565474629402 2.4219862520694724 12.806192979216574
leaf_count=9 11 22 19 52 16 100
internal_value=0.000835828 0.0137297 0.0180879 0.0223591 -0.0126254 -0.0138412
internal_weight=38.7105 21.9467 18.0879 14.137 16.7638 14.3418
internal_count=229 104 82 63 125 109
is_linear=0
shrinkage=0.03


Tree=54
num_leaves=6
num_cat=0
split_feature=30 58 3 35 34
split_gain=10.3315 6.59359 3.86053 1.3408 0.818226
threshold=0.31507937610149389 0.016199999488890175 5.1666667461395273 0.1045847423374653 0.80959230661392223
decision_type=2 2 2 2 2
left_child=1 3 -2 -1 -5
right_child=2 -3 -4 4 -6
leaf_value=0 -0.017794387342970366 -0.0055406490070195932 0.0028627311957446005 0.02263515070197205 0
leaf_weight=2.2269405126571717 16.985217116773132 5.0807127431035033 1.8762555420398701 12.534019261598585 1.8199775069952
leaf_count=11 122 31 8 56 10
internal_value=0 0.0114224 -0.0133807 0.0190064 0.0210671
internal_weight=40.5231 21.6617 18.8615 16.5809 14.354
internal_count=238 108 130 77 66
is_linear=0
shrinkage=0.03


Tree=55
num_leaves=7
num_cat=0
split_feature=68 60 11 30 0 44
split_gain=9.44127 8.27987 3.54191 0.561449 0.321981 0.257639
threshold=752.01473999023449 0.077600002288818373 7.5000000000000009 0.37630313634872442 2.5000000000000004 0.65886381268501293
decision_type=8 2 2 2 2 2
left_child=1 3 4 -1 5 -2
right_child=2 -3 -4 -5 -6 -7
leaf_value=0.02465957952991658 -0.0166111504791727 -0.0049107147130067119 0.003520321465224875 0 0 0
leaf_weight=12.208488911390306 12.724643215537073 6.219268098473548 2.961861938238143 2.8264158591628066 1.5567939579486836 1.632378801703452
leaf_count=54 94 36 14 18 7 9
internal_value=0.00180508 0.0137846 -0.0097085 0.0227872 -0.0148943 -0.0157454
internal_weight=40.1299 21.2542 18.8757 15.0349 15.9138 14.357
internal_count=232 108 124 72 110 103
is_linear=0
shrinkage=0.03


Tree=56
num_leaves=7
num_cat=0
split_feature=68 46 30 0 56 6
split_gain=6.87961 3.39334 2.85073 1.31776 0.309053 0.27299
threshold=697.16046142578136 0.07509393617510797 0.3257004469633103 3.1666666269302373 -0.40909898281097407 264.00000762939459
decision_type=8 2 2 2 2 2
left_child=2 -2 -1 5 -4 -3
right_child=1 3 4 -5 -6 -7
leaf_value=0.017002046363076548 0.0035463462044143328 -0.016889035122075721 -0.0041234787337326648 0 0.001560740969012037 0
leaf_weight=12.532704055309297 3.4987061321735409 13.04027981311083 4.5321738943457603 1.1927937567234028 2.7491896450519553 1.8677336126565922
leaf_count=57 16 96 31 5 15 14
internal_value=0.000499066 -0.00873043 0.0115072 -0.0140336 0 -0.015937
internal_weight=39.4136 19.5995 19.8141 16.1008 7.28136 14.908
internal_count=234 131 103 115 46 110
is_linear=0
shrinkage=0.03


Tree=57
num_leaves=7
num_cat=0
split_feature=12 60 68 33 44 54
split_gain=10.5246 2.95077 2.98091 0.95048 0.469073 0.246787
threshold=0.30952382087707525 0.31399999558925634 752.01473999023449 0.23355001211166385 0.61688560247421276 0.76592186093330394
decision_type=2 2 8 2 2 2
left_child=3 2 -2 -1 5 -5
right_child=1 -3 -4 4 -6 -7
leaf_value=0 0.022944363155847473 -0.00032953440804604631 0 -0.015200868380592798 0 0
leaf_weight=1.722695648670199 11.596781015396123 2.7850293517112723 7.5072901621460906 11.822836741805075 1.3631747514009465 1.832228198647498
leaf_count=12 51 15 38 93 8 14
internal_value=0.0014559 0.0137538 0.0172763 -0.0115103 -0.013259 -0.0142751
internal_weight=38.63 21.8891 19.1041 16.7409 15.0182 13.6551
internal_count=231 104 89 127 115 107
is_linear=0
shrinkage=0.03


Tree=58
num_leaves=7
num_cat=0
split_feature=0 54 68 14 54 43
split_gain=7.83364 4.3365 3.92916 0.607984 0.555821 0.331728
threshold=2.1666666269302373 0.069159060716629042 376.21420288085943 8.2942690849304217 0.70216986536979686 0.15180068463087085
decision_type=2 2 8 2 2 2
left_child=1 -1 4 -2 -3 -4
right_child=3 2 5 -5 -6 -7
leaf_value=0.007706473948663967 0.017958809151066395 -0.00090350314530635337 0 0 0.0063457746468004979 -0.01847001386640465
leaf_weight=2.898166015744212 8.4078683108091337 6.2777339965105075 1.608039498329165 2.2601204067468634 2.0982590764760971 15.330074191093443
leaf_count=13 37 37 9 10 10 115
internal_value=0.000432944 -0.00661032 -0.0116666 0.0161485 0.000112421 -0.0175981
internal_weight=38.8803 28.2123 25.3141 10.668 8.37599 16.9381
internal_count=231 184 171 47 47 124
is_linear=0
shrinkage=0.03


Tree=59
num_leaves=7
num_cat=0
split_feature=58 26 60 55 68 56
split_gain=10.1311 6.62446 4.77968 0.981988 0.560892 0.467457
threshold=0.011799999978393318 0.52387118339538585 0.31399999558925634 0.14797452092170718 125.49837112426759 -0.37773197889327997
decision_type=2 2 2 2 8 2
left_child=1 2 3 -1 -2 -3
right_child=4 5 -4 -5 -6 -7
leaf_value=0.023848382654538421 0 -0.0078278006836216014 -0.0011832610537221996 0 -0.015849967426404026 0
leaf_weight=15.981989227235326 1.3584235757589311 4.9172498062252998 3.329964078962802 2.3471014797687522 11.8179100304842 2.0666469633579245
leaf_count=73 8 38 20 11 90 12
internal_value=8.66061e-06 0.0103526 0.0174229 0.0221456 -0.0146532 -0.00538955
internal_weight=41.8193 28.643 21.6591 18.3291 13.1763 6.9839
internal_count=252 154 104 84 98 50
is_linear=0
shrinkage=0.03


Tree=60
num_leaves=7
num_cat=0
split_feature=12 4 30 54 61 60
split_gain=8.24169 2.84509 1.18603 1.32422 0.535578 0.483605
threshold=0.50757575035095226 0.0055944493506103763 0.13510000705718997 0.079683117568492903 0.0014000000082887711 0.00059999998484272521
decision_type=2 10 2 2 2 2
left_child=2 5 -1 -4 -5 -2
right_child=1 -3 3 4 -6 -7
leaf_value=0 0.003055949698901086 0.0183636923178714 0 -0.015388447273124658 0 -0.0046706647995516529
leaf_weight=2.4314157217741039 4.2199829965829867 12.317923396825789 2.1297341138124493 12.184092588722704 3.0549604147672644 3.864084467291832
leaf_count=13 20 55 12 100 19 21
internal_value=0.00109429 0.0127801 -0.0091813 -0.0114362 -0.0137493 0
internal_weight=40.2022 20.402 19.8002 17.3688 15.2391 8.08407
internal_count=240 96 144 131 119 41
is_linear=0
shrinkage=0.03


Tree=61
num_leaves=7
num_cat=0
split_feature=68 60 0 4 44 4
split_gain=8.08817 4.58255 2.6739 1.98172 0.98243 0.766329
threshold=697.16046142578136 0.0030000000260770325 2.5000000000000004 0.0075805915985256442 0.65886381268501293 0.0050959466025233277
decision_type=8 2 2 8 2 8
left_child=1 3 4 -1 5 -2
right_child=2 -3 -4 -5 -6 -7
leaf_value=0 0 0 0.0020712866772850504 0.023295156619090509 0 -0.016893104944378002
leaf_weight=1.3266360908746726 1.3462562039494521 8.3466393947601301 3.0148104876279822 10.316560424864292 1.7275078147649754 11.785072311758995
leaf_count=8 10 47 13 49 9 92
internal_value=0.00164982 0.0130626 -0.00906878 0.0206638 -0.0136667 -0.0154581
internal_weight=37.8635 19.9898 17.8736 11.6432 14.8588 13.1313
internal_count=228 104 124 57 111 102
is_linear=0
shrinkage=0.03


Tree=62
num_leaves=7
num_cat=0
split_feature=0 54 68 43 14 54
split_gain=7.34239 3.34994 3.10412 1.11102 1.0488 0.233955
threshold=2.1666666269302373 0.070939652621746077 376.21420288085943 0.15180068463087085 8.2942690849304217 0.36973252892494207
decision_type=2 2 8 2 2 2
left_child=1 -1 5 -4 -2 -3
right_child=4 2 3 -5 -6 -7
leaf_value=0.0060277743567194002 0.017969633442983395 -2.4652232897622219e-05 0 -0.017778024370222481 0 0.0039524095865317369
leaf_weight=2.8376281112432507 8.8430338948965055 4.4410726055502918 1.818028718233111 14.78788837045431 2.4498338848352423 3.4782396405935287
leaf_count=13 40 26 10 118 11 19
internal_value=0.000713563 -0.00631983 -0.0108184 -0.0160274 0.0155379 0
internal_weight=38.6557 27.3629 24.5252 16.6059 11.2929 7.91931
internal_count=237 186 173 128 51 45
is_linear=0
shrinkage=0.03


Tree=63
num_leaves=7
num_cat=0
split_feature=68 60 11 56 26 47
split_gain=6.77108 7.00625 2.05115 1.31887 1.07 0.551527
threshold=697.16046142578136 0.0030000000260770325 5.6070852279663095 -0.36945162713527674 0.63109806180000316 0.13558906316757205
decision_type=8 2 2 2 2 2
left_child=1 4 3 -2 -1 -3
right_child=2 5 -4 -5 -6 -7
leaf_value=0.022606400215085112 -0.015278197181679982 0 0.00067889936044453702 0 0 -0.0070714430817243271
leaf_weight=10.77222888171673 13.413181349635128 1.5088361799716938 2.8292310163378707 2.7590614557266244 1.6716777309775341 6.1164942756295204
leaf_count=49 101 8 16 16 11 36
internal_value=0.000115691 0.0110274 -0.00916883 -0.0127853 0.0207383 -0.0041907
internal_weight=39.0707 20.0692 19.0015 16.1722 12.4439 7.62533
internal_count=237 104 133 117 60 44
is_linear=0
shrinkage=0.03


Tree=64
num_leaves=7
num_cat=0
split_feature=12 60 68 47 32 4
split_gain=6.57421 2.95365 2.5091 1.6677 1.08952 0.663484
threshold=0.30952382087707525 0.0030000000260770325 984.45333862304699 0.13558906316757205 0.15498365461826327 0.012527989223599436
decision_type=2 2 8 2 2 10
left_child=3 2 -2 -1 -5 -3
right_child=1 5 -4 4 -6 -7
leaf_value=0 0.019994541558614586 -0.0062671424601105615 0 0 -0.015592710988238452 0.0016474865465055247
leaf_weight=2.6981782242655781 9.5876277089118958 4.5612554103136054 6.2755120396614084 1.6181670650839795 12.524002447724341 2.1119486838579178
leaf_count=17 43 26 32 9 106 10
internal_value=0 0.00947661 0.0146787 -0.0105631 -0.0136462 -0.000677925
internal_weight=39.3767 22.5363 15.8631 16.8403 14.1422 6.6732
internal_count=243 111 75 132 115 36
is_linear=0
shrinkage=0.03


Tree=65
num_leaves=5
num_cat=0
split_feature=0 54 24 43
split_gain=5.58253 4.23086 3.00916 1.81307
threshold=3.5000000000000004 0.069159060716629042 0.021322838962078098 0.15180068463087085
decision_type=2 2 2 2
left_child=1 -1 -3 -4
right_child=-2 2 3 -5
leaf_value=0.0079060546818285789 0.014741134988203711 0.0021198800191414451 0 -0.016502468238617746
leaf_weight=3.7169431149959591 7.695415496826171 2.9332310855388668 1.9076162129640604 20.886328466236591
leaf_count=17 35 13 10 155
internal_value=0 -0.00546731 -0.0107509 -0.0143782
internal_weight=37.1395 29.4441 25.7272 22.7939
internal_count=230 195 178 165
is_linear=0
shrinkage=0.03


Tree=66
num_leaves=7
num_cat=0
split_feature=68 60 11 4 51 4
split_gain=8.23953 3.82907 2.10169 1.80376 0.578467 0.351219
threshold=697.16046142578136 0.077600002288818373 5.6070852279663095 0.0068080618511885413 -0.38627026975154871 0.005215203622356058
decision_type=8 2 2 8 2 8
left_child=1 3 4 -1 5 -2
right_child=2 -3 -4 -5 -6 -7
leaf_value=0 0 -0.00042528129312274776 0.0007360511798578409 0.020970786905539975 0 -0.015489177638630768
leaf_weight=1.3555168136954314 1.6669136658310879 5.6329497769474974 2.445791855454444 12.595124669373035 1.9359383881092078 12.162881106138229
leaf_count=8 12 34 14 61 11 94
internal_value=0.0010244 0.0128304 -0.00959211 0.0186307 -0.0131869 -0.0144868
internal_weight=37.7951 19.5836 18.2115 13.9506 15.7657 13.8298
internal_count=234 103 131 69 117 106
is_linear=0
shrinkage=0.03


Tree=67
num_leaves=7
num_cat=0
split_feature=58 26 60 68 42 51
split_gain=7.1114 3.59533 3.50835 1.93048 1.1261 0.676965
threshold=0.011799999978393318 0.52387118339538585 0.31399999558925634 1.0000000180025095e-35 0.43837180733680731 -0.39158758521080012
decision_type=2 2 2 10 2 2
left_child=1 2 3 -1 -2 -3
right_child=4 5 -4 -5 -6 -7
leaf_value=0 -0.013583779750648709 -0.0064377381102663804 -0.0007419231995086878 0.022813374454603554 0 0.0011637206981349642
leaf_weight=4.4415574669838049 10.148891404271124 5.1760077774524689 2.5424568653106681 12.85700600594282 1.1466664075851429 1.5277174115180958
leaf_count=22 82 41 16 59 6 8
internal_value=0.00152662 0.0102071 0.0153245 0.0192906 -0.0112691 -0.00145381
internal_weight=37.8403 26.5447 19.841 17.2986 11.2956 6.70373
internal_count=234 146 97 81 88 49
is_linear=0
shrinkage=0.03


Tree=68
num_leaves=7
num_cat=0
split_feature=58 1 68 17 53 51
split_gain=6.26475 4.09489 1.24353 0.810099 0.659988 0.821682
threshold=0.005799999926239253 0.83333334326744091 128.25518417358401 0.68966230750083934 -0.22608545422554013 -0.3978706151247024
decision_type=2 2 8 2 2 2
left_child=1 4 -2 -3 5 -1
right_child=2 3 -4 -5 -6 -7
leaf_value=-0.0077559873490741799 0 0.019469752578580409 -0.013900457253755849 0 0.0037290559902676641 0
leaf_weight=9.5268288701772654 1.7556825429201097 8.5897977799177152 11.348854340612888 2.1509606391191474 1.4239529520273233 3.5195531249046335
leaf_count=67 10 39 91 10 6 18
internal_value=0 0.00864636 -0.0114061 0.017453 0 -0.00434518
internal_weight=38.3156 25.2111 13.1045 10.7408 14.4703 13.0464
internal_count=241 140 101 49 91 85
is_linear=0
shrinkage=0.03


Tree=69
num_leaves=7
num_cat=0
split_feature=12 4 47 30 61 62
split_gain=5.83875 1.69645 1.29794 1.40178 0.369999 0.291637
threshold=0.50757575035095226 0.0055944493506103763 0.096516769379377379 0.13510000705718997 0.0014000000082887711 0.55140000581741344
decision_type=2 10 2 2 2 2
left_child=2 5 -1 -4 -5 -2
right_child=1 -3 3 4 -6 -7
leaf_value=0 -0.0033278560714180786 0.015134685692018986 0 -0.014746347396603828 0 0.0028264215949667295
leaf_weight=1.6672967597842241 4.6891526430845287 11.073140770196913 2.5425078123807934 11.698659643530844 3.1475597023963919 2.4922138005495071
leaf_count=10 25 51 14 103 20 12
internal_value=0.000147508 0.0108075 -0.0082042 -0.0106797 -0.0132855 0
internal_weight=37.3105 18.2545 19.056 17.3887 14.8462 7.18137
internal_count=235 88 147 137 123 37
is_linear=0
shrinkage=0.03


Tree=70
num_leaves=6
num_cat=0
split_feature=0 54 68 57 46
split_gain=7.59979 2.76579 2.77385 0.584681 0.439948
threshold=2.1666666269302373 0.069159060716629042 376.21420288085943 0.99900001287460338 0.20967218279838565
decision_type=2 2 8 2 2
left_child=1 -1 4 -4 -3
right_child=-2 2 3 -5 -6
leaf_value=0.0052430658427159525 0.016616250435833601 -0.0016120067893802029 -0.016138553225055547 0 0.004952370854475174
leaf_weight=2.8610500693321255 11.031993031501768 3.5721367597579974 14.306182332336899 1.3866223990917212 4.706230916082859
leaf_count=13 52 21 117 9 25
internal_value=0.00170652 -0.00564157 -0.00986787 -0.0150305 0
internal_weight=37.8642 26.8322 23.9712 15.6928 8.27837
internal_count=237 185 172 126 46
is_linear=0
shrinkage=0.03


Tree=71
num_leaves=7
num_cat=0
split_feature=12 60 53 47 55 33
split_gain=5.64426 2.23755 1.57137 1.39125 0.551143 0.419724
threshold=0.30952382087707525 0.1418000012636185 -0.48418669402599329 0.16693903505802157 0.14269554615020755 0.23355001211166385
decision_type=2 2 2 2 2 2
left_child=3 2 -2 -1 -4 -5
right_child=1 -3 4 5 -6 -7
leaf_value=0 0 0 0.018681780541065868 0 0 -0.012262762915425378
leaf_weight=3.392886370420455 2.8216869533062026 3.2911689430475226 12.079110652208326 1.3897546306252468 2.5556669831275949 10.590326569974421
leaf_count=23 16 18 57 11 12 92
internal_value=0.00191037 0.0110902 0.0145286 -0.00760223 0.0171075 -0.0111212
internal_weight=36.1206 20.7476 17.4565 15.373 14.6348 11.9801
internal_count=229 103 85 126 69 103
is_linear=0
shrinkage=0.03


Tree=72
num_leaves=7
num_cat=0
split_feature=12 60 53 51 30 55
split_gain=5.64733 3.57974 1.87983 0.931909 1.02247 0.636747
threshold=0.30952382087707525 0.31399999558925634 -0.49311269819736475 -0.41610644757747645 0.15509434044361117 0.14797452092170718
decision_type=2 2 2 2 2 2
left_child=3 2 -2 4 -1 -4
right_child=1 -3 5 -5 -6 -7
leaf_value=0 0 -0.0036947962985333042 0.018665746348699275 0 -0.013658649774623983 0
leaf_weight=1.4500601142644871 2.9449054673314157 3.2142198532819739 13.842892840504648 2.4094901829957953 10.666695103049276 2.6925693899393073
leaf_count=8 17 18 66 15 96 13
internal_value=0.000560372 0.00958035 0.0143163 -0.00924578 -0.0115204 0.0170722
internal_weight=37.2208 22.6946 19.4804 14.5262 12.1168 16.5355
internal_count=233 114 96 119 104 79
is_linear=0
shrinkage=0.03


Tree=73
num_leaves=7
num_cat=0
split_feature=58 28 60 62 11 47
split_gain=4.81751 3.97763 3.18047 1.6468 1.25853 0.530614
threshold=0.011799999978393318 0.520310938358307 0.31399999558925634 0.55140000581741344 0.91111111640930187 0.13558906316757205
decision_type=2 2 2 2 2 2
left_child=1 2 4 -2 -1 -3
right_child=3 5 -4 -5 -6 -7
leaf_value=0 -0.012975054246089796 0 -0.00034692919970188046 0 0.019917953755053935 -0.006615320264627432
leaf_weight=1.8490519970655537 9.642396003007887 3.5428209081292144 3.0547828972339621 1.2476407587528218 15.210436120629309 4.376285195350647
leaf_count=9 80 21 19 7 73 37
internal_value=0.00118551 0.00823589 0.0141248 -0.00934606 0.0181041 -0.00290854
internal_weight=38.9234 28.0334 20.1143 10.89 17.0595 7.91911
internal_count=246 159 101 87 82 58
is_linear=0
shrinkage=0.03


Tree=74
num_leaves=7
num_cat=0
split_feature=58 9 62 68 60 51
split_gain=5.30956 4.40036 1.47572 1.18229 0.344714 0.0563709
threshold=0.009599999990314247 1.1666666865348818 0.65939998626708995 529.38558959960949 0.0061999999452382335 -0.40207976102828974
decision_type=2 2 2 8 2 2
left_child=1 3 -2 4 -1 -5
right_child=2 -3 -4 5 -6 -7
leaf_value=0.00574312259356324 -0.013615629111436817 0.017309310976373529 0 -0.0081017664300357152 0 0
leaf_weight=3.8001715391874322 10.271595560014246 11.016122229397295 1.2142306864261616 4.9635748937726003 2.9756538420915604 2.2145251631736782
leaf_count=19 86 53 7 39 18 12
internal_value=0 0.00819531 -0.0106346 -0.000717392 0.0029393 -0.00736365
internal_weight=36.4559 24.97 11.4858 13.9539 6.77583 7.1781
internal_count=234 141 93 88 37 51
is_linear=0
shrinkage=0.03


Tree=75
num_leaves=7
num_cat=0
split_feature=14 4 30 47 60 25
split_gain=6.12582 2.23055 1.55593 1.8226 0.155937 0.0636252
threshold=7.1417174339294442 0.0055944493506103763 0.15509434044361117 0.13558906316757205 0.00059999998484272521 0.92418843507766735
decision_type=2 10 2 2 2 2
left_child=1 4 -2 -4 -1 -5
right_child=2 -3 3 5 -6 -7
leaf_value=0.00097448830173652815 0 0.016298239758186495 0 -0.015080144392334537 -0.0030934837889419931 0
leaf_weight=3.4171164482831982 3.1767763197422054 10.372705832123755 3.0051556006073978 12.896969363093374 3.3340873867273331 1.0460956841707219
leaf_count=16 17 50 17 114 19 10
internal_value=0 0.0112029 -0.00836725 -0.0114117 0 -0.0146657
internal_weight=37.2489 17.1239 20.125 16.9482 6.7512 13.9431
internal_count=243 85 158 141 35 124
is_linear=0
shrinkage=0.03


Tree=76
num_leaves=7
num_cat=0
split_feature=0 26 51 17 58 60
split_gain=5.73248 2.46398 1.44083 0.923981 0.637437 0.404973
threshold=2.1666666269302373 0.19107947498559955 -0.4306392222642898 0.68966230750083934 0.003199999919161201 0.0030000000260770325
decision_type=2 2 2 2 2 2
left_child=1 4 -3 -2 5 -1
right_child=3 2 -4 -5 -6 -7
leaf_value=0.0082845923505402291 0.016168931413462852 -0.014039804537684325 0 0 -0.00052766975387743859 0
leaf_weight=4.4953605383634585 8.5334870517253858 13.389360375702383 3.8312336280941954 2.2528077512979499 3.214171901345253 1.7747083455324171
leaf_count=20 41 116 24 11 20 10
internal_value=0.000480346 -0.00561317 -0.0110333 0.0138958 0.00176054 0.00622466
internal_weight=37.4911 26.7048 17.2206 10.7863 9.48424 6.27007
internal_count=242 190 140 52 50 30
is_linear=0
shrinkage=0.03


Tree=77
num_leaves=7
num_cat=0
split_feature=58 1 62 30 60 40
split_gain=5.29581 3.20404 1.35224 0.497598 0.570242 0.24766
threshold=0.0042000000830739745 0.83333334326744091 0.55140000581741344 0.30031621456146246 0.0030000000260770325 0.28280743956565862
decision_type=2 2 2 2 2 2
left_child=1 3 -2 4 -1 -5
right_child=2 -3 -4 5 -6 -7
leaf_value=0.0068596489181893235 -0.01206383354122469 0.018176762823164466 0 -0.0055073395092692639 0 0
leaf_weight=5.0433496311306971 9.04307574033737 9.106587886810301 1.8339793309569348 5.6965343728661537 1.8001821339130399 1.7045386433601377
leaf_count=24 79 43 11 46 10 10
internal_value=0.00221652 0.0101399 -0.00862884 0 0.00339941 -0.00381451
internal_weight=34.2282 23.3512 10.8771 14.2446 6.84353 7.40107
internal_count=223 133 90 90 34 56
is_linear=0
shrinkage=0.03


Tree=78
num_leaves=6
num_cat=0
split_feature=0 54 57 30 30
split_gain=5.30284 2.462 2.08325 0.499946 0.313816
threshold=3.5000000000000004 0.069159060716629042 0.31100000441074377 0.14627855271101001 0.84942904114723217
decision_type=2 2 2 2 2
left_child=1 -1 4 -4 -3
right_child=-2 2 3 -5 -6
leaf_value=0.0035857681684240356 0.013139665908113551 -0.01560696140314977 0.0048838703207353083 -0.0028997096519843123 0
leaf_weight=3.0088425427675274 7.3643438667058936 14.55274054408074 3.3803731650114042 5.5560333058238029 1.820368044078349
leaf_count=14 36 103 16 50 15
internal_value=0 -0.00680528 -0.0104055 0 -0.0146988
internal_weight=35.6827 28.3184 25.3095 8.93641 16.3731
internal_count=234 198 184 66 118
is_linear=0
shrinkage=0.03


Tree=79
num_leaves=7
num_cat=0
split_feature=68 60 0 6 4 44
split_gain=5.7509 3.1382 1.9109 1.19984 1.19466 1.25467
threshold=667.86233520507824 0.31399999558925634 2.5000000000000004 174.37500000000003 0.0050959466025233277 0.65886381268501293
decision_type=8 2 2 2 8 2
left_child=1 3 4 -1 -2 -6
right_child=2 -3 -4 -5 5 -7
leaf_value=0.018299393500998049 0 -0.001352369505311543 0.0012668364595705129 0 -0.015783131188920056 0
leaf_weight=12.358976103365423 1.518286511301995 3.3954358026385298 2.827048420906066 1.7822875231504429 12.129608720540999 1.4869218394160277
leaf_count=65 12 21 13 11 103 8
internal_value=0.000946655 0.0114459 -0.00758574 0.0162915 -0.0114726 -0.0136238
internal_weight=35.4986 17.5367 17.9619 14.1413 15.1348 13.6165
internal_count=233 97 136 76 123 111
is_linear=0
shrinkage=0.03


Tree=80
num_leaves=7
num_cat=0
split_feature=0 68 14 14 52 46
split_gain=5.35703 2.46763 1.08182 0.985358 0.657366 0.406033
threshold=1.8333333134651186 376.21420288085943 15.311172962188722 8.2942690849304217 -0.3264156281948089 0.20967218279838565
decision_type=2 8 2 2 2 2
left_child=1 5 4 -2 -3 -1
right_child=3 2 -4 -5 -6 -7
leaf_value=0 0.015926566194723012 -0.014330255490285217 0 0 0 0.0054586713586457633
leaf_weight=3.997196242213251 8.1183422207832319 13.574092738330364 1.2922549098730076 2.7047457620501509 1.19462238252163 4.5141852349042892
leaf_count=24 40 116 7 15 8 24
internal_value=0.000461614 -0.00569682 -0.0112115 0.0133461 -0.0130983 0.00190319
internal_weight=35.3954 24.5724 16.061 10.8231 14.7687 8.51138
internal_count=234 179 131 55 124 48
is_linear=0
shrinkage=0.03


Tree=81
num_leaves=7
num_cat=0
split_feature=0 26 51 33 55 25
split_gain=4.93521 2.04113 1.49924 1.13129 0.764794 0.113368
threshold=3.5000000000000004 0.17967677861452105 -0.41610644757747645 0.23355001211166385 0.028647314757108692 0.67028778791427623
decision_type=2 2 2 2 2 2
left_child=1 4 3 -3 -1 -4
right_child=-2 2 5 -5 -6 -7
leaf_value=0.0075010579997709954 0.015396539342339885 0 0.0028175170164523242 -0.01387061941281135 0 0
leaf_weight=5.6659230217337626 7.9889352917671195 1.5285708233714128 2.8529180362820616 12.817764475941656 3.7585106641054153 1.6809610873460767
leaf_count=28 40 12 17 111 21 10
internal_value=0.00208527 -0.00314407 -0.00836848 -0.0117684 0.0031533 0
internal_weight=36.2936 28.3046 18.8802 14.3463 9.42443 4.53388
internal_count=239 199 150 123 49 27
is_linear=0
shrinkage=0.03


Tree=82
num_leaves=7
num_cat=0
split_feature=58 30 2 62 60 47
split_gain=5.06441 3.34922 2.21037 1.77963 0.640093 0.55231
threshold=0.009599999990314247 0.3257004469633103 1.4670542478561404 0.55140000581741344 0.11800000071525575 0.087287481874227538
decision_type=2 2 2 2 2 2
left_child=1 2 4 -2 -1 -3
right_child=3 5 -4 -5 -6 -7
leaf_value=0.020609852546605984 -0.013550570198608922 0.0011317205410008549 0 0 0 -0.0054679685989658753
leaf_weight=8.8053540289402026 10.367787584662436 2.9175874441862089 2.9619011580944052 1.6589342430233944 1.9737362265586842 6.4882002249360085
leaf_count=41 92 15 16 10 10 51
internal_value=0.000138067 0.00854557 0.0151129 -0.00985263 0.0188864 -0.000800682
internal_weight=35.1735 23.1468 13.741 12.0267 10.7791 9.40579
internal_count=235 133 67 102 51 66
is_linear=0
shrinkage=0.03


Tree=83
num_leaves=7
num_cat=0
split_feature=58 26 60 47 50 46
split_gain=5.78445 3.34508 2.68724 1.22898 0.261489 0.221635
threshold=0.005799999926239253 0.55874142050743114 0.10199999809265138 0.12863736599683764 0.25274411588907247 0.081586226820945754
decision_type=2 2 2 2 2 2
left_child=1 2 -1 -2 -5 -3
right_child=3 5 -4 4 -6 -7
leaf_value=0.018683299021960129 0 0 0 -0.012990395660733975 0 -0.0042833481946796493
leaf_weight=14.88708101958037 1.1104150265455235 2.172815389931201 3.4796612858772269 9.7598561123013479 1.2474632337689389 3.3935115411877632
leaf_count=73 6 12 22 85 11 32
internal_value=0.00140929 0.00986813 0.0148657 -0.00949271 -0.0121461 -0.00172389
internal_weight=36.0508 23.9331 18.3667 12.1177 11.0073 5.56633
internal_count=241 139 95 102 96 44
is_linear=0
shrinkage=0.03


Tree=84
num_leaves=7
num_cat=0
split_feature=68 60 0 7 43 41
split_gain=5.01948 3.83438 1.66954 1.26558 1.08895 0.590848
threshold=752.01473999023449 0.31399999558925634 2.5000000000000004 397.00000000000006 0.14653412997722629 0.46498918533325201
decision_type=8 2 2 2 2 2
left_child=1 3 4 -1 -2 -6
right_child=2 -3 -4 -5 5 -7
leaf_value=0.017791222951511327 0 -0.0029820152819493018 0.00068310983741396499 0 -0.014495438422391297 0
leaf_weight=14.093298070132734 1.4048810526728654 4.0535265654325476 2.8146347701549521 1.7074967622756947 11.068160280585287 1.1425772756338108
leaf_count=76 8 26 13 10 101 6
internal_value=0.00115779 0.0102902 -0.00732563 0.0158566 -0.0111101 -0.0132426
internal_weight=36.2846 19.8543 16.4303 15.8008 13.6156 12.2107
internal_count=240 112 128 86 115 107
is_linear=0
shrinkage=0.03


Tree=85
num_leaves=7
num_cat=0
split_feature=58 28 19 60 47 62
split_gain=6.24717 2.79884 1.9289 1.58039 0.326695 0.279815
threshold=0.011799999978393318 0.53557017445564281 0.83544328808784496 0.31399999558925634 0.13558906316757205 0.37680000066757208
decision_type=2 2 2 2 2 2
left_child=1 2 3 -1 -3 -2
right_child=5 4 -4 -5 -6 -7
leaf_value=0.019116811678656132 -0.011747773486993601 0 0 0 -0.0046775146969495118 0
leaf_weight=15.521648541092882 7.6909129470586759 2.6899686530232421 1.9386439695954312 2.3019587621092787 3.5381080880761147 1.1994121670722959
leaf_count=77 73 16 10 13 33 8
internal_value=0.00220922 0.0100731 0.0143966 0.0168552 -0.000366211 -0.0107664
internal_weight=34.8807 25.9903 19.7623 17.8236 6.22808 8.89033
internal_count=230 149 100 90 49 81
is_linear=0
shrinkage=0.03


Tree=86
num_leaves=6
num_cat=0
split_feature=0 54 57 68 52
split_gain=3.68767 2.66187 3.26466 0.74448 0.216965
threshold=3.5000000000000004 0.069159060716629042 0.46420000493526464 667.86233520507824 -0.30743762850761408
decision_type=2 2 2 8 2
left_child=1 -1 4 -4 -3
right_child=-2 2 3 -5 -6
leaf_value=0.0056619294539978085 0.012040863967596214 -0.015444583645515981 0.0068445907939653806 -0.0013821443931234815 0
leaf_weight=3.0830180346965816 7.0274111181497565 14.92639515548945 4.0188261941075298 4.3508640527725229 1.4649590700864781
leaf_count=14 36 117 22 36 8
internal_value=0 -0.00473989 -0.00901733 0.000877432 -0.0147613
internal_weight=34.8715 27.8441 24.761 8.36969 16.3914
internal_count=233 197 183 58 125
is_linear=0
shrinkage=0.03


Tree=87
num_leaves=7
num_cat=0
split_feature=0 51 14 17 50 11
split_gain=4.16453 2.23915 1.26719 1.01765 0.462608 0.399367
threshold=1.8333333134651186 -0.43886667490005488 8.2942690849304217 0.021675205789506439 0.24566179513931277 2.8611940145492558
decision_type=2 2 2 2 2 2
left_child=1 3 -2 -1 -5 -3
right_child=2 5 -4 4 -6 -7
leaf_value=0 0.015111027397441589 0.0058935097870032585 0 -0.012952997583476109 0 0
leaf_weight=1.6445599868893648 7.939745679497717 3.9799569919705418 2.3734773844480515 13.984971627593039 1.2283927500247944 2.4193021059036255
leaf_count=8 41 21 13 118 10 16
internal_value=0.000496549 -0.00491339 0.0120631 -0.0100115 -0.0119621 0.00277344
internal_weight=33.5704 23.2572 10.3132 16.8579 15.2134 6.39926
internal_count=227 173 54 136 128 37
is_linear=0
shrinkage=0.03


Tree=88
num_leaves=7
num_cat=0
split_feature=62 60 31 5 48 33
split_gain=3.62973 1.91793 1.6702 1.01345 0.589879 0.533672
threshold=0.0010000000183936211 0.0061999999452382335 0.15461797267198565 0.73926940560340892 0.13498388230800631 0.63803189992904674
decision_type=2 2 2 2 2 2
left_child=2 4 -1 -4 -2 -3
right_child=1 5 3 -5 -6 -7
leaf_value=0.00061521406112342717 0.014167046294068862 -0.0053269562269306053 -0.013305108827904139 0 0 0.0022848464182174538
leaf_weight=2.9555240571498862 11.074714176356794 4.4289895817637426 10.938159622251986 1.000871643424033 2.5609038025140753 3.5736406072974205
leaf_count=17 57 31 102 6 14 20
internal_value=0.000219093 0.00789646 -0.00721584 -0.0112861 0.0125099 0
internal_weight=36.5328 21.6382 14.8946 11.939 13.6356 8.00263
internal_count=247 122 125 108 71 51
is_linear=0
shrinkage=0.03


Tree=89
num_leaves=7
num_cat=0
split_feature=68 0 60 14 7 51
split_gain=4.05032 2.29502 2.27523 1.40796 1.0985 0.894366
threshold=385.15440368652349 2.1666666269302373 0.36660000681877142 15.311172962188722 388.00000000000006 -0.40207976102828974
decision_type=8 2 2 2 2 2
left_child=2 3 4 5 -1 -2
right_child=1 -3 -4 -5 -6 -7
leaf_value=0.016989870571598831 -0.014905370724372114 0.0034513478841040669 -0.00043069554596548342 0 0 0
leaf_weight=10.289429597556589 11.749344244599342 3.9025692641735068 2.2918600663542739 1.6456355080008496 1.6564444601535786 2.7960019484162375
leaf_count=55 110 19 14 9 10 17
internal_value=0.000917652 -0.00534593 0.0107914 -0.0102654 0.0148936 -0.0128089
internal_weight=34.3313 20.0936 14.2377 16.191 11.9459 14.5453
internal_count=234 155 79 136 65 127
is_linear=0
shrinkage=0.03


Tree=90
num_leaves=7
num_cat=0
split_feature=68 60 11 0 4 52
split_gain=5.73548 2.88268 1.77852 0.681797 0.650435 0.438537
threshold=697.16046142578136 0.31399999558925634 5.6070852279663095 3.1666666269302373 0.0050959466025233277 -0.57725751399993885
decision_type=8 2 2 2 8 2
left_child=1 5 3 4 -2 -1
right_child=2 -3 -4 -5 -6 -7
leaf_value=0 0 -6.7488734986040076e-05 0.0021030576861175935 0 -0.012910455564788098 0.018435959500403255
leaf_weight=1.085639193654061 1.19533258676529 3.0859067514538756 3.0274520739912978 1.3115044981241215 11.741443105041981 12.726447135210037
leaf_count=7 10 21 18 6 103 69
internal_value=0.00321015 0.0132683 -0.00568588 -0.01 -0.0115096 0.0175446
internal_weight=34.1737 16.898 17.2757 14.2483 12.9368 13.8121
internal_count=234 97 137 119 113 76
is_linear=0
shrinkage=0.03


Tree=91
num_leaves=7
num_cat=0
split_feature=68 60 26 0 58 51
split_gain=3.09174 3.09834 1.76909 0.744209 0.606048 0.216135
threshold=752.01473999023449 0.077600002288818373 0.16030008345842364 3.5000000000000004 0.011799999978393318 -0.40721872448921198
decision_type=8 2 2 2 2 2
left_child=1 4 -2 -4 -1 -3
right_child=2 5 3 -5 -6 -7
leaf_value=0.015458754193619285 0.00057076663494695342 -0.0045151237170203496 -0.013316197513645909 0 0 0
leaf_weight=9.8278454691171664 3.6615178361535063 4.3126065135002136 9.9550657272338849 1.0853614807128895 2.3927827402949324 1.6730681806802739
leaf_count=51 21 28 96 5 17 10
internal_value=0 0.00729639 -0.00720109 -0.0116765 0.0137366 -0.00246662
internal_weight=32.9082 18.2063 14.7019 11.0404 12.2206 5.98567
internal_count=228 106 122 101 68 38
is_linear=0
shrinkage=0.03


Tree=92
num_leaves=7
num_cat=0
split_feature=4 14 47 47 52 30
split_gain=4.21746 1.82179 1.35825 1.73906 0.507451 0.254714
threshold=0.0079052620567381399 8.2942690849304217 0.087287481874227538 0.8206942379474641 -0.30743762850761408 0.15509434044361117
decision_type=10 2 2 2 2 2
left_child=2 -2 -1 4 -4 -3
right_child=1 5 3 -5 -6 -7
leaf_value=0.00011326283614559708 0.014323856158695629 0.0016174180834080906 -0.014501635023408085 0 0 -0.0037475590941990844
leaf_weight=2.5218205451965359 9.5872429609298688 2.0164660662412635 12.162316456437113 2.8861133828759185 1.2756329029798497 4.0845903009176254
leaf_count=12 50 9 107 20 7 32
internal_value=0 0.00962375 -0.00700768 -0.0100122 -0.0133928 0
internal_weight=34.5342 15.6883 18.8459 16.3241 13.4379 6.10106
internal_count=237 91 146 134 114 41
is_linear=0
shrinkage=0.03


Tree=93
num_leaves=6
num_cat=0
split_feature=12 30 58 47 35
split_gain=4.00895 2.0607 1.85738 1.24671 0.69029
threshold=0.50757575035095226 0.13510000705718997 0.016199999488890175 0.085297085344791426 0.1045847423374653
decision_type=2 2 2 2 2
left_child=1 -1 4 -3 -2
right_child=2 3 -4 -5 -6
leaf_value=0.0024387439489573907 0 0 0 -0.013356062701884556 0.015199552654607741
leaf_weight=2.3306179046630886 3.0565942823886898 1.2523328661918629 2.7982448339462271 13.076435290277002 10.302562415599821
leaf_count=12 15 7 17 125 53
internal_value=0.000247285 -0.00674576 0.0095738 -0.0110942 0.0131985
internal_weight=32.8168 16.6594 16.1574 14.3288 13.3592
internal_count=229 144 85 132 68
is_linear=0
shrinkage=0.03


Tree=94
num_leaves=7
num_cat=0
split_feature=58 0 47 17 54 68
split_gain=3.54352 2.61522 0.862757 0.787628 0.592041 1.07861
threshold=0.011799999978393318 0.83333334326744091 0.16693903505802157 0.76204764842987072 0.069159060716629042 313.60475158691412
decision_type=2 2 2 2 2 8
left_child=1 4 -2 -3 -1 -6
right_child=2 3 -4 -5 5 -7
leaf_value=0.0032397318859206208 0 0.015643001095318639 -0.011121094875390338 0 0.00019003701625464113 -0.0088856231164345066
leaf_weight=2.2066280990839031 1.0861758738756169 9.4104694426059705 8.4415493905544263 2.031905271112918 3.5723661929368946 7.4148175492882737
leaf_count=10 6 50 80 12 19 57
internal_value=0.000234302 0.0069795 -0.00877704 0.0137279 0 -0.00439136
internal_weight=34.1639 24.6362 9.52773 11.4424 13.1938 10.9872
internal_count=234 148 86 62 86 76
is_linear=0
shrinkage=0.03


Tree=95
num_leaves=7
num_cat=0
split_feature=58 0 62 17 68 60
split_gain=4.05688 3.99232 1.56231 0.711152 0.482028 0.387184
threshold=0.011799999978393318 0.83333334326744091 0.55140000581741344 0.79209938645362865 752.01473999023449 0.0061999999452382335
decision_type=2 2 2 2 8 2
left_child=1 4 -2 -3 5 -1
right_child=2 3 -4 -5 -6 -7
leaf_value=0.0049425880150158544 -0.012985648491743365 0.017422790131818463 0 0 -0.0055053754968744676 -0.00089538619237384111
leaf_weight=3.8233359083533296 8.7093214616179448 10.096242614090441 1.2969006448984135 1.9858569651842106 5.5610743537545213 3.4374343305826187
leaf_count=19 85 54 8 11 44 22
internal_value=0.000240713 0.00738768 -0.00934953 0.0157248 -0.00128728 0
internal_weight=34.9102 24.9039 10.0062 12.0821 12.8218 7.26077
internal_count=243 150 93 65 85 41
is_linear=0
shrinkage=0.03


Tree=96
num_leaves=7
num_cat=0
split_feature=58 60 28 19 62 11
split_gain=5.15393 2.26569 1.89609 1.16557 0.719261 0.0521382
threshold=0.011799999978393318 0.077600002288818373 0.74747824668884288 0.83544328808784496 0.37680000066757208 2.8611940145492558
decision_type=2 2 2 2 2 2
left_child=1 2 3 -1 -2 -3
right_child=4 5 -4 -5 -6 -7
leaf_value=0.018211434584150761 -0.01046809118458741 -0.0018932657996367519 0 0 0 0
leaf_weight=15.803237222135076 8.0131143629550916 3.0910777673125258 1.9279150292277325 1.8955687507987011 1.235416218638419 1.7750664576888082
leaf_count=86 79 23 16 9 7 11
internal_value=0.00321178 0.0104451 0.0139945 0.0164647 -0.00830165 0
internal_weight=33.7414 24.4929 19.6267 17.6988 9.24853 4.86614
internal_count=231 145 111 95 86 34
is_linear=0
shrinkage=0.03


Tree=97
num_leaves=7
num_cat=0
split_feature=58 30 55 68 37 48
split_gain=4.1315 2.89483 0.622364 0.360802 0.360542 0.170182
threshold=0.011799999978393318 0.3257004469633103 0.14269554615020755 125.49837112426759 0.68031767010688793 0.054057968780398376
decision_type=2 2 2 8 2 2
left_child=1 2 -1 -2 -3 -6
right_child=3 4 -4 -5 5 -7
leaf_value=0.015241033031443736 0 -0.0044301506298099359 0 -0.010558259900525798 0 0.0036005220383997032
leaf_weight=12.669432297348978 1.2618980035185785 6.7563759163022024 2.0468789637088767 7.6238793581724176 1.3981824964284899 1.8975992277264593
leaf_count=66 8 53 11 75 12 11
internal_value=0.000792564 0.0077825 0.0137982 -0.00931849 -0.000521362 0.000284214
internal_weight=33.6542 24.7685 14.7163 8.88578 10.0522 3.29578
internal_count=236 153 77 83 76 23
is_linear=0
shrinkage=0.03


Tree=98
num_leaves=7
num_cat=0
split_feature=12 4 47 32 49 21
split_gain=4.50879 2.06446 0.744395 0.827173 0.324732 0.0975653
threshold=0.50757575035095226 0.016200970858335498 0.085297085344791426 0.10618803277611734 0.056940153241157539 0.26361444592475897
decision_type=2 10 2 2 2 2
left_child=2 4 -1 -4 -2 -6
right_child=1 -3 3 -5 5 -7
leaf_value=0 0.0022086774205530711 0.014829786801802705 0 -0.011976520533393393 0 -0.0048434534251524906
leaf_weight=1.4564345329999948 3.3068627268075961 8.4246734827756864 1.9687253087759007 12.855590239167212 1.8839801251888273 3.4341956973075867
leaf_count=8 17 45 12 124 10 18
internal_value=0 0.00900608 -0.00842162 -0.0101031 0 -0.00385247
internal_weight=33.3305 17.0497 16.2808 14.8243 8.62504 5.31818
internal_count=234 90 144 136 45 28
is_linear=0
shrinkage=0.03


Tree=99
num_leaves=7
num_cat=0
split_feature=58 68 55 47 47 47
split_gain=3.9722 2.70609 0.914704 0.484051 0.480757 0.428887
threshold=0.011799999978393318 752.01473999023449 0.14269554615020755 0.85333144664764415 0.085297085344791426 0.207353450357914
decision_type=2 8 2 2 2 2
left_child=1 2 3 -1 -3 -2
right_child=5 4 -4 -5 -6 -7
leaf_value=0.015758627470497628 0 0.00047294753205717597 0 0 -0.0052381653567275992 -0.011148653201240432
leaf_weight=11.465592272579672 0.91683433204889198 3.3461810052394849 1.8749263584613789 1.6441280469298352 6.3529195487499237 8.5506063103675825
leaf_count=62 6 16 10 11 52 85
internal_value=0 0.00690833 0.012766 0.0145539 -0.000982139 -0.0099303
internal_weight=34.1512 24.6837 14.9846 13.1097 9.6991 9.46744
internal_count=242 151 83 73 68 91
is_linear=0
shrinkage=0.03


Tree=100
num_leaves=7
num_cat=0
split_feature=68 60 11 44 24 0
split_gain=3.17416 2.67765 2.23907 0.788188 0.583704 0.45406
threshold=697.16046142578136 0.0030000000260770325 5.6070852279663095 0.65886381268501293 0.60883086919784557 1.5000000000000002
decision_type=8 2 2 2 2 2
left_child=1 4 3 -2 -1 -3
right_child=2 5 -4 -5 -6 -7
leaf_value=0.014924985762414652 -0.014487487396134067 -0.0054125740522951151 0.0015450930963939614 0 0 0
leaf_weight=8.245741084218027 10.861071713268755 5.40704771131277 2.9764473885297766 1.6008436232805241 1.7537368014454831 1.8932097703218458
leaf_count=44 105 37 19 8 13 10
internal_value=0 0.00655168 -0.00813852 -0.0127808 0.0133024 -0.00157122
internal_weight=32.7381 17.2997 15.4384 12.4619 9.99948 7.30026
internal_count=236 104 132 113 57 47
is_linear=0
shrinkage=0.03


Tree=101
num_leaves=7
num_cat=0
split_feature=58 28 60 62 17 51
split_gain=4.15635 2.67812 2.74011 1.15348 0.546265 0.245659
threshold=0.011799999978393318 0.520310938358307 0.31399999558925634 0.55140000581741344 0.79209938645362865 -0.39158758521080012
decision_type=2 2 2 2 2 2
left_child=1 2 4 -2 -1 -3
right_child=3 5 -4 -5 -6 -7
leaf_value=0.017950512933713355 -0.011941722243965979 -0.0041811634088825302 -0.00023286182818339828 0 0 0
leaf_weight=13.637912467122083 7.9343651011586172 4.5216978043317795 2.8761829286813727 1.1260248646140096 2.0538974404335013 1.7051306664943684
leaf_count=71 81 40 19 7 10 10
internal_value=0.00117683 0.00809854 0.0127713 -0.0089283 0.0166531 -0.00142125
internal_weight=33.8552 24.7948 18.568 9.06039 15.6918 6.22683
internal_count=238 150 100 88 81 50
is_linear=0
shrinkage=0.03


Tree=102
num_leaves=7
num_cat=0
split_feature=33 54 58 55 33 0
split_gain=4.28706 1.98993 1.54995 0.985585 0.697482 0.503816
threshold=0.63803189992904674 0.069159060716629042 0.011799999978393318 0.14269554615020755 0.23355001211166385 0.83333334326744091
decision_type=2 2 2 2 2 2
left_child=1 -1 3 5 -3 -2
right_child=2 4 -4 -5 -6 -7
leaf_value=0.00071851721566809428 0 0 -0.00022954491444052754 0 -0.014855379902725995 0.015063387157092448
leaf_weight=1.5601994097232843 2.2119961977004996 2.0003776028752318 3.1461524516344062 2.6122605279088011 12.301188856363295 8.0057384893298131
leaf_count=7 15 17 28 14 106 45
internal_value=-0.000176702 -0.00984922 0.00721143 0.0109655 -0.0132923 0.0134035
internal_weight=31.8379 15.8618 15.9761 12.83 14.3016 10.2177
internal_count=232 130 102 74 123 60
is_linear=0
shrinkage=0.03


Tree=103
num_leaves=7
num_cat=0
split_feature=0 58 68 47 32 37
split_gain=3.49379 2.66213 1.7336 1.1191 0.349444 0.0888491
threshold=0.83333334326744091 0.009599999990314247 313.60475158691412 0.085297085344791426 0.37618413567543035 0.86705854535102855
decision_type=2 2 8 2 2 2
left_child=2 -2 4 -4 -1 -5
right_child=1 -3 3 5 -6 -7
leaf_value=0.0048425909990837375 0.014192999989631307 -0.0018504129256706264 0 -0.014571978387416196 -0.00065302952216233666 0
leaf_weight=3.1811570823192659 9.5349127203226072 3.6896123960614196 2.1209741532802573 9.8062522560358012 2.6442317590117455 0.9316962808370598
leaf_count=15 53 36 11 91 19 9
internal_value=0 0.008264 -0.00737066 -0.0116802 0 -0.0141048
internal_weight=31.9088 13.2245 18.6843 12.8589 5.82539 10.7379
internal_count=234 89 145 111 34 100
is_linear=0
shrinkage=0.03


Tree=104
num_leaves=7
num_cat=0
split_feature=68 60 54 0 6 59
split_gain=3.22051 4.47955 1.24358 1.04367 1.37657 0.562178
threshold=697.16046142578136 0.077600002288818373 0.070939652621746077 3.1666666269302373 264.00000762939459 0.46600000560283666
decision_type=8 2 2 2 2 2
left_child=1 5 -2 4 -4 -1
right_child=2 -3 3 -5 -6 -7
leaf_value=0.019028432828122003 0.0017287340482918944 -0.0032276581701387794 -0.013574765326923728 0 0 0
leaf_weight=9.4597383663058299 2.1788920611143103 5.1874679997563353 10.214983835816382 1.8314077258110035 1.2238621562719334 2.2584579885005942
leaf_count=50 10 36 98 9 11 14
internal_value=0.00234179 0.0099555 -0.00427021 -0.00815321 -0.0107688 0.0173532
internal_weight=32.3548 16.9057 15.4491 13.2703 11.4388 11.7182
internal_count=228 100 128 118 109 64
is_linear=0
shrinkage=0.03


Tree=105
num_leaves=7
num_cat=0
split_feature=12 60 48 53 47 4
split_gain=2.3712 1.7451 1.24983 1.57907 1.08014 0.534325
threshold=0.30952382087707525 0.0030000000260770325 0.13498388230800631 -0.49311269819736475 0.16693903505802157 0.011484991759061815
decision_type=2 2 2 2 2 10
left_child=4 2 3 -2 -1 -3
right_child=1 5 -4 -5 -6 -7
leaf_value=0 0 -0.0055162398429867247 0 0.016966588484152532 -0.0090090839070331632 0.0018925038606230451
leaf_weight=3.2696436569094649 1.8247577548027027 4.3327826187014571 1.9736614525318135 9.4228109270334262 10.274235051125286 2.4978951215744019
leaf_count=24 12 27 10 47 109 14
internal_value=0.000564077 0.00700476 0.0114515 0.0140092 -0.0053481 0
internal_weight=33.5958 20.0519 13.2212 11.2476 13.5439 6.83068
internal_count=243 110 69 59 133 41
is_linear=0
shrinkage=0.03


Tree=106
num_leaves=7
num_cat=0
split_feature=58 60 28 32 62 23
split_gain=2.90282 1.80736 1.6318 1.05926 0.632256 0.124376
threshold=0.011799999978393318 0.16399999707937243 0.520310938358307 0.35494966804981237 0.55140000581741344 0.86594930291175853
decision_type=2 2 2 2 2 2
left_child=1 2 3 -1 5 -2
right_child=4 -3 -4 -5 -6 -7
leaf_value=0.016447397422479554 -0.0093027119676240989 -0.00039670156185763313 0 0 0 0
leaf_weight=12.83051154017449 6.1142664663493616 4.4417353793978682 4.889180213212966 2.8688074126839629 1.1121774017810819 0.81037219986319531
leaf_count=65 66 33 38 15 7 9
internal_value=0.00231478 0.00779724 0.0110783 0.0142556 -0.00628981 -0.00870533
internal_weight=33.0671 25.0302 20.5885 15.6993 8.03682 6.92464
internal_count=233 151 118 80 82 75
is_linear=0
shrinkage=0.03


Tree=107
num_leaves=7
num_cat=0
split_feature=0 68 54 54 43 56
split_gain=2.99659 1.70933 2.31818 0.628442 0.477236 0.380393
threshold=1.8333333134651186 313.60475158691412 0.069159060716629042 0.56555533409118663 0.15180068463087085 -0.54589617252349842
decision_type=2 8 2 2 2 2
left_child=1 3 -3 -1 -4 -2
right_child=5 2 4 -5 -6 -7
leaf_value=0 0 0.0018053101524587384 0 0.0071904020043928769 -0.013779638777869349 0.012068464079940742
leaf_weight=5.1359682530164745 1.5884750932455061 2.5891076773405102 1.1307653635740269 2.5015328526496887 13.40655495226383 7.3690094873309118
leaf_count=32 10 12 7 12 130 41
internal_value=0.000234054 -0.0038374 -0.00852096 0.00213976 -0.0127915 0.0107417
internal_weight=33.7214 24.7639 17.1264 7.6375 14.5373 8.95748
internal_count=244 193 149 44 137 51
is_linear=0
shrinkage=0.03


Tree=108
num_leaves=7
num_cat=0
split_feature=68 6 47 3 4 48
split_gain=2.32154 1.17265 1.09088 0.883233 1.18014 0.820925
threshold=697.16046142578136 192.00000000000003 0.085297085344791426 3.5000000000000004 0.0050959466025233277 -0.34321959316730494
decision_type=8 2 2 2 8 2
left_child=1 5 -2 4 -4 -1
right_child=2 -3 3 -5 -6 -7
leaf_value=0 0.0019055435305269392 0 0 0 -0.012729172407522544 0.012737487904023253
leaf_weight=1.7322813570499462 3.607918679714202 1.6749085783958424 1.3194795101880998 2.0177796483039847 8.4413583055138588 14.69801227003336
leaf_count=11 18 11 11 11 91 86
internal_value=0.00272163 0.0088733 -0.00279745 -0.00720652 -0.00987236 0.0111201
internal_weight=33.4917 18.1052 15.3865 11.7786 9.76084 16.4303
internal_count=239 108 131 113 102 97
is_linear=0
shrinkage=0.03


Tree=109
num_leaves=7
num_cat=0
split_feature=32 54 68 0 56 59
split_gain=2.8341 2.86094 1.52145 0.442679 0.270298 0.0973814
threshold=0.27426053583621984 0.069159060716629042 414.06513977050787 1.1666666865348818 -0.31618131697177881 0.78519999980926525
decision_type=2 2 8 2 2 2
left_child=2 -2 -1 -4 5 -3
right_child=1 4 3 -5 -6 -7
leaf_value=0.011615397615769026 0.0035816085791598585 -0.014248425823415229 -0.004742901575663535 0.002152195568616315 0 0
leaf_weight=8.0692838579416328 2.4347617775201789 10.827681470662354 4.8780189380049688 3.7585015371441841 0.94264858216047009 0.96791680902242738
leaf_count=42 12 108 34 20 6 10
internal_value=0 -0.0076732 0.00632551 0 -0.0130922 -0.0137833
internal_weight=31.8788 15.173 16.7058 8.63652 12.7382 11.7956
internal_count=232 136 96 54 124 118
is_linear=0
shrinkage=0.03


Tree=110
num_leaves=7
num_cat=0
split_feature=58 0 62 21 26 56
split_gain=2.83632 3.05045 1.04474 0.429578 0.579636 0.331749
threshold=0.011799999978393318 0.83333334326744091 0.55140000581741344 0.26361444592475897 0.10526142641901971 -0.52962470054626454
decision_type=2 2 2 2 2 2
left_child=1 3 -2 -1 -5 -3
right_child=2 5 -4 4 -6 -7
leaf_value=0.0021272580994944703 -0.0097142593241959646 0 0 0 -0.0071966014496013956 0.016713104448228822
leaf_weight=3.034324072301394 7.570613853633402 2.0215035676956177 1.3141830861568449 3.3347759991884214 6.398762471973896 7.9964033737778646
leaf_count=16 79 12 8 17 52 45
internal_value=0.00188489 0.00777696 -0.00616523 0 -0.00407468 0.015369
internal_weight=31.6706 22.7858 8.8848 12.7679 9.73354 10.0179
internal_count=229 142 87 85 69 57
is_linear=0
shrinkage=0.03


Tree=111
num_leaves=7
num_cat=0
split_feature=68 60 11 52 28 56
split_gain=3.69694 2.73356 1.08904 0.445994 0.396687 0.197142
threshold=667.86233520507824 0.0030000000260770325 5.6070852279663095 -0.38562110066413874 0.60954967141151439 -0.36144161224365229
decision_type=8 2 2 2 2 2
left_child=1 4 3 -2 -1 -3
right_child=2 5 -4 -5 -6 -7
leaf_value=0.016486810111988444 -0.01143704972542578 -0.0035328137563471551 0 0 0 0
leaf_weight=8.489389002323156 9.1900638043880463 4.2379406839609146 1.9811465144157399 2.5198255926370594 1.5607111528515805 2.6244516819715491
leaf_count=45 95 29 14 17 12 16
internal_value=0.000499672 0.00905931 -0.00690219 -0.00985569 0.0152594 -0.000127183
internal_weight=30.6035 16.9125 13.691 11.7099 10.0501 6.86239
internal_count=228 102 126 112 57 45
is_linear=0
shrinkage=0.03


Tree=112
num_leaves=7
num_cat=0
split_feature=62 31 60 14 61 30
split_gain=2.8133 1.89316 1.43939 0.61811 0.274334 0.127077
threshold=0.0010000000183936211 0.15461797267198565 0.34340000152587896 13.089718341827394 0.0022000001044943933 0.10655157268047334
decision_type=2 2 2 2 2 2
left_child=1 -1 3 -2 5 -3
right_child=2 4 -4 -5 -6 -7
leaf_value=0.0027563497676850019 0.01351027374374306 0 0 0 0 -0.011716283835649311
leaf_weight=3.3773193061351767 12.131985351443292 1.1376397460699044 3.8084101639688006 2.8830046206712714 0.95652865618467409 7.9787368141114712
leaf_count=20 71 6 28 18 7 93
internal_value=0.00194823 -0.00463819 0.00871255 0.0118005 -0.0102446 -0.0110959
internal_weight=32.2736 13.4502 18.8234 15.015 10.0729 9.11638
internal_count=243 126 117 89 106 99
is_linear=0
shrinkage=0.03


Tree=113
num_leaves=7
num_cat=0
split_feature=58 0 50 68 60 26
split_gain=4.03106 2.29221 0.583805 0.367159 0.471974 0.146226
threshold=0.009599999990314247 0.83333334326744091 0.25274411588907247 752.01473999023449 0.31399999558925634 0.20956973731517795
decision_type=2 2 2 8 2 2
left_child=1 3 -2 4 -1 -5
right_child=2 -3 -4 5 -6 -7
leaf_value=0.0059024549384336282 -0.010568907036193186 0.014877211920388544 0 0 0 -0.0051781267576845444
leaf_weight=4.9294623732566878 6.97589536756277 9.9205073043704015 0.84751898422837246 1.8799569904804236 2.1099299266934395 3.6760759204626083
leaf_count=25 75 56 8 10 15 36
internal_value=0.00148455 0.00849415 -0.00876988 0 0.00236556 -0.0038875
internal_weight=30.3393 22.5159 7.82341 12.5954 7.03939 5.55603
internal_count=225 142 83 86 40 46
is_linear=0
shrinkage=0.03


Tree=114
num_leaves=7
num_cat=0
split_feature=33 58 53 33 0 41
split_gain=3.83684 1.65811 1.4805 1.23129 0.749066 0.0147454
threshold=0.63803189992904674 0.011799999978393318 -0.22608545422554013 0.23355001211166385 0.83333334326744091 0.12242893129587175
decision_type=2 2 2 2 2 2
left_child=2 4 3 -1 -2 -3
right_child=1 5 -4 -5 -6 -7
leaf_value=0 0 -0.001060846375115424 0 -0.014034600446064371 0.013633657846409792 0
leaf_weight=2.0288305915892115 2.4264826029539099 2.129813719540834 1.6397606655955339 12.105092812329529 9.9369418546557409 1.006090063601732
leaf_count=17 17 23 9 105 57 7
internal_value=0 0.00777066 -0.00861625 -0.0115972 0.0116432 -0.000170083
internal_weight=31.273 15.4993 15.7737 14.1339 12.3634 3.1359
internal_count=235 104 131 122 74 30
is_linear=0
shrinkage=0.03


Tree=115
num_leaves=7
num_cat=0
split_feature=0 38 14 60 50 2
split_gain=2.55253 1.69666 1.09052 0.717522 0.441016 0.258107
threshold=2.1666666269302373 0.11142597720026971 15.311172962188722 0.0030000000260770325 0.24566179513931277 1.4670542478561404
decision_type=2 2 2 2 2 2
left_child=1 3 4 -1 -3 -2
right_child=5 2 -4 -5 -6 -7
leaf_value=0.0072252851140708653 0.010510268752915492 -0.011977796202540192 0 -0.00054308083553423548 0 0
leaf_weight=3.2552088834345367 6.0056296288967124 15.209778439253574 1.6985788792371739 3.1262344345450401 1.1389687061309803 1.6183375716209409
leaf_count=16 34 136 10 21 12 10
internal_value=0 -0.00470298 -0.00893354 0.00174857 -0.0110545 0.00933496
internal_weight=32.0527 24.4288 18.0473 6.38144 16.3487 7.62397
internal_count=239 195 158 37 148 44
is_linear=0
shrinkage=0.03


Tree=116
num_leaves=7
num_cat=0
split_feature=58 3 56 54 22 43
split_gain=3.11336 2.06367 0.695734 0.364032 0.549768 0.311082
threshold=0.011799999978393318 0.83333334326744091 -0.55636668205261219 0.069159060716629042 0.019397587515413765 0.47819931805133825
decision_type=2 2 2 2 2 2
left_child=1 3 -3 -1 -5 -2
right_child=5 2 -4 4 -6 -7
leaf_value=0.0016599949966669316 -0.010420276492592789 0 0.014024114529796707 0 -0.0067797594265038208 0
leaf_weight=2.567665830254561 6.9120244905352584 1.7255084216594685 8.9607005119323713 1.6961827278137187 7.1388420537114143 1.032229535281658
leaf_count=12 78 12 53 8 57 8
internal_value=0 0.00623047 0.0122475 0 -0.00394411 -0.00931309
internal_weight=30.0332 22.0889 10.6862 11.4027 8.83502 7.94425
internal_count=228 142 65 77 65 86
is_linear=0
shrinkage=0.03


Tree=117
num_leaves=7
num_cat=0
split_feature=58 0 19 62 53 47
split_gain=2.37862 1.60528 1.0393 0.236955 0.132855 0.379931
threshold=0.011799999978393318 0.83333334326744091 0.69315171241760265 0.37680000066757208 -0.22608545422554013 0.085297085344791426
decision_type=2 2 2 2 2 2
left_child=1 4 -3 -2 5 -1
right_child=3 2 -4 -5 -6 -7
leaf_value=0 -0.0080667275702945313 0.014011090670600605 0 0 0.0013380840315066697 -0.0048966444731610827
leaf_weight=2.723278462886813 6.5726396627724162 8.6945691257715207 1.9412366598844517 1.0111964568495748 1.6343839764595056 8.3790162652730924
leaf_count=14 75 52 11 7 7 69
internal_value=0.000589197 0.00621684 0.0115116 -0.0070144 0 -0.00216311
internal_weight=30.9563 23.3725 10.6358 7.58384 12.7367 11.1023
internal_count=235 153 63 82 90 83
is_linear=0
shrinkage=0.03


Tree=118
num_leaves=7
num_cat=0
split_feature=58 24 2 62 50 60
split_gain=2.97027 1.89564 1.31119 0.941595 0.428408 0.365711
threshold=1.0000000180025095e-35 0.63725516200065624 1.7250000238418581 0.83859997987747203 0.25274411588907247 0.31399999558925634
decision_type=2 2 2 2 2 2
left_child=1 2 5 4 -2 -1
right_child=3 -3 -4 -5 -6 -7
leaf_value=0.015402052569304301 -0.010062021900865156 -0.00085455541073148399 0 0 0 0
leaf_weight=11.546198375523096 10.086300425231455 2.8186219595372668 1.5902370437979687 1.2797036617994297 1.6795582845807064 2.4548518285155287
leaf_count=63 99 27 13 8 14 17
internal_value=0.000888317 0.00818937 0.0118639 -0.00589413 -0.00870158 0.0141155
internal_weight=31.4555 18.4099 15.5913 13.0456 11.7659 14.0011
internal_count=241 120 93 121 113 80
is_linear=0
shrinkage=0.03


Tree=119
num_leaves=7
num_cat=0
split_feature=68 60 45 7 4 0
split_gain=2.77925 2.50006 1.5125 0.71099 0.488246 0.354862
threshold=667.86233520507824 0.0030000000260770325 0.068887352943420424 371.50000000000006 0.012527989223599436 3.5000000000000004
decision_type=8 2 2 2 10 2
left_child=1 3 -2 -1 -3 -4
right_child=2 4 5 -5 -6 -7
leaf_value=0.015337648416334178 0.00019748760478841576 -0.0053488529006098058 -0.011920135014769039 0 0.00081252642927988653 0
leaf_weight=8.4845654070377403 3.5547024682164183 5.4153776615858069 9.0973317176103556 1.7217768803238858 1.8867202401161192 0.8447366803884514
leaf_count=49 20 38 100 11 11 4
internal_value=0 0.00730489 -0.00663189 0.0135473 -0.000739582 -0.010957
internal_weight=31.0052 17.5084 13.4968 10.2063 7.3021 9.94207
internal_count=233 109 124 60 49 104
is_linear=0
shrinkage=0.03


Tree=120
num_leaves=7
num_cat=0
split_feature=58 32 47 62 52 18
split_gain=3.16131 2.51495 1.07324 0.269702 0.139296 0.13048
threshold=0.011799999978393318 0.17417489737272265 0.090125467628240599 0.37680000066757208 -0.37571489810943598 0.91015791893005382
decision_type=2 2 2 2 2 2
left_child=1 -1 -3 5 -4 -2
right_child=3 2 4 -5 -6 -7
leaf_value=0.014137752660790311 -0.0095248722413112108 0.0043341259037277882 -0.0071379241137027889 0 0 0
leaf_weight=10.127657964825636 6.3234275318682176 5.1386894658207876 5.8372330144047755 1.0146103352308271 1.7878861278295497 0.80423174053430546
leaf_count=56 72 29 53 7 13 9
internal_value=0.000925553 0.00731413 0 -0.00785975 -0.00621841 -0.00892228
internal_weight=31.0337 22.8915 12.7638 8.14227 7.62512 7.12766
internal_count=239 151 95 88 66 81
is_linear=0
shrinkage=0.03


Tree=121
num_leaves=7
num_cat=0
split_feature=58 60 28 62 2 50
split_gain=2.26595 1.74007 1.46391 0.913204 0.633074 0.272117
threshold=0.005799999926239253 0.25939999520778662 0.520310938358307 0.55140000581741344 1.4670542478561404 0.24409358203411105
decision_type=2 2 2 2 2 2
left_child=1 2 4 5 -1 -2
right_child=3 -3 -4 -5 -6 -7
leaf_value=0.015449661939138746 -0.0097806872849522143 -0.00067717682888793738 0 0 0 0
leaf_weight=11.087485030293474 6.8122617341577989 4.0947473421692839 3.2565787695348254 1.6191085278987882 2.7657141685485831 0.96923429891467083
leaf_count=57 75 33 30 10 17 10
internal_value=0.00147777 0.00713042 0.0107727 -0.00528315 0.0136795 -0.0087564
internal_weight=30.6051 21.2045 17.1098 9.4006 13.8532 7.7815
internal_count=232 137 104 95 74 85
is_linear=0
shrinkage=0.03


Tree=122
num_leaves=7
num_cat=0
split_feature=68 60 6 11 6 53
split_gain=2.24638 2.64245 1.58366 1.15383 0.663248 0.318267
threshold=752.01473999023449 0.31399999558925634 192.00000000000003 5.6070852279663095 264.00000762939459 -0.44541835784912104
decision_type=8 2 2 2 2 2
left_child=1 2 5 4 -2 -1
right_child=3 -3 -4 -5 -6 -7
leaf_value=0 -0.011867342515743284 -0.0038469689084918088 0 0 0 0.015314363553936417
leaf_weight=1.9894980750977982 9.5821126326918584 3.7130263149738303 1.2406861707568158 2.2288516610860816 1.0980390235781659 10.408047884702688
leaf_count=15 93 28 9 15 12 61
internal_value=0 0.00573404 0.0114047 -0.00699971 -0.0102221 0.0141742
internal_weight=30.2603 17.3513 13.6382 12.909 10.6802 12.3975
internal_count=233 113 85 120 105 76
is_linear=0
shrinkage=0.03


Tree=123
num_leaves=7
num_cat=0
split_feature=58 55 32 45 47 23
split_gain=3.1447 1.26461 1.29314 0.622427 0.423628 0.154578
threshold=0.011799999978393318 0.14269554615020755 0.63724035024642955 0.54991295933723461 0.16693903505802157 0.89744064211845409
decision_type=2 2 2 2 2 2
left_child=1 2 3 -1 -2 -6
right_child=4 -3 -4 -5 5 -7
leaf_value=0.013384652276913062 0 0 0 0 -0.010343412903995661 0
leaf_weight=14.631803233176482 0.70758831501006891 3.8541430532932273 2.1203979663550845 1.9405022189021099 6.8534659817814827 0.79236375913023938
leaf_count=87 4 22 23 13 77 9
internal_value=0.000274212 0.00690234 0.00968031 0.012041 -0.00835996 -0.00971072
internal_weight=30.9003 22.5468 18.6927 16.5723 8.35342 7.64583
internal_count=235 145 123 100 90 86
is_linear=0
shrinkage=0.03


Tree=124
num_leaves=7
num_cat=0
split_feature=1 14 54 61 43 46
split_gain=1.64989 1.1527 1.02222 1.53742 0.606211 0.466614
threshold=0.83333334326744091 12.59736490249634 0.069159060716629042 1.0000000180025095e-35 0.15180068463087085 0.20967218279838565
decision_type=2 2 2 2 2 2
left_child=2 -2 -1 4 -4 -5
right_child=1 -3 3 5 -6 -7
leaf_value=0.0029351207019270159 0.011977853015191726 0 0 -0.00091044558689139319 -0.011909677992149372 0.0055058527614831772
leaf_weight=3.0069431066513088 7.0731131955981237 4.2459098771214485 1.5649689063429857 2.6008258685469618 10.220667924731968 3.5271694287657738
leaf_count=14 45 38 9 18 102 19
internal_value=0.00117773 0.0081384 -0.00206192 -0.00580121 -0.0103251 0.000186399
internal_weight=32.2396 11.319 20.9206 17.9136 11.7856 6.128
internal_count=245 83 162 148 111 37
is_linear=0
shrinkage=0.03


Tree=125
num_leaves=7
num_cat=0
split_feature=68 60 11 54 4 7
split_gain=1.94827 1.53976 1.4951 1.27375 0.72857 0.200995
threshold=385.15440368652349 0.34340000152587896 5.6070852279663095 0.069159060716629042 0.0050959466025233277 357.50000000000006
decision_type=8 2 2 2 8 2
left_child=1 5 3 -2 -5 -1
right_child=2 -3 -4 4 -6 -7
leaf_value=0.012431868438962696 0 -9.2902339717110209e-05 0.0028061802454908149 0 -0.012486270922003297 0
leaf_weight=9.3606121167540532 2.3694929331541088 2.1740182787179938 4.0254918895661822 1.0663954466581316 11.658236913383007 1.594998113811015
leaf_count=57 11 15 27 11 114 10
internal_value=0.000524707 0.00785091 -0.0034142 -0.0079213 -0.0109424 0.0115826
internal_weight=32.2492 13.1296 19.1196 15.0941 12.7246 10.9556
internal_count=245 82 163 136 125 67
is_linear=0
shrinkage=0.03


Tree=126
num_leaves=7
num_cat=0
split_feature=62 30 60 68 9 61
split_gain=1.65391 1.35087 1.12791 1.17466 0.415795 0.0657034
threshold=0.0010000000183936211 0.12004877626895906 0.0061999999452382335 11.441227912902834 0.5000000149011613 0.0022000001044943933
decision_type=2 2 2 10 2 2
left_child=1 -1 3 -2 -4 -3
right_child=2 5 4 -5 -6 -7
leaf_value=0.00078219169643165118 0 -0.010123738513982098 -0.0047266893247828014 0.013503415262043017 0.0021053616356507001 0
leaf_weight=3.7859862968325642 4.7376820370554942 7.3621957972645742 4.1533747576177111 6.715257816016674 3.0865570195019245 0.8524438589811324
leaf_count=22 28 89 30 39 21 6
internal_value=2.64174e-05 -0.00482867 0.00583102 0.00963296 0 -0.00971839
internal_weight=30.6935 12.0006 18.6929 11.4529 7.23993 8.21464
internal_count=235 117 118 67 51 95
is_linear=0
shrinkage=0.03


Tree=127
num_leaves=7
num_cat=0
split_feature=19 35 30 51 4 23
split_gain=1.61494 0.826444 0.695569 0.936737 0.311769 0.265224
threshold=0.44250741600990301 0.36522072553634649 0.15509434044361117 -0.3978706151247024 0.0085945865139365214 0.92635458707809459
decision_type=2 2 2 2 8 2
left_child=1 -1 -2 5 -3 -4
right_child=2 4 3 -5 -6 -7
leaf_value=0 5.8026723018255092e-05 0 -0.010736597595075668 0 0.011171566565330198 0
leaf_weight=7.8326254896819654 2.5046279430389395 1.7333538830280275 6.6058318838477126 2.3532058224081984 9.1544003002345562 0.96099770441651333
leaf_count=54 15 16 71 15 59 11
internal_value=0.00170211 0.00689691 -0.00303453 -0.00646454 0.0100506 -0.00976628
internal_weight=31.145 18.7204 12.4247 9.92004 10.8878 7.56683
internal_count=241 129 112 97 75 82
is_linear=0
shrinkage=0.03


Tree=128
num_leaves=6
num_cat=0
split_feature=0 54 48 30 32
split_gain=2.15076 1.50239 1.62226 0.319433 0.287672
threshold=3.5000000000000004 0.069159060716629042 -0.19895818084478376 0.84942904114723217 0.289321318268776
decision_type=2 2 2 2 2
left_child=1 -1 4 -4 -3
right_child=-2 2 3 -5 -6
leaf_value=0.0042613333754762421 0.010273718486044602 0.0041557321272423448 -0.011683355959970564 0 -0.00059441896188592712
leaf_weight=2.9591781198978486 5.9435998126864424 4.7285177931189617 12.851922478526822 1.6261371597647674 2.8541001491248608
leaf_count=14 40 26 111 17 31
internal_value=0.000227241 -0.00269823 -0.00654119 -0.0107558 0
internal_weight=30.9635 25.0199 22.0607 14.4781 7.58262
internal_count=239 199 185 128 57
is_linear=0
shrinkage=0.03


Tree=129
num_leaves=7
num_cat=0
split_feature=58 17 62 35 16 68
split_gain=1.56516 1.30401 0.97112 0.911485 0.416332 0.103406
threshold=1.0000000180025095e-35 0.51415646076202404 0.89659997820854198 0.36522072553634649 0.7655409872531892 171.88907623291018
decision_type=2 2 2 2 2 10
left_child=1 3 4 -1 -2 -3
right_child=2 5 -4 -5 -6 -7
leaf_value=0 -0.0096734013672075299 -0.0026361194854853933 0.0006638297827771222 0.013459616527538316 0 0
leaf_weight=5.4767409265041405 7.8119344152510148 3.3923652470111838 1.2678890228271473 6.4609436765313148 3.080746341496706 2.8441080711781979
leaf_count=33 76 27 7 39 30 20
internal_value=0.000248751 0.0059222 -0.004369 0.00992675 -0.00786398 0
internal_weight=30.3347 18.1742 12.1606 11.9377 10.8927 6.23647
internal_count=232 119 113 72 106 47
is_linear=0
shrinkage=0.03


Tree=130
num_leaves=7
num_cat=0
split_feature=0 47 58 53 19 33
split_gain=1.5605 1.59611 1.01689 0.925072 0.728314 0.710216
threshold=1.1666666865348818 0.085297085344791426 0.01480000000447035 -0.22608545422554013 0.69315171241760265 0.23355001211166385
decision_type=2 2 2 2 2 2
left_child=1 -1 4 5 -2 -3
right_child=2 3 -4 -5 -6 -7
leaf_value=0.0032785997614603662 0.012312190835676062 0 0 0 0 -0.011713096744924949
leaf_weight=3.0839193612337175 7.0218765363097173 1.5497109182179034 1.8455399870872486 1.5794618129730178 2.0709237605333328 13.050188317894934
leaf_count=15 43 14 21 9 12 122
internal_value=0 -0.003673 0.00694411 -0.00803613 0.0100407 -0.0101277
internal_weight=30.2016 19.2633 10.9383 16.1794 9.0928 14.5999
internal_count=236 160 76 145 55 136
is_linear=0
shrinkage=0.03


Tree=131
num_leaves=7
num_cat=0
split_feature=1 54 48 53 39 68
split_gain=1.89119 1.19741 1.70187 0.723903 0.520649 0.336962
threshold=0.83333334326744091 0.069159060716629042 -0.19895818084478376 -0.48418669402599329 0.20778678357601169 313.60475158691412
decision_type=2 2 2 2 2 8
left_child=1 -1 5 -2 -4 -3
right_child=3 2 4 -5 -6 -7
leaf_value=0.0030923319477390706 0 0.004843024757676547 -0.012696570427188752 0.011328559010431841 0 -0.00022754316033693156
leaf_weight=3.009182006120688 2.8980147987604141 2.9001982137560907 9.4858554303646034 7.2244077324867231 1.0975937284529198 3.3947347179055214
leaf_count=14 27 15 89 49 7 35
internal_value=0.0010555 -0.00250565 -0.00651514 0.00880204 -0.0113948 0
internal_weight=30.01 19.8876 16.8784 10.1224 10.5834 6.29493
internal_count=236 160 146 76 96 50
is_linear=0
shrinkage=0.03


Tree=132
num_leaves=7
num_cat=0
split_feature=68 47 58 32 4 0
split_gain=2.24037 1.09128 1.08368 0.820747 0.51165 0.42487
threshold=697.16046142578136 0.077529683709144606 0.045199999585747726 0.27426053583621984 0.0050959466025233277 3.1666666269302373
decision_type=8 2 2 2 8 2
left_child=2 -2 3 -1 -3 -6
right_child=1 4 -4 -5 5 -7
leaf_value=0.012659734825117359 0.00020116624430213664 0 0 0 -0.011508981768894061 0
leaf_weight=9.2509747445583397 2.12568575143814 1.1018881425261469 2.2072920426726332 5.5213513746857634 8.6635869517922384 1.1461788564920432
leaf_count=52 10 11 19 40 97 6
internal_value=0.000255092 -0.00530192 0.00712946 0.00973289 -0.00882672 -0.0102708
internal_weight=30.017 13.0373 16.9796 14.7723 10.9117 9.80977
internal_count=235 124 111 92 114 103
is_linear=0
shrinkage=0.03


Tree=133
num_leaves=7
num_cat=0
split_feature=68 60 6 0 44 44
split_gain=2.77298 2.41429 1.65468 0.980508 0.603471 0.264895
threshold=752.01473999023449 0.31399999558925634 192.00000000000003 2.5000000000000004 0.062766630202531828 0.65886381268501293
decision_type=8 2 2 2 2 2
left_child=1 2 -1 4 -2 -6
right_child=3 -3 -4 -5 5 -7
leaf_value=0.014983724569552593 0 -0.0022029762922851281 0 0 -0.011778197895007692 0
leaf_weight=12.835751738399273 0.86364840716123481 3.7685814648866645 1.6132458820939053 2.444990634918212 8.9440361447632295 1.3648802712559689
leaf_count=81 5 27 11 13 101 8
internal_value=0 0.00736748 0.0121978 -0.00638897 -0.00933873 -0.0108473
internal_weight=31.8351 18.2176 14.449 13.6176 11.1726 10.3089
internal_count=246 119 92 127 114 109
is_linear=0
shrinkage=0.03


Tree=134
num_leaves=6
num_cat=0
split_feature=68 60 54 0 4
split_gain=2.52029 2.5558 1.71457 1.12675 0.604496
threshold=385.15440368652349 0.21280000358819964 0.069159060716629042 3.1666666269302373 0.0050959466025233277
decision_type=8 2 2 2 8
left_child=1 -1 -2 4 -4
right_child=2 -3 3 -5 -6
leaf_value=0.014704520057835966 0.0040190021951142874 -0.0014343353520295142 0 0 -0.012076044988282335
leaf_weight=10.446879342198374 3.082758970558646 2.6244071796536437 1.1979941651225061 1.8056801557540882 11.638995416462421
leaf_count=65 15 18 12 10 121
internal_value=0.00188061 0.00964636 -0.00309576 -0.00805152 -0.0106938
internal_weight=30.7967 13.0713 17.7254 14.6427 12.837
internal_count=241 83 158 143 133
is_linear=0
shrinkage=0.03


Tree=135
num_leaves=7
num_cat=0
split_feature=58 30 60 59 56 53
split_gain=2.03583 1.73827 1.00097 0.447651 0.365691 0.347389
threshold=0.011799999978393318 0.3257004469633103 0.31399999558925634 0.002600000007078052 -0.37773197889327997 -0.49601510167121882
decision_type=2 2 2 2 2 2
left_child=1 2 5 -2 -3 -1
right_child=3 4 -4 -5 -6 -7
leaf_value=0 0 -0.0046573640749053759 0 -0.0075065046123648973 0.0010492624600995869 0.014796811835316824
leaf_weight=2.1040364205837276 1.3160811513662327 4.5050781220197678 1.6506185457110394 6.2263428382575512 3.1626377627253524 9.0327851027250308
leaf_count=12 12 47 10 73 21 52
internal_value=0.00134139 0.00675383 0.0113849 -0.00539943 0 0.013504
internal_weight=27.9976 20.4552 12.7874 7.54242 7.66772 11.1368
internal_count=227 142 74 85 68 64
is_linear=0
shrinkage=0.03


Tree=136
num_leaves=7
num_cat=0
split_feature=32 58 60 41 68 37
split_gain=2.62508 1.18337 1.27077 0.942066 0.422916 0.388192
threshold=0.27426053583621984 0.045199999585747726 0.21280000358819964 0.45492838323116308 667.86233520507824 0.86705854535102855
decision_type=2 2 2 2 8 2
left_child=1 2 4 5 -1 -2
right_child=3 -3 -4 -5 -6 -7
leaf_value=0.014555197611400566 -0.010521919185088848 0 0 0 0 0
leaf_weight=8.3308506831526792 10.4649546071887 1.6237934678792942 2.0177636891603461 1.2097065076231945 4.0789000391960153 1.5911463610827912
leaf_count=47 110 16 12 7 25 14
internal_value=0 0.00704808 0.00982737 -0.00677673 0.0125023 -0.00932115
internal_weight=29.3171 16.0513 14.4275 13.2658 12.4098 12.0561
internal_count=231 100 84 131 72 124
is_linear=0
shrinkage=0.03


Tree=137
num_leaves=7
num_cat=0
split_feature=58 60 28 62 2 22
split_gain=1.98678 1.82961 1.01525 0.629748 0.371116 0.140315
threshold=0.011799999978393318 0.25939999520778662 0.520310938358307 0.65939998626708995 1.9439166784286501 0.87604647874832164
decision_type=2 2 2 2 2 2
left_child=1 2 4 5 -1 -2
right_child=3 -3 -4 -5 -6 -7
leaf_value=0.013904650167139775 -0.0087265182825346788 -0.0013464526066653041 0 0 0 0
leaf_weight=11.807689316570768 5.8057983741164199 4.182847771793603 4.0509267337620249 0.84718021377921093 1.6458399966359127 0.75932304561138142
leaf_count=66 69 35 34 5 11 9
internal_value=0.00133904 0.00652139 0.0103889 -0.00541511 0.0128659 -0.00806461
internal_weight=29.0996 21.6873 17.5045 7.4123 13.4535 6.56512
internal_count=229 146 111 83 77 78
is_linear=0
shrinkage=0.03


Tree=138
num_leaves=7
num_cat=0
split_feature=0 58 54 49 55 68
split_gain=1.93406 1.89778 1.21565 1.0206 0.72162 0.317388
threshold=0.83333334326744091 0.009599999990314247 0.069159060716629042 0.0070755204651504764 0.14269554615020755 313.60475158691412
decision_type=2 2 2 2 2 8
left_child=2 4 -1 5 -2 -4
right_child=1 -3 3 -5 -6 -7
leaf_value=0.002068183304482568 0.014395749323038051 -0.00074106272705201312 0.0041258968412648438 -0.011331366288983048 0 -0.0023063743453661171
leaf_weight=2.3559549897909227 7.9979385733604413 3.0779274627566329 2.588273547589778 8.1478301845490915 1.9650862812995908 3.4149703159928322
leaf_count=11 52 37 14 75 10 36
internal_value=0.000485506 0.00773788 -0.00373815 -0.00764528 0.012422 0
internal_weight=29.548 13.041 16.507 14.1511 9.96302 6.00324
internal_count=235 99 136 125 62 50
is_linear=0
shrinkage=0.03


Tree=139
num_leaves=7
num_cat=0
split_feature=58 0 17 62 21 26
split_gain=2.22461 1.77409 0.850703 0.586414 0.23733 0.204305
threshold=0.011799999978393318 0.83333334326744091 0.78189149498939525 0.55140000581741344 0.27929142117500311 0.52387118339538585
decision_type=2 2 2 2 2 2
left_child=1 4 -3 -2 5 -1
right_child=3 2 -4 -5 -6 -7
leaf_value=0.0041331518495413598 -0.0078029056467790485 0.014841565134373331 0 0 -0.0031715466231374292 0
leaf_weight=3.7590917944908195 6.4537810422480097 8.4613121822476369 1.5759367123246182 1.0151672400534151 6.1477237492799759 2.378905426710844
leaf_count=19 80 55 10 7 46 23
internal_value=0.00210353 0.00726114 0.012835 -0.00520913 0 0.0017807
internal_weight=29.7919 22.323 10.0372 7.46895 12.2857 6.138
internal_count=240 153 65 87 88 42
is_linear=0
shrinkage=0.03


Tree=140
num_leaves=7
num_cat=0
split_feature=58 3 56 54 39 42
split_gain=1.87719 1.67482 1.29661 0.53581 0.748997 0.266615
threshold=0.011799999978393318 0.83333334326744091 -0.54589617252349842 0.069159060716629042 0.039325240999460227 0.40237547457218176
decision_type=2 2 2 2 2 2
left_child=1 3 -3 -1 -5 -2
right_child=5 2 -4 4 -6 -7
leaf_value=0.0019722342911462653 -0.0084110047272361391 0 0.013277436621545031 0 -0.0083383556283549379 0
leaf_weight=2.1879263222217622 6.8865349143743506 2.2325252443552044 9.3285303711891121 2.5336712338030321 5.9728905968368053 0.90524889528751362
leaf_count=10 86 17 60 19 47 6
internal_value=0 0.00477286 0.0101938 -0.000282086 -0.00485639 -0.00732521
internal_weight=30.0473 22.2555 11.5611 10.6945 8.50656 7.79178
internal_count=245 153 77 76 66 92
is_linear=0
shrinkage=0.03


Tree=141
num_leaves=7
num_cat=0
split_feature=68 60 11 47 7 55
split_gain=2.02439 1.69934 1.01219 0.624677 0.607313 0.356747
threshold=667.86233520507824 0.21280000358819964 5.6070852279663095 0.070282794535160079 388.00000000000006 0.14431183785200122
decision_type=8 2 2 2 2 2
left_child=1 4 3 -2 5 -1
right_child=2 -3 -4 -5 -6 -7
leaf_value=0.014079501896643346 0 -0.00056702629654032169 0.00031201227654705611 -0.0099166749664029649 0 0
leaf_weight=8.6942563802003878 1.1108376681804646 3.2585230767726889 2.3849276639521113 10.17832440882921 1.7095519974827755 1.4763096272945393
leaf_count=55 5 25 17 108 12 9
internal_value=0.000297403 0.00722708 -0.00465217 -0.00817318 0.0113892 0.012954
internal_weight=28.8127 15.1386 13.6741 11.2892 11.8801 10.1706
internal_count=231 101 130 113 76 64
is_linear=0
shrinkage=0.03


Tree=142
num_leaves=7
num_cat=0
split_feature=12 60 55 58 51 58
split_gain=2.13998 1.03736 0.548144 0.473198 0.23392 0.218582
threshold=0.50757575035095226 0.31399999558925634 0.14797452092170718 0.00059999998484272521 -0.64645934104919422 0.018600000068545345
decision_type=2 2 2 2 2 2
left_child=3 2 5 -1 -5 -2
right_child=1 -3 -4 4 -6 -7
leaf_value=0 0.01247253725931049 0 0 0 -0.0086047909339683933 0
leaf_weight=7.6404213719069958 9.4297535791993123 2.138920985162259 2.4556835219264022 0.57540808618068684 5.812765222042799 1.8968110233545292
leaf_count=60 57 13 14 7 73 13
internal_value=0.000428156 0.00734625 0.00990344 -0.00471599 -0.00765483 0.011511
internal_weight=29.9498 15.9212 13.7822 14.0286 6.38817 11.3266
internal_count=237 97 84 140 80 70
is_linear=0
shrinkage=0.03


Tree=143
num_leaves=7
num_cat=0
split_feature=68 60 11 6 52 55
split_gain=1.81936 1.78707 0.806081 0.54423 0.479089 0.196041
threshold=752.01473999023449 0.34340000152587896 5.6070852279663095 185.75000000000003 -0.3264156281948089 0.16589002311229709
decision_type=8 2 2 2 2 2
left_child=1 3 4 -1 5 -2
right_child=2 -3 -4 -5 -6 -7
leaf_value=0.012387093931001802 -0.0098781716487067288 -0.0010717597315920578 0 0 0 0
leaf_weight=11.850648995488887 7.6935865953564644 3.3303864374756804 2.3220887668430796 1.4048975482583035 0.90432929247617444 0.72216691076755513
leaf_count=78 85 24 17 9 6 10
internal_value=0.000823205 0.0069113 -0.00426361 0.0110954 -0.00761009 -0.00917448
internal_weight=28.2281 16.5859 11.6422 13.2555 9.32008 8.41575
internal_count=229 111 118 87 101 95
is_linear=0
shrinkage=0.03


Tree=144
num_leaves=7
num_cat=0
split_feature=58 60 68 56 19 26
split_gain=1.9107 1.99218 1.84674 0.494878 0.200467 0.188687
threshold=0.011799999978393318 0.16399999707937243 1.0000000180025095e-35 -0.38683703541755671 0.81449943780899059 0.16030008345842364
decision_type=2 2 10 2 2 2
left_child=1 2 5 4 -2 -1
right_child=3 -3 -4 -5 -6 -7
leaf_value=0.0015804645727416173 -0.0090028111324070084 -0.002439879691216615 0.014678743595417272 0 0 -0.0030904512196279661
leaf_weight=2.8906039148569205 6.0493133738636971 4.0342267006635657 10.510763481259344 1.622961625456808 0.66359635442495335 4.4090935327112675
leaf_count=15 76 33 66 13 9 38
internal_value=0.000284281 0.00573637 0.00995722 -0.00606736 -0.00818762 0
internal_weight=30.1806 21.8447 17.8105 8.33587 6.71291 7.2997
internal_count=250 152 119 98 85 53
is_linear=0
shrinkage=0.03


Tree=145
num_leaves=7
num_cat=0
split_feature=0 47 47 56 14 48
split_gain=1.46497 1.03277 1.16052 1.08466 0.374536 0.170626
threshold=1.8333333134651186 0.085297085344791426 0.8206942379474641 -0.2745461761951446 8.2942690849304217 -0.34321959316730494
decision_type=2 2 2 2 2 2
left_child=1 -1 3 -3 -2 -4
right_child=4 2 5 -5 -6 -7
leaf_value=0.0011717870973105655 0.0089003127625313563 -0.012107619429188546 0 0 0 0.0035204083983231388
leaf_weight=3.7690677568316522 5.3146307021379462 13.013539794832473 1.6465763151645658 0.97984340786933444 2.2571742311120033 2.3908604383468619
leaf_count=19 39 134 16 5 15 15
internal_value=0 -0.00372989 -0.00694751 -0.00999609 0.00706094 0
internal_weight=29.3717 21.7999 18.0308 13.9934 7.5718 4.03744
internal_count=243 189 170 139 54 31
is_linear=0
shrinkage=0.03


Tree=146
num_leaves=7
num_cat=0
split_feature=68 54 60 0 4 52
split_gain=1.96379 1.99746 1.75311 0.823206 0.725026 0.161784
threshold=385.15440368652349 0.079683117568492903 0.34340000152587896 3.1666666269302373 0.0050959466025233277 -0.38562110066413874
decision_type=8 2 2 2 8 2
left_child=2 5 -1 4 -3 -2
right_child=1 3 -4 -5 -6 -7
leaf_value=0.012391901142094633 0 0 -0.00051221096313997243 0 -0.013490999993672585 0.0046347101381743307
leaf_weight=8.9847517162561434 1.4580283910036085 1.1601405292749358 2.3064044490456572 0.91053132712841112 9.1180199086666107 3.2305546700954428
leaf_count=57 9 12 16 5 107 18
internal_value=0.000102923 -0.00406257 0.00793539 -0.00992263 -0.0118074 0.00307172
internal_weight=27.1684 15.8773 11.2912 11.1887 10.2782 4.68858
internal_count=224 151 73 124 119 27
is_linear=0
shrinkage=0.03


Tree=147
num_leaves=7
num_cat=0
split_feature=68 60 6 11 43 5
split_gain=1.53896 1.17343 0.951181 0.917069 0.452507 0.219375
threshold=697.16046142578136 0.026600000448524955 192.00000000000003 5.6070852279663095 0.14653412997722629 0.69680365920066845
decision_type=8 2 2 2 2 2
left_child=1 2 -1 4 -2 -6
right_child=3 -3 -4 -5 5 -7
leaf_value=0.012290043246040223 0 0 0 0.00010077948606360869 -0.0099708189508275844 0
leaf_weight=9.0326942428946513 0.93907872587442298 5.4512594714760771 1.2555357962846745 2.3698858208954325 8.6320474147796595 0.70542590320110399
leaf_count=60 6 40 9 17 103 6
internal_value=0 0.00611552 0.0099751 -0.00431888 -0.00784422 -0.00925097
internal_weight=28.3859 15.7395 10.2882 12.6464 10.2766 9.33747
internal_count=241 109 69 132 115 109
is_linear=0
shrinkage=0.03


Tree=148
num_leaves=7
num_cat=0
split_feature=62 31 5 60 68 31
split_gain=1.63399 1.08909 1.0742 1.02888 0.911084 0.0224914
threshold=0.0010000000183936211 0.15461797267198565 0.73926940560340892 0.077600002288818373 1.0000000180025095e-35 0.58823850750923168
decision_type=2 2 2 2 10 2
left_child=1 -1 -3 4 -2 -5
right_child=3 2 -4 5 -6 -7
leaf_value=0.0012107254146493448 0 -0.011101642899215501 0 -0.0012272305873554763 0.012722980010540548 0
leaf_weight=2.8545142859220531 3.7396277785301235 7.8960178866982442 1.1120711378753183 3.4402443617582312 8.4971199929714185 1.5391324982047079
leaf_count=18 25 97 7 26 54 12
internal_value=0.00118799 -0.00356273 -0.00807308 0.0067723 0.0098882 0
internal_weight=29.0787 11.8626 9.00809 17.2161 12.2367 4.97938
internal_count=239 122 104 117 79 38
is_linear=0
shrinkage=0.03


Tree=149
num_leaves=7
num_cat=0
split_feature=68 47 4 9 6 19
split_gain=1.43494 0.798333 0.697587 0.700999 0.535206 0.13171
threshold=385.15440368652349 0.085297085344791426 0.0050959466025233277 2.1666666269302373 185.75000000000003 0.50237715244293224
decision_type=8 2 8 2 2 2
left_child=4 -2 -3 -4 5 -1
right_child=1 2 3 -5 -6 -7
leaf_value=0.01009826359370997 0.0011836943908262369 0 -0.010815129521063926 0 0 0
leaf_weight=7.8637977167963999 3.6461517959833136 1.3643056303262682 7.8459296375513077 2.1338075585663319 1.2330769225954998 2.8175607249140739
leaf_count=51 19 13 94 18 8 22
internal_value=0.00126724 -0.00227446 -0.00623088 -0.00853804 0.00746569 0.00907472
internal_weight=26.9046 14.9902 11.344 9.97974 11.9144 10.6814
internal_count=225 144 125 112 81 73
is_linear=0
shrinkage=0.03


Tree=150
num_leaves=7
num_cat=0
split_feature=68 60 51 0 4 54
split_gain=1.89492 1.69066 0.929471 0.66312 0.189306 0.114571
threshold=697.16046142578136 0.0030000000260770325 -0.3978706151247024 3.1666666269302373 0.012527989223599436 0.10234168171882631
decision_type=8 2 2 2 10 2
left_child=1 -1 3 -2 5 -3
right_child=2 4 -4 -5 -6 -7
leaf_value=0.012351078620428174 -0.010131063327401831 0 6.0976200524843218e-05 0 0.00040012910856356351 -0.0044018756202991224
leaf_weight=8.7858645766973513 7.7632444836199266 1.2754693552851666 2.890049770474433 1.512679800391197 1.6344150379300115 4.018365141004324
leaf_count=59 98 8 16 8 11 31
internal_value=0.000869816 0.00723007 -0.00419409 -0.00797637 0 -0.00331939
internal_weight=27.8801 15.7141 12.166 9.27592 6.92825 5.29383
internal_count=231 109 122 106 50 39
is_linear=0
shrinkage=0.03


Tree=151
num_leaves=7
num_cat=0
split_feature=60 68 4 7 26 41
split_gain=1.65454 2.56445 1.20566 0.553485 0.25748 0.294007
threshold=0.0030000000260770325 752.01473999023449 0.011484991759061815 388.00000000000006 0.13431811332702639 0.49817629158496862
decision_type=2 8 10 2 2 2
left_child=1 3 -2 -1 -3 -6
right_child=2 4 -4 -5 5 -7
leaf_value=0.013469346528709994 -0.010461064172182432 0 0 0 -0.0061001551276635936 0
leaf_weight=8.6087368018925243 7.4818911626934987 2.0445494055747968 2.4938897676765919 1.3362793996930111 5.7875392213463783 1.065020754933357
leaf_count=56 71 12 20 9 66 6
internal_value=0 0.0047875 -0.00643825 0.0120122 -0.00219619 -0.0043771
internal_weight=28.8179 18.8421 9.97578 9.94502 8.89711 6.85256
internal_count=240 149 91 65 84 72
is_linear=0
shrinkage=0.03


Tree=152
num_leaves=7
num_cat=0
split_feature=60 58 2 36 1 53
split_gain=1.38728 1.40114 1.47076 1.02225 0.636529 0.299395
threshold=0.0030000000260770325 0.011799999978393318 1.4670542478561404 0.79395568370819103 0.83333334326744091 -0.23700707405805585
decision_type=2 2 2 2 2 2
left_child=1 2 3 -1 5 -2
right_child=4 -3 -4 -5 -6 -7
leaf_value=0.014994551443661512 -0.0091231358169928268 -0.0010063007618585768 0 0 0 0
leaf_weight=8.9917690977454239 5.757970977574586 3.842750057578086 3.4624859802424899 1.9102034606039513 1.7323230281472204 1.0026823505759228
leaf_count=53 60 50 25 16 14 6
internal_value=0 0.00525627 0.00911962 0.0126599 -0.0050372 -0.00788516
internal_weight=26.7002 18.2072 14.3645 10.902 8.49298 6.76065
internal_count=224 144 94 69 80 66
is_linear=0
shrinkage=0.03


Tree=153
num_leaves=7
num_cat=0
split_feature=58 26 60 2 62 21
split_gain=1.64923 1.18277 1.25165 1.13235 0.617656 0.154907
threshold=0.011799999978393318 0.52387118339538585 0.31399999558925634 1.9959999918937685 0.55140000581741344 0.92408251762390148
decision_type=2 2 2 2 2 2
left_child=1 2 3 -1 5 -2
right_child=4 -3 -4 -5 -6 -7
leaf_value=0.014472649220207235 -0.0081855039498834031 0 0 0 0 0
leaf_weight=11.133605673909193 5.5661346577107897 5.5232309736311427 2.4170472510159007 1.4529913663864125 1.0914841964840887 0.70692883804440487
leaf_count=67 72 53 19 11 8 9
internal_value=0.00145175 0.0063127 0.00955125 0.0122826 -0.00447453 -0.00745147
internal_weight=27.8914 20.5269 15.0036 12.5866 7.36455 6.27306
internal_count=239 150 97 78 89 81
is_linear=0
shrinkage=0.03


Tree=154
num_leaves=7
num_cat=0
split_feature=0 54 61 14 37 48
split_gain=1.74206 1.41553 1.40179 0.480231 0.411362 0.196162
threshold=1.8333333134651186 0.069159060716629042 1.0000000180025095e-35 8.2942690849304217 0.86705854535102855 -0.2499921843409538
decision_type=2 2 2 2 2 2
left_child=1 -1 4 -2 -3 -4
right_child=3 2 5 -5 -6 -7
leaf_value=0.0020169042411772517 0.0093285074326762748 -0.01347833009839596 0.0037410515711892097 0 0 -0.00081664518144943009
leaf_weight=2.5036236196756425 5.6048732176423064 9.2499706149101275 1.9743256121873853 2.2145109586417675 1.4964840300381173 3.4338141009211531
leaf_count=12 43 111 10 15 16 23
internal_value=0 -0.00473346 -0.00844483 0.00720774 -0.0122767 0
internal_weight=26.4776 18.6582 16.1546 7.81938 10.7465 5.40814
internal_count=230 172 160 58 127 33
is_linear=0
shrinkage=0.03


Tree=155
num_leaves=7
num_cat=0
split_feature=60 68 1 6 47 4
split_gain=1.55317 2.18437 1.28528 0.507666 0.476356 0.32507
threshold=0.0030000000260770325 752.01473999023449 0.83333334326744091 185.75000000000003 0.073408186435699477 0.0049020785372704276
decision_type=2 8 2 2 2 8
left_child=1 3 -2 -1 -3 -6
right_child=2 4 -4 -5 5 -7
leaf_value=0.012544956731439461 -0.010808461962631756 0 0 0 0 -0.0067615830816758343
leaf_weight=8.2314307913184219 7.5134716108441335 1.6639435291290272 2.0360060930252075 1.3221041187643994 0.95654209703206738 7.1386768221855172
leaf_count=54 72 8 15 8 9 79
internal_value=0 0.00416557 -0.00674431 0.0111071 -0.00177537 -0.00520905
internal_weight=28.8622 19.3127 9.54948 9.55353 9.75916 8.09522
internal_count=245 158 87 62 96 88
is_linear=0
shrinkage=0.03


Tree=156
num_leaves=7
num_cat=0
split_feature=54 32 0 1 58 38
split_gain=1.26557 1.88029 0.922126 0.853261 0.642768 0.288282
threshold=0.070939652621746077 0.17417489737272265 4.8333332538604745 0.5000000149011613 0.018600000068545345 0.11142597720026971
decision_type=2 2 2 2 2 2
left_child=-1 3 5 -2 -5 -3
right_child=1 2 -4 4 -6 -7
leaf_value=0.0079812810300040182 -0.00068051605470678212 0 0 0.0098411820017852893 0 -0.011728454338951547
leaf_weight=4.0491117686033276 2.918570704758169 1.4644092842936505 1.0427169799804676 5.413294605910778 1.2395085170865057 10.888774480670689
leaf_count=24 19 14 8 32 10 124
internal_value=0 -0.00272094 -0.00873233 0.00278973 0.00740958 -0.0108138
internal_weight=27.0164 22.9673 13.3959 9.57137 6.6528 12.3532
internal_count=231 207 146 61 42 138
is_linear=0
shrinkage=0.03


Tree=157
num_leaves=7
num_cat=0
split_feature=0 54 57 14 30 47
split_gain=1.2219 0.764959 0.902058 0.675688 0.258189 0.0132726
threshold=1.5000000000000002 0.069159060716629042 0.65219998359680187 8.2942690849304217 0.84942904114723217 0.8404977321624757
decision_type=2 2 2 2 2 2
left_child=1 -1 4 -2 -3 -4
right_child=3 2 5 -5 -6 -7
leaf_value=0.00021349862897007642 0.0090013627972778624 -0.01014192889433317 0.00095746539331539437 0 0 0
leaf_weight=2.1112983971834245 5.90665505081415 10.913458392024042 3.0302405953407279 2.9599412679672241 1.6210922524332989 1.5511896908283231
leaf_count=10 45 104 25 23 19 14
internal_value=0 -0.00378627 -0.00638915 0.00600668 -0.00922754 0
internal_weight=28.0939 19.2273 17.116 8.8666 12.5346 4.58143
internal_count=240 172 162 68 123 39
is_linear=0
shrinkage=0.03


Tree=158
num_leaves=7
num_cat=0
split_feature=68 6 60 26 14 42
split_gain=1.81481 1.16804 1.05075 0.709532 0.639478 0.0381188
threshold=529.38558959960949 192.00000000000003 0.31399999558925634 0.14372427761554721 12.59736490249634 0.24304043501615527
decision_type=8 2 2 2 2 2
left_child=1 2 -1 5 -5 -2
right_child=3 -3 -4 4 -6 -7
leaf_value=0.012568049614522944 0.0016557341975788667 0 0 0 -0.0099688446076935926 0
leaf_weight=10.502153851091864 2.5141331218183032 1.4288708046078671 2.2117026410996905 3.2179483734071237 6.2215176373720169 2.08640106767416
leaf_count=70 15 11 17 28 83 15
internal_value=0.000401229 0.00717109 0.0100469 -0.00406862 -0.00730211 0
internal_weight=28.1827 14.1427 12.7139 14.04 9.43947 4.60053
internal_count=239 98 87 141 111 30
is_linear=0
shrinkage=0.03


Tree=159
num_leaves=7
num_cat=0
split_feature=68 54 60 4 0 7
split_gain=1.12578 1.30023 1.25178 0.966475 0.594935 0.360417
threshold=385.15440368652349 0.069159060716629042 0.34340000152587896 0.0050959466025233277 3.5000000000000004 357.50000000000006
decision_type=8 2 2 8 2 2
left_child=2 -2 5 -3 -5 -1
right_child=1 3 -4 4 -6 -7
leaf_value=0.010564041413355298 0.0018222260575027408 0 -0.00085412248685725494 -0.012137324800714012 0 0
leaf_weight=8.2368527352809924 2.8084924072027198 1.2927082851529093 1.8843955621123303 10.047143783420323 1.0891521424055106 1.3120768442749966
leaf_count=56 14 12 15 118 6 9
internal_value=0 -0.00408089 0.00525953 -0.00830761 -0.0106954 0.00935498
internal_weight=26.6708 15.2375 11.4333 12.429 11.1363 9.54893
internal_count=230 150 80 136 124 65
is_linear=0
shrinkage=0.03


Tree=160
num_leaves=6
num_cat=0
split_feature=54 0 61 11 55
split_gain=1.63216 1.41099 1.30832 0.656394 0.223255
threshold=0.069159060716629042 3.5000000000000004 1.0000000180025095e-35 5.6070852279663095 0.036864625290036208
decision_type=2 2 2 2 2
left_child=-1 2 3 -2 -4
right_child=1 -3 4 -5 -6
leaf_value=0.0082490312227178637 -0.01254716035776105 0.0026069963735802257 0.0036280485390329169 0 -0.0012866357272093127
leaf_weight=4.3263708427548435 11.862941235303882 3.2876324728131285 3.624131128191947 0.81183008104562837 3.0470623597502708
leaf_count=24 132 25 20 7 21
internal_value=0 -0.00389106 -0.00755198 -0.0112134 0
internal_weight=26.96 22.6336 19.346 12.6748 6.67119
internal_count=229 205 180 139 41
is_linear=0
shrinkage=0.03


Tree=161
num_leaves=7
num_cat=0
split_feature=60 68 56 11 1 7
split_gain=0.906611 2.19726 0.513137 0.446347 0.392168 0.33624
threshold=0.0030000000260770325 752.01473999023449 -0.31618131697177881 5.6070852279663095 0.83333334326744091 388.00000000000006
decision_type=2 8 2 2 2 2
left_child=1 5 4 -3 -2 -1
right_child=2 3 -4 -5 -6 -7
leaf_value=0.011475336923231799 -0.0094231038927305374 -0.0058491919852108453 0 0 0 0
leaf_weight=7.5504842214286381 5.9955199100077152 6.9864381514489633 1.1515579111874084 1.754375673830509 0.98956970497965802 1.1955325379967687
leaf_count=51 64 73 8 14 9 8
internal_value=0 0.00276671 -0.00577823 -0.00309437 -0.00792726 0.010351
internal_weight=25.6235 17.4868 8.13665 8.74081 6.98509 8.74602
internal_count=227 146 81 87 73 59
is_linear=0
shrinkage=0.03


Tree=162
num_leaves=7
num_cat=0
split_feature=54 32 31 4 48 4
split_gain=1.23115 1.33265 0.909677 0.565358 0.13265 0.0330315
threshold=0.069159060716629042 0.17417489737272265 0.69415679574012767 0.0055944493506103763 -0.18684633076190946 0.0054832310415804395
decision_type=2 2 2 10 2 8
left_child=-1 3 5 4 -2 -3
right_child=1 2 -4 -5 -6 -7
leaf_value=0.007983776704488986 0 0 0 0.0061514747044318962 -0.0030686657218486728 -0.010838936830110373
leaf_weight=4.9281261637806919 1.5961579158902166 1.0003682337701292 3.1143256649374953 5.4043021649122238 2.67803703248501 8.13239586353302
leaf_count=27 8 13 38 36 21 89
internal_value=0 -0.00221406 -0.00759056 0.00194032 0 -0.0104779
internal_weight=26.8537 21.9256 12.2471 9.6785 4.27419 9.13276
internal_count=232 205 140 65 29 102
is_linear=0
shrinkage=0.03


Tree=163
num_leaves=7
num_cat=0
split_feature=0 54 54 14 21 68
split_gain=1.65969 1.48894 0.939133 0.932523 0.246434 0.0826581
threshold=0.83333334326744091 0.069159060716629042 0.79003721475601207 12.842658996582033 0.15470241755247119 984.45333862304699
decision_type=2 2 2 2 2 8
left_child=1 -1 4 -2 -3 -5
right_child=3 2 -4 5 -6 -7
leaf_value=0.0009378028153304459 0.0088404527897750999 0 0 0 -0.013171968518573057 -0.0024578423996010376
leaf_weight=2.3411370664835003 6.5624749660491926 1.265870302915572 2.1796935163438311 2.2439376041293144 9.8008659966289979 2.3145949691534042
leaf_count=11 49 15 17 17 101 27
internal_value=-0.000136873 -0.00637306 -0.0100938 0.00464214 -0.012351 0
internal_weight=26.7086 15.5876 13.2464 11.121 11.0667 4.55853
internal_count=237 144 133 93 116 44
is_linear=0
shrinkage=0.03


Tree=164
num_leaves=7
num_cat=0
split_feature=58 49 54 35 62 50
split_gain=2.05264 1.0087 0.707897 0.799366 0.418598 0.435599
threshold=0.005799999926239253 0.14026109874248507 0.81606256961822521 0.36522072553634649 0.70939999818801891 0.25274411588907247
decision_type=2 2 2 2 2 2
left_child=1 2 3 -1 5 -2
right_child=4 -3 -4 -5 -6 -7
leaf_value=0 -0.0084530216486496685 0 0 0.014665605148951386 0 0
leaf_weight=5.1437868215143743 5.9030871391296378 4.0286256559193125 1.8024920448660839 8.1791530400514585 0.80728952959179867 1.052796885371208
leaf_count=35 74 31 15 57 6 11
internal_value=0.00211914 0.00751301 0.010081 0.0116961 -0.00454884 -0.0066254
internal_weight=26.9172 19.1541 15.1254 13.3229 7.76317 6.95588
internal_count=229 138 107 92 91 85
is_linear=0
shrinkage=0.03


Tree=165
num_leaves=7
num_cat=0
split_feature=32 54 24 37 54 2
split_gain=1.59343 1.68593 0.678253 0.36233 0.412484 0.285688
threshold=0.27426053583621984 0.069159060716629042 0.40350414812564855 0.86705854535102855 0.76592186093330394 1.619257986545563
decision_type=2 2 2 2 2 2
left_child=2 -2 5 4 -3 -1
right_child=1 3 -4 -5 -6 -7
leaf_value=0.0096415393251517035 0.0027520555993421621 -0.011903867083352723 0 0 0 0
leaf_weight=9.6101333573460597 2.3808502331376067 8.3454916998743993 2.0938441082835189 1.2179271839559067 1.4355682618916024 1.1874549090862263
leaf_count=62 12 98 19 15 15 11
internal_value=0 -0.00452488 0.00646034 -0.00951779 -0.0106137 0.00867691
internal_weight=26.2713 13.3798 12.8914 10.999 9.78106 10.7976
internal_count=232 140 92 128 113 73
is_linear=0
shrinkage=0.03


Tree=166
num_leaves=7
num_cat=0
split_feature=0 58 53 14 51 55
split_gain=1.36721 1.30192 1.06984 1.13302 0.345215 0.317116
threshold=0.83333334326744091 0.009599999990314247 -0.22608545422554013 14.235917091369631 -0.63066875934600819 0.14797452092170718
decision_type=2 2 2 2 2 2
left_child=2 5 3 4 -1 -2
right_child=1 -3 -4 -5 -6 -7
leaf_value=0 0.010896159543767516 -0.0007773968057274384 0.00045236013586424023 0 -0.01203134329518747 0
leaf_weight=1.7531672380864591 6.7926102355122548 2.7518501840531817 1.8327627778053308 1.4882276542484749 10.566314060240984 1.5711709931492803
leaf_count=17 50 36 10 9 102 9
internal_value=0 0.00507709 -0.00517321 -0.00831648 -0.0109299 0.00964503
internal_weight=26.7561 11.1156 15.6405 13.8077 12.3195 8.36378
internal_count=233 95 138 128 119 59
is_linear=0
shrinkage=0.03


Tree=167
num_leaves=7
num_cat=0
split_feature=68 60 9 4 45 36
split_gain=1.43408 1.85933 0.586863 0.662685 0.611817 0.4762
threshold=752.01473999023449 0.31399999558925634 5.1666667461395273 0.0050959466025233277 0.058614067733287818 0.81128785014152538
decision_type=8 2 2 8 2 2
left_child=1 5 3 -2 -5 -1
right_child=2 -3 -4 4 -6 -7
leaf_value=0.012390119826049867 0 -0.0013608859260835877 0 0 -0.010249036289483034 0
leaf_weight=10.999052181839948 1.3441520668566198 3.5076628588140002 1.4069335460662831 1.3722105547785757 7.861978679895401 1.6338114552199829
leaf_count=76 13 29 8 8 96 12
internal_value=0.00122363 0.00662324 -0.00302398 -0.00595284 -0.00830186 0.0111129
internal_weight=28.1258 16.1405 11.9853 10.5783 9.23419 12.6329
internal_count=242 117 125 117 104 88
is_linear=0
shrinkage=0.03


Tree=168
num_leaves=7
num_cat=0
split_feature=51 68 34 0 54 38
split_gain=1.51979 1.01413 0.645021 0.587964 0.540577 0.538141
threshold=-0.51844158768653859 313.60475158691412 0.84509512782096874 1.8333333134651186 0.27700889110565191 0.4512446820735932
decision_type=2 8 2 2 2 2
left_child=1 4 5 -3 -1 -2
right_child=2 3 -4 -5 -6 -7
leaf_value=-0.00027864631105358162 0 -0.0096089102607604115 0 0 0.0060196483471213367 0.011921828958916966
leaf_weight=1.7317724078893668 4.1503199040889722 6.4262653589248657 1.4432461149990548 1.6486094184219835 4.2948421388864517 7.2083159163594246
leaf_count=13 27 87 14 13 27 51
internal_value=0.00180559 -0.00210851 0.00778228 -0.00739143 0.00142144 0.00958311
internal_weight=26.9034 14.1015 12.8019 8.07487 6.02661 11.3586
internal_count=232 140 92 100 40 78
is_linear=0
shrinkage=0.03


Tree=169
num_leaves=7
num_cat=0
split_feature=62 68 60 30 61 19
split_gain=1.24331 0.667881 0.555578 0.434052 0.202249 0.0245988
threshold=0.0010000000183936211 36.717102050781257 0.31399999558925634 0.12004877626895906 0.0014000000082887711 0.2999271303415299
decision_type=2 10 2 2 2 2
left_child=3 5 -3 -1 -5 -2
right_child=1 2 -4 4 -6 -7
leaf_value=0 0.00012377412659308624 0.010508112854173119 0 -0.0073029575077062907 0 -0.0012831188873089769
leaf_weight=2.833465404808523 4.089458234608176 8.1954397037625295 1.3715435527265061 5.1370140612125397 1.2778598591685293 3.315818015486002
leaf_count=20 24 57 12 80 9 27
internal_value=0.000808791 0.0058022 0.00878216 -0.00349139 -0.0061719 0
internal_weight=26.2206 16.9723 9.56698 9.24834 6.41487 7.40528
internal_count=229 120 69 109 89 51
is_linear=0
shrinkage=0.03


Tree=170
num_leaves=7
num_cat=0
split_feature=51 32 57 58 23 28
split_gain=0.901474 1.62309 0.481817 0.387176 0.272539 0.272143
threshold=-0.4306392222642898 0.17417489737272265 0.0028000000165775423 0.018600000068545345 0.91513192653656017 0.21729622781276706
decision_type=2 2 2 2 2 2
left_child=1 3 -2 5 -3 -1
right_child=2 4 -4 -5 -6 -7
leaf_value=0.0069932448939305095 0.0080622985621349088 -0.0094892461786782959 0 0 0 0
leaf_weight=4.9580867737531724 7.2083272337913495 8.8162956312298739 1.4284900836646555 1.5564402118325231 0.83553044125437814 1.3882185295224188
leaf_count=32 49 103 11 14 12 8
internal_value=0 -0.00214187 0.00606224 0.00277785 -0.00858696 0.00545604
internal_weight=26.1914 17.5546 8.63682 7.90275 9.65183 6.34631
internal_count=229 169 60 54 115 40
is_linear=0
shrinkage=0.03


Tree=171
num_leaves=7
num_cat=0
split_feature=1 60 53 61 54 28
split_gain=1.22394 0.934463 0.744849 0.433714 0.377986 0.0474261
threshold=0.83333334326744091 0.0030000000260770325 -0.48418669402599329 1.0000000180025095e-35 0.069159060716629042 0.84167543053627025
decision_type=2 2 2 2 2 2
left_child=1 3 -2 4 -1 -3
right_child=2 5 -4 -5 -6 -7
leaf_value=0 0 -0.0089375764035897962 0.0092001012904859084 0.0052455450393308952 -0.0049608339528546489 0
leaf_weight=2.174698814749723 2.390502717345953 6.2365201003849497 6.0515144467353803 2.7219260036945343 5.4603598676621914 0.92720963433384884
leaf_count=10 29 60 50 14 58 11
internal_value=0 -0.00387517 0.00610905 0 -0.0015115 -0.00854858
internal_weight=25.9627 17.5207 8.44202 10.357 7.63506 7.16373
internal_count=232 153 79 82 68 71
is_linear=0
shrinkage=0.03


Tree=172
num_leaves=7
num_cat=0
split_feature=58 26 35 56 62 50
split_gain=1.50078 0.738657 0.866005 1.036 0.487957 0.349185
threshold=0.005799999926239253 0.91287019848823558 0.32889331877231603 -0.55636668205261219 0.55140000581741344 0.25274411588907247
decision_type=2 2 2 2 2 2
left_child=1 2 -1 -4 5 -2
right_child=4 -3 3 -5 -6 -7
leaf_value=0 -0.0082334253578869986 0 0 0.012962276466285392 0 0
leaf_weight=6.6971895955503085 5.8747834190726262 1.2483060508966435 1.649588827043776 10.559867225587361 1.3757118135690687 0.91245856508612622
leaf_count=43 81 14 13 78 11 10
internal_value=0.00114118 0.0059787 0.00776443 0.0106564 -0.00421517 -0.00673677
internal_weight=28.3179 20.155 18.9066 12.2095 8.16295 6.78724
internal_count=250 148 134 91 102 91
is_linear=0
shrinkage=0.03


Tree=173
num_leaves=7
num_cat=0
split_feature=68 11 55 30 44 7
split_gain=1.80498 0.99142 0.617348 0.205419 0.203066 0.0741102
threshold=697.16046142578136 5.6070852279663095 0.14269554615020755 0.04593904688954354 0.65886381268501293 376.00000000000006
decision_type=8 2 2 2 2 2
left_child=2 3 5 -2 -5 -1
right_child=1 -3 -4 4 -6 -7
leaf_value=0.0094737590891408076 0 0.00035465449527041418 0 -0.0099175416523193463 0 0
leaf_weight=10.807699237018825 1.0564278066158275 2.4807830974459639 1.5833595357835282 6.7659651860594749 1.1794549673795698 1.2809028699994076
leaf_count=76 8 19 12 89 7 10
internal_value=0.000570951 -0.00426469 0.00725281 -0.00821199 -0.0090393 0.00902928
internal_weight=25.1546 11.4826 13.672 9.00185 7.94542 12.0886
internal_count=221 123 98 104 96 86
is_linear=0
shrinkage=0.03


Tree=174
num_leaves=7
num_cat=0
split_feature=1 42 54 53 43 49
split_gain=1.52136 1.18774 1.26122 0.483924 0.354828 0.17898
threshold=0.83333334326744091 0.23753813654184344 0.069159060716629042 -0.47694244980812067 0.20045726746320727 0.13890706002712253
decision_type=2 2 2 2 2 2
left_child=1 -1 -3 -2 -4 -5
right_child=3 2 4 5 -6 -7
leaf_value=0 0 0 0 0.0086444987923711969 -0.013219515001647595 0
leaf_weight=4.2015331611037317 2.2344099581241608 2.2834948748350135 1.893323816359042 4.5150935016572458 9.4832911267876607 1.2667905092239378
leaf_count=42 28 11 18 35 93 11
internal_value=-8.1855e-05 -0.00562451 -0.00907926 0.0052048 -0.0120141 0.00764999
internal_weight=25.8779 17.8616 13.6601 8.01629 11.3766 5.78188
internal_count=238 164 122 74 111 46
is_linear=0
shrinkage=0.03


Tree=175
num_leaves=7
num_cat=0
split_feature=12 30 51 60 55 59
split_gain=0.80544 0.703872 0.518957 0.481382 0.486017 0.165415
threshold=0.50757575035095226 0.13510000705718997 -0.40207976102828974 0.31399999558925634 0.14269554615020755 0.19579999893903735
decision_type=2 2 2 2 2 2
left_child=1 -1 -3 4 5 -2
right_child=3 2 -4 -5 -6 -7
leaf_value=0 0.0093711911190758595 -0.0088542775237609086 0 0 0 0
leaf_weight=2.2496619671583185 6.3095647692680341 8.0193084850907308 1.8407700955867756 1.9092081785202033 3.2569295167922965 2.2285481318831444
leaf_count=15 40 108 15 13 20 17
internal_value=0 -0.00375734 -0.0069003 0.00417288 0.00623028 0.00832054
internal_weight=25.814 12.1097 9.86008 13.7043 11.795 8.53811
internal_count=228 138 123 90 77 57
is_linear=0
shrinkage=0.03


Tree=176
num_leaves=7
num_cat=0
split_feature=47 1 68 17 14 58
split_gain=1.42923 0.916187 0.492925 0.40337 0.39596 0.264094
threshold=0.13558906316757205 0.83333334326744091 11.441227912902834 0.021675205789506439 13.695309638977053 0.009599999990314247
decision_type=2 2 10 2 2 2
left_child=2 3 -1 -2 -5 -3
right_child=1 5 -4 4 -6 -7
leaf_value=0 0 0.004129471735413455 0.0091168717975955976 -0.010952744533993284 0 -0.00045536904182943695
leaf_weight=3.8755341880023497 1.5304274223744894 3.7925692051649085 4.8082557767629623 7.0310134850442392 2.6544031947851181 1.9902344234287737
leaf_count=26 9 28 34 79 29 31
internal_value=0 -0.00429963 0.00649094 -0.00789883 -0.00925655 0
internal_weight=25.6824 16.9986 8.68379 11.2158 9.68542 5.7828
internal_count=236 176 60 117 108 59
is_linear=0
shrinkage=0.03


Tree=177
num_leaves=7
num_cat=0
split_feature=4 47 47 17 5 48
split_gain=0.864505 1.69413 1.27695 0.657858 0.690799 0.0546486
threshold=0.0079052620567381399 0.087287481874227538 0.79380273818969738 0.68966230750083934 0.044748857617378242 -0.3183924257755279
decision_type=10 2 2 2 2 2
left_child=1 -1 -3 4 -2 -4
right_child=3 2 5 -5 -6 -7
leaf_value=0.0035256365475885513 0 -0.011787813250669313 0 0 0.010172728056758543 0.0020609376821533127
leaf_weight=3.410009101033217 1.2928795367479304 10.220897942781447 1.6830137744545939 2.6502518281340599 6.3250102736055851 1.5795508287847031
leaf_count=17 9 120 16 22 49 11
internal_value=0 -0.00335361 -0.00840885 0.00484407 0.00778468 0
internal_weight=27.1616 16.8935 13.4835 10.2681 7.61789 3.26256
internal_count=244 164 147 80 58 27
is_linear=0
shrinkage=0.03


Tree=178
num_leaves=7
num_cat=0
split_feature=58 49 62 32 2 25
split_gain=1.3584 1.07165 0.734695 0.667602 0.585805 0.179704
threshold=0.011799999978393318 0.13890706002712253 0.55140000581741344 0.60815632343292247 1.9959999918937685 0.88626328110694896
decision_type=2 2 2 2 2 2
left_child=1 3 5 4 -1 -2
right_child=2 -3 -4 -5 -6 -7
leaf_value=0.012217920409426661 -0.008168794527562126 0 0 0 0 0
leaf_weight=11.455366171896463 5.5590142272412768 4.9511739164590827 1.0420368313789365 2.2107226811349383 1.5555784702301014 0.65312489494681347
leaf_count=75 77 37 6 23 13 9
internal_value=0.00165876 0.00606602 -0.00353229 0.00906974 0.0107831 -0.00735288
internal_weight=27.427 20.1728 7.25418 15.2217 13.0109 6.21214
internal_count=240 148 92 111 88 86
is_linear=0
shrinkage=0.03


Tree=179
num_leaves=7
num_cat=0
split_feature=68 11 52 60 4 6
split_gain=1.2095 0.814506 0.928199 0.526121 0.467007 0.362049
threshold=385.15440368652349 5.6070852279663095 -0.31572489440441126 0.39460000395774847 0.0050959466025233277 174.37500000000003
decision_type=8 2 2 2 8 2
left_child=3 2 4 5 -2 -1
right_child=1 -3 -4 -5 -6 -7
leaf_value=0.0096798088812686776 0 0.00050820419027958902 0 0 -0.010672578483351021 0
leaf_weight=7.3166427239775675 1.2490520626306505 2.8370076790451995 0.84425890445709129 1.241429716348647 9.7603132277727127 1.2437271997332571
leaf_count=54 14 23 5 10 110 8
internal_value=0 -0.00327828 -0.00674792 0.00644761 -0.00933415 0.00835847
internal_weight=24.4924 14.6906 11.8536 9.8018 11.0094 8.56037
internal_count=224 152 129 72 124 62
is_linear=0
shrinkage=0.03


Tree=180
num_leaves=7
num_cat=0
split_feature=30 60 58 56 54 2
split_gain=0.87741 0.920163 0.772251 0.631249 0.390928 0.378301
threshold=0.3257004469633103 0.16399999707937243 0.029799999669194225 -0.37773197889327997 0.76592186093330394 1.4670542478561404
decision_type=2 2 2 2 2 2
left_child=1 2 5 4 -2 -1
right_child=3 -3 -4 -5 -6 -7
leaf_value=0.011354430546365445 -0.0084577421634320187 -1.1228066195570947e-07 0 0 0 0
leaf_weight=8.7392750419676322 6.1791029796004295 2.259742632508277 1.6737225279211987 3.9781722985208017 1.1654990911483762 2.5406144633889189
leaf_count=57 85 18 19 29 14 18
internal_value=0 0.00468021 0.00775499 -0.00333662 -0.00681481 0.00987579
internal_weight=26.5361 15.2134 12.9536 11.3228 7.3446 11.2799
internal_count=240 112 94 128 99 75
is_linear=0
shrinkage=0.03


Tree=181
num_leaves=7
num_cat=0
split_feature=51 32 58 57 57 35
split_gain=0.865738 2.31204 0.54307 0.390781 0.295537 0.280674
threshold=-0.4306392222642898 0.17417489737272265 0.018600000068545345 0.0028000000165775423 0.0076000001281499871 0.27046638727188116
decision_type=2 2 2 2 2 2
left_child=1 2 4 5 -1 -2
right_child=3 -3 -4 -5 -6 -7
leaf_value=0 0 -0.010692130888262517 0 0 0.00773897305949267 0.0085190818606211173
leaf_weight=1.7102309688925794 2.5612380430102331 9.3482360094785673 1.8196276128292082 1.3947221301496027 5.339828222990036 4.997084803879261
leaf_count=12 15 118 16 10 32 36
internal_value=0 -0.00323367 0.00294792 0.00505392 0.00618741 0.00689939
internal_weight=27.171 18.2179 8.86969 8.95304 7.05006 7.55832
internal_count=239 178 60 61 44 51
is_linear=0
shrinkage=0.03


Tree=182
num_leaves=7
num_cat=0
split_feature=58 19 39 0 34 68
split_gain=0.999591 0.903922 0.580992 0.436861 0.125159 0.118662
threshold=1.0000000180025095e-35 0.44250741600990301 0.20223893225193026 4.5000000000000009 0.078262127935886397 125.49837112426759
decision_type=2 2 2 2 2 8
left_child=1 2 4 5 -1 -2
right_child=3 -3 -4 -5 -6 -7
leaf_value=0 0 0 0 0 0.010802633522970988 -0.0070064095806930257
leaf_weight=1.9148807898163811 1.6310009062290145 5.0426625907421103 1.664230279624461 0.99878003448247987 7.0710140466690063 7.4482955560088167
leaf_count=11 10 42 11 9 51 96
internal_value=0 0.0045975 0.00810521 -0.00421412 0.00994958 -0.00626864
internal_weight=25.7709 15.6928 10.6501 10.0781 8.98589 9.0793
internal_count=230 115 73 115 62 106
is_linear=0
shrinkage=0.03


Tree=183
num_leaves=7
num_cat=0
split_feature=68 60 11 7 4 56
split_gain=1.27658 1.95337 0.759211 0.509831 0.471953 0.559045
threshold=752.01473999023449 0.077600002288818373 7.5000000000000009 388.00000000000006 0.0050959466025233277 -0.3232800811529159
decision_type=8 2 2 2 8 2
left_child=1 3 4 -1 -2 -6
right_child=2 -3 -4 -5 5 -7
leaf_value=0.012458136307694724 0 -0.0017637409060094812 0 0 -0.01050451770134892 0
leaf_weight=8.8839313276112097 1.0305211916565866 4.7842036597430697 1.551711581647395 1.4641502574086178 8.1261009275913203 0.7644497156143214
leaf_count=65 11 39 10 11 100 5
internal_value=0 0.00549905 -0.00425593 0.0110221 -0.00733646 -0.00890197
internal_weight=26.6051 15.1323 11.4728 10.3481 9.92107 8.89055
internal_count=241 115 126 76 116 105
is_linear=0
shrinkage=0.03


Tree=184
num_leaves=7
num_cat=0
split_feature=58 62 19 35 19 47
split_gain=1.20815 0.954364 0.912989 0.650886 0.301374 0.0413937
threshold=1.0000000180025095e-35 0.89659997820854198 0.60617581009864818 0.36522072553634649 0.011234394274652006 0.085297085344791426
decision_type=2 2 2 2 2 2
left_child=2 4 3 -1 -2 -4
right_child=1 -3 5 -5 -6 -7
leaf_value=0 0 0 0 0.010726313814422832 -0.0098547060304960705 -0.0016939921062789796
leaf_weight=5.0068697817623669 0.63058162480592539 1.1022102832794178 1.629751294851302 6.4397369995713234 7.8502866439521313 2.9823687486350536
leaf_count=34 4 7 10 49 101 32
internal_value=0 -0.00555075 0.00430954 0.00780253 -0.00889522 0
internal_weight=25.6418 9.58308 16.0587 11.4466 8.48087 4.61212
internal_count=237 112 125 83 105 42
is_linear=0
shrinkage=0.03


Tree=185
num_leaves=7
num_cat=0
split_feature=28 58 4 46 25 21
split_gain=1.13335 0.977222 0.699312 0.657999 0.171831 0.159643
threshold=0.37855115532875067 0.016199999488890175 0.0042826749850064525 0.081586226820945754 0.91219913959503185 0.15470241755247119
decision_type=2 2 10 2 2 2
left_child=1 2 -1 -2 5 -5
right_child=3 -3 -4 4 -6 -7
leaf_value=0 0 0 0.011036892604343698 0 0 -0.0091040900208561731
leaf_weight=4.8120080232620257 2.9910125881433469 2.9577130600810042 7.1374239027500153 0.5937000736594199 0.70049086213111866 6.0689088050276041
leaf_count=28 20 32 50 8 11 86
internal_value=0 0.00482012 0.00815068 -0.0046565 -0.00771524 -0.00844443
internal_weight=25.2613 14.9071 11.9494 10.3541 7.3631 6.66261
internal_count=235 110 78 125 105 94
is_linear=0
shrinkage=0.03


Tree=186
num_leaves=6
num_cat=0
split_feature=47 30 4 50 3
split_gain=1.1676 1.39552 0.456825 0.270639 0.1579
threshold=0.090125467628240599 0.13510000705718997 0.0055944493506103763 0.15126202255487445 4.5000000000000009
decision_type=2 2 10 2 2
left_child=3 2 -2 -1 -3
right_child=1 4 -4 -5 -6
leaf_value=0.0073645173122979237 -0.0002518167980639439 -0.0095400257274134547 0.005463994521385628 0 0
leaf_weight=3.9136733412742641 2.3802193030715015 11.157954981550571 4.1547550186514854 2.7247790098190308 0.9488239139318474
leaf_count=23 17 135 30 18 8
internal_value=0 -0.00434123 0.000860235 0.0055421 -0.00898207
internal_weight=25.2802 18.6418 6.53497 6.63845 12.1068
internal_count=231 190 47 41 143
is_linear=0
shrinkage=0.03


Tree=187
num_leaves=7
num_cat=0
split_feature=0 58 54 54 55 14
split_gain=1.15996 1.12089 1.03773 0.821076 0.548039 0.237697
threshold=0.83333334326744091 0.009599999990314247 0.069159060716629042 0.72662216424942028 0.14797452092170718 1.3474708795547488
decision_type=2 2 2 2 2 2
left_child=2 4 -1 5 -2 -4
right_child=1 -3 3 -5 -6 -7
leaf_value=0.00033173281158785991 0.010967096478120626 -0.00037920510929525489 0 0 0 -0.01134171948257484
leaf_weight=2.4766846299171474 6.1592806205153448 2.5688537210226059 0.85420922189950843 2.8507061041891566 1.2406385615468023 9.3267024476081115
leaf_count=12 48 38 5 25 7 100
internal_value=0 0.00471199 -0.00485235 -0.00815897 0.00912986 -0.0106108
internal_weight=25.4771 9.96877 15.5083 13.0316 7.39992 10.1809
internal_count=235 93 142 130 55 105
is_linear=0
shrinkage=0.03


Tree=188
num_leaves=7
num_cat=0
split_feature=58 19 0 48 36 21
split_gain=1.33718 1.05287 0.540692 0.442068 0.370491 0.309568
threshold=1.0000000180025095e-35 0.44250741600990301 4.1666667461395273 0.12663277238607409 0.06331296265125276 0.88802599906921398
decision_type=2 2 2 2 2 2
left_child=1 3 5 4 -1 -2
right_child=2 -3 -4 -5 -6 -7
leaf_value=0 -0.0085059613508724988 0 0 0 0.011513411731014831 0
leaf_weight=1.1623729765415243 7.9490243513137084 5.528913650661706 1.0228383988142002 1.6323226764798153 7.7200507484376431 1.0780825875699518
leaf_count=7 95 48 9 12 55 13
internal_value=0 0.00507232 -0.00515787 0.0088799 0.0103315 -0.00732182
internal_weight=26.0936 16.0437 10.0499 10.5147 8.88242 9.02711
internal_count=239 122 117 74 62 108
is_linear=0
shrinkage=0.03


Tree=189
num_leaves=7
num_cat=0
split_feature=68 11 52 4 59 30
split_gain=0.744126 0.619133 0.581661 0.503132 0.437648 0.251885
threshold=529.38558959960949 5.6070852279663095 -0.38562110066413874 0.011484991759061815 0.36640000343322759 0.04593904688954354
decision_type=8 2 2 8 2 2
left_child=3 2 5 -1 -5 -2
right_child=1 -3 -4 4 -6 -7
leaf_value=0 0 0.00044176695284413889 0 0.0086322004495917645 0 -0.0093253047670998502
leaf_weight=1.7509270869195468 0.97246237844228645 2.2729830034077159 3.6637760140001765 8.6404909715056402 2.3927078098058709 6.4721175134181976
leaf_count=12 8 18 27 64 21 90
internal_value=0 -0.00233446 -0.00568517 0.00487866 0.00687833 -0.00831374
internal_weight=26.1655 13.3813 11.1084 12.7841 11.0332 7.44458
internal_count=240 143 125 97 85 98
is_linear=0
shrinkage=0.03


Tree=190
num_leaves=7
num_cat=0
split_feature=58 17 34 35 62 34
split_gain=1.2912 0.674546 0.749365 0.555915 0.424006 0.214492
threshold=1.0000000180025095e-35 0.89189520478248607 0.80959230661392223 0.1045847423374653 0.83859997987747203 0.16196272522211078
decision_type=2 2 2 2 2 2
left_child=1 2 3 -1 5 -2
right_child=4 -3 -4 -5 -6 -7
leaf_value=0 0 0 0 0.010920920948961377 0 -0.0078533325357192461
leaf_weight=2.6318607926368776 1.7517633195966444 1.6161768101155747 2.0560113266110411 10.776576489210127 0.98129674792289812 6.872645290568471
leaf_count=15 16 12 18 82 8 88
internal_value=0 0.00507001 0.00715382 0.00919149 -0.00487515 -0.00674602
internal_weight=26.6863 17.0806 15.4644 13.4084 9.60571 8.62441
internal_count=239 127 115 97 112 104
is_linear=0
shrinkage=0.03


Tree=191
num_leaves=7
num_cat=0
split_feature=0 47 58 36 49 51
split_gain=0.807834 0.867253 0.759725 0.476166 0.407887 0.0711266
threshold=0.83333334326744091 0.096516769379377379 0.009599999990314247 0.73881620168685924 0.14659953117370608 -0.63066875934600819
decision_type=2 2 2 2 2 2
left_child=1 -1 4 5 -2 -3
right_child=2 3 -4 -5 -6 -7
leaf_value=0 0.0093393122396358951 0 0 0 0 -0.0099756978535452453
leaf_weight=4.0962869897484806 5.8551242686808092 0.94471737928688426 2.3892102669924498 3.5871598981320858 1.9249942526221273 6.7620168216526499
leaf_count=25 47 8 36 40 12 70
internal_value=0 -0.00394413 0.00405764 -0.00742992 0.00755863 -0.00951787
internal_weight=25.5595 15.3902 10.1693 11.2939 7.78012 7.70673
internal_count=238 143 95 118 59 78
is_linear=0
shrinkage=0.03


Tree=192
num_leaves=7
num_cat=0
split_feature=12 60 52 29 7 59
split_gain=1.11098 0.753794 0.695344 0.469168 0.31947 0.302631
threshold=0.50757575035095226 0.31399999558925634 -0.38562110066413874 0.2463038116693497 294.50000000000006 0.21559999883174899
decision_type=2 2 2 2 2 2
left_child=2 4 3 -1 5 -2
right_child=1 -3 -4 -5 -6 -7
leaf_value=0 0.010491483602997141 0 0 -0.0084873533594041293 0 0
leaf_weight=1.3148569352924804 8.0932392701506597 1.5466700196266181 2.6855612471699724 7.9731679912656546 1.835479974746703 1.3650125712156285
leaf_count=16 55 12 23 106 13 10
internal_value=0 0.00574268 -0.00335027 -0.00672552 0.00819961 0.00939958
internal_weight=24.814 12.8404 11.9736 9.28802 11.2937 9.45825
internal_count=235 90 145 122 78 65
is_linear=0
shrinkage=0.03


Tree=193
num_leaves=7
num_cat=0
split_feature=51 50 68 59 0 54
split_gain=0.731824 0.814811 0.669651 0.548981 0.487106 0.261039
threshold=-0.51844158768653859 0.15126202255487445 313.60475158691412 0.1176000013947487 1.8333333134651186 0.55302938818931591
decision_type=2 2 8 2 2 2
left_child=2 3 5 -2 -4 -1
right_child=1 -3 4 -5 -6 -7
leaf_value=0 0.010386123388252974 0 -0.0084248481871729945 0 0 0.0043308838278478569
leaf_weight=2.3724346831440934 6.8378306701779348 4.5898599773645392 5.7114496137946853 1.4381292238831518 1.1166820190846918 2.6476964801549911
leaf_count=18 45 40 85 13 10 16
internal_value=0.000437639 0.00507494 -0.00186974 0.0085058 -0.00634167 0.000390669
internal_weight=24.7141 12.8658 11.8483 8.27596 6.82813 5.02013
internal_count=227 98 129 58 95 34
is_linear=0
shrinkage=0.03


Tree=194
num_leaves=7
num_cat=0
split_feature=58 50 47 62 36 11
split_gain=1.55717 0.798273 0.932473 0.47575 0.346531 0.0257317
threshold=1.0000000180025095e-35 0.14968683570623401 0.8404977321624757 0.70939999818801891 0.15900072455406192 7.5000000000000009
decision_type=2 2 2 2 2 2
left_child=1 2 -1 4 -2 -6
right_child=3 -3 -4 -5 5 -7
leaf_value=0.011727745210126966 0 0 0 0 -0.0088446155542740608 0
leaf_weight=8.0676642023026961 1.9880801774561385 5.4887186884880057 1.5172123163938511 1.019315768033265 5.8168737590312958 0.72719107940793026
leaf_count=54 18 48 16 9 84 5
internal_value=0 0.00608156 0.00916702 -0.0049243 -0.0069776 -0.00856674
internal_weight=24.6251 15.0736 9.58488 9.55146 8.53215 6.54406
internal_count=234 118 70 116 107 89
is_linear=0
shrinkage=0.03


Tree=195
num_leaves=7
num_cat=0
split_feature=58 28 17 35 62 50
split_gain=0.682215 0.726278 0.726974 0.616789 0.579029 0.293597
threshold=1.0000000180025095e-35 0.81790655851364147 0.90320709347724926 0.1045847423374653 0.89659997820854198 0.25274411588907247
decision_type=2 2 2 2 2 2
left_child=1 2 3 -1 5 -2
right_child=4 -3 -4 -5 -6 -7
leaf_value=0 -0.0074049943941054538 0 0 0.010463749389487662 0 0
leaf_weight=1.7538629919290567 7.7560902647674066 1.6216233894228924 1.3672999367117871 10.903787810355423 1.0859103277325619 1.313724100589752
leaf_count=10 101 19 8 87 7 13
internal_value=0 0.00407425 0.00670277 0.00874728 -0.00305629 -0.00609919
internal_weight=25.8023 15.6466 14.025 12.6577 10.1557 9.06981
internal_count=245 124 105 97 121 114
is_linear=0
shrinkage=0.03


Tree=196
num_leaves=7
num_cat=0
split_feature=32 44 23 68 60 43
split_gain=1.26384 1.09022 0.714701 0.458845 0.962567 0.17544
threshold=0.27426053583621984 0.65886381268501293 0.92635458707809459 697.16046142578136 0.077600002288818373 0.67970952391624462
decision_type=2 2 2 8 2 2
left_child=3 2 5 4 -1 -2
right_child=1 -3 -4 -5 -6 -7
leaf_value=0.0093434696547537287 -0.012420194763061779 0 0 0 0 0
leaf_weight=6.1278820186853409 8.3315669819712586 1.5778459757566441 0.97689355537295419 4.9195872507989415 2.2991518601775169 0.84319885820150453
leaf_count=41 116 10 13 41 16 5
internal_value=-0.00102383 -0.00693652 -0.0100286 0.00234789 0.00542171 -0.0118001
internal_weight=25.0761 11.7295 10.1517 13.3466 8.42703 9.17477
internal_count=242 144 134 98 57 121
is_linear=0
shrinkage=0.03


Tree=197
num_leaves=7
num_cat=0
split_feature=54 1 48 22 47 56
split_gain=0.653017 0.84159 0.528523 0.483989 0.389742 0.0259093
threshold=0.069159060716629042 0.83333334326744091 -0.2499921843409538 0.33983196318149572 0.085297085344791426 -0.43965163826942438
decision_type=2 2 2 2 2 2
left_child=-1 2 -2 -3 -4 -5
right_child=1 3 4 5 -6 -7
leaf_value=0.0062375275450422376 0 0.0060179059543749537 0 -0.0013851749948125347 -0.0089222267489335559 0
leaf_weight=4.0147028528153923 4.0257802903652218 4.1202464215457431 0.99651720374822517 2.15312796458602 9.4776582103222591 1.1783999204635618
leaf_count=23 38 33 6 25 102 10
internal_value=0 -0.00115262 -0.00543648 0.00208376 -0.00765502 0
internal_weight=25.9664 21.9517 14.5 7.45177 10.4742 3.33153
internal_count=237 214 146 68 108 35
is_linear=0
shrinkage=0.03


Tree=198
num_leaves=7
num_cat=0
split_feature=51 50 68 36 0 54
split_gain=1.07529 0.770787 0.646289 0.51959 0.46448 0.258329
threshold=-0.51844158768653859 0.15126202255487445 313.60475158691412 0.097918644547462477 2.1666666269302373 0.55302938818931591
decision_type=2 2 8 2 2 2
left_child=2 3 5 -2 -4 -1
right_child=1 -3 4 -5 -6 -7
leaf_value=-0.00015485177758795893 0 0 -0.0084491348212154035 0.010766766405203868 0 0.0042397927705836854
leaf_weight=2.4717909842729577 1.1146490424871425 5.2709614299237719 6.2813543248921642 7.0344354063272476 1.0715323016047476 2.9171650931239128
leaf_count=19 7 44 95 52 7 19
internal_value=0.00047584 0.00589311 -0.00267391 0.0091125 -0.00654902 0
internal_weight=26.1619 13.42 12.7418 8.14908 7.35289 5.38896
internal_count=243 103 140 59 102 38
is_linear=0
shrinkage=0.03


Tree=199
num_leaves=7
num_cat=0
split_feature=68 60 4 9 45 4
split_gain=0.822924 1.564 0.515778 0.576651 0.449907 0.146159
threshold=752.01473999023449 0.026600000448524955 0.0050959466025233277 5.1666667461395273 0.055835651233792312 0.012527989223599436
decision_type=8 2 8 2 2 10
left_child=1 -1 -2 4 -4 -3
right_child=2 5 3 -5 -6 -7
leaf_value=0.0095861127694610252 0 -0.0034497061928107677 0 0 -0.0097043558708393325 0
leaf_weight=8.8949951305985469 1.1820840686559648 4.6050052382051936 0.847370944917201 0.82634852826595384 8.6646865848451835 1.0397218614816663
leaf_count=66 11 39 5 5 112 9
internal_value=0 0.00388821 -0.00414439 -0.00640297 -0.00832662 -0.00164362
internal_weight=26.0602 14.5397 11.5205 10.3384 9.51206 5.64473
internal_count=247 114 133 122 117 48
is_linear=0
shrinkage=0.03


Tree=200
num_leaves=7
num_cat=0
split_feature=68 11 46 60 29 14
split_gain=1.44887 1.01357 0.695539 0.599433 0.473179 0.177119
threshold=505.51928710937506 5.6070852279663095 0.061190232634544379 0.34340000152587896 0.25961717963218695 14.235917091369631
decision_type=8 2 2 2 2 2
left_child=3 2 -2 4 -1 -4
right_child=1 -3 5 -5 -6 -7
leaf_value=0 0 0.00018793585967326879 -0.010931364545154218 0 0.010402189788207653 0
leaf_weight=2.4601350799202937 0.49581530690193076 2.9257770702242842 8.2889583185315114 2.1895730681717387 6.4598712809383869 1.6970816254615773
leaf_count=17 2 24 107 19 53 11
internal_value=0 -0.00456727 -0.00826772 0.0062162 0.00846329 -0.0100684
internal_weight=24.5172 13.4076 10.4819 11.1096 8.92001 9.98604
internal_count=233 144 120 89 70 118
is_linear=0
shrinkage=0.03


Tree=201
num_leaves=7
num_cat=0
split_feature=51 50 0 60 68 34
split_gain=0.859128 0.614406 0.490608 0.431239 0.410481 0.113048
threshold=-0.51844158768653859 0.15126202255487445 3.5000000000000004 0.31399999558925634 313.60475158691412 0.79708495736122142
decision_type=2 2 2 2 8 2
left_child=2 3 4 5 -1 -2
right_child=1 -3 -4 -5 -6 -7
leaf_value=0 0.010155921715132549 0 0 0 -0.0080680128891708978 0
leaf_weight=3.9433734379708776 5.6716111674904806 4.3268674090504637 1.3101647272706021 1.3320355471223591 5.5256057921797046 1.3353625684976576
leaf_count=27 37 36 13 13 89 12
internal_value=0 0.00503053 -0.00309952 0.00783769 -0.00573873 0.00943725
internal_weight=23.445 12.6659 10.7791 8.33901 9.46898 7.00697
internal_count=227 98 129 62 116 49
is_linear=0
shrinkage=0.03


Tree=202
num_leaves=7
num_cat=0
split_feature=0 53 47 54 14 56
split_gain=0.803782 0.898724 0.964709 0.898868 0.716447 0.139804
threshold=0.83333334326744091 -0.22608545422554013 0.087287481874227538 0.76592186093330394 13.221588611602785 -0.51836857199668873
decision_type=2 2 2 2 2 2
left_child=1 2 -1 -4 5 -2
right_child=4 -3 3 -5 -6 -7
leaf_value=0 0 0.00057018328304582239 -0.012548715415130998 0 0 0.0085131884077518094
leaf_weight=2.3415163680911055 1.4323089756071565 2.0296336188912418 8.2772270925343019 2.5150335393846026 3.2727035582065582 5.1511350460350496
leaf_count=13 14 11 98 23 37 43
internal_value=0 -0.00396681 -0.00720494 -0.00997571 0.00406088 0.00765686
internal_weight=25.0196 15.1634 13.1338 10.7923 9.85615 6.58344
internal_count=239 145 134 121 94 57
is_linear=0
shrinkage=0.03


Tree=203
num_leaves=7
num_cat=0
split_feature=58 19 62 39 38 31
split_gain=0.553828 0.729224 0.534617 0.409568 0.202041 0.0619464
threshold=1.0000000180025095e-35 0.44250741600990301 0.89659997820854198 0.20223893225193026 0.86325907707214367 0.27553521096706396
decision_type=2 2 2 2 2 2
left_child=1 3 4 -1 -2 -3
right_child=2 5 -4 -5 -6 -7
leaf_value=0.008593272088894292 -0.0067423426134127469 0 0 0 0 -0.0020024236472101593
leaf_weight=8.9393644370138663 7.3295345250517112 0.94796697422861953 1.1531631872057904 1.4517790712416161 1.1388890370726583 3.9042199477553368
leaf_count=65 93 6 8 10 16 42
internal_value=0 0.00384733 -0.00252191 0.00710703 -0.005728 0
internal_weight=24.8649 15.2433 9.62159 10.3911 8.46842 4.85219
internal_count=240 123 117 75 109 48
is_linear=0
shrinkage=0.03


Tree=204
num_leaves=7
num_cat=0
split_feature=58 17 34 35 62 50
split_gain=0.951023 1.0604 1.02339 0.709975 0.30693 0.349184
threshold=0.00059999998484272521 0.89189520478248607 0.80959230661392223 0.1045847423374653 0.55140000581741344 0.25274411588907247
decision_type=2 2 2 2 2 2
left_child=1 2 3 -1 5 -2
right_child=4 -3 -4 -5 -6 -7
leaf_value=0 -0.0062939730143604595 0 0 0.012922857201054285 0 0
leaf_weight=2.1704556792974534 5.7042258232831937 1.5062397941946972 2.1041635051369658 11.071876242756842 1.8555789478123186 1.0674330331385133
leaf_count=12 82 13 19 88 14 12
internal_value=0.00225429 0.00611654 0.00879135 0.0111316 -0.0013026 -0.00428427
internal_weight=25.48 16.8527 15.3465 13.2423 8.62724 6.77166
internal_count=240 132 119 100 108 94
is_linear=0
shrinkage=0.03


Tree=205
num_leaves=7
num_cat=0
split_feature=60 68 7 1 26 31
split_gain=0.801101 1.3151 0.603933 0.396551 0.212987 0.298892
threshold=0.0030000000260770325 752.01473999023449 388.00000000000006 0.83333334326744091 0.14372427761554721 0.75880935788154613
decision_type=2 8 2 2 2 2
left_child=1 2 -1 -2 -3 -6
right_child=3 4 -4 -5 5 -7
leaf_value=0.011606938936298888 -0.0053122459045825158 0.00011237717157914359 0 0 -0.0057114427019123856 0
leaf_weight=7.5809928886592441 6.3119454234838468 2.3348072879016382 1.3978799805045126 1.7462834343314169 4.1179333236068487 1.82846531458199
leaf_count=55 71 15 11 16 50 20
internal_value=0.000821447 0.00485065 0.00980607 -0.0023932 0 -0.00346569
internal_weight=25.3183 17.2601 8.97887 8.05823 8.28121 5.9464
internal_count=238 151 66 87 85 70
is_linear=0
shrinkage=0.03


Tree=206
num_leaves=7
num_cat=0
split_feature=19 68 59 51 11 47
split_gain=0.637306 0.637328 0.327944 0.276236 0.211707 0.0881444
threshold=0.24221903830766681 102.1502151489258 0.27939999103546148 -0.39158758521080012 7.5000000000000009 0.1530069634318352
decision_type=2 10 2 2 2 2
left_child=2 4 3 -1 -2 -3
right_child=1 5 -4 -5 -6 -7
leaf_value=0.0072050715614720897 -0.0081312484832963446 0.0025071608490207869 0 0 0 0
leaf_weight=6.1169940270483494 5.8020197376608831 2.620387963950634 2.0188494212925434 1.6163539364933983 0.7872546762228011 4.7366999872028828
leaf_count=50 75 20 18 11 5 52
internal_value=0 -0.00342347 0.00385095 0.00575863 -0.00717594 0
internal_weight=23.6986 13.9464 9.7522 7.73335 6.58927 7.35709
internal_count=231 152 79 61 80 72
is_linear=0
shrinkage=0.03


Tree=207
num_leaves=7
num_cat=0
split_feature=19 4 60 15 40 50
split_gain=0.908363 0.593225 0.716206 0.592965 0.445632 0.353613
threshold=0.44250741600990301 0.0085945865139365214 0.31399999558925634 5.1699101924896249 0.30088743567466741 -0.023702638223767277
decision_type=2 8 2 2 2 2
left_child=1 -1 5 4 -2 -3
right_child=3 2 -4 -5 -6 -7
leaf_value=0 -0.0087420166754287945 0 0 0 0 0.0099989097976232646
leaf_weight=2.0065939724445352 6.6564321462064964 1.0082147531211365 2.4680343940854081 0.97688045352697361 0.94801072031259526 9.7650104761123639
leaf_count=24 87 10 22 8 8 75
internal_value=0 0.00435718 0.00660275 -0.00426624 -0.00703741 0.0089334
internal_weight=23.8292 15.2479 13.2413 8.58132 7.60444 10.7732
internal_count=234 131 107 103 95 85
is_linear=0
shrinkage=0.03


Tree=208
num_leaves=7
num_cat=0
split_feature=68 60 9 43 7 24
split_gain=1.05079 0.924797 0.640931 0.761198 0.522196 0.401822
threshold=752.01473999023449 0.31399999558925634 5.1666667461395273 0.14653412997722629 388.00000000000006 0.12352829426527025
decision_type=8 2 2 2 2 2
left_child=1 4 3 -2 -1 -5
right_child=2 -3 -4 5 -6 -7
leaf_value=0.009706521075798797 0 0 0 0 0 -0.010942884589726479
leaf_weight=9.8647523894906062 1.3551926091313351 2.8497182913124552 1.2638156116008747 1.6086739227175693 1.6495309956371773 6.7016571070998907
leaf_count=73 9 25 8 13 13 96
internal_value=0 0.00483386 -0.00424086 -0.00696227 0.00807143 -0.00945916
internal_weight=25.2933 14.364 10.9293 9.66552 11.5143 8.31033
internal_count=237 111 126 118 86 109
is_linear=0
shrinkage=0.03


Tree=209
num_leaves=7
num_cat=0
split_feature=33 54 33 14 15 44
split_gain=0.669897 0.884449 0.831085 0.516121 0.624805 0.324396
threshold=0.63803189992904674 0.069159060716629042 0.23355001211166385 13.125421047210695 5.3150601387023935 0.095870967954397215
decision_type=2 2 2 2 2 2
left_child=1 -1 -3 4 -2 -4
right_child=3 2 5 -5 -6 -7
leaf_value=0.00043803624953517393 0.0088323250266204283 0 0 0 0 -0.011075373229424045
leaf_weight=1.7960403561592126 6.1217748653143627 1.9067540001124132 1.5811052527278642 3.3047208134084931 1.9976290725171564 7.982107101008296
leaf_count=8 55 20 16 34 17 90
internal_value=0 -0.00399906 -0.00736886 0.00328239 0.00619477 -0.00989072
internal_weight=24.6901 13.266 11.47 11.4241 8.1194 9.56321
internal_count=240 134 126 106 72 106
is_linear=0
shrinkage=0.03


Tree=210
num_leaves=7
num_cat=0
split_feature=58 60 36 19 62 14
split_gain=0.756116 0.740033 0.646591 0.705891 0.556153 0.185045
threshold=0.005799999926239253 0.31399999558925634 0.81128785014152538 0.84375298023223888 0.55140000581741344 1.4842136502265932
decision_type=2 2 2 2 2 2
left_child=1 2 3 -1 5 -2
right_child=4 -3 -4 -5 -6 -7
leaf_value=0.010591454526656389 0 0 0 0 0 -0.0072250399905470063
leaf_weight=11.890825029462581 0.43705961108207603 3.4863668940961352 2.0002113580703726 1.363575655966996 1.4793120957911012 5.1229952350258827
leaf_count=87 3 31 17 8 11 86
internal_value=0.000631755 0.00446281 0.00700277 0.00884768 -0.00267974 -0.00632707
internal_weight=25.7803 18.741 15.2546 13.2544 7.03937 5.56005
internal_count=243 143 112 95 100 89
is_linear=0
shrinkage=0.03


Tree=211
num_leaves=7
num_cat=0
split_feature=68 60 11 54 4 51
split_gain=0.578839 0.827987 0.460879 0.537312 0.52375 0.117518
threshold=505.51928710937506 0.34340000152587896 6.5000000000000009 0.069159060716629042 0.0050959466025233277 -0.36981226503849024
decision_type=8 2 2 2 8 2
left_child=1 5 3 -2 -5 -1
right_child=2 -3 -4 4 -6 -7
leaf_value=0.0086692170609994484 0 0 0.00026731812592827145 0 -0.0087416660452238042 0
leaf_weight=7.4989278912544242 1.4842707961797703 2.2186278849840155 2.1255094334483138 0.92000786587595662 8.6591610480099916 1.4386822283267999
leaf_count=56 7 19 15 11 114 12
internal_value=7.99088e-05 0.00468409 -0.0015677 -0.00472832 -0.00698217 0.0079913
internal_weight=24.3452 11.1562 13.1889 11.0634 9.57917 8.93761
internal_count=234 87 147 132 125 68
is_linear=0
shrinkage=0.03


Tree=212
num_leaves=7
num_cat=0
split_feature=68 26 58 43 4 30
split_gain=1.38119 0.527196 0.520039 0.149635 0.157008 0.128615
threshold=752.01473999023449 0.14372427761554721 0.011799999978393318 0.70417925715446483 0.0050959466025233277 0.57834297418594371
decision_type=8 2 2 2 8 2
left_child=2 -2 5 4 -3 -1
right_child=1 3 -4 -5 -6 -7
leaf_value=0.009530848022154632 0 0 0 0 -0.0078242606504543705 0
leaf_weight=8.2424218617379683 3.2456677705049497 0.65408732742071141 2.9476675838232032 1.3635231405496595 5.5385525580495596 1.7759345918893803
leaf_count=62 22 9 28 8 90 15
internal_value=0.000958649 -0.00310693 0.00683624 -0.00620192 -0.00707245 0.00877474
internal_weight=23.7679 10.8018 12.966 7.55616 6.19264 10.0184
internal_count=234 129 105 107 99 77
is_linear=0
shrinkage=0.03


Tree=213
num_leaves=7
num_cat=0
split_feature=19 59 2 54 24 15
split_gain=0.964162 0.461904 0.405703 0.375791 0.321773 0.132367
threshold=0.44250741600990301 0.13740000128746035 1.4670542478561404 0.070939652621746077 0.43552492558956152 4.4960873126983651
decision_type=2 2 2 2 2 2
left_child=1 2 4 -2 -1 -5
right_child=3 -3 -4 5 -6 -7
leaf_value=0.0091907201095292931 0 0 0 -0.0078354609544399219 0 0
leaf_weight=6.7988279704004544 1.5014274194836597 5.0564063731580964 1.4740580637007941 5.9060585964471102 1.6925674173980949 1.2354692630469797
leaf_count=50 11 52 14 84 13 10
internal_value=0 0.00373223 0.006187 -0.00527729 0.00781515 -0.00707246
internal_weight=23.6648 15.0219 9.96545 8.64296 8.4914 7.14153
internal_count=234 129 77 105 63 94
is_linear=0
shrinkage=0.03


Tree=214
num_leaves=7
num_cat=0
split_feature=32 52 2 58 51 20
split_gain=0.452668 1.33162 0.532572 0.341356 0.256756 0.00901908
threshold=0.27426053583621984 -0.38562110066413874 1.4670542478561404 0.01480000000447035 -0.36019630730152125 0.028848932124674324
decision_type=2 2 2 2 2 2
left_child=2 -2 3 5 -3 -1
right_child=1 4 -4 -5 -6 -7
leaf_value=0 -0.0092332769762485615 0.0045510537033421625 0 0 0 0.0076430524645199338
leaf_weight=1.6693777740001694 6.7064997330307961 2.678320124745369 1.9640548489987839 1.2753303572535513 1.422817163169382 6.1721067689359188
leaf_count=10 100 23 18 14 11 45
internal_value=0 -0.00351675 0.00266803 0.00573783 0.00149494 0.00724537
internal_weight=21.8885 10.8076 11.0809 9.11681 4.10114 7.84148
internal_count=221 134 87 69 34 55
is_linear=0
shrinkage=0.03


Tree=215
num_leaves=7
num_cat=0
split_feature=1 47 57 58 55 61
split_gain=0.905832 0.80829 1.02283 0.434438 0.280291 0.125851
threshold=0.83333334326744091 0.085297085344791426 0.31100000441074377 0.01480000000447035 0.14797452092170718 1.0000000180025095e-35
decision_type=2 2 2 2 2 2
left_child=1 -1 -3 4 -2 -4
right_child=3 2 5 -5 -6 -7
leaf_value=0 0.0078353461316872375 -0.010844882174436713 -0.00063243273888025672 0 0 0.0029665711933163945
leaf_weight=2.8511207178235116 4.982276737689971 8.5926578585058433 2.842340884730219 1.4386233389377592 1.3610458821058271 2.2867002859711647
leaf_count=16 46 94 42 25 8 13
internal_value=0 -0.00450252 -0.00730587 0.00394361 0.00639099 0
internal_weight=24.3548 16.5728 13.7217 7.78195 6.34332 5.12904
internal_count=244 165 149 79 54 55
is_linear=0
shrinkage=0.03


Tree=216
num_leaves=7
num_cat=0
split_feature=58 0 19 21 53 24
split_gain=0.935292 0.82162 0.701381 0.158211 0.323634 0.15273
threshold=0.011799999978393318 0.83333334326744091 0.69315171241760265 0.26361444592475897 -0.22608545422554013 0.90211856365203869
decision_type=2 2 2 2 2 2
left_child=1 3 -3 -1 -5 -2
right_child=5 2 -4 4 -6 -7
leaf_value=0.0010748965292387155 -0.0063834777688568899 0.01063059182932051 0 -0.00486623877584907 0 0
leaf_weight=2.5890528522431913 5.0766673125326625 5.3576973751187316 1.7029209956526754 7.6989069581031826 1.0634593814611388 0.60462955757975567
leaf_count=15 80 45 12 71 5 10
internal_value=0 0.00358356 0.00804545 0 -0.00261034 -0.0055147
internal_weight=24.0933 18.412 7.06062 11.3514 8.76237 5.6813
internal_count=238 148 57 91 76 90
is_linear=0
shrinkage=0.03


Tree=217
num_leaves=7
num_cat=0
split_feature=32 51 60 42 51 47
split_gain=0.390088 0.809647 0.387313 0.323778 0.319248 0.161535
threshold=0.19966991245746615 -0.4306392222642898 0.026600000448524955 0.46639330685138708 -0.36981226503849024 0.79380273818969738
decision_type=2 2 2 2 2 2
left_child=2 3 -1 5 -3 -2
right_child=1 4 -4 -5 -6 -7
leaf_value=0.0063913134198604728 -0.0084308598669238718 0.0052041917176647527 0 0 0 0
leaf_weight=6.7701701223850268 5.6154529936611617 3.2018433213233948 2.5462416224181652 0.67528175935149271 2.487915474921464 2.3845925144851208
leaf_count=51 91 23 21 7 18 26
internal_value=5.01851e-05 -0.000776825 0.00417354 -0.00600376 0.0021157 -0.00732027
internal_weight=23.6815 14.3651 9.31641 8.67533 5.68976 8.00005
internal_count=237 165 72 124 41 117
is_linear=0
shrinkage=0.03


Tree=218
num_leaves=7
num_cat=0
split_feature=19 68 59 35 11 58
split_gain=0.549441 1.09302 0.568899 0.165895 0.12124 0.00185425
threshold=0.24221903830766681 36.717102050781257 0.28880000114440924 0.67171353101730358 3.8500000238418584 1.0000000180025095e-35
decision_type=2 10 2 2 2 2
left_child=2 -2 5 -3 -5 -1
right_child=1 3 -4 4 -6 -7
leaf_value=0.0073145064087055331 -0.0085529440011888665 0 0 0.0044442972119214073 0 0
leaf_weight=5.5568757541477698 5.7673810217529518 3.3965866360813379 1.8882396593689916 3.3945319578051567 1.0230616237968204 1.6152322385460136
leaf_count=40 76 39 17 25 12 17
internal_value=0 -0.00273078 0.00408873 0.000587257 0.00328359 0.00695502
internal_weight=22.6419 13.5816 9.06035 7.81418 4.41759 7.17211
internal_count=226 152 74 76 37 57
is_linear=0
shrinkage=0.03


Tree=219
num_leaves=7
num_cat=0
split_feature=0 38 30 24 17 53
split_gain=0.397979 0.564139 0.529546 0.750394 0.363944 0.0137999
threshold=1.8333333134651186 0.11142597720026971 0.16601154953241351 0.80802294611930858 0.68966230750083934 -0.34682121872901911
decision_type=2 2 2 2 2 2
left_child=1 5 -3 -4 -2 -1
right_child=4 2 3 -5 -6 -7
leaf_value=0 0.0061870290763555271 0 -0.010391003843321762 0 0 0.00098478318512174707
leaf_weight=1.8816315792500971 4.5394141115248194 4.3444420062005511 6.5655654445290548 2.6036531366407871 1.4757520630955694 3.0229771882295671
leaf_count=17 43 30 86 39 12 17
internal_value=0 -0.00213199 -0.00520359 -0.00762079 0.00378147 0.000118616
internal_weight=24.4334 18.4183 13.5137 9.16922 6.01517 4.90461
internal_count=244 189 155 125 55 34
is_linear=0
shrinkage=0.03


Tree=220
num_leaves=7
num_cat=0
split_feature=1 58 51 17 21 19
split_gain=0.617984 0.668494 0.660106 0.582781 0.289942 0.197225
threshold=0.83333334326744091 0.009599999990314247 -0.4306392222642898 0.026326828636229042 0.88802599906921398 0.69315171241760265
decision_type=2 2 2 2 2 2
left_child=2 5 3 -1 -5 -2
right_child=1 -3 -4 4 -6 -7
leaf_value=0 0.0089514271940143598 0 0 -0.0092303249349536091 0 0
leaf_weight=1.317253887653355 4.7505801953375331 1.5195156354457138 5.7927365750074395 7.9925205390900356 0.92411772906780232 1.3949910327792165
leaf_count=8 43 29 41 96 14 9
internal_value=0 0.00477508 -0.00242772 -0.00607804 -0.00820013 0.0078874
internal_weight=23.6917 7.66509 16.0266 10.2339 8.91664 6.14557
internal_count=240 81 159 118 110 52
is_linear=0
shrinkage=0.03


Tree=221
num_leaves=7
num_cat=0
split_feature=1 47 54 56 53 17
split_gain=0.646398 0.681883 0.803919 0.480929 0.371379 0.214622
threshold=0.83333334326744091 0.085297085344791426 0.56555533409118663 -0.54589617252349842 -0.22608545422554013 0.68966230750083934
decision_type=2 2 2 2 2 2
left_child=1 -1 4 -2 -3 -5
right_child=3 2 -4 5 -6 -7
leaf_value=0.00018045927598786814 0 -0.010567791501199183 0 0.0081793983272854393 0 0
leaf_weight=3.2944744899868992 1.8493436109274624 6.8297604825347662 4.7241875976324081 4.9361582938581696 0.79456283897161295 1.1652443744242189
leaf_count=18 21 86 47 48 5 11
internal_value=0 -0.00285138 -0.00606381 0.00456006 -0.00936369 0.00707562
internal_weight=23.5937 15.643 12.3485 7.95075 7.62432 6.1014
internal_count=236 156 138 80 91 59
is_linear=0
shrinkage=0.03


Tree=222
num_leaves=7
num_cat=0
split_feature=46 68 0 46 30 4
split_gain=0.526845 1.21333 0.777183 0.659589 0.357998 0.269613
threshold=0.081586226820945754 313.60475158691412 3.1666666269302373 0.19557714462280276 0.020111607387661937 0.039344685152173049
decision_type=2 8 2 2 2 8
left_child=5 3 4 -2 -3 -1
right_child=1 2 -4 -5 -6 -7
leaf_value=0 -0.00033729960122506181 0 0 0.0068293295809341093 -0.011037266584159119 0.0062607800640752456
leaf_weight=1.4724022746086145 2.0924805551767376 0.83451487123966117 1.110913548618554 4.0457305982708931 8.0091182291507703 4.6373863592743874
leaf_count=8 19 6 9 29 122 35
internal_value=0 -0.00234157 -0.00766453 0.00197321 -0.00996633 0.00453348
internal_weight=22.2025 16.0928 9.95455 6.13821 8.84363 6.10979
internal_count=228 185 137 48 128 43
is_linear=0
shrinkage=0.03


Tree=223
num_leaves=7
num_cat=0
split_feature=58 17 62 39 16 34
split_gain=0.267644 0.423929 0.372832 0.294738 0.232951 0.196765
threshold=1.0000000180025095e-35 0.51415646076202404 0.89659997820854198 0.17409796267747882 0.68485224246978771 0.078262127935886397
decision_type=2 2 2 2 2 2
left_child=1 3 4 5 -2 -1
right_child=2 -3 -4 -5 -6 -7
leaf_value=0 -0.0063144029650453511 0 0 0 0 0.0077554118239251436
leaf_weight=1.4196984693408028 5.6359040979295933 5.1777839269489041 0.9511822462081917 1.7020144164562223 2.8756844736635685 6.402368176728487
leaf_count=9 75 47 6 11 38 54
internal_value=0 0.00256607 -0.0020048 0.00527947 -0.00472781 0.00673934
internal_weight=24.1646 14.7019 9.46277 9.52408 8.51159 7.82207
internal_count=240 121 119 74 113 63
is_linear=0
shrinkage=0.03


Tree=224
num_leaves=7
num_cat=0
split_feature=19 31 31 35 39 68
split_gain=0.556409 0.687686 0.643673 0.295186 0.176285 0.0918403
threshold=0.23182993382215503 0.69415679574012767 0.11264374479651452 0.1045847423374653 0.07438200339674951 726.24243164062511
decision_type=2 2 2 2 2 10
left_child=3 2 -2 -1 -3 -4
right_child=1 4 5 -5 -6 -7
leaf_value=0 0 0 -0.0089054054571874649 0.0063316389084982607 0.0036782055689445099 0
leaf_weight=2.0950961261987704 1.6528209708631019 1.0156344864517444 6.8538055047392845 7.3596903216093779 2.8177953884005547 1.063997123390436
leaf_count=13 12 18 79 62 28 16
internal_value=0 -0.00173549 -0.00587134 0.00470285 0.00103288 -0.00836563
internal_weight=22.8588 13.4041 9.57062 9.45479 3.83343 7.9178
internal_count=228 153 107 75 46 95
is_linear=0
shrinkage=0.03


Tree=225
num_leaves=7
num_cat=0
split_feature=58 17 47 38 62 51
split_gain=0.403097 0.531807 0.494458 0.338544 0.253166 0.165082
threshold=1.0000000180025095e-35 0.89189520478248607 0.8404977321624757 0.21466276794672015 0.55140000581741344 -0.64153471589088429
decision_type=2 2 2 2 2 2
left_child=1 2 3 -1 5 -2
right_child=4 -3 -4 -5 -6 -7
leaf_value=0 0 0 0 0.0094288888365156188 0 -0.0052940946608225114
leaf_weight=4.1217307560145873 0.6959625817835321 1.755108918994664 1.450379442423581 6.880479484796524 1.7951217759400604 6.6550115626305333
leaf_count=27 9 15 14 62 16 91
internal_value=0 0.00335458 0.0057836 0.00754645 -0.00217261 -0.00428257
internal_weight=23.3538 14.2077 12.4526 11.0022 9.1461 7.35097
internal_count=234 118 103 89 116 100
is_linear=0
shrinkage=0.03


Tree=226
num_leaves=7
num_cat=0
split_feature=58 34 35 38 62 36
split_gain=0.745943 0.572041 0.550985 0.221807 0.139934 0.14874
threshold=1.0000000180025095e-35 0.80959230661392223 0.1045847423374653 0.17053766548633578 0.92620000243186962 0.19807121157646182
decision_type=2 2 2 2 2 2
left_child=1 2 -1 -4 5 -2
right_child=4 -3 3 -5 -6 -7
leaf_value=0 0 0 0 0.011158014393761387 0 -0.0040672968195585996
leaf_weight=1.9782133698463464 1.9466303791850785 1.986291967332362 2.2027253620326501 7.1701709106564522 1.0177628695964811 5.7050083223730326
leaf_count=12 20 21 14 63 7 76
internal_value=0.00282818 0.00630373 0.00821868 0.010002 0 -0.0026711
internal_weight=22.0068 13.3374 11.3511 9.3729 8.6694 7.65164
internal_count=213 110 89 77 103 96
is_linear=0
shrinkage=0.03


Tree=227
num_leaves=7
num_cat=0
split_feature=24 68 60 54 11 47
split_gain=0.848949 0.679496 0.946152 0.149 0.104327 0.14383
threshold=0.61858308315277111 36.717102050781257 0.31399999558925634 0.070939652621746077 4.6250000000000009 0.073408186435699477
decision_type=2 10 2 2 2 2
left_child=1 4 -3 -2 5 -1
right_child=3 2 -4 -5 -6 -7
leaf_value=0 0 0.0099644748890933502 0 -0.0063551234581931456 0 -0.0038399172922420092
leaf_weight=0.79506702721119449 0.55203025788068671 7.883590077981351 2.0284192375838757 4.4985671658068895 2.2545941919088364 5.1469680164009333
leaf_count=4 3 66 20 70 17 51
internal_value=0 0.00333479 0.00681257 -0.00547689 0 -0.00242688
internal_weight=23.1592 18.1086 9.91201 5.0506 8.19663 5.94204
internal_count=231 158 86 73 72 55
is_linear=0
shrinkage=0.03


Tree=228
num_leaves=7
num_cat=0
split_feature=51 50 0 54 36 19
split_gain=0.498378 0.605783 0.531457 0.383088 0.314922 0.204172
threshold=-0.50530260801315297 0.15126202255487445 1.8333333134651186 0.72662216424942028 0.097918644547462477 0.64158549904823314
decision_type=2 2 2 2 2 2
left_child=2 4 3 -1 -2 -6
right_child=1 -3 -4 -5 5 -7
leaf_value=-0.008194088301237374 0 0 0 0 0.0089901348813612517 0
leaf_weight=6.3903129510581511 1.0355014055967311 4.3062684163451195 2.3830662854015818 2.6642276085913181 4.6434933245182037 1.5873907413333652
leaf_count=93 6 38 24 23 32 16
internal_value=0 0.00281655 -0.00359724 -0.00629768 0.00644108 0.00784836
internal_weight=23.0103 11.5727 11.4376 9.05454 7.26639 6.23088
internal_count=232 92 140 116 54 48
is_linear=0
shrinkage=0.03


Tree=229
num_leaves=7
num_cat=0
split_feature=52 32 54 57 58 4
split_gain=0.369495 1.05793 0.40426 0.322278 0.259053 0.24418
threshold=-0.38562110066413874 0.17417489737272265 0.76592186093330394 0.0016000000759959223 0.020399999804794792 0.047441400587558753
decision_type=2 2 2 2 2 10
left_child=1 4 5 -2 -1 -3
right_child=3 2 -4 -5 -6 -7
leaf_value=0.004566390119470333 0.0059904071353835261 -0.0094462768308946985 0 0 0 0
leaf_weight=5.3812049254775109 6.0560468174517146 6.7493196204304677 1.5719760209321973 1.9245568495243786 1.2978787608444688 1.1059394329786298
leaf_count=37 45 97 17 16 13 13
internal_value=0 -0.00133353 -0.00684777 0.00398908 0.00229148 -0.00844969
internal_weight=24.0869 16.1063 9.42724 7.9806 6.67908 7.85526
internal_count=238 177 127 61 50 110
is_linear=0
shrinkage=0.03


Tree=230
num_leaves=6
num_cat=0
split_feature=54 0 54 24 48
split_gain=1.06347 1.03609 0.725802 0.253327 0.0112133
threshold=0.069159060716629042 3.5000000000000004 0.76592186093330394 0.021322838962078098 -0.3183924257755279
decision_type=2 2 2 2 2
left_child=-1 2 3 -2 -4
right_child=1 -3 4 -5 -6
leaf_value=0.0050548354643584533 0 0.00067083402115161695 0 -0.010358712237350159 0.00094065435277147303
leaf_weight=4.0307500921189812 1.183764748275286 2.6991218030452719 1.2703247852623465 12.428275210782884 1.405507244169711
leaf_count=24 8 28 15 156 11
internal_value=-2.44316e-05 -0.00454445 -0.00761754 -0.0096056 0
internal_weight=23.0177 18.987 16.2879 13.612 2.67583
internal_count=242 218 190 164 26
is_linear=0
shrinkage=0.03


Tree=231
num_leaves=7
num_cat=0
split_feature=68 60 6 11 52 31
split_gain=0.744823 0.847356 0.310982 0.204936 0.377016 0.26337
threshold=697.16046142578136 0.31399999558925634 185.75000000000003 5.6070852279663095 -0.38562110066413874 0.073563203215599074
decision_type=8 2 2 2 2 2
left_child=1 2 -1 4 5 -2
right_child=3 -3 -4 -5 -6 -7
leaf_value=0.010021516498952955 0 0 0 0 0 -0.0070894914185211984
leaf_weight=8.6273405887186545 0.70759632438421149 2.5036099180579177 1.2172764427959908 2.0702678337693206 2.655570361763238 5.150635814294219
leaf_count=70 6 23 10 17 21 82
internal_value=0.00219458 0.0060878 0.00895358 -0.000183592 -0.00316226 -0.00575076
internal_weight=22.9323 12.3482 9.84462 10.5841 8.5138 5.85823
internal_count=229 103 80 126 109 88
is_linear=0
shrinkage=0.03


Tree=232
num_leaves=7
num_cat=0
split_feature=58 35 34 20 44 38
split_gain=0.698928 0.577836 0.768992 0.273361 0.230773 0.304568
threshold=1.0000000180025095e-35 0.32889331877231603 0.79708495736122142 0.78553050756454479 0.48754350841045385 0.86325907707214367
decision_type=2 2 2 2 2 2
left_child=1 -1 3 -3 5 -2
right_child=4 2 -4 -5 -6 -7
leaf_value=0 -0.0056665976212853606 0.011521250129761696 0 0 0 0
leaf_weight=5.7494141757488277 6.5832998156547529 5.5689461603760702 2.0248105600476265 1.3654340021312235 0.85298630222678173 1.3538348935544489
leaf_count=42 86 47 19 11 6 18
internal_value=0.000947803 0.00496232 0.00771506 0.0103686 -0.00164244 -0.00379539
internal_weight=23.4987 14.7086 8.95919 6.93438 8.79012 7.93713
internal_count=229 119 77 58 110 104
is_linear=0
shrinkage=0.03


Tree=233
num_leaves=7
num_cat=0
split_feature=68 60 11 46 6 60
split_gain=0.843263 0.899968 0.34549 0.393102 0.292669 0.168193
threshold=752.01473999023449 0.31399999558925634 5.6070852279663095 0.061190232634544379 185.75000000000003 0.833600014448166
decision_type=8 2 2 2 2 2
left_child=1 4 3 -2 -1 -5
right_child=2 -3 -4 5 -6 -7
leaf_value=0.0096564535242322329 0 0 0 -0.0072588804440186722 0 0
leaf_weight=9.0249774008989352 0.49672433733939936 2.5961687639355651 1.8006845712661732 7.0042188800871372 1.2150474935770024 0.62986258417367924
leaf_count=71 2 23 18 98 10 10
internal_value=0.000811564 0.00553909 -0.00200179 -0.00464274 0.00863918 -0.00649809
internal_weight=22.7677 12.8362 9.93149 8.13081 10.24 7.63408
internal_count=232 104 128 110 81 108
is_linear=0
shrinkage=0.03


Tree=234
num_leaves=7
num_cat=0
split_feature=62 43 60 68 61 0
split_gain=0.533319 0.516119 0.443264 0.900138 0.1488 0.128641
threshold=0.0010000000183936211 0.15180068463087085 0.31399999558925634 752.01473999023449 0.068399999290704741 2.5000000000000004
decision_type=2 2 2 8 2 2
left_child=1 -1 3 4 -2 -3
right_child=2 5 -4 -5 -6 -7
leaf_value=0 0.0099135705379693132 -0.0073404756196591382 0 0 0 0
leaf_weight=2.2882393673062342 5.6543297506868813 6.0490394197404385 2.8375191558152428 4.3185588940978059 1.7972398623824117 0.83402438461780537
leaf_count=15 43 100 28 32 16 6
internal_value=0 -0.00385212 0.00281869 0.00522547 0.00897128 -0.00666057
internal_weight=23.779 9.1713 14.6076 11.7701 7.45157 6.88306
internal_count=240 121 119 91 59 106
is_linear=0
shrinkage=0.03


Tree=235
num_leaves=7
num_cat=0
split_feature=47 32 5 48 60 54
split_gain=0.532423 0.893173 0.50823 0.118649 0.0701123 0.0494229
threshold=0.090125467628240599 0.19966991245746615 0.044748857617378242 0.13498388230800631 0.88940000534057628 0.79003721475601207
decision_type=2 2 2 2 2 2
left_child=3 2 -2 -1 5 -3
right_child=1 4 -4 -5 -6 -7
leaf_value=0.0056635548079490032 -0.00064778231577483907 -0.0076942942571207795 0.0055873795181284923 0 0 0
leaf_weight=4.2435794509947327 3.1912375912070292 7.3821167666465008 4.8417188450694084 1.5034260675311086 0.8300785422325142 1.2669632770121095
leaf_count=30 24 108 39 10 10 12
internal_value=0 -0.00216613 0.000797499 0.0047151 -0.00687792 -0.00726602
internal_weight=23.2591 17.5121 8.03296 5.74701 9.47916 8.64908
internal_count=233 193 63 40 130 120
is_linear=0
shrinkage=0.03


Tree=236
num_leaves=7
num_cat=0
split_feature=58 55 60 34 62 24
split_gain=0.586583 0.777876 0.533066 0.302964 0.252793 0.161114
threshold=0.011799999978393318 0.14269554615020755 0.16399999707937243 0.078262127935886397 0.92620000243186962 0.9225657880306245
decision_type=2 2 2 2 2 2
left_child=1 2 3 -1 5 -2
right_child=4 -3 -4 -5 -6 -7
leaf_value=0 -0.0054000808468282029 0 0 0.0098977639878201473 0 0
leaf_weight=2.3535713925957742 4.1706064324825993 3.5550842732191077 2.4859990738332263 10.240554008632897 0.66247487068176258 0.47524067945778359
leaf_count=13 79 28 27 85 3 7
internal_value=0.00112751 0.00430366 0.00700435 0.00870016 -0.00163076 -0.00427949
internal_weight=23.9435 18.6352 15.0801 12.5941 5.30832 4.64585
internal_count=242 153 125 98 89 86
is_linear=0
shrinkage=0.03


Tree=237
num_leaves=7
num_cat=0
split_feature=51 19 32 28 28 21
split_gain=0.497827 0.510196 0.479614 0.441348 0.376159 0.242276
threshold=-0.51844158768653859 0.81449943780899059 0.033457165583968169 0.10189286246895791 0.81790655851364147 0.15470241755247119
decision_type=2 2 2 2 2 2
left_child=3 2 -2 -1 -4 -5
right_child=1 -3 4 5 -6 -7
leaf_value=0 0 0 0.0092593366121114361 0 0 -0.0066700695946293785
leaf_weight=3.5698475204408187 1.5192238092422474 1.4197387732565392 7.9434844125062209 0.846387568861246 1.2531569190323351 6.9541353415697813
leaf_count=29 12 11 61 12 14 101
internal_value=0 0.00373634 0.00608953 -0.00255059 0.00790588 -0.00548861
internal_weight=23.506 12.1356 10.7159 11.3704 9.19664 7.80052
internal_count=240 98 87 142 75 113
is_linear=0
shrinkage=0.03


Tree=238
num_leaves=7
num_cat=0
split_feature=17 59 34 15 54 62
split_gain=0.607221 0.817958 0.485369 0.314524 0.275742 0.271803
threshold=0.51415646076202404 0.27939999103546148 0.078262127935886397 6.8180971145629892 0.070939652621746077 0.99939998984336864
decision_type=2 2 2 2 2 2
left_child=1 2 -1 4 -2 -4
right_child=3 -3 5 -5 -6 -7
leaf_value=0 0 0 0.010515648740850999 0 -0.0063301883124182272 0
leaf_weight=2.2692388519644764 1.0695772394537906 2.9113785475492469 6.752651693299411 1.1253997832536695 6.0430569518357515 2.1844078414142132
leaf_count=15 8 34 64 9 84 16
internal_value=0 0.00424633 0.00743109 -0.00247397 -0.00480257 0.00921444
internal_weight=22.3557 14.1177 11.2063 8.23803 7.11263 8.93706
internal_count=230 129 95 101 92 80
is_linear=0
shrinkage=0.03


Tree=239
num_leaves=7
num_cat=0
split_feature=62 55 5 33 26 68
split_gain=0.610556 0.409238 0.321381 0.299602 0.223057 0.0530882
threshold=0.0010000000183936211 0.14269554615020755 0.68173515796661388 0.23355001211166385 0.043026529252529151 529.38558959960949
decision_type=2 2 2 2 2 10
left_child=2 5 3 -1 -5 -2
right_child=1 -3 -4 4 -6 -7
leaf_value=0 0.006670750057861094 0 0 0 -0.007457869846246354 0
leaf_weight=1.2913852483034149 9.29713476449251 3.070961143821477 1.5662493370473383 1.0163307487964628 5.5795156881213188 1.460008468478917
leaf_count=16 76 24 15 6 85 14
internal_value=0 0.00430987 -0.0023441 -0.00470599 -0.00633381 0.00625037
internal_weight=23.2816 13.8281 9.45348 7.88723 6.59585 10.7571
internal_count=236 114 122 107 91 90
is_linear=0
shrinkage=0.03


Tree=240
num_leaves=7
num_cat=0
split_feature=58 17 62 50 31 0
split_gain=0.582741 0.904981 0.388219 0.289887 0.143205 0.117319
threshold=1.0000000180025095e-35 0.51415646076202404 0.83859997987747203 0.25274411588907247 0.026976145803928379 2.1666666269302373
decision_type=2 2 2 2 2 2
left_child=1 4 3 5 -1 -2
right_child=2 -3 -4 -5 -6 -7
leaf_value=0 -0.0071810638543777124 0 0 0 0.0085945526052566158 0
leaf_weight=1.3279404938221002 6.3388483989983762 5.3967072479426852 0.94005729630589563 1.1110086031258104 8.1565823927521688 0.7561499923467635
leaf_count=8 93 51 8 11 64 7
internal_value=0 0.00399846 -0.0025722 -0.00511362 0.0078878 -0.00656584
internal_weight=24.0273 14.8812 9.14606 8.20601 9.48452 7.095
internal_count=242 123 119 111 72 100
is_linear=0
shrinkage=0.03


Tree=241
num_leaves=7
num_cat=0
split_feature=54 68 11 60 37 55
split_gain=0.754695 0.855652 0.650977 0.412897 0.312598 0.153433
threshold=0.069159060716629042 385.15440368652349 5.6070852279663095 0.34340000152587896 0.86705854535102855 0.13327334821224215
decision_type=2 8 2 2 2 2
left_child=-1 3 4 5 -3 -2
right_child=1 2 -4 -5 -6 -7
leaf_value=0.0068060674445483251 0.0059982382547856114 -0.0097718678658899084 0 0 0 0
leaf_weight=4.0539014264941242 5.9385765157639998 6.7863726336508972 2.1612225640565148 1.5250117182731626 1.9074577409774063 1.1492466963827608
leaf_count=26 45 100 22 16 21 11
internal_value=0.000185918 -0.000998358 -0.00593944 0.00185076 -0.0084081 0.00504756
internal_weight=23.5218 19.4679 10.8551 8.61283 8.69383 7.08782
internal_count=241 215 143 72 121 56
is_linear=0
shrinkage=0.03


Tree=242
num_leaves=6
num_cat=0
split_feature=54 55 0 32 47
split_gain=0.395048 0.657532 1.0704 0.445096 0.161756
threshold=0.069159060716629042 -0.13564373552799222 3.5000000000000004 0.82274550199508678 0.86803746223449718
decision_type=2 2 2 2 2
left_child=-1 4 3 -3 -2
right_child=1 2 -4 -5 -6
leaf_value=0.0039249385282571318 0.0033689194642278434 -0.010205576219410187 0 0 0
leaf_weight=3.4308391362428692 3.1889607738703551 10.164981242269272 2.3665011860430232 1.3021306954324234 1.2099293656647203
leaf_count=22 29 117 23 17 16
internal_value=0 -0.00229452 -0.00555821 -0.00889807 0.000534222
internal_weight=21.6633 18.2325 13.8336 11.4671 4.39889
internal_count=224 202 157 134 45
is_linear=0
shrinkage=0.03


Tree=243
num_leaves=7
num_cat=0
split_feature=53 34 50 30 32 31
split_gain=0.419007 0.446156 0.485545 0.406737 0.372162 0.103404
threshold=-0.43385773897171015 0.79708495736122142 0.18252135813236239 0.13510000705718997 0.033457165583968169 0.15461797267198565
decision_type=2 2 2 2 2 2
left_child=3 2 4 -1 -2 -5
right_child=1 -3 -4 5 -6 -7
leaf_value=0 0 0 0 0 0.0085234940805311941 -0.0062902606890483242
leaf_weight=2.7478027679026154 1.5353248938918103 1.98370837047696 2.1765866149216881 0.51345020905137051 9.7520830240100604 4.5251730363816023
leaf_count=24 12 21 20 5 82 81
internal_value=0 0.00320568 0.00531585 -0.00254933 0.00718858 -0.00565934
internal_weight=23.2341 15.4477 13.464 7.78643 11.2874 5.03862
internal_count=245 135 114 110 94 86
is_linear=0
shrinkage=0.03


Tree=244
num_leaves=7
num_cat=0
split_feature=0 47 58 17 14 44
split_gain=0.614619 0.701636 0.659437 0.548902 0.429142 0.4317
threshold=0.83333334326744091 0.096516769379377379 0.009599999990314247 0.80976635217666637 1.3474708795547488 0.093806218355894103
decision_type=2 2 2 2 2 2
left_child=1 -1 3 -2 -3 -6
right_child=2 4 -4 -5 5 -7
leaf_value=0.00011484239704196556 0.009384266530562525 0 0 0 0 -0.0096251277870768055
leaf_weight=3.2455576211214092 6.3750639818608743 1.5077492222189892 1.7771131843328474 1.2211840003728864 1.5333146676421145 7.3208516333252192
leaf_count=20 55 9 33 9 17 93
internal_value=0 -0.00290046 0.00427799 0.00734016 -0.00638415 -0.0080313
internal_weight=22.9808 13.6075 9.37336 7.59625 10.3619 8.85417
internal_count=236 139 97 64 119 110
is_linear=0
shrinkage=0.03


Tree=245
num_leaves=7
num_cat=0
split_feature=54 35 11 53 34 53
split_gain=0.472725 0.860715 0.810206 0.462289 0.362918 0.270125
threshold=0.069159060716629042 0.61007177829742443 3.8500000238418584 -0.22608545422554013 0.76888278126716625 -0.47694244980812067
decision_type=2 2 2 2 2 2
left_child=-1 2 3 -2 5 -3
right_child=1 4 -4 -5 -6 -7
leaf_value=0.005342226797048941 -0.010146878491621195 0 0 0 0 0.0068267803358918388
leaf_weight=3.9194241166114834 8.2125057280063647 1.024385694414377 2.0165176149457684 0.98879926651716132 2.8569291103631258 3.7900588102638713
leaf_count=25 95 15 21 6 40 36
internal_value=0 -0.000988013 -0.00586517 -0.00871715 0.00203172 0.00519344
internal_weight=22.8086 18.8892 11.2178 9.2013 7.67137 4.81444
internal_count=238 213 122 101 91 51
is_linear=0
shrinkage=0.03


Tree=246
num_leaves=7
num_cat=0
split_feature=68 60 6 11 47 4
split_gain=0.565594 0.989074 0.365362 0.302267 0.313195 0.431229
threshold=752.01473999023449 0.026600000448524955 185.75000000000003 5.6070852279663095 0.070282794535160079 0.0050959466025233277
decision_type=8 2 2 2 2 8
left_child=1 2 -1 4 -2 -6
right_child=3 -3 -4 -5 5 -7
leaf_value=0.010082348757837362 0 0 0 0 0 -0.0075239076285095142
leaf_weight=7.1366644315421599 0.87063397467136194 4.8355855271220198 1.162558279931545 2.0160681493580332 0.87153946235775936 6.9229239150881767
leaf_count=59 4 44 8 18 10 101
internal_value=0.000941121 0.00475471 0.00878785 -0.000878785 -0.00392816 -0.00565916
internal_weight=23.816 13.1348 8.29922 10.6812 8.6651 7.79446
internal_count=244 111 67 133 115 111
is_linear=0
shrinkage=0.03


Tree=247
num_leaves=7
num_cat=0
split_feature=54 61 11 30 46 44
split_gain=0.610279 0.363863 0.532149 0.47141 0.327495 0.00419278
threshold=0.069159060716629042 1.0000000180025095e-35 5.6070852279663095 0.84942904114723217 0.19557714462280276 0.38893267512321478
decision_type=2 2 2 2 2 2
left_child=-1 2 3 -2 5 -3
right_child=1 4 -4 -5 -6 -7
leaf_value=0.0061275276497659717 -0.0079962488326153752 -0.00059673543088693305 0 0 0.0046168986517497457 0
leaf_weight=3.8476012572646168 9.7047364488244074 2.0242047086358066 2.4368489459156981 1.0105874352157105 3.8074733130633831 1.1330416537821291
leaf_count=24 128 17 26 19 27 9
internal_value=0 -0.000986691 -0.00392524 -0.00635136 6.84823e-05 -0.00019654
internal_weight=23.9645 20.1169 13.1522 10.7153 6.96472 3.15725
internal_count=250 226 173 147 53 26
is_linear=0
shrinkage=0.03


Tree=248
num_leaves=7
num_cat=0
split_feature=1 58 47 48 17 53
split_gain=0.360474 0.459156 0.368473 0.667915 0.226792 0.213258
threshold=0.83333334326744091 0.009599999990314247 0.085297085344791426 -0.23816646635532376 0.68966230750083934 -0.22608545422554013
decision_type=2 2 2 2 2 2
left_child=2 4 -1 -4 -2 -5
right_child=1 -3 3 5 -6 -7
leaf_value=0.00040918559608774737 0.0078674936789700847 0 0 -0.0081698697775698138 0 0
leaf_weight=3.3396547660231617 4.8920692168176165 1.7191725112497804 4.2357568293809891 7.116135623306036 1.2087299972772596 0.83983697742223551
leaf_count=18 44 32 40 92 8 6
internal_value=0 0.00413323 -0.00088503 -0.00396789 0.00667634 -0.0072757
internal_weight=23.3514 7.81997 15.5314 12.1917 6.1008 7.95597
internal_count=240 84 156 138 52 98
is_linear=0
shrinkage=0.03


Tree=249
num_leaves=7
num_cat=0
split_feature=51 36 24 26 23 57
split_gain=0.66396 0.384102 0.359955 0.320225 0.204956 0.214334
threshold=-0.45407037436962122 0.11692211031913759 0.15194876492023471 0.81814831495285045 0.92635458707809459 0.87619999051094066
decision_type=2 2 2 2 2 2
left_child=2 -2 -1 -3 5 -4
right_child=1 3 4 -5 -6 -7
leaf_value=0.00062454848896966733 0 0.0089766982418005552 -0.0065511970346848027 0 0 0
leaf_weight=5.7320931218564537 1.0147760398685912 5.9089374486356974 6.2464161496609432 1.1896996349096296 0.77573006413876999 1.4774776231497524
leaf_count=47 7 44 92 14 11 16
internal_value=0.00127503 0.00598149 -0.000293169 0.00762359 -0.00415843 -0.0053345
internal_weight=22.3451 8.11341 14.2317 7.09864 8.49962 7.72389
internal_count=231 65 166 58 119 108
is_linear=0
shrinkage=0.03


Tree=250
num_leaves=7
num_cat=0
split_feature=51 50 35 32 34 21
split_gain=0.602803 0.673462 0.500277 0.443897 0.258108 0.21074
threshold=-0.51844158768653859 0.15126202255487445 0.1045847423374653 0.17417489737272265 0.79708495736122142 0.95105892419815075
decision_type=2 2 2 2 2 2
left_child=3 2 -2 -1 -4 -5
right_child=1 -3 4 5 -6 -7
leaf_value=0 0 0 0.010351059288547746 -0.0072541302903086921 0 0
leaf_weight=4.7482583932578581 1.212851770222185 4.6096908040344715 5.2524647694081068 4.9392893090844154 1.4493540935218332 0.52688826993107785
leaf_count=40 8 43 38 85 14 9
internal_value=0 0.00391681 0.00728851 -0.00312153 0.00916178 -0.00621019
internal_weight=22.7388 12.5244 7.91467 10.2144 6.70182 5.46618
internal_count=237 103 60 134 52 94
is_linear=0
shrinkage=0.03


Tree=251
num_leaves=7
num_cat=0
split_feature=0 58 53 46 57 19
split_gain=0.536478 0.619572 0.420448 0.357977 0.488463 0.350086
threshold=0.83333334326744091 0.009599999990314247 -0.22608545422554013 0.07509393617510797 0.32060000300407415 0.72827759385108959
decision_type=2 2 2 2 2 2
left_child=2 5 3 -1 -5 -2
right_child=1 -3 -4 4 -6 -7
leaf_value=0 0.0086886708890854415 0 0 -0.0090449789444155965 0 0
leaf_weight=2.4023543894290915 5.9137728624045831 1.7340980507433412 1.7424426786601568 5.8210045639425498 2.6680880934000015 1.3933293335139749
leaf_count=13 52 34 11 72 32 10
internal_value=0 0.00415474 -0.00260965 -0.00504888 -0.00679917 0.00715613
internal_weight=21.6751 9.0412 12.6339 10.8914 8.48909 7.3071
internal_count=224 96 128 117 104 62
is_linear=0
shrinkage=0.03


Tree=252
num_leaves=7
num_cat=0
split_feature=54 37 20 34 12 55
split_gain=0.373147 0.560322 0.592412 0.248 0.339197 0.193504
threshold=0.069159060716629042 0.667617827653885 0.028848932124674324 0.76888278126716625 0.99390244483947765 0.16589002311229709
decision_type=2 2 2 2 2 2
left_child=-1 2 -2 4 -3 -4
right_child=1 3 5 -5 -6 -7
leaf_value=0.0047036136443368189 0 0.0059058767176658339 -0.0082866735851817499 0 0 0
leaf_weight=4.0984711386263397 2.2421062886714962 5.6104027070105058 7.7595367971807701 1.502590801566839 1.3644010201096533 1.0164468921720979
leaf_count=24 16 56 96 23 9 16
internal_value=0 -0.000900509 -0.00493657 0.000930664 0.00375389 -0.00746165
internal_weight=23.594 19.4955 11.0181 8.47739 6.9748 8.77598
internal_count=240 216 128 88 65 112
is_linear=0
shrinkage=0.03


Tree=253
num_leaves=7
num_cat=0
split_feature=68 60 6 24 4 51
split_gain=0.541543 0.769612 0.645803 0.302525 0.37912 0.332483
threshold=50.487812042236335 0.31399999558925634 192.00000000000003 0.15194876492023471 0.0050959466025233277 -0.38627026975154871
decision_type=10 2 2 2 8 2
left_child=3 2 -2 -1 -5 -6
right_child=1 -3 -4 4 5 -7
leaf_value=0 0.0094299867910143664 0 0 0 -0.0081662516135069235 0
leaf_weight=3.3981868606060761 8.5838306825607997 2.3922190088778725 1.2014959640800942 0.82423981837928284 5.3164272494614124 1.2322587668895719
leaf_count=24 74 28 12 9 78 11
internal_value=0 0.00413222 0.00735854 -0.00228764 -0.00468286 -0.00660605
internal_weight=22.9487 12.1775 9.78533 10.7711 7.37293 6.54869
internal_count=236 114 86 122 98 89
is_linear=0
shrinkage=0.03


Tree=254
num_leaves=7
num_cat=0
split_feature=68 60 54 7 7 48
split_gain=0.708752 0.825467 0.536295 0.411114 0.310467 0.175234
threshold=752.01473999023449 0.31399999558925634 0.069159060716629042 431.00000000000006 388.00000000000006 -0.32985320687294001
decision_type=8 2 2 2 2 2
left_child=1 4 -2 -4 5 -1
right_child=2 -3 3 -5 -6 -7
leaf_value=0 0 0 -0.0079049552961763456 0 0 0.0096595722035552802
leaf_weight=1.1933648586273173 1.7092393785715083 2.7085217162966719 6.2129035387188196 0.81590112484991539 1.2860442101955403 7.7636515572667157
leaf_count=10 9 25 100 11 11 63
internal_value=0 0.00456087 -0.00292622 -0.00614543 0.00776432 0.00889461
internal_weight=21.6896 12.9516 8.73804 7.0288 10.2431 8.95702
internal_count=229 109 120 111 84 73
is_linear=0
shrinkage=0.03


Tree=255
num_leaves=7
num_cat=0
split_feature=68 60 26 48 6 4
split_gain=0.487145 0.764486 0.610234 0.245375 0.231049 0.136409
threshold=50.487812042236335 0.0030000000260770325 0.14372427761554721 0.15414737164974215 174.37500000000003 0.0058754575438797483
decision_type=10 2 2 2 2 8
left_child=2 4 -1 5 -2 -4
right_child=1 -3 3 -5 -6 -7
leaf_value=0.0017570417545096008 0.0091718446488098602 0 0 0 0 -0.0073541325623950092
leaf_weight=3.893035667017104 6.1650077048689109 4.3848948758095503 0.66922793351113785 0.72513471357524384 1.1488485336303709 5.790023285895586
leaf_count=26 53 50 12 8 11 74
internal_value=0.000948429 0.00462357 -0.000438376 -0.00544974 0.00815663 -0.00666523
internal_weight=22.7762 11.6988 11.0774 7.18439 7.31386 6.45925
internal_count=234 114 120 94 64 86
is_linear=0
shrinkage=0.03


Tree=256
num_leaves=7
num_cat=0
split_feature=54 32 61 5 58 32
split_gain=0.241792 0.692495 0.366443 0.306189 0.289496 0.25263
threshold=0.069159060716629042 0.17417489737272265 0.0022000001044943933 0.044748857617378242 0.01060000015422702 0.88642621040344249
decision_type=2 2 2 2 2 2
left_child=-1 3 5 -2 -5 -3
right_child=1 2 -4 4 -6 -7
leaf_value=0.0036151574544154201 0 -0.0086266776904706886 0 0.0062788119456458607 0 0
leaf_weight=3.8387091718614128 3.1007235795259493 6.0751522146165353 2.8350319303572178 4.1279033944010735 1.1095052175223825 0.54704154841601838
leaf_count=25 23 104 25 32 12 10
internal_value=0 -0.00114984 -0.00573136 0.00106641 0.00441064 -0.00763491
internal_weight=21.6341 17.7954 9.45723 8.33813 5.23741 6.62219
internal_count=231 206 139 67 44 114
is_linear=0
shrinkage=0.03


Tree=257
num_leaves=7
num_cat=0
split_feature=58 60 62 23 4 59
split_gain=0.480381 0.5443 0.293918 0.224351 0.200724 0.180105
threshold=1.0000000180025095e-35 0.25939999520778662 0.89659997820854198 0.78632166981697094 0.0079052620567381399 1.0000000180025095e-35
decision_type=2 2 2 2 10 2
left_child=1 3 4 -1 5 -2
right_child=2 -3 -4 -5 -6 -7
leaf_value=0.0070210159021750406 0 0 0 0 0 -0.0070310737587654373
leaf_weight=10.370971372351052 0.56428643688559432 2.5045076943933955 0.8052314594388007 2.1857979297637931 1.917152030393481 4.7103425171226263
leaf_count=75 9 29 7 24 21 70
internal_value=0 0.00353061 -0.00258165 0.00596376 -0.00472904 -0.00608257
internal_weight=23.0583 15.0613 7.99701 12.5568 7.19178 5.27463
internal_count=235 128 107 99 100 79
is_linear=0
shrinkage=0.03


Tree=258
num_leaves=7
num_cat=0
split_feature=58 50 47 31 34 14
split_gain=0.357455 0.551641 0.518368 0.268433 0.205834 0.140332
threshold=1.0000000180025095e-35 0.14968683570623401 0.85333144664764415 0.69415679574012767 0.078262127935886397 1.6038016676902773
decision_type=2 2 2 2 2 2
left_child=1 2 4 5 -1 -2
right_child=3 -3 -4 -5 -6 -7
leaf_value=0 0 0 0 0 0.0091340355949647047 -0.0056096055148335371
leaf_weight=1.4675915539264694 0.59248662739992042 4.4533243700861922 1.4096068963408468 1.8363387957215307 6.3393079489469528 5.0840304754674435
leaf_count=9 5 43 16 26 50 79
internal_value=0 0.00301342 0.0060845 -0.00246915 0.00813334 -0.004714
internal_weight=21.1827 13.6698 9.21651 7.51286 7.8069 5.67652
internal_count=228 118 75 110 59 84
is_linear=0
shrinkage=0.03


Tree=259
num_leaves=7
num_cat=0
split_feature=68 60 6 19 31 39
split_gain=0.387223 0.655633 0.386071 0.363354 0.165578 0.0148397
threshold=36.717102050781257 0.0030000000260770325 181.37500000000003 0.32002431154251104 0.75880935788154613 0.035259947180747993
decision_type=10 2 2 2 2 2
left_child=3 2 5 -1 -5 -2
right_child=1 -3 -4 4 -6 -7
leaf_value=0 0 0 0 -0.0064015632367331295 0 0.0089323614394656217
leaf_weight=4.6075742356479186 1.0680375099182109 4.5090426784008741 0.89230312407016743 4.0341113563627005 1.198391957208514 5.0439320374280214
leaf_count=40 11 51 9 54 17 47
internal_value=0 0.00340497 0.00702634 -0.0022347 -0.00528894 0.00858308
internal_weight=21.3534 11.5133 7.00427 9.84008 5.2325 6.11197
internal_count=229 118 67 111 71 58
is_linear=0
shrinkage=0.03


Tree=260
num_leaves=7
num_cat=0
split_feature=68 6 60 4 0 32
split_gain=0.545688 0.583498 0.59066 0.382217 0.489762 0.231088
threshold=752.01473999023449 192.00000000000003 0.34340000152587896 0.0050959466025233277 3.1666666269302373 0.88642621040344249
decision_type=8 2 2 8 2 2
left_child=1 2 -1 -2 5 -5
right_child=3 -3 -4 4 -6 -7
leaf_value=0.0086320728888702354 0 0 0 -0.0084178387655535879 0 0
leaf_weight=9.3278692010790127 1.0091981012374134 1.2008343338966359 2.0796478241682044 5.5299182664603004 1.6342328935861585 0.52000313624739636
leaf_count=81 8 10 20 89 11 8
internal_value=0 0.00411821 0.00651475 -0.00240018 -0.00505389 -0.00745694
internal_weight=21.3017 12.6084 11.4075 8.69335 7.68415 6.04992
internal_count=227 111 101 116 108 97
is_linear=0
shrinkage=0.03


Tree=261
num_leaves=7
num_cat=0
split_feature=1 60 58 59 61 54
split_gain=0.690835 0.568543 0.551638 0.129011 0.0578431 0.0492188
threshold=0.83333334326744091 0.0030000000260770325 0.009599999990314247 1.0000000180025095e-35 1.0000000180025095e-35 0.066835202276706709
decision_type=2 2 2 2 2 2
left_child=1 4 -2 -3 5 -1
right_child=2 3 -4 -5 -6 -7
leaf_value=0 0.0080784635899825291 0 0 -0.0071792343764128554 0.0020099537238914039 -0.0016907852302785254
leaf_weight=1.1177906543016449 5.1015894524753085 0.67976163513958354 1.6190333813428877 4.7545519936829805 2.8861043974757195 5.4951931890100241
leaf_count=5 48 7 30 62 16 68
internal_value=0 -0.00230674 0.00540833 -0.00646131 0 0
internal_weight=21.654 14.9334 6.72062 5.43431 9.49909 6.61298
internal_count=236 158 78 69 89 73
is_linear=0
shrinkage=0.03


Tree=262
num_leaves=7
num_cat=0
split_feature=54 37 21 47 58 17
split_gain=0.518704 0.583131 0.503715 0.5302 0.095905 0.270711
threshold=0.069159060716629042 0.652053862810135 0.21817453950643542 0.087287481874227538 0.011799999978393318 0.65650138258934032
decision_type=2 2 2 2 2 2
left_child=-1 2 -2 -4 5 -3
right_child=1 4 3 -5 -6 -7
leaf_value=0.005170655368479533 0 0.004807851379950866 0 -0.0093285916797871907 0 0
leaf_weight=3.5568786375224617 1.698659330606463 4.2741979882121077 0.78480742871761133 7.9231825154274702 2.0366952419281006 1.4109548497945068
leaf_count=23 22 40 5 104 35 13
internal_value=0 -0.00192637 -0.00555275 -0.00760692 0 0.00234584
internal_weight=21.6854 18.1285 10.4066 8.70799 7.72185 5.68515
internal_count=242 219 131 109 88 53
is_linear=0
shrinkage=0.03


Tree=263
num_leaves=7
num_cat=0
split_feature=29 34 54 14 50 48
split_gain=0.429691 0.510413 0.424929 0.443675 0.335236 0.331826
threshold=0.59709206223487865 0.76888278126716625 0.070939652621746077 1.3474708795547488 0.04967715963721276 0.13498388230800631
decision_type=2 2 2 2 2 2
left_child=2 5 -1 -4 -5 -2
right_child=1 -3 3 4 -6 -7
leaf_value=0 0.0076391051561528677 0 0 0 -0.0088055411480559773 0
leaf_weight=2.2477531880140331 7.5394856315106136 1.4029407817870367 1.0333531945943812 2.2539884522557259 5.5364656038582325 1.0242209509015081
leaf_count=11 79 25 6 26 77 8
internal_value=0 0.00364665 -0.00239833 -0.00517257 -0.00712422 0.0062489
internal_weight=21.0382 9.96665 11.0716 8.82381 7.79045 8.56371
internal_count=232 112 120 109 103 87
is_linear=0
shrinkage=0.03


Tree=264
num_leaves=7
num_cat=0
split_feature=68 60 11 6 26 60
split_gain=1.34722 0.888799 0.808792 0.27658 0.132453 0.0518704
threshold=50.487812042236335 0.31399999558925634 5.6070852279663095 174.37500000000003 0.043026529252529151 0.19040000438690188
decision_type=10 2 2 2 2 2
left_child=2 3 4 -2 -1 -6
right_child=1 -3 -4 -5 5 -7
leaf_value=0 0.0098279442899929029 0 0 0 -0.0091010650083556983 0
leaf_weight=0.64223861694336104 8.7009260281920415 2.2021949440240851 1.9036012440919874 1.1680821198970068 6.2846767287701368 0.93752922490239132
leaf_count=5 78 28 20 13 79 16
internal_value=0 0.00585821 -0.00479784 0.00885336 -0.00813748 -0.00869539
internal_weight=21.8392 12.0712 9.76805 9.86901 7.86444 7.22221
internal_count=239 119 120 91 100 95
is_linear=0
shrinkage=0.03


Tree=265
num_leaves=7
num_cat=0
split_feature=51 32 4 54 32 25
split_gain=0.370408 0.670709 0.273658 0.253867 0.241021 0.176937
threshold=-0.4306392222642898 0.17417489737272265 0.0042826749850064525 0.76592186093330394 0.14763428270816806 0.19308520853519442
decision_type=2 2 10 2 2 2
left_child=1 2 -1 5 -2 -3
right_child=4 3 -4 -5 -6 -7
leaf_value=0 0 0 0.0042733908089255266 0 0.0058117127486969978 -0.0079830293415131901
leaf_weight=2.5189605392515677 1.1076297685503949 0.45473048463463772 4.599410142749548 1.7118305955082176 5.5169732291251421 5.6479719281196594
leaf_count=20 8 8 38 20 43 92
internal_value=0 -0.00102479 0.00108952 -0.00584926 0.00429856 -0.00721387
internal_weight=21.5575 14.9329 7.11837 7.81453 6.6246 6.1027
internal_count=229 178 58 120 51 100
is_linear=0
shrinkage=0.03


Tree=266
num_leaves=7
num_cat=0
split_feature=33 53 47 57 48 58
split_gain=0.31236 0.352614 0.551501 0.584114 0.328658 0.297405
threshold=0.63803189992904674 -0.22608545422554013 0.087287481874227538 0.72819998860359203 0.12663277238607409 0.011799999978393318
decision_type=2 2 2 2 2 2
left_child=1 2 -1 -4 5 -2
right_child=4 -3 3 -5 -6 -7
leaf_value=0 0.0071574933941257503 0.00085982835067716697 -0.0091322854619991546 0 0 0
leaf_weight=2.4917011409997931 6.3586625270545465 1.3670898675918604 6.0379370562732202 2.7540726400911808 1.1727925874292839 1.6937342789024112
leaf_count=14 59 8 86 29 11 26
internal_value=1.52947e-05 -0.000537281 -0.00385006 -0.00657277 0.00377928 0.00562104
internal_weight=21.876 12.6508 11.2837 8.79201 9.22519 8.0524
internal_count=233 137 129 115 96 85
is_linear=0
shrinkage=0.03


Tree=267
num_leaves=7
num_cat=0
split_feature=35 48 58 51 54 4
split_gain=0.340242 0.585504 0.72246 0.664676 0.309776 0.34773
threshold=0.36522072553634649 0.13498388230800631 0.005799999926239253 -0.6036286950111388 0.069159060716629042 0.018191121518611911
decision_type=2 2 2 2 2 10
left_child=4 2 3 -2 -1 -6
right_child=1 -3 -4 -5 5 -7
leaf_value=0 0 0 0 0.011206934802796463 -0.0062088845603137021 0
leaf_weight=1.3287548124790207 1.6197394523769606 1.4940515346825112 3.2945839706808329 6.2811863459646693 6.3036025837063789 1.2585468366742132
leaf_count=7 17 16 53 55 70 10
internal_value=0 0.00344619 0.00612984 0.00898962 -0.00139481 -0.00423883
internal_weight=21.5805 12.6896 11.1955 7.90093 8.8909 7.56215
internal_count=228 141 125 72 87 80
is_linear=0
shrinkage=0.03


Tree=268
num_leaves=7
num_cat=0
split_feature=54 0 48 30 48 22
split_gain=0.280266 0.554494 0.613793 0.389576 0.0446143 0.000531987
threshold=0.069159060716629042 3.5000000000000004 -0.19895818084478376 0.84942904114723217 -0.30998553335666651 0.46039514243602758
decision_type=2 2 2 2 2 2
left_child=-1 2 4 -4 -2 -3
right_child=1 5 3 -5 -6 -7
leaf_value=0.0038404418290978589 0 0.0014998671794268325 -0.0087608546655400764 0 0.0017058961960613153 0
leaf_weight=3.8191768489778068 2.3714140746742487 2.2645860873162742 8.5451212059706432 1.240018919110297 3.7978564929217127 0.73259644955396641
leaf_count=23 26 26 105 17 35 8
internal_value=0 -0.00129324 -0.00447758 -0.00736348 0 0.00144429
internal_weight=22.7708 18.9516 15.9544 9.78514 6.16927 2.99718
internal_count=240 217 183 122 61 34
is_linear=0
shrinkage=0.03


Tree=269
num_leaves=7
num_cat=0
split_feature=32 47 60 19 60 22
split_gain=0.344574 0.47912 0.280267 0.295994 0.178395 0.1918
threshold=0.27426053583621984 0.090125467628240599 0.0022000001044943933 0.57748931646347057 0.88940000534057628 0.92299482226371776
decision_type=2 2 2 2 2 2
left_child=2 -2 3 -1 5 -3
right_child=1 4 -4 -5 -6 -7
leaf_value=0.0058954777634559544 0 -0.007943883129732229 0 0 0 0
leaf_weight=6.0138131584972161 3.1377979069948179 6.4256995227187872 3.2985896840691566 1.1915111392736433 0.5873791929334401 0.62250205501914013
leaf_count=48 24 103 29 11 9 11
internal_value=0 -0.00361962 0.0013605 0.00410687 -0.00631536 -0.00711868
internal_weight=21.2773 10.7734 10.5039 7.20532 7.63558 7.0482
internal_count=235 147 88 59 123 114
is_linear=0
shrinkage=0.03


Tree=270
num_leaves=7
num_cat=0
split_feature=58 50 46 56 62 50
split_gain=0.25591 0.322204 0.354481 0.153674 0.152653 0.138521
threshold=1.0000000180025095e-35 0.14968683570623401 0.80203181505203258 -0.35677005350589747 0.83859997987747203 0.25274411588907247
decision_type=2 2 2 2 2 2
left_child=1 2 3 -1 5 -2
right_child=4 -3 -4 -5 -6 -7
leaf_value=0.0076157357214303506 -0.0044907715595351259 0 0 0 0 0
leaf_weight=5.5718252416700116 6.6876435391604883 5.6055205818265668 1.2293729800730941 2.2820874154567745 0.84009843878447998 1.0648290477693079
leaf_count=41 98 55 15 16 9 11
internal_value=0 0.00251236 0.00483339 0.00654518 -0.00200153 -0.00345467
internal_weight=23.2814 14.6888 9.08329 7.85391 8.59257 7.75247
internal_count=245 127 72 57 118 109
is_linear=0
shrinkage=0.03


Tree=271
num_leaves=7
num_cat=0
split_feature=58 35 34 31 47 26
split_gain=0.80572 0.796634 0.740918 0.184689 0.120897 0.0288405
threshold=0.011799999978393318 0.32889331877231603 0.80959230661392223 0.69415679574012767 0.80804014205932628 0.043026529252529151
decision_type=2 2 2 2 2 2
left_child=1 5 4 -2 -3 -1
right_child=3 2 -4 -5 -6 -7
leaf_value=0 -0.0042453826916480286 0.011395548936364958 0 0 0 -0.0013533899197388411
leaf_weight=2.1632643379271093 3.5572762973606578 6.9262971840798837 1.9941420909017313 1.2414554338902233 1.2614163905382154 4.1709465887397528
leaf_count=13 66 63 22 17 12 32
internal_value=0.0013656 0.00515786 0.00839516 -0.00229766 0.0107177 0
internal_weight=21.3148 16.5161 10.1819 4.79873 8.18771 6.33421
internal_count=225 142 97 83 75 45
is_linear=0
shrinkage=0.03


Tree=272
num_leaves=7
num_cat=0
split_feature=60 28 58 1 48 53
split_gain=0.490715 0.658291 0.549606 0.394997 0.301013 0.202544
threshold=0.0030000000260770325 0.82930251955986034 0.13419999927282336 0.83333334326744091 -0.32985320687294001 -0.24242531508207318
decision_type=2 2 2 2 2 2
left_child=1 2 4 5 -1 -2
right_child=3 -3 -4 -5 -6 -7
leaf_value=0 -0.0063801716196196208 0 0 0 0.0092052155462985803 0
leaf_weight=1.263754367828368 4.3667929582297802 1.4910414721816767 0.9363072235137232 1.8424431178718803 10.722989052534103 0.81337793171405692
leaf_count=13 61 21 22 18 90 6
internal_value=0.000326785 0.0040374 0.00657317 -0.00166228 0.00821851 -0.00514947
internal_weight=21.4367 14.4141 12.9231 7.02261 11.9867 5.18017
internal_count=231 146 125 85 103 67
is_linear=0
shrinkage=0.03


Tree=273
num_leaves=7
num_cat=0
split_feature=52 32 47 38 58 31
split_gain=0.566501 1.12802 0.259164 0.244698 0.243205 0.242396
threshold=-0.38562110066413874 0.17417489737272265 0.080323282629251494 0.11142597720026971 0.020399999804794792 0.087492756545543685
decision_type=2 2 2 2 2 2
left_child=1 4 -3 -4 -1 -2
right_child=5 2 3 -5 -6 -7
leaf_value=0.0044945057561747341 0 0 0 -0.0093031499862826755 0 0.006518134527054212
leaf_weight=5.4913397133350399 1.010356307029723 0.81719625741243174 0.83722152188420285 6.3628107160329819 1.2248624935746191 6.157609336078167
leaf_count=42 6 5 10 111 14 53
internal_value=0 -0.00129586 -0.00730974 -0.00833858 0.00237197 0.00522289
internal_weight=21.9014 14.7334 8.01723 7.20003 6.7162 7.16797
internal_count=241 182 126 121 56 59
is_linear=0
shrinkage=0.03


Tree=274
num_leaves=7
num_cat=0
split_feature=68 60 6 43 11 60
split_gain=1.11577 0.795867 0.62129 0.389936 0.395306 0.19167
threshold=697.16046142578136 0.31399999558925634 192.00000000000003 0.15180068463087085 7.5000000000000009 0.88940000534057628
decision_type=8 2 2 2 2 2
left_child=1 2 -1 -2 5 -5
right_child=3 -3 -4 4 -6 -7
leaf_value=0.011107911114398151 0 0 0 -0.0076421555010416555 0 0
leaf_weight=7.8878185302019137 1.3819848522543896 2.3134429529309264 0.96953151002526272 6.9235496390610916 1.0707543995231388 0.58288465812802304
leaf_count=70 9 23 9 105 9 8
internal_value=0.00108466 0.00663377 0.00934825 -0.0023386 -0.00497664 -0.00682674
internal_weight=21.13 11.1708 8.85735 9.95917 8.57719 7.50643
internal_count=233 102 79 131 122 113
is_linear=0
shrinkage=0.03


Tree=275
num_leaves=7
num_cat=0
split_feature=1 47 54 53 20 53
split_gain=0.189356 0.407314 0.649309 0.487071 0.368159 0.0530009
threshold=0.83333334326744091 0.085297085344791426 0.59522289037704479 -0.22608545422554013 0.63091382384300243 -0.4992534071207046
decision_type=2 2 2 2 2 2
left_child=1 -1 3 -3 5 -2
right_child=4 2 -4 -5 -6 -7
leaf_value=0 0 -0.0093040503829453121 0 0 0 0.006045282847435115
leaf_weight=2.6647961214184788 0.77360815741121758 6.6722797360271215 3.979731721803546 0.87500061839818766 2.5462380461394787 3.559721475467085
leaf_count=15 13 86 45 5 31 37
internal_value=0 -0.0014929 -0.00441968 -0.00756749 0.00262716 0.00558972
internal_weight=21.0714 14.1918 11.527 7.54728 6.87957 4.33333
internal_count=232 151 136 91 81 50
is_linear=0
shrinkage=0.03


Tree=276
num_leaves=7
num_cat=0
split_feature=51 28 59 26 49 11
split_gain=0.252854 0.437248 0.498487 0.394715 0.259724 0.160985
threshold=-0.51844158768653859 0.81790655851364147 0.19579999893903735 0.086237642914056792 0.14333777129650119 7.5000000000000009
decision_type=2 2 2 2 2 2
left_child=3 2 4 -1 -2 -5
right_child=1 -3 -4 5 -6 -7
leaf_value=0 0.0084634733317428025 0 0 -0.0060626311913590135 0 0
leaf_weight=3.0577073693275469 6.7332567721605283 1.4496728722006071 1.4399215932935465 6.4601680003106594 2.1315444372594357 0.67746853828430165
leaf_count=26 54 19 16 104 17 6
internal_value=0 0.00237488 0.00504218 -0.00227879 0.00715164 -0.00518153
internal_weight=21.9497 11.7544 10.3047 10.1953 8.8648 7.13764
internal_count=242 106 87 136 71 110
is_linear=0
shrinkage=0.03


Tree=277
num_leaves=7
num_cat=0
split_feature=58 19 39 51 21 28
split_gain=0.483073 0.685356 0.361445 0.291286 0.200859 0.173852
threshold=1.0000000180025095e-35 0.44250741600990301 0.18763877451419833 -0.41610644757747645 0.88802599906921398 0.01563517423346639
decision_type=2 2 2 2 2 2
left_child=1 2 5 4 -2 -1
right_child=3 -3 -4 -5 -6 -7
leaf_value=0 -0.0058072541142703523 0 0 0 0 0.0092526985064927784
leaf_weight=0.90973829478025603 5.1146865598857403 4.7233491502702227 1.2593154348433007 1.7416865155100811 0.75193296000361431 7.1301526390016079
leaf_count=6 84 47 11 14 11 61
internal_value=0 0.00391376 0.00714334 -0.00194774 -0.00455332 0.00852183
internal_weight=21.6309 14.0226 9.29921 7.60831 5.86662 8.03989
internal_count=234 125 78 109 95 67
is_linear=0
shrinkage=0.03


Tree=278
num_leaves=7
num_cat=0
split_feature=51 50 61 0 55 17
split_gain=0.275642 0.481497 0.246574 0.328358 0.121642 0.107879
threshold=-0.51844158768653859 0.15126202255487445 1.0000000180025095e-35 2.1666666269302373 0.07656854018568994 0.65650138258934032
decision_type=2 2 2 2 2 2
left_child=2 5 3 -1 -4 -2
right_child=1 -3 4 -5 -6 -7
leaf_value=-0.0059478556167482481 0.0071255049013378155 0 0.0028852515947409316 0 0 0
leaf_weight=4.8335042418912071 5.1890423931181413 4.1975392661988735 3.1510088630020618 1.4663650840520857 1.4101434648036955 1.8439143765717743
leaf_count=92 41 42 23 12 12 16
internal_value=0 0.00336748 -0.000592598 -0.00375021 0 0.00629096
internal_weight=22.0915 11.2305 10.861 6.29987 4.56115 7.03296
internal_count=238 99 139 104 35 57
is_linear=0
shrinkage=0.03


Tree=279
num_leaves=7
num_cat=0
split_feature=37 54 54 49 55 53
split_gain=0.355164 0.35849 0.349495 0.394975 0.320195 0.368772
threshold=0.667617827653885 0.069159060716629042 0.79003721475601207 0.16620416194200519 0.14797452092170718 -0.46945028007030482
decision_type=2 2 2 2 2 2
left_child=1 -1 3 -3 5 -2
right_child=4 2 -4 -5 -6 -7
leaf_value=0 0 -0.0078116423888275012 0 0 0 0.0074258115827157802
leaf_weight=1.7651183754205728 1.8664072435349215 7.1001756796613318 1.3666933067142952 1.2601799704134462 1.3331717904657123 6.119983445852994
leaf_count=8 27 94 12 19 12 62
internal_value=0 -0.0015377 -0.00435102 -0.00612146 0.00373026 0.0055649
internal_weight=20.8117 11.4922 9.72705 8.36036 9.31956 7.98639
internal_count=234 133 125 113 101 89
is_linear=0
shrinkage=0.03


Tree=280
num_leaves=7
num_cat=0
split_feature=60 68 1 53 48 47
split_gain=0.358591 0.63251 0.300703 0.368549 0.183263 0.0463515
threshold=0.0030000000260770325 752.01473999023449 0.83333334326744091 -0.23700707405805585 -0.3183924257755279 0.073408186435699477
decision_type=2 8 2 2 2 2
left_child=1 4 3 -2 -1 -3
right_child=2 5 -4 -5 -6 -7
leaf_value=0 -0.0065596938443924623 0 0 0 0.0080251265759451601 -0.0016102091815653444
leaf_weight=1.1458384171128271 4.5161642674356699 1.5849474444985396 1.8169906996190546 0.80623306334018607 6.0900833681225786 6.0894839968532324
leaf_count=9 66 9 18 5 53 79
internal_value=0.000224414 0.00348216 -0.00114061 -0.00437239 0.00710998 0
internal_weight=22.0497 14.9104 7.13939 5.3224 7.23592 7.67443
internal_count=239 150 89 71 62 88
is_linear=0
shrinkage=0.03


Tree=281
num_leaves=7
num_cat=0
split_feature=30 52 58 57 11 57
split_gain=0.31335 1.3189 0.28543 0.244345 0.186594 0.114991
threshold=0.15509434044361117 -0.38562110066413874 0.018600000068545345 0.00059999998484272521 7.5000000000000009 1.0000000180025095e-35
decision_type=2 2 2 2 2 2
left_child=2 4 3 -1 -2 -3
right_child=1 5 -4 -5 -6 -7
leaf_value=0 -0.0096001984566444695 0.003279125131419152 0 0.0060327736119659891 0 0
leaf_weight=2.1870587989687937 6.7035241704434156 3.5632290057837945 1.2056900709867475 4.6161280013620853 1.2580458931624887 1.2612329479306934
leaf_count=18 113 29 14 34 12 13
internal_value=0 -0.00315539 0.00174992 0.00430929 -0.00873836 0.00169017
internal_weight=20.7949 12.786 8.00888 6.80319 7.96157 4.82446
internal_count=233 167 66 52 125 42
is_linear=0
shrinkage=0.03


Tree=282
num_leaves=7
num_cat=0
split_feature=68 60 26 7 60 11
split_gain=0.647395 0.700141 0.450106 0.259929 0.159769 0.170646
threshold=752.01473999023449 0.16399999707937243 0.13431811332702639 388.00000000000006 0.25939999520778662 12.000000000000002
decision_type=8 2 2 2 2 2
left_child=1 3 -2 -1 5 -4
right_child=2 -3 4 -5 -6 -7
leaf_value=0.0082034324887659531 0 0 -0.007887718713853251 0 0 0
leaf_weight=7.9270315337926167 2.7239788733422738 2.8621549382805815 5.1530535072088242 1.0723229572176931 0.64257666934281576 0.678894743323326
leaf_count=71 23 30 81 9 17 5
internal_value=0 0.00395732 -0.00353785 0.00715439 -0.006259 -0.00706027
internal_weight=21.06 11.8615 9.1985 8.99935 6.47452 5.83195
internal_count=236 110 126 80 103 86
is_linear=0
shrinkage=0.03


Tree=283
num_leaves=7
num_cat=0
split_feature=68 4 11 43 55 11
split_gain=0.327471 0.380223 0.344468 0.329467 0.206825 0.205217
threshold=697.16046142578136 0.005315635586157442 5.6070852279663095 0.13800700753927234 0.14269554615020755 0.58333334326744091
decision_type=8 8 2 2 2 2
left_child=1 -1 3 -2 5 -3
right_child=2 4 -4 -5 -6 -7
leaf_value=0 0 0 0 -0.0065303882049633196 0 0.0069108094294327875
leaf_weight=1.0847242493182427 0.68752798810601046 1.0751217007637013 1.8279425241053102 6.9352378705516458 1.2736469600349671 8.6787594780325872
leaf_count=10 4 9 19 104 13 79
internal_value=0 0.00284554 -0.0024387 -0.0049149 0.00497883 0.00598416
internal_weight=21.563 12.1123 9.45071 7.62277 11.0275 9.75388
internal_count=238 111 127 108 101 88
is_linear=0
shrinkage=0.03


Tree=284
num_leaves=7
num_cat=0
split_feature=68 6 48 61 24 51
split_gain=0.484692 0.435919 0.389351 0.298466 0.277084 0.417577
threshold=752.01473999023449 192.00000000000003 -0.32985320687294001 0.01060000015422702 0.12352829426527025 -0.38627026975154871
decision_type=8 2 2 2 2 2
left_child=1 2 -1 -4 -2 -6
right_child=4 -3 3 -5 5 -7
leaf_value=0 0 0 0.0089129019696132308 0 -0.0071737026385653721 0
leaf_weight=1.5500015504658211 2.0814051292836648 1.4333135951310385 6.437950601801278 2.7104463316500187 4.9032833436504006 1.5823877267539499
leaf_count=13 18 14 56 28 93 11
internal_value=0 0.00364762 0.00576029 0.00735981 -0.00276314 -0.0048709
internal_weight=20.6988 12.1317 10.6984 9.1484 8.56708 6.48567
internal_count=233 111 97 84 122 104
is_linear=0
shrinkage=0.03


Tree=285
num_leaves=7
num_cat=0
split_feature=68 26 4 35 3 42
split_gain=0.537901 0.731785 0.412928 0.302458 0.187899 0.0522663
threshold=50.487812042236335 0.14372427761554721 0.0075805915985256442 0.36522072553634649 5.1666667461395273 0.29700577259063726
decision_type=10 2 8 2 2 2
left_child=1 5 -2 -4 -3 -1
right_child=2 4 3 -5 -6 -7
leaf_value=0.0019589739436790565 0 -0.0078691698055597774 0 0.0079453922216609872 0 0
leaf_weight=2.5631383713334821 1.3037685435265274 5.0987770929932594 4.319863598793745 6.149831454269588 0.74522369354963292 1.2229750975966451
leaf_count=20 15 86 39 61 6 9
internal_value=0 -0.00235026 0.00415379 0.00604221 -0.00695254 0.000291614
internal_weight=21.4036 9.63011 11.7735 10.4697 5.844 3.78611
internal_count=236 121 115 100 92 29
is_linear=0
shrinkage=0.03


Tree=286
num_leaves=7
num_cat=0
split_feature=24 59 34 50 50 27
split_gain=0.482717 0.506406 0.719488 0.548057 0.0632453 0.0660594
threshold=0.60883086919784557 0.16600000113248828 0.078262127935886397 0.15126202255487445 0.24409358203411105 0.5506248176097871
decision_type=2 2 2 2 2 2
left_child=1 2 -1 -4 5 -2
right_child=4 -3 3 -5 -6 -7
leaf_value=0 0 0 0.010844015766831633 0 0 -0.0033669071384134185
leaf_weight=1.6930400244891703 1.2294879667460907 4.4920916184782973 7.1305784396827203 2.8774023717269301 0.58730275183916081 3.1565625425428152
leaf_count=13 20 51 59 35 9 48
internal_value=0.00072095 0.0039942 0.00634492 0.00871944 -0.00147936 -0.0024969
internal_weight=21.1665 16.1931 11.701 10.008 4.97335 4.38605
internal_count=235 158 107 94 77 68
is_linear=0
shrinkage=0.03


Tree=287
num_leaves=7
num_cat=0
split_feature=51 34 50 68 0 54
split_gain=0.290595 0.463375 0.528909 0.352875 0.260442 0.0680098
threshold=-0.51844158768653859 0.088966429233551039 0.15126202255487445 292.94918823242193 1.8333333134651186 0.45351003110408789
decision_type=2 2 2 8 2 2
left_child=3 -2 -3 5 -5 -1
right_child=1 2 -4 4 -6 -7
leaf_value=0 0 0.00823106382363562 0 -0.0063779680151589855 0 0.0021692653210428361
leaf_weight=1.2909789048135287 1.1271143034100521 6.4095273222774249 3.5559446159750223 4.6225739521905789 1.2185930740088222 3.0073397904634476
leaf_count=13 8 53 38 91 12 22
internal_value=0 0.00322 0.00564284 -0.00145846 -0.00476996 0
internal_weight=21.2321 11.0926 9.96547 10.1395 5.84117 4.29832
internal_count=237 99 91 138 103 35
is_linear=0
shrinkage=0.03


Tree=288
num_leaves=7
num_cat=0
split_feature=68 60 11 43 4 36
split_gain=0.419558 0.727585 0.300363 0.289146 0.354162 0.0496978
threshold=385.15440368652349 0.34340000152587896 5.6070852279663095 0.70417925715446483 0.0050959466025233277 0.79395568370819103
decision_type=8 2 2 2 8 2
left_child=1 5 3 4 -2 -1
right_child=2 -3 -4 -5 -6 -7
leaf_value=0.0081716755654432233 0 0 0.0001272295923007773 0 -0.007005612236937922 0
leaf_weight=6.0968027822673339 0.95185511000454148 1.4524087905883787 2.297911347821354 1.2348995581269253 7.438040836714209 1.1757921278476713
leaf_count=54 10 15 19 8 118 8
internal_value=0.000381349 0.00447709 -0.000554039 -0.003756 -0.00540422 0.00772277
internal_weight=20.6477 8.725 11.9227 9.6248 8.3899 7.27259
internal_count=232 77 155 136 128 62
is_linear=0
shrinkage=0.03


Tree=289
num_leaves=7
num_cat=0
split_feature=68 60 47 0 37 35
split_gain=0.303424 0.577147 0.359333 0.43173 0.371062 0.337491
threshold=529.38558959960949 0.31399999558925634 0.073408186435699477 3.1666666269302373 0.86705854535102855 0.1045847423374653
decision_type=8 2 2 2 2 2
left_child=1 5 -2 4 -4 -1
right_child=2 -3 3 -5 -6 -7
leaf_value=0 0 0 -0.008239133094139945 0 0 0.0078565265941231647
leaf_weight=1.1198083013296143 1.2007533237338055 2.1491874828934669 6.3416341086849553 1.0682620331645001 1.8213989753276107 6.7329855374991894
leaf_count=7 7 22 102 9 22 64
internal_value=0 0.00323766 -0.00176169 -0.00448482 -0.00653371 0.00639059
internal_weight=20.434 10.002 10.432 9.2313 8.16303 7.85279
internal_count=233 93 140 133 124 71
is_linear=0
shrinkage=0.03


Tree=290
num_leaves=7
num_cat=0
split_feature=51 61 0 38 19 54
split_gain=0.218587 0.392734 0.339818 0.293361 0.374402 0.0850763
threshold=-0.51844158768653859 0.0018000000272877517 3.1666666269302373 0.42017959058284765 0.82340154051780712 0.45351003110408789
decision_type=2 2 2 2 2 2
left_child=1 2 -1 -2 -5 -3
right_child=3 5 -4 4 -6 -7
leaf_value=-0.0068032104371355583 0 0 0 0.0069950996423961027 0 0.0024943746890506153
leaf_weight=5.8934409152716416 4.385816724970935 1.2462167590856554 0.62912293151020993 4.7431991901248693 1.3380554839968679 2.3063013255596161
leaf_count=107 33 11 5 52 11 16
internal_value=0 -0.00194967 -0.00510011 0.0024256 0.00488941 0
internal_weight=20.5422 10.0751 6.52256 10.4671 6.08125 3.55252
internal_count=235 139 112 96 63 27
is_linear=0
shrinkage=0.03


Tree=291
num_leaves=7
num_cat=0
split_feature=68 60 5 44 43 30
split_gain=0.428663 0.482351 0.232258 0.37173 0.393667 0.190943
threshold=697.16046142578136 0.31399999558925634 0.73926940560340892 0.65886381268501293 0.13800700753927234 0.6851727068424226
decision_type=8 2 2 2 2 2
left_child=1 5 3 4 -2 -1
right_child=2 -3 -4 -5 -6 -7
leaf_value=0.0073207523353041922 0 0 0 0 -0.0076056518214198954 0
leaf_weight=7.5730910301208514 0.86195357143878748 2.2965563964098683 1.0431479960679997 1.7635647431015966 6.3857546215876937 1.0941016674041746
leaf_count=70 6 23 8 11 115 11
internal_value=0 0.00400249 -0.00157835 -0.00369094 -0.00586628 0.00642233
internal_weight=21.0182 10.9637 10.0544 9.01127 7.24771 8.66719
internal_count=244 104 140 132 121 81
is_linear=0
shrinkage=0.03


Tree=292
num_leaves=7
num_cat=0
split_feature=58 47 49 32 62 51
split_gain=0.244697 0.237912 0.359602 0.247521 0.22148 0.182967
threshold=1.0000000180025095e-35 0.8404977321624757 0.14026109874248507 0.63724035024642955 0.89659997820854198 -0.6166270077228545
decision_type=2 2 2 2 2 2
left_child=1 2 3 -1 5 -2
right_child=4 -3 -4 -5 -6 -7
leaf_value=0.0069863624189174149 0 0 0 0 0 -0.0055762711288940645
leaf_weight=7.6714103594422358 1.2742460910230873 1.4391607362776984 2.7837733644992104 1.2323133535683153 0.6664794199168681 5.5084641110151997
leaf_count=60 19 17 25 16 6 86
internal_value=0 0.00210009 0.00381786 0.00581748 -0.00260301 -0.00434994
internal_weight=20.5758 13.1267 11.6875 8.90372 7.44919 6.78271
internal_count=229 118 101 76 111 105
is_linear=0
shrinkage=0.03


Tree=293
num_leaves=7
num_cat=0
split_feature=54 1 42 47 22 30
split_gain=0.215973 0.33422 0.488937 0.277036 0.155161 0.0036281
threshold=0.069159060716629042 0.83333334326744091 0.23419403284788134 0.085297085344791426 0.32294894754886633 0.13510000705718997
decision_type=2 2 2 2 2 2
left_child=-1 2 -2 -4 -3 -6
right_child=1 4 3 -5 5 -7
leaf_value=0.0035065031144646632 0 0.003274593613214413 0 -0.0075291951133770064 0 -0.00051024708688857025
leaf_weight=3.808696016669276 2.5078893974423435 3.0230168383568516 1.0352206453680972 7.9006299991160631 0.70422018319368396 2.541817357763648
leaf_count=25 31 32 7 98 7 35
internal_value=0 -0.000941982 -0.00389539 -0.00635786 0 0
internal_weight=21.5215 17.7128 11.4437 8.93585 6.26905 3.24604
internal_count=235 210 136 105 74 42
is_linear=0
shrinkage=0.03


Tree=294
num_leaves=7
num_cat=0
split_feature=58 68 60 62 26 11
split_gain=0.517024 0.338471 0.594554 0.171808 0.0543966 0.00846825
threshold=0.011799999978393318 984.45333862304699 0.25939999520778662 0.70939999818801891 0.52387118339538585 3.8500000238418584
decision_type=2 8 2 2 2 2
left_child=1 2 4 -2 -1 -3
right_child=3 5 -4 -5 -6 -7
leaf_value=0.007974717929055835 -0.0055422625169941776 -0.00072560312339737794 0 0 0 0
leaf_weight=6.8515911512076908 4.2245990131050339 4.4756429549306622 2.2195603065192691 0.53408265486359585 1.4748889952898023 1.8747897036373613
leaf_count=59 86 49 20 5 11 14
internal_value=0 0.00260854 0.00487176 -0.00437357 0.00747038 0
internal_weight=21.6552 16.8965 10.546 4.75868 8.32648 6.35043
internal_count=244 153 90 91 70 63
is_linear=0
shrinkage=0.03


Tree=295
num_leaves=6
num_cat=0
split_feature=54 1 42 22 68
split_gain=0.354641 0.573047 0.574445 0.138909 0.00784601
threshold=0.069159060716629042 0.83333334326744091 0.23419403284788134 0.32294894754886633 171.88907623291018
decision_type=2 2 2 2 10
left_child=-1 2 -2 -3 -5
right_child=1 3 -4 4 -6
leaf_value=0.0034155804207091889 0 0.0031181501114969142 -0.0079847774511688299 -0.00076381126240581245 0
leaf_weight=3.7931662946939495 2.5783686926588443 2.858119284734129 8.6804993757978064 2.1037328355014329 1.1308848485350607
leaf_count=26 34 30 104 27 16
internal_value=0 -0.00240546 -0.00563069 0 0
internal_weight=21.1448 17.3516 11.2589 6.09274 3.23462
internal_count=237 211 138 73 43
is_linear=0
shrinkage=0.03


Tree=296
num_leaves=7
num_cat=0
split_feature=19 54 61 26 50 42
split_gain=0.690737 0.747464 0.229133 0.177895 0.17184 0.0802923
threshold=0.23182993382215503 0.069159060716629042 0.0022000001044943933 0.012223247904330494 -0.023702638223767277 0.18874773383140567
decision_type=2 2 2 2 2 2
left_child=3 -2 5 -1 -5 -3
right_child=1 2 -4 4 -6 -7
leaf_value=0 0.00023938136330924433 0 0 0 0.0065008205183231232 -0.0083649344696381141
leaf_weight=0.76148350536823439 2.8284942880272856 0.86419484205543806 2.3956842347979546 0.69655947200953949 7.1049433574080467 6.6355429282411933
leaf_count=6 19 14 23 8 66 104
internal_value=0 -0.00306561 -0.00667157 0.0046888 0.00564971 -0.00789856
internal_weight=21.2869 12.7239 9.89542 8.56299 7.8015 7.49974
internal_count=240 160 141 80 74 118
is_linear=0
shrinkage=0.03


Tree=297
num_leaves=7
num_cat=0
split_feature=52 32 58 60 25 3
split_gain=0.311359 1.44772 0.26732 0.157678 0.146361 0.10361
threshold=-0.38562110066413874 0.17417489737272265 0.020399999804794792 0.31399999558925634 0.26126803457736975 0.83333334326744091
decision_type=2 2 2 2 2 2
left_child=1 2 5 -2 -3 -1
right_child=3 4 -4 -5 -6 -7
leaf_value=0 0.0041407525161116544 0 0 0 -0.0094988811088300915 0.0054118569710624245
leaf_weight=1.682319156825544 5.665589313954114 0.56598173826932896 1.0485671088099477 1.3444780167192218 6.8076193369925022 3.8457059115171432
leaf_count=11 45 13 13 15 110 32
internal_value=0 -0.00253191 0.00207945 0.00272908 -0.0089279 0.0044844
internal_weight=20.9603 13.9502 6.57659 7.01007 7.3736 5.52803
internal_count=239 179 56 60 123 43
is_linear=0
shrinkage=0.03


Tree=298
num_leaves=7
num_cat=0
split_feature=19 39 33 52 28 22
split_gain=0.501547 0.665074 0.23068 0.237223 0.168885 0.0842008
threshold=0.23182993382215503 0.15838956087827685 0.23355001211166385 -0.35976104438304896 0.013348476495593788 0.36635583639144903
decision_type=2 2 2 2 2 2
left_child=4 2 -2 -4 -1 -6
right_child=1 -3 3 -5 5 -7
leaf_value=0 0 0 -0.0089762975635593548 0 0.004485994196038426 0
leaf_weight=1.0390216931700722 0.76776961609721084 3.9508628249168387 7.053632350638507 1.0246057305485008 6.1383911203593016 1.0690475963056085
leaf_count=8 12 31 105 14 56 13
internal_value=0 -0.00394283 -0.00711097 -0.00801233 0.0023056 0.00380394
internal_weight=21.0433 12.7969 8.84601 8.07824 8.24646 7.20744
internal_count=239 162 131 119 77 69
is_linear=0
shrinkage=0.03


Tree=299
num_leaves=7
num_cat=0
split_feature=62 55 7 31 5 31
split_gain=0.312343 0.598067 0.657549 0.416674 0.337404 0.223119
threshold=0.0010000000183936211 0.14269554615020755 376.00000000000006 0.15461797267198565 0.73926940560340892 0.087492756545543685
decision_type=2 2 2 2 2 2
left_child=3 2 5 -1 -5 -2
right_child=1 -3 -4 4 -6 -7
leaf_value=0 0 0 0 -0.0068897707282626272 0 0.0094926969516180917
leaf_weight=2.4655804168432969 1.3996784463524798 2.8594794459640971 1.0638759657740582 5.0993536096066236 0.63171722553670395 7.4660603739321232
leaf_count=20 11 24 8 99 6 70
internal_value=0 0.00326562 0.00626118 -0.00144661 -0.00512438 0.00853123
internal_weight=20.9857 12.7891 9.92961 8.19665 5.73107 8.86574
internal_count=238 113 89 125 105 81
is_linear=0
shrinkage=0.03


end of trees

feature_importances:
Column_60=132
Column_68=132
Column_58=122
Column_0=108
Column_54=98
Column_47=79
Column_4=60
Column_51=55
Column_62=52
Column_30=51
Column_11=43
Column_32=43
Column_14=40
Column_12=35
Column_19=33
Column_26=31
Column_50=29
Column_53=29
Column_17=28
Column_48=28
Column_55=28
Column_1=27
Column_31=27
Column_34=24
Column_61=24
Column_6=23
Column_56=22
Column_35=21
Column_43=21
Column_52=20
Column_28=18
Column_7=17
Column_44=17
Column_57=17
Column_59=17
Column_24=16
Column_38=16
Column_33=15
Column_46=15
Column_21=13
Column_2=12
Column_5=11
Column_36=11
Column_37=11
Column_39=11
Column_23=10
Column_3=9
Column_42=9
Column_49=9
Column_22=8
Column_9=7
Column_45=7
Column_25=6
Column_29=5
Column_15=4
Column_20=4
Column_41=4
Column_16=2
Column_27=2
Column_40=2
Column_18=1

parameters:
[boosting: gbdt]
[objective: binary]
[metric: binary_logloss]
[tree_learner: serial]
[device_type: cpu]
[data_sample_strategy: bagging]
[data: ]
[valid: ]
[num_iterations: 300]
[learning_rate: 0.03]
[num_leaves: 7]
[num_threads: -1]
[seed: 50476]
[deterministic: 0]
[force_col_wise: 1]
[force_row_wise: 0]
[histogram_pool_size: -1]
[max_depth: 4]
[min_data_in_leaf: 10]
[min_sum_hessian_in_leaf: 0.001]
[bagging_fraction: 0.8]
[pos_bagging_fraction: 1]
[neg_bagging_fraction: 1]
[bagging_freq: 1]
[bagging_seed: 50476]
[bagging_by_query: 0]
[feature_fraction: 0.8]
[feature_fraction_bynode: 1]
[feature_fraction_seed: 50476]
[extra_trees: 0]
[extra_seed: 3782]
[early_stopping_round: 0]
[early_stopping_min_delta: 0]
[first_metric_only: 0]
[max_delta_step: 0]
[lambda_l1: 2]
[lambda_l2: 10]
[linear_lambda: 0]
[min_gain_to_split: 0]
[drop_rate: 0.1]
[max_drop: 50]
[skip_drop: 0.5]
[xgboost_dart_mode: 0]
[uniform_drop: 0]
[drop_seed: 23333]
[top_rate: 0.2]
[other_rate: 0.1]
[min_data_per_group: 100]
[max_cat_threshold: 32]
[cat_l2: 10]
[cat_smooth: 10]
[max_cat_to_onehot: 4]
[top_k: 20]
[monotone_constraints: ]
[monotone_constraints_method: basic]
[monotone_penalty: 0]
[feature_contri: ]
[forcedsplits_filename: ]
[refit_decay_rate: 0.9]
[cegb_tradeoff: 1]
[cegb_penalty_split: 0]
[cegb_penalty_feature_lazy: ]
[cegb_penalty_feature_coupled: ]
[path_smooth: 0]
[interaction_constraints: ]
[verbosity: -1]
[saved_feature_importance_type: 0]
[use_quantized_grad: 0]
[num_grad_quant_bins: 4]
[quant_train_renew_leaf: 0]
[stochastic_rounding: 1]
[linear_tree: 0]
[max_bin: 63]
[max_bin_by_feature: ]
[min_data_in_bin: 3]
[bin_construct_sample_cnt: 200000]
[data_random_seed: 50476]
[is_enable_sparse: 1]
[enable_bundle: 1]
[use_missing: 1]
[zero_as_missing: 0]
[feature_pre_filter: 1]
[pre_partition: 0]
[two_round: 0]
[header: 0]
[label_column: ]
[weight_column: ]
[group_column: ]
[ignore_column: ]
[categorical_feature: ]
[forcedbins_filename: ]
[precise_float_parser: 0]
[parser_config_file: ]
[objective_seed: 29329]
[num_class: 1]
[is_unbalance: 0]
[scale_pos_weight: 1]
[sigmoid: 1]
[boost_from_average: 1]
[reg_sqrt: 0]
[alpha: 0.9]
[fair_c: 1]
[poisson_max_delta_step: 0.7]
[tweedie_variance_power: 1.5]
[lambdarank_truncation_level: 30]
[lambdarank_norm: 1]
[label_gain: ]
[lambdarank_position_bias_regularization: 0]
[eval_at: ]
[multi_error_top_k: 1]
[auc_mu_weights: ]
[num_machines: 1]
[local_listen_port: 12400]
[time_out: 120]
[machine_list_filename: ]
[machines: ]
[gpu_platform_id: -1]
[gpu_device_id: -1]
[gpu_use_dp: 0]
[num_gpu: 1]

end of parameters

pandas_categorical:null
