tree
version=v4
num_class=1
num_tree_per_iteration=1
label_index=0
max_feature_idx=68
objective=binary sigmoid:1
feature_names=Column_0 Column_1 Column_2 Column_3 Column_4 Column_5 Column_6 Column_7 Column_8 Column_9 Column_10 Column_11 Column_12 Column_13 Column_14 Column_15 Column_16 Column_17 Column_18 Column_19 Column_20 Column_21 Column_22 Column_23 Column_24 Column_25 Column_26 Column_27 Column_28 Column_29 Column_30 Column_31 Column_32 Column_33 Column_34 Column_35 Column_36 Column_37 Column_38 Column_39 Column_40 Column_41 Column_42 Column_43 Column_44 Column_45 Column_46 Column_47 Column_48 Column_49 Column_50 Column_51 Column_52 Column_53 Column_54 Column_55 Column_56 Column_57 Column_58 Column_59 Column_60 Column_61 Column_62 Column_63 Column_64 Column_65 Column_66 Column_67 Column_68
feature_infos=[0.3333333432674408:336] [0.3333333432674408:12] [1:5] [0.3333333432674408:1285.6666259765625] [0.0027173913549631834:2] [0:1] [0:736] [0:813] [0:206.66667175292969] [0:1079] [1:2] [0.20689655840396881:230] [0:1] [0:1] [0.10853985697031021:23.409765243530273] [0:9.559722900390625] [0:2.2245702743530273] [0.00086893513798713684:0.99371588230133057] [0.00085803942056372762:0.99902480840682983] [0.0009152420680038631:0.99332702159881592] [0.00085803942056372762:0.99905753135681152] [0.069869920611381531:0.99943888187408447] [0.0008778013288974762:0.99582791328430176] [0.00084575643995776772:0.99472630023956299] [0.00092586869141086936:0.99597734212875366] [0.069715835154056549:0.9963722825050354] [1.9455832443782128e-05:0.99557089805603027] [8.0112249634112231e-06:0.99911469221115112] [1.4877989087835886e-05:0.99486535787582397] [0.06536749005317688:0.99881237745285034] [0.00081704684998840094:0.99729245901107788] [0.00068631937028840184:0.99277728796005249] [0.00081704684998840094:0.99767279624938965] [0.064658395946025848:0.99326097965240479] [0.0013728630729019642:0.99855345487594604] [0.0011603961465880275:0.99900662899017334] [0.0012911449884995818:0.99849265813827515] [0.064545534551143646:0.99937349557876587] [0.0008308000979013741:0.99996340274810791] [-0.016299232840538025:0.27312231063842773] [0.021422695368528366:0.39662343263626099] [0.014004096388816833:0.52571952342987061] [0.012244179844856262:0.61878496408462524] [0.011788684874773026:0.76856034994125366] [0.010643605142831802:0.72686493396759033] [-0.35783752799034119:0.82238095998764038] [-0.13986162841320038:0.90728151798248291] [-0.045592710375785828:0.94214212894439697] [-0.54495495557785034:0.24392011761665344] [-0.46942317485809326:0.29012987017631531] [-0.30070480704307556:0.34854093194007874] [-0.8218265175819397:0.35784703493118286] [-0.79348605871200562:0.5239940881729126] [-0.76840311288833618:0.5740964412689209] [-0.15482039749622345:0.91189897060394287] [-0.46882593631744385:0.27871313691139221] [-0.78299355506896973:0.5548558235168457] [0:1] [0:0.9660000205039978] [0:1] [0:1] [0:0.98040002584457397] [0:1] none [0:1] [0:0.87120002508163452] none none [7.0710678100585938:1337.1051025390625]
tree_sizes=763 811 641 757 818 825 809 812 733 802 666 743 668 740 756 813 831 814 819 854 846 754 840 749 654 839 818 837 746 755 821 808 829 819 822 757 824 846 837 823 823 800 827 841 850 838 814 841 824 835 837 787 828 819 785 814 831 800 824 807 795 789 741 819 828 794 823 803 837 816 834 804 835 822 817 838 820 813 800 797 807 828 820 713 825 808 741 826 826 722 824 803 813 814 830 809 794 835 814 787 809 838 784 720 798 845 845 756 799 830 708 808 827 806 806 804 827 818 751 793 794 801 806 803 848 730 798 827 805 834 826 830 842 812 825 804 822 789 795 840 814 805 829 787 805 810 829 815 805 789 789 822 831 711 803 821 792 835 785 734 816 799 845 831 805 793 804 729 809 805 790 807 808 827 824 818 789 815 793 791 793 812 816 813 791 806 822 808 785 798 810 784 811 792 801 788 786 812 793 783 784 803 780 810 794 806 782 815 825 823 789 777 807 819 808 804 832 804 783 783 634 805 781 794 780 776 720 791 810 790 821 809 778 784 785 809 791 799 731 727 810 783 793 783 799 794 801 787 787 797 806 782 801 783 799 801 838 792 781 793 797 786 779 817 723 806 819 784 823 803 785 785 785 781 782 825 802 790 783 801 784 782 790 787 699 799 796 809 782 786 819 789 800 786 793 780 801 820 792 808

Tree=0
num_leaves=6
num_cat=0
split_feature=12 9 31 68 21
split_gain=37.6133 10.3473 1.33662 0.837998 0.148041
threshold=0.30952382087707525 1.1666666865348818 0.14182729274034503 313.60475158691412 0.27929142117500311
decision_type=2 2 2 8 2
left_child=2 3 -1 -2 -5
right_child=1 -3 -4 4 -6
leaf_value=-0.86681067461078543 -0.86171384166236487 -0.83098408350791864 -0.89100767031074524 -0.86681067461078543 -0.87299059549702451
leaf_weight=2.083506882190707 3.3336110115051278 9.5841316580772382 22.918575704097748 2.7085589468479165 4.1670137643814087
leaf_count=10 16 46 110 13 20
internal_value=-0.867699 -0.843764 -0.889532 -0.866811 -0.871727
internal_weight=44.7954 19.7933 25.0021 10.2092 6.87557
internal_count=215 95 120 49 33
is_linear=0
shrinkage=1


Tree=1
num_leaves=7
num_cat=0
split_feature=12 1 60 68 44 30
split_gain=45.5125 11.9775 3.09833 2.19688 1.18365 1.2761
threshold=0.36666667461395269 0.83333334326744091 0.00059999998484272521 752.01473999023449 0.5454806685447694 0.15509434044361117
decision_type=2 2 2 8 2 2
left_child=4 2 3 -2 5 -1
right_child=1 -3 -4 -5 -6 -7
leaf_value=0 0.016861597535743636 0.04119640552749429 -0.0086997688108499272 0 0 -0.023552741973677911
leaf_weight=2.0814341902732911 2.7119272500276583 10.776933580636976 5.2143806368112564 3.3364764451980591 2.0648526549339286 23.734898820519447
leaf_count=10 13 51 25 16 10 115
internal_value=0.000585119 0.0276425 0 0.0100996 -0.0208704 -0.0221456
internal_weight=49.9209 22.0397 11.2628 6.0484 27.8812 25.8163
internal_count=240 105 54 29 135 125
is_linear=0
shrinkage=0.03


Tree=2
num_leaves=5
num_cat=0
split_feature=9 14 54 68
split_gain=37.9189 8.69088 6.36228 3.19904
threshold=4.1666667461395273 1.4842136502265932 0.069159060716629042 292.94918823242193
decision_type=2 2 2 8
left_child=1 -1 -3 -4
right_child=-2 2 3 -5
leaf_value=0.0083920557897193132 0.036706119996094536 0.0043167172911195194 0 -0.02525901244827413
leaf_weight=4.2090965807437888 8.1376521438360196 2.2824571728706351 6.8190515935420981 29.006514459848404
leaf_count=20 38 11 33 141
internal_value=0 -0.013609 -0.0185256 -0.0219146
internal_weight=50.4548 42.3171 38.108 35.8256
internal_count=243 205 185 174
is_linear=0
shrinkage=0.03


Tree=3
num_leaves=6
num_cat=0
split_feature=0 30 54 58 14
split_gain=33.3836 10.0087 6.02266 3.02872 2.56151
threshold=2.1666666269302373 0.15509434044361117 0.069159060716629042 0.018600000068545345 8.2942690849304217
decision_type=2 2 2 2 2
left_child=1 3 -3 -1 -2
right_child=4 2 -4 -5 -6
leaf_value=0.014103549119043435 0.035709376713877507 0.0025558566842854317 -0.024969284531517567 -0.0043257145744782658 0
leaf_weight=5.4355875700712186 7.1780977845191938 2.087554574012759 28.88670502603054 2.7017725259065628 2.0850086361169815
leaf_count=26 33 10 142 13 10
internal_value=-0.000734543 -0.0146061 -0.0214788 0.00566523 0.0318977
internal_weight=48.3747 39.1116 30.9743 8.13736 9.26311
internal_count=234 191 152 39 43
is_linear=0
shrinkage=0.03


Tree=4
num_leaves=7
num_cat=0
split_feature=0 26 14 47 58 68
split_gain=37.8135 5.38486 3.03779 2.82049 1.2269 0.499014
threshold=1.8333333134651186 0.20956973731517795 8.2942690849304217 0.085297085344791426 0.003199999919161201 697.16046142578136
decision_type=2 2 2 2 2 8
left_child=1 4 -2 -3 5 -1
right_child=2 3 -4 -5 -6 -7
leaf_value=0.010046101820488299 0.039229141519149378 0 0 -0.021439062355479079 -0.0036338990584432688 0
leaf_weight=3.7735399901866895 8.5697884410619718 2.6890432387590435 2.0720372498035422 23.965637519955635 3.2801180779933929 2.4746941030025482
leaf_count=18 39 13 10 119 16 12
internal_value=0.000942038 -0.0133566 0.0353836 -0.0188855 0.000788111 0.00761
internal_weight=46.8249 36.183 10.6418 26.6547 9.52835 6.24823
internal_count=227 178 49 132 46 30
is_linear=0
shrinkage=0.03


Tree=5
num_leaves=7
num_cat=0
split_feature=0 47 30 38 19 48
split_gain=31.7036 10.2542 4.83219 0.950499 0.491656 0.35229
threshold=2.1666666269302373 0.085297085344791426 0.14627855271101001 0.11142597720026971 0.57748931646347057 -0.19895818084478376
decision_type=2 2 2 2 2 2
left_child=1 -1 5 -4 -2 -3
right_child=4 2 3 -5 -6 -7
leaf_value=0.010940329439535773 0.033670467452620964 0.0041299315999420664 0 -0.024416005721443406 0 -0.00243952348569439
leaf_weight=3.5515975356101981 7.5439056158065778 3.5803251415491104 2.4179483354091671 26.731950953602791 2.1255058348178864 4.3549843430519095
leaf_count=17 34 17 12 134 10 21
internal_value=0 -0.0133955 -0.0188289 -0.0231834 0.0314435 0
internal_weight=50.3062 40.6368 37.0852 29.1499 9.66941 7.93531
internal_count=245 201 184 146 44 38
is_linear=0
shrinkage=0.03


Tree=6
num_leaves=7
num_cat=0
split_feature=0 26 58 47 34 14
split_gain=43.3806 7.53548 2.23716 1.45059 0.84401 0.67963
threshold=2.1666666269302373 0.14372427761554721 0.003199999919161201 0.085297085344791426 0.078262127935886397 12.842658996582033
decision_type=2 2 2 2 2 2
left_child=1 2 4 -3 -1 -2
right_child=5 3 -4 -5 -6 -7
leaf_value=0 0.038397269747539202 0 -0.004781294064905745 -0.023258059564620813 0.014111444341524023 0
leaf_weight=2.4819366037845594 9.0005704462528211 2.9047692865133312 3.6881251186132431 26.318732187151909 2.7663343101739883 2.0899045616388312
leaf_count=12 40 14 18 133 13 10
internal_value=0 -0.015547 0.00208175 -0.0216239 0.0108122 0.0360451
internal_weight=49.2504 38.1599 8.9364 29.2235 5.24827 11.0905
internal_count=240 190 43 147 25 50
is_linear=0
shrinkage=0.03


Tree=7
num_leaves=7
num_cat=0
split_feature=0 68 54 30 58 27
split_gain=40.2544 8.84128 2.92884 2.14293 1.1492 0.126058
threshold=2.1666666269302373 376.21420288085943 0.070939652621746077 0.30031621456146246 0.0042000000830739745 0.59968912601470958
decision_type=2 8 2 2 2 2
left_child=1 3 -3 4 -1 -5
right_child=-2 2 -4 5 -6 -7
leaf_value=0.014829510321496486 0.034757944118434199 0 -0.024524436697995537 -0.0047733965651606579 0 0
leaf_weight=3.146623417735098 10.982836842536924 2.0709956884384182 25.487390533089638 3.7718287855386734 2.0572999566793442 1.9609822332859037
leaf_count=15 49 10 129 19 10 10
internal_value=0 -0.0149779 -0.0223182 0.00247793 0.0110512 -0.00356849
internal_weight=49.478 38.4951 27.5584 10.9367 5.20392 5.73281
internal_count=242 193 139 54 25 29
is_linear=0
shrinkage=0.03


Tree=8
num_leaves=6
num_cat=0
split_feature=0 47 14 14 15
split_gain=35.336 6.2808 4.84301 1.81208 1.52505
threshold=2.1666666269302373 0.087287481874227538 1.3474708795547488 8.2942690849304217 5.3150601387023935
decision_type=2 2 2 2 2
left_child=1 -1 -3 -2 -4
right_child=3 2 4 -5 -6
leaf_value=0.0050562689910785752 0.036389165645468673 0.0024297941978318454 -0.022716035275302995 0 0
leaf_weight=4.5927752256393424 8.9704785794019681 2.1055497527122489 27.327609017491344 2.3539332151412955 2.8508142530918112
leaf_count=22 39 10 140 11 14
internal_value=0.000397622 -0.0133243 -0.0179355 0.0331892 -0.0211008
internal_weight=48.2012 36.8767 32.284 11.3244 30.1784
internal_count=236 186 164 50 154
is_linear=0
shrinkage=0.03


Tree=9
num_leaves=7
num_cat=0
split_feature=12 58 60 31 46 37
split_gain=34.2975 7.34959 2.74833 2.40408 1.75501 1.2217
threshold=0.50757575035095226 0.018600000068545345 0.19040000438690188 0.15461797267198565 0.081586226820945754 0.25891791284084326
decision_type=2 2 2 2 2 2
left_child=3 2 5 -1 -5 -2
right_child=1 -3 -4 4 -6 -7
leaf_value=0 0 -0.00045763060848129871 0 0 -0.019686036440089035 0.037867918185331785
leaf_weight=3.4129154980182674 2.7093612700700822 3.0210857689380637 2.1007874459028235 2.4081291407346752 22.208786129951477 13.020915225148199
leaf_count=17 13 15 10 12 115 58
internal_value=0.00344254 0.0272006 0.0325232 -0.0151589 -0.0177469 0.0352172
internal_weight=48.882 20.8521 17.8311 28.0298 24.6169 15.7303
internal_count=240 96 81 144 127 71
is_linear=0
shrinkage=0.03


Tree=10
num_leaves=5
num_cat=0
split_feature=0 54 68 32
split_gain=39.0484 5.75847 5.30981 0.584168
threshold=2.1666666269302373 0.069159060716629042 128.25518417358401 0.34145653247833258
decision_type=2 2 8 2
left_child=1 -1 3 -3
right_child=-2 2 -4 -5
leaf_value=0.0049736931484815616 0.034205226279660217 0.0064651039131767424 -0.022585569413597545 -0.0010415783110280311
leaf_weight=2.7237698882818213 11.280826210975645 2.3242265135049811 28.989363551139832 2.5257966667413712
leaf_count=13 49 11 150 13
internal_value=0 -0.0148332 -0.018567 0.000446518
internal_weight=47.844 36.5632 33.8394 4.85002
internal_count=236 187 174 24
is_linear=0
shrinkage=0.03


Tree=11
num_leaves=6
num_cat=0
split_feature=3 47 30 57 52
split_gain=29.9425 7.02818 5.47325 0.996561 0.124741
threshold=3.5000000000000004 0.085297085344791426 0.14627855271101001 0.1564000025391579 -0.31572489440441126
decision_type=2 2 2 2 2
left_child=1 -1 3 -3 -4
right_child=-2 2 4 -5 -6
leaf_value=0.0069613350444456641 0.030785667902610843 -0.0041137158568460468 -0.023005279041145736 0.0067384215621268395 0
leaf_weight=4.0016319751739493 9.797653451561926 3.4621764272451383 25.654500246047974 4.7355929762125015 1.9471833109855676
leaf_count=19 42 17 136 23 10
internal_value=0 -0.0128199 -0.0173783 0 -0.022335
internal_weight=49.5987 39.8011 35.7995 8.19777 27.6017
internal_count=247 205 186 40 146
is_linear=0
shrinkage=0.03


Tree=12
num_leaves=5
num_cat=0
split_feature=0 54 48 61
split_gain=37.5039 6.48251 5.18084 2.24363
threshold=2.1666666269302373 0.069159060716629042 -0.23816646635532376 1.0000000180025095e-35
decision_type=2 2 2 2
left_child=1 -1 3 -3
right_child=-2 2 -4 -5
leaf_value=0.0080393243442515444 0.035502979506847443 -0.0057546315689406807 -0.021637533886053811 0.010933824434251442
leaf_weight=2.5329809486865988 12.206272527575491 6.0223046541213936 24.34099638462067 2.4524481892585754
leaf_count=12 52 32 128 12
internal_value=0.00330191 -0.0118713 -0.0163282 0
internal_weight=47.555 35.3487 32.8157 8.47475
internal_count=236 184 172 44
is_linear=0
shrinkage=0.03


Tree=13
num_leaves=6
num_cat=0
split_feature=12 58 30 35 54
split_gain=28.3345 6.91544 5.18024 1.93231 1.35417
threshold=0.50757575035095226 0.016199999488890175 0.13510000705718997 0.1045847423374653 0.082879345864057555
decision_type=2 2 2 2 2
left_child=2 3 -1 -2 -4
right_child=1 -3 4 -5 -6
leaf_value=0.0030894577712167349 0 -0.00060423629088861861 0 0.032055055375253522 -0.02200594108718415
leaf_weight=2.6397501677274731 2.0517609417438534 3.7941974103450766 1.985603123903277 12.889673188328741 22.419725567102432
leaf_count=13 10 19 10 56 121
internal_value=3.43779e-05 0.0232712 -0.0163799 0.0295512 -0.0205156
internal_weight=45.7807 18.7356 27.0451 14.9414 24.4053
internal_count=229 85 144 66 131
is_linear=0
shrinkage=0.03


Tree=14
num_leaves=6
num_cat=0
split_feature=12 0 32 47 60
split_gain=30.2624 8.89653 3.74581 0.937229 0.690233
threshold=0.50757575035095226 0.83333334326744091 0.12987417727708819 0.13558906316757205 0.00059999998484272521
decision_type=2 2 2 2 2
left_child=2 4 -1 -4 -2
right_child=1 -3 3 -5 -6
leaf_value=0.00051787528294050414 0.0035421296565200946 0.033437069250700217 0 -0.021829255683756175 -0.0056344296311443259
leaf_weight=2.6737325787544277 3.7627550065517452 12.275239825248716 3.2839474976062801 20.588590681552887 4.1284326463937759
leaf_count=13 18 52 17 112 21
internal_value=0.00067894 0.0236675 -0.0168405 -0.0201349 0
internal_weight=46.7127 20.1664 26.5463 23.8725 7.89119
internal_count=233 91 142 129 39
is_linear=0
shrinkage=0.03


Tree=15
num_leaves=7
num_cat=0
split_feature=0 68 54 30 4 27
split_gain=31.9491 6.05141 2.49392 2.00616 0.280385 0.264992
threshold=2.1666666269302373 376.21420288085943 0.070939652621746077 0.30031621456146246 0.016200970858335498 0.59968912601470958
decision_type=2 8 2 2 10 2
left_child=1 3 -3 -1 -2 -5
right_child=4 2 -4 5 -6 -7
leaf_value=0.010112398334381521 0 0 -0.022624977143214008 -0.0065235749971832074 0.031811550618227255 0
leaf_weight=4.3357671797275525 2.4841698855161658 2.1009600013494518 23.726359620690346 3.7389658093452454 9.1966748833656293 1.8520862609148023
leaf_count=21 11 10 129 20 38 10
internal_value=0 -0.01447 -0.0204749 0.000577153 0.0297386 -0.0047122
internal_weight=47.435 35.7541 25.8273 9.92682 11.6808 5.59105
internal_count=239 190 139 51 49 30
is_linear=0
shrinkage=0.03


Tree=16
num_leaves=7
num_cat=0
split_feature=0 30 51 60 68 52
split_gain=23.0892 7.40314 4.72922 2.87871 0.959585 0.184894
threshold=2.1666666269302373 0.16601154953241351 -0.4306392222642898 0.00059999998484272521 1.0000000180025095e-35 -0.34778717160224909
decision_type=2 2 2 2 10 2
left_child=1 3 -3 4 -1 -4
right_child=-2 2 5 -5 -6 -7
leaf_value=0 0.026912629833701539 -0.022784233818711985 0.0036436096558828744 -0.0042449031569662711 0.016592395396599652 0
leaf_weight=2.4168429970741254 10.918580025434492 21.052608460187912 2.5343767404556274 3.5667775869369507 3.2150494903326035 2.8594526350498226
leaf_count=12 46 117 13 18 15 15
internal_value=0 -0.0111052 -0.018042 0.0047227 0.0133227 0
internal_weight=46.5637 35.6451 26.4464 9.19867 5.63189 5.39383
internal_count=236 190 145 45 27 28
is_linear=0
shrinkage=0.03


Tree=17
num_leaves=7
num_cat=0
split_feature=12 1 31 44 60 68
split_gain=29.1497 7.84757 2.21201 1.21785 1.00718 1.50851
threshold=0.36666667461395269 0.83333334326744091 0.12636836245656016 0.5454806685447694 0.00059999998484272521 752.01473999023449
decision_type=2 2 2 2 2 8
left_child=2 4 -1 -4 5 -2
right_child=1 -3 3 -5 -6 -7
leaf_value=0 0.012373059306408415 0.032957239466590377 -0.020415455003081624 0 -0.0047860866102614778 0
leaf_weight=1.9645652025938058 2.5965040624141711 12.892020240426062 18.973311454057697 1.9653044193983067 4.6546554267406464 4.2384231835603714
leaf_count=10 12 54 107 10 24 21
internal_value=0.00311604 0.0227547 -0.0165286 -0.0188385 0 0.0058227
internal_weight=47.2848 24.3816 22.9032 20.9386 11.4896 6.83493
internal_count=238 111 127 117 57 33
is_linear=0
shrinkage=0.03


Tree=18
num_leaves=7
num_cat=0
split_feature=12 0 51 31 38 62
split_gain=22.7806 6.36905 2.31176 1.38216 0.680203 0.464589
threshold=0.36666667461395269 0.83333334326744091 -0.41610644757747645 0.15461797267198565 0.048265831544995315 0.55140000581741344
decision_type=2 2 2 2 2 2
left_child=2 4 3 -1 -2 -6
right_child=1 -3 -4 -5 5 -7
leaf_value=0 0.0049070056677593199 0.028268086268420124 0 -0.020517522331772599 -0.0071425948287927327 0
leaf_weight=2.8578809201717439 3.3527172505855578 12.44466473162174 2.8129365444183341 17.691010996699333 3.8934252858161926 2.8560545146465302
leaf_count=15 16 53 15 101 20 14
internal_value=0.00076856 0.0193633 -0.0158039 -0.0184626 0 -0.00416578
internal_weight=45.9087 22.5469 23.3618 20.5489 10.1022 6.74948
internal_count=234 103 131 116 50 34
is_linear=0
shrinkage=0.03


Tree=19
num_leaves=7
num_cat=0
split_feature=12 60 68 68 0 68
split_gain=22.9328 7.07029 5.48125 1.24875 0.730363 0.0407521
threshold=0.30952382087707525 0.16399999707937243 752.01473999023449 376.21420288085943 1.8333333134651186 247.4860534667969
decision_type=2 2 8 8 2 10
left_child=3 2 -2 5 -4 -1
right_child=1 -3 4 -5 -6 -7
leaf_value=-0.0016697478150951405 0.032128451293643535 -0.0032291145140057125 -0.0037862581500122602 -0.02041732170560439 0.0059162734920496975 0.00026347038943911683
leaf_weight=2.8515477627515819 11.425213918089872 3.9437977820634833 4.9756558984518042 15.903958201408384 2.646007314324379 2.1871981471776962
leaf_count=16 49 20 25 91 11 12
internal_value=0 0.0182309 0.0243219 -0.0176823 0 0
internal_weight=43.9334 22.9907 19.0469 20.9427 7.62166 5.03875
internal_count=224 105 85 119 36 28
is_linear=0
shrinkage=0.03


Tree=20
num_leaves=7
num_cat=0
split_feature=0 54 68 30 14 43
split_gain=23.8141 6.16001 6.21444 1.11672 0.737894 0.0940843
threshold=2.1666666269302373 0.069159060716629042 376.21420288085943 0.30031621456146246 13.058030128479006 0.15714317560195926
decision_type=2 2 8 2 2 2
left_child=1 -1 3 -3 -2 -4
right_child=4 2 5 -5 -6 -7
leaf_value=0.0082354277696743087 0.029463229219371147 0.0077520441020411928 0 -0.0030003620777655465 0 -0.022281377563367642
leaf_weight=3.0183562487363806 10.111942008137701 4.3757316470146161 1.9374453425407434 5.7729896306991577 2.2104920893907538 20.425343185663223
leaf_count=14 41 21 10 32 10 116
internal_value=0.00149364 -0.0102324 -0.0148922 0.000204312 0.0274293 -0.0215435
internal_weight=47.8523 35.5299 32.5115 10.1487 12.3224 22.3628
internal_count=244 193 179 53 51 126
is_linear=0
shrinkage=0.03


Tree=21
num_leaves=6
num_cat=0
split_feature=12 4 30 46 60
split_gain=25.189 4.50731 3.78447 2.14195 1.21233
threshold=0.50757575035095226 0.0079052620567381399 0.13510000705718997 0.081586226820945754 0.00059999998484272521
decision_type=2 10 2 2 2
left_child=2 4 -1 -4 -2
right_child=1 -3 3 -5 -6
leaf_value=0.0010081410409724326 0.0068841254066378992 0.028460216349014147 0 -0.021056931126849032 -0.0055071866599067428
leaf_weight=3.2335446476936367 4.0028177499771136 13.154100745916365 2.311664521694186 20.231719732284546 4.0950112640857697
leaf_count=16 19 55 12 117 21
internal_value=0.0014018 0.0216865 -0.0150321 -0.0187793 0
internal_weight=47.0289 21.2519 25.7769 22.5434 8.09783
internal_count=240 95 145 129 40
is_linear=0
shrinkage=0.03


Tree=22
num_leaves=7
num_cat=0
split_feature=12 4 30 51 60 38
split_gain=20.1604 5.22224 4.11686 2.44747 0.838854 0.264609
threshold=0.50757575035095226 0.0055944493506103763 0.13510000705718997 -0.4306392222642898 0.00059999998484272521 0.17053766548633578
decision_type=2 10 2 2 2 2
left_child=2 4 -1 -4 5 -2
right_child=1 -3 3 -5 -6 -7
leaf_value=0.0023417038982534825 0.0068363755471328837 0.026539594097403599 -0.020817578626839521 0 -0.0054855124695630635 0
leaf_weight=2.8380392789840725 2.1776512265205401 12.18170243501663 20.136771187186248 2.9933198988437608 4.0900584310293198 2.4508366733789444
leaf_count=14 10 51 118 16 21 12
internal_value=0.000198434 0.018802 -0.0141709 -0.0181033 0 0.0047567
internal_weight=46.8684 20.9002 25.9681 23.1301 8.71855 4.62849
internal_count=242 94 148 134 43 22
is_linear=0
shrinkage=0.03


Tree=23
num_leaves=6
num_cat=0
split_feature=0 54 61 5 55
split_gain=22.468 5.168 5.34063 1.46609 1.0987
threshold=3.5000000000000004 0.069159060716629042 1.0000000180025095e-35 0.68173515796661388 0.036864625290036208
decision_type=2 2 2 2 2
left_child=1 -1 3 -3 -4
right_child=-2 2 4 -5 -6
leaf_value=0.0063525554082812909 0.02729157776593668 -0.021592677628608892 0.0080220347256621197 0 -0.0028161365237805397
leaf_weight=2.8410040140151969 9.6765508055686933 23.92444530129433 3.7749320417642585 1.8956548571586598 3.8526457101106644
leaf_count=13 39 136 19 10 20
internal_value=0 -0.0109652 -0.0149406 -0.020118 0.000651935
internal_weight=45.9652 36.2887 33.4477 25.8201 7.62758
internal_count=237 198 185 146 39
is_linear=0
shrinkage=0.03


Tree=24
num_leaves=5
num_cat=0
split_feature=0 54 22 25
split_gain=20.7381 8.28949 3.55303 1.19808
threshold=3.5000000000000004 0.069159060716629042 0.019397587515413765 0.95008096098899852
decision_type=2 2 2 2
left_child=1 -1 -3 -4
right_child=-2 2 3 -5
leaf_value=0.01059929431642611 0.026857519810443341 0.0010258382713302272 -0.019590997037355732 0
leaf_weight=3.9732731133699408 9.6940163075923902 2.4801151007413855 28.079507887363437 1.993375852704047
leaf_count=18 39 12 159 11
internal_value=0.00023694 -0.00979257 -0.0155975 -0.0183795
internal_weight=46.2203 36.5263 32.553 30.0729
internal_count=239 200 182 170
is_linear=0
shrinkage=0.03


Tree=25
num_leaves=7
num_cat=0
split_feature=12 4 30 47 60 9
split_gain=21.6115 4.69027 3.09281 1.29748 0.39822 0.297665
threshold=0.50757575035095226 0.0079052620567381399 0.12004877626895906 0.16693903505802157 0.00059999998484272521 1.1666666865348818
decision_type=2 10 2 2 2 2
left_child=2 4 -1 -4 -2 -3
right_child=1 5 3 -5 -6 -7
leaf_value=0.00019166417883101602 0.0033111424566169183 0 0 -0.019866229995728228 -0.0039184054070867131 0.028323198405014207
leaf_weight=2.7984453886747387 3.7870742082595852 2.1435044109821311 2.9046867340803173 19.239232003688812 3.4976218789815903 10.391053944826124
leaf_count=14 18 10 16 117 18 42
internal_value=0.000364373 0.0199504 -0.0147372 -0.0179631 0 0.0267209
internal_weight=44.7616 19.8193 24.9424 22.1439 7.2847 12.5346
internal_count=235 88 147 133 36 52
is_linear=0
shrinkage=0.03


Tree=26
num_leaves=7
num_cat=0
split_feature=0 31 58 14 51 42
split_gain=22.5324 5.30288 1.96212 0.788392 0.542805 0.129446
threshold=2.1666666269302373 0.25995960831642156 0.00059999998484272521 7.1417174339294442 -0.41610644757747645 0.34156590700149542
decision_type=2 2 2 2 2 2
left_child=1 2 5 -2 -3 -1
right_child=3 4 -4 -5 -6 -7
leaf_value=0.0092420213753988626 0.025771657701462534 -0.022200664140803017 -0.0066486880601317579 0 0 0
leaf_weight=3.9525512009859067 8.9942873865365964 17.747035175561905 5.623818650841713 2.2567667216062537 3.667829334735873 3.3768147528171539
leaf_count=19 36 108 31 10 20 17
internal_value=-0.000863127 -0.0137715 0 0.0236697 -0.0204884 0.00787706
internal_weight=45.6191 34.368 12.9532 11.2511 21.4149 7.32937
internal_count=241 195 67 46 128 36
is_linear=0
shrinkage=0.03


Tree=27
num_leaves=7
num_cat=0
split_feature=0 32 44 68 60 17
split_gain=22.4246 4.87769 2.58214 2.14629 3.00559 0.761026
threshold=2.1666666269302373 0.26627056300640112 0.65886381268501293 697.16046142578136 0.077600002288818373 0.68966230750083934
decision_type=2 2 2 8 2 2
left_child=1 3 -3 4 -1 -2
right_child=5 2 -4 -5 -6 -7
leaf_value=0.017296446630493414 0.027849524210098585 -0.020030828169359492 0 -0.0051562516920413484 -0.0020710341832221794 0
leaf_weight=3.9606044143438313 10.37466987967491 19.48239062726498 1.7668146491050709 5.752837300300599 2.0986036509275436 2.5334628075361243
leaf_count=18 42 119 9 31 11 11
internal_value=0.00104811 -0.0109106 -0.0174408 0.00069625 0.00973972 0.025689
internal_weight=45.9694 33.0613 21.2492 11.812 6.05921 12.9081
internal_count=241 188 128 60 29 53
is_linear=0
shrinkage=0.03


Tree=28
num_leaves=6
num_cat=0
split_feature=12 4 30 60 51
split_gain=23.6273 8.72199 2.83384 0.546792 0.336078
threshold=0.50757575035095226 0.0055944493506103763 0.13510000705718997 0.00059999998484272521 -0.39158758521080012
decision_type=2 10 2 2 2
left_child=2 3 -1 -2 -4
right_child=1 -3 4 -5 -6
leaf_value=0 0.0015143776457400792 0.029693534496578827 -0.019337672107802611 -0.0056926234738135656 0
leaf_weight=2.2116406261920956 3.714987680315974 14.264033421874045 18.697272568941123 4.2153076380491257 1.7587433457374526
leaf_count=11 18 59 117 22 10
internal_value=0.00169553 0.0205108 -0.0155295 -8.51761e-06 -0.0185046
internal_weight=44.862 22.1943 22.6677 7.9303 20.456
internal_count=237 99 138 40 127
is_linear=0
shrinkage=0.03


Tree=29
num_leaves=6
num_cat=0
split_feature=0 54 30 54 61
split_gain=19.6969 4.49757 3.63744 1.19825 0.827128
threshold=2.1666666269302373 0.069159060716629042 0.14627855271101001 0.56555533409118663 0.0022000001044943933
decision_type=2 2 2 2 2
left_child=1 -1 3 -3 -4
right_child=-2 2 4 -5 -6
leaf_value=0.0065827840373017211 0.026242280125919892 -0.0036900713018599303 -0.019261417106244912 0.0083063952388601862 0
leaf_weight=2.8233357816934612 11.736547604203222 3.3607389926910427 18.796452805399898 2.9934234768152237 3.3301866799592963
leaf_count=13 48 17 119 14 19
internal_value=0.00279748 -0.00876514 -0.0131611 0 -0.017589
internal_weight=43.0407 31.3041 28.4808 6.35416 22.1266
internal_count=230 182 169 31 138
is_linear=0
shrinkage=0.03


Tree=30
num_leaves=7
num_cat=0
split_feature=12 0 47 45 48 32
split_gain=15.0812 6.96197 1.93412 0.394123 0.553397 0.0263287
threshold=0.30952382087707525 0.83333334326744091 0.16693903505802157 0.065303474664688124 -0.21724089980125424 0.21870921552181247
decision_type=2 2 2 2 2 2
left_child=2 3 -1 -2 -5 -4
right_child=1 -3 5 4 -6 -7
leaf_value=0 0.0013747742902045052 0.024712698851301503 0 0 -0.0074332593743669517 -0.017325184949268425
leaf_weight=3.8532724082469967 3.7329169213771838 13.250658497214316 1.8691542297601724 1.9810120463371275 4.9640293419361115 14.778154909610747
leaf_count=22 18 56 10 10 26 96
internal_value=0.000787406 0.0152918 -0.0136381 0 -0.00440469 -0.0166799
internal_weight=44.4292 23.9286 20.5006 10.678 6.94504 16.6473
internal_count=238 110 128 54 36 106
is_linear=0
shrinkage=0.03


Tree=31
num_leaves=7
num_cat=0
split_feature=0 68 30 14 58 68
split_gain=15.8885 6.06935 1.85858 1.47523 0.24047 0.200739
threshold=2.1666666269302373 353.45547485351568 0.3257004469633103 14.235917091369631 1.0000000180025095e-35 247.4860534667969
decision_type=2 8 2 2 2 10
left_child=1 2 4 -3 -1 -4
right_child=-2 3 5 -5 -6 -7
leaf_value=0.01254691981637357 0.02154249590428305 -0.019593127090889322 -0.0046706114371030871 0 0 0
leaf_weight=2.4603722840547579 10.277294129133223 19.957164213061336 3.1764729470014572 1.725718393921851 2.0404922813177109 1.8037386089563368
leaf_count=11 42 122 19 9 10 11
internal_value=0 -0.0108985 0.00303297 -0.0179186 0.0109703 -0.00266978
internal_weight=41.4413 31.164 9.48108 21.6829 4.50086 4.98021
internal_count=224 182 51 131 21 30
is_linear=0
shrinkage=0.03


Tree=32
num_leaves=7
num_cat=0
split_feature=12 60 68 54 31 2
split_gain=15.7797 4.9759 3.9179 1.88581 1.12862 0.370991
threshold=0.36666667461395269 0.077600002288818373 752.01473999023449 0.11605275422334672 0.15461797267198565 1.3541666865348818
decision_type=2 2 8 2 2 2
left_child=3 2 -2 -1 -5 -4
right_child=1 -3 5 4 -6 -7
leaf_value=0 0.02869173978554122 -0.00029519656960709132 0.0040443144722439438 0 -0.017416491630073503 -0.0028086632521022456
leaf_weight=3.7013957798481014 12.23581306636334 4.9275540411472312 4.1554774791002265 2.8453143239021328 13.540388226509092 2.9754393547773361
leaf_count=22 52 25 19 16 90 15
internal_value=0.003115 0.0173318 0.0224332 -0.0121309 -0.0152357 0
internal_weight=44.3814 24.2943 19.3667 20.0871 16.3857 7.13092
internal_count=239 111 86 128 106 34
is_linear=0
shrinkage=0.03


Tree=33
num_leaves=7
num_cat=0
split_feature=0 68 60 51 30 30
split_gain=15.9284 6.47799 5.83058 1.201 1.06481 0.0976267
threshold=2.1666666269302373 697.16046142578136 0.0061999999452382335 -0.40207976102828974 0.34000758826732641 0.73310029506683361
decision_type=2 8 2 2 2 2
left_child=1 2 4 -3 -1 -4
right_child=-2 3 5 -5 -6 -7
leaf_value=0.019537362764790105 0.023976811536704529 -0.019424507444506984 -0.0084849787026055126 0 0 0
leaf_weight=4.3736537396907789 11.222410216927527 13.945021659135817 5.575703501701355 3.767723977565768 3.1064493209123611 1.6163833439350126
leaf_count=20 46 89 31 20 19 10
internal_value=0.00237653 -0.00758398 0.00356861 -0.0169414 0.016095 -0.0077534
internal_weight=43.6073 32.3849 14.6722 17.7127 7.4801 7.19209
internal_count=235 189 80 109 39 41
is_linear=0
shrinkage=0.03


Tree=34
num_leaves=7
num_cat=0
split_feature=68 60 11 58 51 26
split_gain=11.2511 8.03731 2.6766 1.91255 1.41135 0.876217
threshold=667.86233520507824 0.077600002288818373 5.6070852279663095 0.011799999978393318 -0.40207976102828974 0.10526142641901971
decision_type=8 2 2 2 2 2
left_child=1 3 4 -1 5 -2
right_child=2 -3 -4 -5 -6 -7
leaf_value=0.02640364157861164 0 -0.0042416903441794369 0.0011610177177858623 0 0 -0.019024047280821636
leaf_weight=11.224060997366907 1.9652750939130825 6.1540289819240561 2.7589896321296683 2.4144964665174475 4.0577581077814111 13.33710730075836
leaf_count=49 10 35 14 14 21 86
internal_value=0.000177081 0.0143467 -0.0111533 0.0235186 -0.0147495 -0.0173965
internal_weight=41.9117 19.7926 22.1191 13.6386 19.3601 15.3024
internal_count=229 98 131 63 117 96
is_linear=0
shrinkage=0.03


Tree=35
num_leaves=6
num_cat=0
split_feature=0 47 26 55 52
split_gain=16.3483 3.45403 3.19515 1.26098 0.00606669
threshold=3.5000000000000004 0.077529683709144606 0.17967677861452105 1.0000000180025095e-35 -0.38562110066413874
decision_type=2 2 2 2 2
left_child=1 -1 3 -3 -4
right_child=-2 2 4 -5 -6
leaf_value=0.0042968705769800266 0.023671825161054282 0.007460705247754996 -0.018037801455945628 -0.0049134241811608836 0
leaf_weight=3.2988704591989508 10.14730755984783 4.3547977358102816 18.224647462368011 3.91205894947052 4.0310115665197399
leaf_count=15 41 21 117 21 24
internal_value=0.000532104 -0.00885884 -0.0124708 0 -0.0168681
internal_weight=43.9687 33.8214 30.5225 8.26686 22.2557
internal_count=239 198 183 42 141
is_linear=0
shrinkage=0.03


Tree=36
num_leaves=7
num_cat=0
split_feature=12 58 48 47 61 34
split_gain=13.5239 4.6157 3.7061 2.60041 0.526045 0.115049
threshold=0.30952382087707525 0.016199999488890175 0.13498388230800631 0.16693903505802157 0.0018000000272877517 0.078262127935886397
decision_type=2 2 2 2 2 2
left_child=3 2 5 -1 -5 -2
right_child=1 -3 -4 4 -6 -7
leaf_value=0.00067883438989399915 0 -0.0011580179528142358 0 -0.016822241118522166 0 0.025561954083360622
leaf_weight=2.8142181485891369 2.674827456474314 3.9761622399091712 2.7667849957942954 12.899131610989569 2.4911825209856024 15.567118406295775
leaf_count=16 13 21 13 88 15 68
internal_value=0.0034477 0.0161559 0.0206844 -0.0114106 -0.015381 0.0242459
internal_weight=43.1894 24.9849 21.0087 18.2045 15.3903 18.2419
internal_count=234 115 94 119 103 81
is_linear=0
shrinkage=0.03


Tree=37
num_leaves=7
num_cat=0
split_feature=0 61 54 42 60 14
split_gain=14.5026 4.38626 4.75012 1.84113 1.56709 0.592892
threshold=1.8333333134651186 1.0000000180025095e-35 0.069159060716629042 0.18874773383140567 0.0061999999452382335 7.1417174339294442
decision_type=2 2 2 2 2 2
left_child=1 2 -1 -4 -3 -2
right_child=5 4 3 -5 -6 -7
leaf_value=0.0046108702434356505 0.024647010490938159 0.011372278712792394 0 -0.019910172939243655 -0.00096107802966831097 0
leaf_weight=2.13675524294377 10.100608870387076 3.8738372623920432 2.6297351419925716 18.114109486341476 4.0300385653972626 2.1565560996532431
leaf_count=10 41 19 17 117 22 10
internal_value=0.00320446 -0.00686123 -0.0128989 -0.0175673 0.0047081 0.022905
internal_weight=43.0416 30.7845 22.8806 20.7438 7.90388 12.2572
internal_count=236 185 144 134 41 51
is_linear=0
shrinkage=0.03


Tree=38
num_leaves=7
num_cat=0
split_feature=0 68 54 60 43 14
split_gain=12.625 4.05459 2.87343 2.34995 1.25606 1.00023
threshold=2.1666666269302373 376.21420288085943 0.070939652621746077 0.0061999999452382335 0.15714317560195926 12.842658996582033
decision_type=2 8 2 2 2 2
left_child=1 3 -3 -1 -4 -2
right_child=5 2 4 -5 -6 -7
leaf_value=0.012004279472711056 0.02330133069344964 0.0005881733653912742 0 -0.0034956223342892528 -0.0185326343498214 0
leaf_weight=4.9053928405046481 9.5914347916841489 2.5511967539787319 1.8351703286170984 5.1266062557697296 16.372877657413483 2.4216485917568198
leaf_count=25 39 12 10 29 109 11
internal_value=0.00233918 -0.00685077 -0.0131831 0.0032973 -0.0167642 0.0210316
internal_weight=42.8043 30.7912 20.7592 10.032 18.208 12.0131
internal_count=235 185 131 54 119 50
is_linear=0
shrinkage=0.03


Tree=39
num_leaves=7
num_cat=0
split_feature=68 60 58 11 51 28
split_gain=12.3662 9.39514 3.24652 2.48138 1.25652 0.849621
threshold=697.16046142578136 0.077600002288818373 0.045199999585747726 5.6070852279663095 -0.40207976102828974 0.60954967141151439
decision_type=8 2 2 2 2 2
left_child=1 2 5 4 -2 -1
right_child=3 -3 -4 -5 -6 -7
leaf_value=0.029831725041313772 -0.017451718020919656 -0.0043971159424880052 0 0.00091980725604871958 0 0
leaf_weight=12.127986729145052 12.74479824304581 6.8680302351713172 1.6474807113409031 2.1626050770282736 3.3707832396030435 1.7718551605939854
leaf_count=52 83 39 10 11 18 10
internal_value=0.00251325 0.0155879 0.0250304 -0.0112412 -0.014898 0.0281418
internal_weight=40.6935 22.4154 15.5473 18.2782 16.1156 13.8998
internal_count=223 111 72 112 101 62
is_linear=0
shrinkage=0.03


Tree=40
num_leaves=7
num_cat=0
split_feature=12 58 60 48 47 31
split_gain=15.3083 5.92969 4.73383 3.27928 1.67457 1.26642
threshold=0.30952382087707525 0.045199999585747726 0.1418000012636185 0.13498388230800631 0.13558906316757205 0.12636836245656016
decision_type=2 2 2 2 2 2
left_child=4 2 3 -2 -1 -6
right_child=1 -3 -4 -5 5 -7
leaf_value=0 0.027309973417820651 -0.0044365971955362725 -0.00072755393397711584 0 0 -0.018368742489041783
leaf_weight=2.2377635985612896 17.185449779033672 3.0016403794288626 2.4139726012945166 2.3138920068740836 1.8171999305486704 15.163357526063917
leaf_count=13 75 17 13 11 10 107
internal_value=0.0010154 0.0151273 0.0202377 0.0242339 -0.0141419 -0.0165058
internal_weight=44.1333 24.915 21.9133 19.4993 19.2183 16.9806
internal_count=246 116 99 86 130 117
is_linear=0
shrinkage=0.03


Tree=41
num_leaves=7
num_cat=0
split_feature=0 24 56 68 14 14
split_gain=18.4601 3.5779 1.31251 0.81174 0.764546 0.511624
threshold=2.1666666269302373 0.1770737171173096 -0.36945162713527674 697.16046142578136 15.311172962188722 12.842658996582033
decision_type=2 2 2 8 2 2
left_child=1 3 4 -1 -3 -2
right_child=5 2 -4 -5 -6 -7
leaf_value=0.0064131259085022157 0.023950888617202779 -0.019737946724306382 0 -0.0028636925439216401 0 0
leaf_weight=5.1167483031749734 10.48515000939369 16.727876737713821 3.8520527034997931 3.2721970826387414 1.3197627216577519 2.2068236470222464
leaf_count=24 43 114 23 19 7 10
internal_value=0 -0.0114948 -0.0163653 0 -0.0186205 0.0223062
internal_weight=42.9806 30.2886 21.8997 8.38895 18.0476 12.692
internal_count=240 187 144 43 121 53
is_linear=0
shrinkage=0.03


Tree=42
num_leaves=7
num_cat=0
split_feature=12 60 68 51 61 0
split_gain=12.5901 4.20533 5.09065 2.73532 0.353753 0.279894
threshold=0.30952382087707525 0.31399999558925634 697.16046142578136 -0.41610644757747645 0.0022000001044943933 1.8333333134651186
decision_type=2 2 8 2 2 2
left_child=3 2 -2 4 5 -1
right_child=1 -3 -4 -5 -6 -7
leaf_value=-0.018081025124245292 0.025633957511180055 -0.0022571129469135783 0 0.00084006164504389364 0 0
leaf_weight=13.468151375651365 12.845909476280218 2.7963105589151374 6.5293256342411032 2.0521289110183707 1.7388892620801915 1.6394946724176396
leaf_count=99 55 15 33 12 11 9
internal_value=0.000746464 0.0144428 0.0188435 -0.0126832 -0.0162647 -0.0171914
internal_weight=41.0702 22.1715 19.3752 18.8987 16.8465 15.1076
internal_count=234 103 88 131 119 108
is_linear=0
shrinkage=0.03


Tree=43
num_leaves=7
num_cat=0
split_feature=0 58 68 54 60 30
split_gain=13.05 5.45078 4.6334 2.18408 1.52928 0.102731
threshold=1.1666666865348818 0.01480000000447035 376.21420288085943 0.070939652621746077 0.0061999999452382335 0.35304744541645056
decision_type=2 2 8 2 2 2
left_child=2 -2 4 -4 5 -1
right_child=1 -3 3 -5 -6 -7
leaf_value=0.011198086262233729 0.024372550344713126 -0.0022051262198727784 0 -0.018257333450592786 -0.0021793572821072011 0
leaf_weight=2.6760104596614855 13.648573547601702 2.3516589850187293 2.5558891743421581 16.134805262088776 3.7996695339679718 2.148131400346756
leaf_count=12 58 16 12 110 22 13
internal_value=0.00202762 0.0188129 -0.00860354 -0.0153337 0.00316253 0.0100493
internal_weight=43.3147 16.0002 27.3145 18.6907 8.62381 4.82414
internal_count=243 74 169 122 47 25
is_linear=0
shrinkage=0.03


Tree=44
num_leaves=7
num_cat=0
split_feature=58 1 60 28 68 52
split_gain=12.2151 8.33161 0.997567 1.13275 0.983551 0.182975
threshold=0.009599999990314247 0.83333334326744091 1.0000000180025095e-35 0.53557017445564281 128.25518417358401 -0.35618743300437922
decision_type=2 2 2 2 8 2
left_child=1 2 3 -1 -2 -4
right_child=4 -3 5 -5 -6 -7
leaf_value=0.0085669836321395146 0 0.025038859839357459 -0.0079643903292573592 -0.0015247047623600401 -0.016275976400030479 0
leaf_weight=5.2242332100868243 1.828133061528203 11.710891798138617 4.7174200415611267 3.6966331303119659 12.156307578086853 2.1973261684179297
leaf_count=26 10 50 31 24 83 13
internal_value=0.00142377 0.0127607 -0.000174107 0.0026184 -0.0144156 -0.00674208
internal_weight=41.5309 27.5465 15.8356 8.92087 13.9844 6.91475
internal_count=237 144 94 50 93 44
is_linear=0
shrinkage=0.03


Tree=45
num_leaves=7
num_cat=0
split_feature=58 1 62 68 60 29
split_gain=11.627 8.71163 2.41352 1.25959 1.90372 0.578051
threshold=0.011799999978393318 0.83333334326744091 0.55140000581741344 752.01473999023449 0.10199999809265138 0.82196038961410534
decision_type=2 2 2 8 2 2
left_child=1 3 -2 4 -1 -5
right_child=2 -3 -4 5 -6 -7
leaf_value=0.010704144810025995 -0.017910295343116753 0.024345953792552874 0 -0.0095569826570954391 -0.003201985046746686 0
leaf_weight=5.042347535490995 12.520033724606035 12.450313955545424 1.4346208348870266 6.5283746644854528 4.3241151422262192 1.5964220613241193
leaf_count=25 86 54 8 42 26 9
internal_value=0.00111218 0.0117124 -0.014522 -0.000682481 0.0028477 -0.00738834
internal_weight=43.8962 29.9416 13.9547 17.4913 9.36646 8.1248
internal_count=250 156 94 102 51 51
is_linear=0
shrinkage=0.03


Tree=46
num_leaves=7
num_cat=0
split_feature=12 0 47 32 60 68
split_gain=11.1228 4.19249 1.97072 1.16994 0.944525 1.15185
threshold=0.30952382087707525 1.1666666865348818 0.16693903505802157 0.21870921552181247 0.00059999998484272521 752.01473999023449
decision_type=2 2 2 2 2 8
left_child=2 4 -1 -4 5 -2
right_child=1 -3 3 -5 -6 -7
leaf_value=0 0.010240483675682024 0.021247064668799061 0 -0.01711416553901797 -0.0060947359285890733 0
leaf_weight=2.5982606261968639 2.8326909393072146 11.382003679871557 1.7842655181884755 13.835707768797873 4.5642715394496918 3.7078618705272675
leaf_count=15 12 48 10 103 26 20
internal_value=0.000683086 0.0134528 -0.0121341 -0.0152118 0 0.00432269
internal_weight=40.7051 22.4868 18.2182 15.62 11.1048 6.54055
internal_count=234 106 128 113 58 32
is_linear=0
shrinkage=0.03


Tree=47
num_leaves=7
num_cat=0
split_feature=58 0 68 62 60 14
split_gain=10.0866 6.75707 1.70628 1.21218 1.09669 0.811837
threshold=0.011799999978393318 0.83333334326744091 752.01473999023449 0.37680000066757208 0.16399999707937243 13.604084968566896
decision_type=2 2 8 2 2 2
left_child=1 2 4 -2 -1 -3
right_child=3 5 -4 -5 -6 -7
leaf_value=0.0091660157900638872 -0.016022642453422452 0.023556317715709922 -0.0086253298479401514 0 -0.00059407776167732802 0
leaf_weight=5.0487907230854043 10.530090495944021 11.299707815051077 6.9963323101401338 1.4255060106515873 2.5748405307531357 2.7934977263212195
leaf_count=26 73 49 45 8 16 14
internal_value=0.00153571 0.0113848 -0.000655239 -0.0137974 0.00399844 0.0214531
internal_weight=40.6688 28.7132 14.62 11.9556 7.62363 14.0932
internal_count=231 150 87 81 42 63
is_linear=0
shrinkage=0.03


Tree=48
num_leaves=7
num_cat=0
split_feature=12 60 68 33 47 21
split_gain=12.258 3.68124 3.0869 1.24145 0.342564 0.108253
threshold=0.30952382087707525 0.31399999558925634 697.16046142578136 0.23355001211166385 0.10037372633814813 0.56439715623855602
decision_type=2 2 8 2 2 2
left_child=3 2 -2 -1 -5 -4
right_child=1 -3 5 4 -6 -7
leaf_value=0 0.023142736094711843 -0.0020692735010849105 -0.0018559741451970755 0 -0.017207574748017644 0.0019195818446136052
leaf_weight=1.7753447294235254 11.40672048926354 2.7174869030714026 2.8679789751768103 1.6697908788919438 13.740441210567949 4.4110671430826187
leaf_count=12 49 15 16 10 100 21
internal_value=0 0.0131475 0.017402 -0.0143575 -0.0162638 0
internal_weight=38.5888 21.4033 18.6858 17.1856 15.4102 7.27905
internal_count=223 101 86 122 110 37
is_linear=0
shrinkage=0.03


Tree=49
num_leaves=7
num_cat=0
split_feature=12 0 44 60 29 61
split_gain=13.5689 4.81158 0.47665 0.471227 0.518735 0.184043
threshold=0.30952382087707525 0.83333334326744091 0.61688560247421276 0.00059999998484272521 0.45936143398284918 0.0014000000082887711
decision_type=2 2 2 2 2 2
left_child=2 3 5 4 -2 -1
right_child=1 -3 -4 -5 -6 -7
leaf_value=-0.017286039262385984 0.0059733811525025521 0.020234473750793167 0 -0.0052446889265766695 -1.0417962035442844e-05 0
leaf_weight=14.298395298421388 4.0662259161472338 14.122463807463644 1.4290254414081562 4.1442800015211105 2.2289661318063736 2.9448109567165366
leaf_count=110 19 61 8 23 12 19
internal_value=0 0.0126677 -0.0152475 0 0.00146642 -0.0161378
internal_weight=43.2342 24.5619 18.6722 10.4395 6.29519 17.2432
internal_count=252 115 137 54 31 129
is_linear=0
shrinkage=0.03


Tree=50
num_leaves=7
num_cat=0
split_feature=12 30 0 43 60 68
split_gain=10.6361 2.93272 2.70491 0.871024 0.32617 0.601045
threshold=0.50757575035095226 0.13510000705718997 0.83333334326744091 0.58702471852302562 0.00059999998484272521 752.01473999023449
decision_type=2 2 2 2 2 8
left_child=1 -1 4 -3 5 -2
right_child=2 3 -4 -5 -6 -7
leaf_value=0.0017918442355305451 0.0074804621518601939 -0.016476136102384256 0.019984409310260007 0 -0.0031771186387873815 0
leaf_weight=2.8006684631109264 2.3742471784353274 15.858491562306883 10.996021091938017 2.0424246788024893 4.073965921998024 2.5395103096961975
leaf_count=14 10 117 47 12 22 13
internal_value=0.000557079 -0.0108846 0.014088 -0.0149497 0 0.00318711
internal_weight=40.6853 20.7016 19.9837 17.9009 8.98772 4.91376
internal_count=235 143 92 129 45 23
is_linear=0
shrinkage=0.03


Tree=51
num_leaves=7
num_cat=0
split_feature=0 68 14 54 43 30
split_gain=9.08147 3.72162 2.7226 2.08179 1.37919 0.559132
threshold=1.8333333134651186 376.21420288085943 8.2942690849304217 0.069159060716629042 0.15180068463087085 0.35304744541645056
decision_type=2 8 2 2 2 2
left_child=1 5 -2 -3 -5 -1
right_child=2 3 -4 4 -6 -7
leaf_value=0.0062047219032033791 0.020430804279885927 0 0 0 -0.018701621016342557 0
leaf_weight=5.1634623408317584 9.3389471769332868 1.6739272624254251 2.8852583914995185 1.6931665539741541 15.546879678964613 3.8543009459972382
leaf_count=25 40 8 15 9 113 25
internal_value=0 -0.00820116 0.0159051 -0.0141877 -0.016806 0.00205807
internal_weight=40.1559 27.9317 12.2242 18.914 17.24 9.01776
internal_count=235 180 55 130 122 50
is_linear=0
shrinkage=0.03


Tree=52
num_leaves=7
num_cat=0
split_feature=0 68 47 54 68 42
split_gain=8.91989 3.73859 1.55337 1.51348 1.13228 0.970904
threshold=1.8333333134651186 313.60475158691412 0.087287481874227538 0.56555533409118663 1.0000000180025095e-35 0.18874773383140567
decision_type=2 8 2 2 10 2
left_child=1 3 -3 -1 -2 -4
right_child=4 2 5 -5 -6 -7
leaf_value=-0.001784207532475794 0 0 0 0.010558569205307008 0.018870781823196799 -0.017812444181556288
leaf_weight=5.7263512909412402 3.2530895695090285 2.0548113286495235 2.1491257399320629 2.8745810389518738 9.1985170096158964 14.356299355626104
leaf_count=32 16 10 15 14 40 105
internal_value=0.000293075 -0.00771956 -0.0138215 0.00257396 0.0160972 -0.0160807
internal_weight=39.6128 27.1612 18.5602 8.60093 12.4516 16.5054
internal_count=232 176 130 46 56 120
is_linear=0
shrinkage=0.03


Tree=53
num_leaves=7
num_cat=0
split_feature=58 32 60 51 39 57
split_gain=11.1808 8.93635 2.04376 1.63889 0.348601 0.155764
threshold=0.011799999978393318 0.35494966804981237 0.46799999475479132 -0.3978706151247024 0.13645015656948092 0.99360001087188732
decision_type=2 2 2 2 2 2
left_child=1 2 5 -3 -2 -1
right_child=4 3 -4 -5 -6 -7
leaf_value=0.024878323320620208 -0.015701768613910785 -0.010324447806384881 0 0.001891695218188367 0 0
leaf_weight=13.672325387597089 11.774948410689829 7.195933423936367 1.7915066182613362 3.5670320689678174 1.3209847360849369 2.138437256217002
leaf_count=61 85 51 10 18 8 11
internal_value=0.000735791 0.0114568 0.0214264 -0.00442489 -0.0147939 0.0237112
internal_weight=41.4612 28.3652 17.6023 10.763 13.0959 15.8108
internal_count=244 151 82 69 93 72
is_linear=0
shrinkage=0.03


Tree=54
num_leaves=7
num_cat=0
split_feature=12 58 48 51 31 60
split_gain=11.1785 1.87448 2.29564 1.62537 2.26227 0.391565
threshold=0.50757575035095226 0.045199999585747726 0.12663277238607409 -0.41610644757747645 0.15461797267198565 0.058199999853968627
decision_type=2 2 2 2 2 2
left_child=3 2 5 4 -1 -2
right_child=1 -3 -4 -5 -6 -7
leaf_value=0 0.021634710285081536 0 0 0 -0.017218006223725199 0
leaf_weight=2.4786635190248552 12.707913786172872 1.7531381100416172 2.7443127781152716 2.8218396902084342 13.938280813395975 2.2815527170896521
leaf_count=14 56 10 13 17 109 11
internal_value=0.00111304 0.0148736 0.0172057 -0.0110928 -0.0138409 0.0202787
internal_weight=38.7257 19.4869 17.7338 19.2388 16.4169 14.9895
internal_count=230 90 80 140 123 67
is_linear=0
shrinkage=0.03


Tree=55
num_leaves=7
num_cat=0
split_feature=12 58 30 47 60 68
split_gain=8.58808 3.38715 2.67326 1.25727 1.06207 0.155905
threshold=0.50757575035095226 0.016199999488890175 0.13510000705718997 0.087287481874227538 0.10199999809265138 1.0000000180025095e-35
decision_type=2 2 2 2 2 10
left_child=2 4 -1 -4 5 -2
right_child=1 -3 3 -5 -6 -7
leaf_value=0.0016133064821723059 0 -0.0012868180144260618 0 -0.015849247570484584 0 0.020713675886075068
leaf_weight=2.9052276015281704 2.9270284473896053 3.2634184956550589 1.534822598099711 16.78085308521986 1.9563286155462254 10.110400944948195
leaf_count=15 14 18 8 129 10 44
internal_value=0 0.0126277 -0.010161 -0.0140578 0.01736 0.0191951
internal_weight=39.4781 18.2572 21.2209 18.3157 14.9938 13.0374
internal_count=238 86 152 137 68 58
is_linear=0
shrinkage=0.03


Tree=56
num_leaves=7
num_cat=0
split_feature=0 61 47 60 42 17
split_gain=8.05119 3.97162 1.96739 1.49481 0.635549 0.488978
threshold=2.1666666269302373 1.0000000180025095e-35 0.087287481874227538 0.0061999999452382335 0.18874773383140567 0.68966230750083934
decision_type=2 2 2 2 2 2
left_child=1 2 -1 -3 -4 -2
right_child=5 3 4 -5 -6 -7
leaf_value=0 0.018303711173527682 0.010657168658909604 0 -0.0012555667870129722 -0.017010492712172719 0
leaf_weight=2.3972097635269227 8.3989236503839475 4.3128145933151227 2.4530208632349995 4.1580400317907333 14.77862675487995 2.2399267554283133
leaf_count=12 37 21 18 24 110 10
internal_value=0.000826506 -0.00638925 -0.0127641 0.00404733 -0.0155656 0.0166536
internal_weight=38.7386 28.0997 19.6289 8.47085 17.2316 10.6389
internal_count=232 185 140 45 128 47
is_linear=0
shrinkage=0.03


Tree=57
num_leaves=7
num_cat=0
split_feature=58 28 60 17 62 47
split_gain=9.25945 5.27438 3.6076 1.37592 0.948301 0.457779
threshold=0.011799999978393318 0.520310938358307 0.31399999558925634 0.80976635217666637 0.55140000581741344 0.13558906316757205
decision_type=2 2 2 2 2 2
left_child=1 2 3 -1 -2 -3
right_child=4 5 -4 -5 -6 -7
leaf_value=0.025126914997813887 -0.012809847774620643 0 0 0 0 -0.0056251570271592067
leaf_weight=16.161391146481048 9.3742755800485593 3.7553769424557677 3.1227355748414984 2.1430192142724982 1.337486945092677 3.8139586970210075
leaf_count=74 72 21 19 10 8 29
internal_value=0.00511888 0.0136916 0.0195668 0.0232338 -0.0105966 -0.00119539
internal_weight=39.7082 28.9965 21.4271 18.3044 10.7118 7.56934
internal_count=233 153 103 84 80 50
is_linear=0
shrinkage=0.03


Tree=58
num_leaves=7
num_cat=0
split_feature=68 60 3 4 44 4
split_gain=10.3368 5.30881 3.26565 1.6855 0.941208 0.719709
threshold=667.86233520507824 0.31399999558925634 3.5000000000000004 0.0075805915985256442 0.65886381268501293 0.0050959466025233277
decision_type=8 2 2 8 2 8
left_child=1 3 4 -1 5 -2
right_child=2 -3 -4 -5 -6 -7
leaf_value=0 0 -0.0026276842571404005 0.0024749907990332157 0.022762217927686238 0 -0.017826503643517098
leaf_weight=1.1963152810931212 1.4328496009111447 3.9927474781870833 3.611266314983367 14.500861428678036 1.8670858293771733 12.956668831408024
leaf_count=7 10 25 16 71 10 101
internal_value=0.00166673 0.0147918 -0.00992935 0.0208558 -0.0148632 -0.0165093
internal_weight=39.5578 19.6899 19.8679 15.6972 16.2566 14.3895
internal_count=240 103 137 78 121 111
is_linear=0
shrinkage=0.03


Tree=59
num_leaves=7
num_cat=0
split_feature=4 47 32 43 54 68
split_gain=8.41936 3.46211 2.78924 1.65255 0.657324 0.354641
threshold=0.0079052620567381399 0.087287481874227538 0.4536068737506867 0.15714317560195926 0.79003721475601207 1.0000000180025095e-35
decision_type=10 2 2 2 2 10
left_child=1 -1 5 -3 -5 -2
right_child=2 3 -4 4 -6 -7
leaf_value=0.0048354223756032185 0 0 0 -0.016014019137471597 0 0.020688555086986877
leaf_weight=3.206335678696635 3.0759667009115246 1.859158113598826 3.241233102977275 16.403634645044807 1.2831160500645626 10.255803495645521
leaf_count=15 15 10 22 120 9 46
internal_value=0.00173267 -0.00758676 0.0148251 -0.0126021 -0.0149398 0.0189185
internal_weight=39.3252 22.7522 16.573 19.5459 17.6868 13.3318
internal_count=237 154 83 139 129 61
is_linear=0
shrinkage=0.03


Tree=60
num_leaves=7
num_cat=0
split_feature=58 26 60 2 62 68
split_gain=7.41453 6.77396 2.51252 1.35513 1.02342 0.215947
threshold=0.011799999978393318 0.52387118339538585 0.31399999558925634 1.8764880895614626 0.37680000066757208 273.58337402343756
decision_type=2 2 2 2 2 10
left_child=1 2 3 -1 -2 -3
right_child=4 5 -4 -5 -6 -7
leaf_value=0.022085731852709369 -0.01444944661065084 -0.0072460769670900805 0 0 0 0
leaf_weight=15.056530877947816 10.768853418529032 5.4531712383031836 2.8790086284279814 2.067238137125968 1.4051845818758 1.844899535179138
leaf_count=68 82 39 17 11 8 13
internal_value=0.000275158 0.00935102 0.0170689 0.0201405 -0.0124104 -0.00597246
internal_weight=39.4749 27.3008 20.0028 17.1238 12.174 7.29807
internal_count=238 148 96 79 90 52
is_linear=0
shrinkage=0.03


Tree=61
num_leaves=7
num_cat=0
split_feature=68 54 6 3 55 30
split_gain=7.07449 2.53316 2.42772 1.43015 1.08563 0.786493
threshold=667.86233520507824 0.069159060716629042 192.00000000000003 3.5000000000000004 0.14269554615020755 0.6851727068424226
decision_type=8 2 2 2 2 2
left_child=2 -2 4 -3 5 -1
right_child=1 3 -4 -5 -6 -7
leaf_value=0.019827622693839943 0.0034361432966390376 -0.014335416550455008 0 0 0 0
leaf_weight=13.74100250750781 2.4978793412447002 13.328412301838396 2.1366292014718047 2.2070913910865775 2.154167875647544 2.334859460592269
leaf_count=68 11 103 13 10 11 16
internal_value=0.0031201 -0.00700263 0.0134134 -0.011719 0.0164601 0.0181876
internal_weight=38.4 18.0334 20.3667 15.5355 18.23 16.0759
internal_count=232 124 108 113 95 84
is_linear=0
shrinkage=0.03


Tree=62
num_leaves=6
num_cat=0
split_feature=0 54 43 14 44
split_gain=8.43966 3.85933 2.68093 1.97151 0.351962
threshold=1.8333333134651186 0.069159060716629042 0.15180068463087085 13.221588611602785 0.63954132795333873
decision_type=2 2 2 2 2
left_child=1 -1 -3 -2 -4
right_child=3 2 4 -5 -6
leaf_value=0.0062650615559408859 0.019304144030466541 0.00096805529918951225 -0.016019514835325873 0 0
leaf_weight=2.6780520975589779 9.7120906114578229 2.2923738360404995 20.094716981053356 1.9866659343242634 1.4965768009424198
leaf_count=12 44 11 147 11 8
internal_value=0.000317324 -0.00744988 -0.0121536 0.0160237 -0.0153115
internal_weight=38.2605 26.5617 23.8837 11.6988 21.5913
internal_count=233 178 166 55 155
is_linear=0
shrinkage=0.03


Tree=63
num_leaves=7
num_cat=0
split_feature=68 60 0 51 4 30
split_gain=6.15687 5.30972 2.68852 1.41942 1.14856 0.561536
threshold=697.16046142578136 0.077600002288818373 2.1666666269302373 -0.40207976102828974 0.0068080618511885413 0.37630313634872442
decision_type=8 2 2 2 8 2
left_child=1 4 3 -2 -1 -6
right_child=2 -3 -4 -5 5 -7
leaf_value=0 -0.016359438876562646 -0.003591219887788738 0.002023019607407485 0 0.02226237933740028 0
leaf_weight=1.0541950613260276 11.58721386641264 5.7810658738017073 3.6401263922452918 3.2157690227031717 9.2103904038667661 3.0806799605488786
leaf_count=6 95 36 16 18 41 20
internal_value=0.000178825 0.0108148 -0.00866604 -0.0134695 0.0184906 0.0201109
internal_weight=37.5694 19.1263 18.4431 14.803 13.3453 12.2911
internal_count=232 103 129 113 67 61
is_linear=0
shrinkage=0.03


Tree=64
num_leaves=7
num_cat=0
split_feature=4 51 31 68 24 48
split_gain=6.49774 2.5401 2.93645 2.2599 0.385497 0.295615
threshold=0.011484991759061815 -0.41610644757747645 0.12636836245656016 984.45333862304699 0.097157843410968794 0.054057968780398376
decision_type=10 2 2 8 2 2
left_child=1 2 -1 -2 -4 -3
right_child=3 5 4 -5 -6 -7
leaf_value=0.00034945531009977787 0.017561435506572964 0 0 0 -0.017605170550554692 0.0048787658086263275
leaf_weight=3.9073718190193203 9.5009595677256549 2.4949156194925335 1.5236697122454632 5.2232622131705293 12.878409668803213 3.3158499151468277
leaf_count=20 45 15 9 30 105 17
internal_value=2.57663e-05 -0.00739864 -0.0120387 0.012688 -0.0166244 0.00179416
internal_weight=38.8444 24.1202 18.3095 14.7242 14.4021 5.81077
internal_count=241 166 134 75 114 32
is_linear=0
shrinkage=0.03


Tree=65
num_leaves=7
num_cat=0
split_feature=12 60 55 47 31 59
split_gain=6.12266 3.34645 2.00176 1.46609 0.658441 0.339811
threshold=0.36666667461395269 0.077600002288818373 0.14431183785200122 0.16693903505802157 0.15461797267198565 0.21559999883174899
decision_type=2 2 2 2 2 2
left_child=3 2 5 -1 -5 -2
right_child=1 -3 -4 4 -6 -7
leaf_value=0 0.019261520085794005 -0.0026904052178258293 0 0 -0.014568313088166711 0
leaf_weight=2.8901681303977993 11.172408789396291 3.821208953857421 2.8383046686649314 2.1124034970998755 11.610641196370123 2.5481688380241385
leaf_count=19 51 21 14 13 102 13
internal_value=0 0.00966167 0.014711 -0.0100247 -0.0129753 0.0178398
internal_weight=36.9933 20.3801 16.5589 16.6132 13.723 13.7206
internal_count=233 99 78 134 115 64
is_linear=0
shrinkage=0.03


Tree=66
num_leaves=7
num_cat=0
split_feature=0 68 60 58 44 56
split_gain=8.79554 4.9057 3.87374 0.906476 0.48067 0.384572
threshold=2.1666666269302373 697.16046142578136 0.0061999999452382335 0.072800002992153182 0.65886381268501293 -0.33060491085052485
decision_type=2 8 2 2 2 2
left_child=1 2 3 -1 -3 -4
right_child=-2 4 5 -5 -6 -7
leaf_value=0.015712761335312048 0.018678555167587395 -0.015742913220533471 -0.0074527338064543664 0 0 0
leaf_weight=6.6762559711933154 10.855814084410666 12.264591991901396 5.4323152080178252 1.3362489789724348 1.4071851074695576 1.6424590349197385
leaf_count=32 50 100 36 10 8 9
internal_value=0.00268146 -0.0050702 0.00360517 0.0135382 -0.0146571 -0.00547082
internal_weight=39.6149 28.7591 15.0873 8.0125 13.6718 7.07477
internal_count=245 195 87 42 108 45
is_linear=0
shrinkage=0.03


Tree=67
num_leaves=7
num_cat=0
split_feature=12 30 68 60 44 51
split_gain=6.21775 2.7812 1.81602 1.45731 0.531458 0.412815
threshold=0.50757575035095226 0.13510000705718997 752.01473999023449 0.21280000358819964 0.65173587203025829 -0.40207976102828974
decision_type=2 2 8 2 2 2
left_child=1 -1 3 -2 5 -3
right_child=2 4 -4 -5 -6 -7
leaf_value=0.0028122679397938975 0.017818728677499972 -0.014850988570870898 0 0 0 0
leaf_weight=3.114395588636401 10.171890050172808 14.422669962048536 6.5258665382862082 2.0340411961078635 1.239160120487212 1.6008723229169834
leaf_count=16 47 122 33 11 7 11
internal_value=8.90607e-06 -0.00838794 0.0109718 0.0151446 -0.0128998 -0.0138819
internal_weight=39.1089 20.3771 18.7318 12.2059 17.2627 16.0235
internal_count=247 156 91 58 140 133
is_linear=0
shrinkage=0.03


Tree=68
num_leaves=7
num_cat=0
split_feature=58 28 35 62 47 36
split_gain=7.53395 5.53216 2.83598 0.330234 0.237524 0.106618
threshold=0.011799999978393318 0.520310938358307 0.36522072553634649 0.37680000066757208 0.096516769379377379 0.14587972313165667
decision_type=2 2 2 2 2 2
left_child=1 2 5 -2 -3 -1
right_child=3 4 -4 -5 -6 -7
leaf_value=0.0016494708601989378 -0.013818384442709275 0 0.021398139887202607 0 -0.0065067812786987261 -0.0021217365941350614
leaf_weight=5.0484169870615068 10.412092931568621 2.3457505553960791 12.538616687059401 1.2482047080993641 4.2959976345300674 2.2203793972730637
leaf_count=25 85 13 60 8 35 15
internal_value=2.4962e-05 0.00934072 0.0161429 -0.0128927 -0.00485024 0
internal_weight=38.1095 26.4492 19.8074 11.6603 6.64175 7.2688
internal_count=241 148 100 93 48 40
is_linear=0
shrinkage=0.03


Tree=69
num_leaves=7
num_cat=0
split_feature=12 9 47 55 31 60
split_gain=6.9793 3.3684 1.4858 0.777449 0.696733 0.213638
threshold=0.30952382087707525 0.83333334326744091 0.16693903505802157 0.14797452092170718 0.15461797267198565 0.0030000000260770325
decision_type=2 2 2 2 2 2
left_child=2 5 -1 -3 -4 -2
right_child=1 3 4 -5 -6 -7
leaf_value=0 0.0012080831667222718 0.020411542118117784 0 0 -0.013367015385804775 -0.0034648102270135512
leaf_weight=3.3593294695019713 4.5225399136543292 10.774121344089506 1.9943377450108517 2.0996303111314765 10.457921512424944 4.2507849410176277
leaf_count=22 21 50 13 10 95 25
internal_value=0.00265123 0.0124735 -0.00809422 0.0186493 -0.0116137 0
internal_weight=37.4587 21.6471 15.8116 12.8738 12.4523 8.77332
internal_count=236 106 130 60 108 46
is_linear=0
shrinkage=0.03


Tree=70
num_leaves=7
num_cat=0
split_feature=12 68 30 58 38 3
split_gain=6.03331 1.78897 1.73811 0.748193 0.593682 0.51454
threshold=0.50757575035095226 752.01473999023449 0.13510000705718997 0.018600000068545345 0.11142597720026971 2.5000000000000004
decision_type=2 8 2 2 2 2
left_child=2 3 -1 -2 -4 -3
right_child=1 5 4 -5 -6 -7
leaf_value=0.00055182445048640688 0.01720100442914611 -0.004658252957872755 0 0 -0.012938146214074716 0.0036178485678356256
leaf_weight=2.3706929236650494 9.9997332692146319 3.8057300895452491 1.2547696083784092 2.0651161074638358 13.439140558242796 2.4924108237028122
leaf_count=12 47 21 10 11 111 11
internal_value=0.000849062 0.0113192 -0.00822012 0.0154164 -0.0117155 0
internal_weight=35.4276 18.363 17.0646 12.0648 14.6939 6.29814
internal_count=223 90 133 58 121 32
is_linear=0
shrinkage=0.03


Tree=71
num_leaves=7
num_cat=0
split_feature=12 60 68 19 31 4
split_gain=5.93539 3.28275 1.67317 1.279 0.422988 0.234175
threshold=0.30952382087707525 0.019600000232458118 752.01473999023449 0.41361200809478765 0.11264374479651452 0.0082645257934927958
decision_type=2 2 8 2 2 10
left_child=3 2 -2 -1 -5 -3
right_child=1 5 -4 4 -6 -7
leaf_value=0 0.020500783302354605 -0.0040023015026883794 0 0 -0.012601670501323266 0
leaf_weight=4.6795956864953032 10.053720042109495 3.68020175397396 6.8048554435372344 1.3117078021168698 9.5402157157659513 2.0051128417253494
leaf_count=39 46 21 35 8 82 10
internal_value=0.00206835 0.0110536 0.0160541 -0.00784482 -0.0114261 -0.000730832
internal_weight=38.0754 22.5439 16.8586 15.5315 10.8519 5.68531
internal_count=241 112 81 129 90 31
is_linear=0
shrinkage=0.03


Tree=72
num_leaves=7
num_cat=0
split_feature=30 68 60 51 0 0
split_gain=5.64836 3.13427 2.74634 2.33792 0.616134 0.390458
threshold=0.35304744541645056 667.86233520507824 0.34340000152587896 -0.3978706151247024 2.5000000000000004 1.8333333134651186
decision_type=2 8 2 2 2 2
left_child=1 2 -1 5 -3 -2
right_child=3 4 -4 -5 -6 -7
leaf_value=0.019447576641215079 -0.015186468491641746 -0.0058304282516990066 0 0.00060912626683940841 0.0016042821324660666 0
leaf_weight=10.420536980032923 12.102533899247648 5.5403395220637304 2.0024016052484503 3.1001868844032279 2.5513866543769836 1.0941494405269612
leaf_count=49 106 38 11 17 11 7
internal_value=0 0.00893611 0.0153037 -0.0100325 -0.000578766 -0.0143039
internal_weight=36.8115 20.5147 12.4229 16.2969 8.09173 13.1967
internal_count=239 109 60 130 49 113
is_linear=0
shrinkage=0.03


Tree=73
num_leaves=7
num_cat=0
split_feature=0 31 60 14 68 18
split_gain=5.81883 2.51476 1.66239 1.49158 1.2138 0.822944
threshold=1.8333333134651186 0.25995960831642156 1.0000000180025095e-35 13.221588611602785 752.01473999023449 0.91015791893005382
decision_type=2 2 2 2 8 2
left_child=1 2 4 -2 -1 -3
right_child=3 5 -4 -5 -6 -7
leaf_value=0.013135677632779704 0.017460599798946926 -0.012783315026123657 -0.0037490066469424944 0 0 0
leaf_weight=4.2747589796781558 9.4318990856409055 12.839666128158568 4.3328542038798332 2.3361718133091918 3.104130856692791 1.8290998116135586
leaf_count=19 45 103 26 13 19 14
internal_value=0.00176026 -0.00470193 0.00187012 0.0145081 0.00888075 -0.0110124
internal_weight=38.1486 26.3805 11.7117 11.7681 7.37889 14.6688
internal_count=239 181 64 58 38 117
is_linear=0
shrinkage=0.03


Tree=74
num_leaves=7
num_cat=0
split_feature=32 47 24 35 50 51
split_gain=4.52117 2.88881 1.61254 0.700978 0.17955 0.00888909
threshold=0.27426053583621984 0.090125467628240599 0.40350414812564855 0.1045847423374653 0.15126202255487445 -0.51844158768653859
decision_type=2 2 2 2 2 2
left_child=2 4 3 -1 -2 -4
right_child=1 -3 5 -5 -6 -7
leaf_value=0 0.0050023082736770121 -0.012441875051038066 -0.00082109971721503491 0.015174713205903799 0 0
leaf_weight=2.093235611915591 2.9225133657455471 13.045085176825522 1.866101995110512 12.052264407277105 1.9750417172908781 1.7163250520825375
leaf_count=11 14 112 13 58 11 9
internal_value=0.00110757 -0.00635706 0.0103944 0.0135713 0.00329523 0
internal_weight=35.6706 17.9426 17.7279 14.1455 4.89756 3.58243
internal_count=228 137 91 69 25 22
is_linear=0
shrinkage=0.03


Tree=75
num_leaves=7
num_cat=0
split_feature=68 11 4 0 4 49
split_gain=5.90841 2.00025 1.83128 0.972752 0.442014 0.056046
threshold=464.86520385742193 5.6070852279663095 0.0079052620567381399 3.1666666269302373 0.0050959466025233277 0.0070755204651504764
decision_type=8 2 10 2 8 2
left_child=2 3 5 4 -2 -1
right_child=1 -3 -4 -5 -6 -7
leaf_value=0.0011855310248410436 0 0.0016705213150891576 0.017215297831654368 0 -0.014336140377763349 -0.0015118241390191369
leaf_weight=2.4635454118251792 1.5389972105622298 2.5037235319614402 8.0892537832260114 1.3707774430513371 12.698026068508625 4.4049336984753609
leaf_count=15 12 14 39 6 98 29
internal_value=0.000710181 -0.00760624 0.012197 -0.0115086 -0.0132688 0
internal_weight=33.0693 18.1115 14.9577 15.6078 14.237 6.86848
internal_count=213 130 83 116 110 44
is_linear=0
shrinkage=0.03


Tree=76
num_leaves=7
num_cat=0
split_feature=68 6 0 58 32 4
split_gain=4.9861 2.15761 1.88985 1.25028 1.27106 1.06531
threshold=752.01473999023449 185.75000000000003 2.1666666269302373 0.011799999978393318 0.63724035024642955 0.0050959466025233277
decision_type=8 2 2 2 2 8
left_child=1 3 5 4 -1 -2
right_child=2 -3 -4 -5 -6 -7
leaf_value=0.01774508399426895 0 -0.00068294546076634892 0.00089536265354258542 0 0 -0.013974241880410467
leaf_weight=13.579214505851274 1.6969671472907073 2.4231512024998656 3.7410565167665473 3.8962192460894576 1.4533218294382084 10.571608915925026
leaf_count=67 13 16 17 26 11 91
internal_value=0.0014577 0.0101336 -0.00725385 0.0133498 0.0158401 -0.0117193
internal_weight=37.3615 21.3519 16.0096 18.9288 15.0325 12.2686
internal_count=241 120 121 104 78 104
is_linear=0
shrinkage=0.03


Tree=77
num_leaves=7
num_cat=0
split_feature=0 47 43 17 19 50
split_gain=5.59347 2.14248 2.47305 1.40918 0.48775 0.173809
threshold=2.1666666269302373 0.087287481874227538 0.15180068463087085 0.021675205789506439 0.57748931646347057 0.15126202255487445
decision_type=2 2 2 2 2 2
left_child=1 5 -3 -4 -2 -1
right_child=4 2 3 -5 -6 -7
leaf_value=0.0044775557593345356 0.014833649387335855 0.0014444843037949558 0 -0.015345026617282187 0 0
leaf_weight=2.4641870856285122 8.2134233862161619 2.739632889628413 1.7932923063635851 18.741119608283043 2.0989589244127265 1.8733665049076078
leaf_count=11 40 14 9 153 10 10
internal_value=0 -0.00624206 -0.0099591 -0.0134203 0.0132548 0.00255315
internal_weight=37.924 27.6116 23.274 20.5344 10.3124 4.33755
internal_count=247 197 176 162 50 21
is_linear=0
shrinkage=0.03


Tree=78
num_leaves=7
num_cat=0
split_feature=58 19 51 60 50 68
split_gain=3.86996 3.16331 1.83399 1.05368 0.456111 0.311354
threshold=1.0000000180025095e-35 0.44250741600990301 -0.49583801627159113 0.31399999558925634 0.25274411588907247 171.88907623291018
decision_type=2 2 2 2 2 10
left_child=1 3 4 -1 -2 -3
right_child=2 5 -4 -5 -6 -7
leaf_value=0.016234256302151001 -0.01381904833388992 -0.0051617023397973107 0 0 0 0
leaf_weight=11.419446080923082 8.9420005306601507 3.4056255519390097 4.3890916854143134 1.8097434565424908 1.6652710214257229 2.1896504089236259
leaf_count=59 75 26 27 12 12 14
internal_value=0 0.00817589 -0.00789028 0.0142195 -0.0124745 -0.0022213
internal_weight=33.8208 18.8245 14.9964 13.2292 10.6073 5.59528
internal_count=225 111 114 71 87 40
is_linear=0
shrinkage=0.03


Tree=79
num_leaves=7
num_cat=0
split_feature=58 9 62 50 17 2
split_gain=4.16167 1.99894 1.35866 0.564844 0.524652 0.104453
threshold=0.009599999990314247 1.5000000000000002 0.55140000581741344 0.14968683570623401 0.52652013301849376 1.4670542478561404
decision_type=2 2 2 2 2 2
left_child=1 3 -2 4 -1 -3
right_child=2 5 -4 -5 -6 -7
leaf_value=0.0059007671566732988 -0.013660448415663487 0.01362902980043381 0 -0.0053033238682484518 0 0
leaf_weight=5.981444254517557 10.32542861253023 6.5193468332290632 1.3023406043648709 5.0785384476184836 3.4256575033068657 2.5382421389222145
leaf_count=36 88 31 8 34 24 14
internal_value=0 0.00591962 -0.010901 0 0.00208383 0.0124931
internal_weight=35.171 23.5432 11.6278 14.4856 9.4071 9.05759
internal_count=235 139 96 94 60 45
is_linear=0
shrinkage=0.03


Tree=80
num_leaves=7
num_cat=0
split_feature=0 47 57 53 14 53
split_gain=4.71483 2.17417 1.48452 1.5737 1.07963 0.0504109
threshold=1.8333333134651186 0.085297085344791426 0.87619999051094066 -0.22608545422554013 13.221588611602785 -0.46945028007030482
decision_type=2 2 2 2 2 2
left_child=1 -1 3 -3 -2 -4
right_child=4 2 5 -5 -6 -7
leaf_value=0.0030232243490167037 0.014592128217292812 -0.015251031568176355 0 0 0 0.0019390565498099135
leaf_weight=3.4235668182373074 8.4080155193805677 15.288082070648676 2.1771330013871193 1.6122747436165799 2.2581440880894652 2.0666300132870665
leaf_count=16 42 124 17 8 12 12
internal_value=0 -0.00612161 -0.0100241 -0.0128842 0.0119435 0
internal_weight=35.2338 24.5677 21.1441 16.9004 10.6662 4.24376
internal_count=231 177 161 132 54 29
is_linear=0
shrinkage=0.03


Tree=81
num_leaves=7
num_cat=0
split_feature=1 58 38 14 25 60
split_gain=5.45627 3.62299 2.35129 0.755831 0.705912 0.618108
threshold=0.83333334326744091 0.009599999990314247 0.092824693769216551 15.311172962188722 0.91219913959503185 0.0030000000260770325
decision_type=2 2 2 2 2 2
left_child=2 -2 5 4 -4 -1
right_child=1 -3 3 -5 -6 -7
leaf_value=0.0070754216631414239 0.018460912152212659 -0.0013630725060199164 -0.013869239984927124 0 0 0
leaf_weight=2.6990530192852047 10.25256887078285 3.5481650829315177 14.016469947993757 1.5990042537450779 1.2007466107606877 2.8466462790966034
leaf_count=12 50 30 111 9 10 18
internal_value=0.000712479 0.012412 -0.00625809 -0.0111002 -0.0125699 0.00226052
internal_weight=36.1627 13.8007 22.3619 16.8162 15.2172 5.5457
internal_count=240 80 160 130 121 30
is_linear=0
shrinkage=0.03


Tree=82
num_leaves=7
num_cat=0
split_feature=68 60 3 4 47 48
split_gain=4.69164 3.62736 1.38288 1.26057 1.098 0.323409
threshold=752.01473999023449 0.16399999707937243 3.5000000000000004 0.0050959466025233277 0.085297085344791426 -0.3183924257755279
decision_type=8 2 2 8 2 2
left_child=1 5 3 -2 -5 -1
right_child=2 -3 -4 4 -6 -7
leaf_value=0 0 -0.0021670444150898613 3.4176576315967774e-05 0 -0.014999327991698787 0.017345376920364884
leaf_weight=1.6360641345381743 1.258248999714852 4.3419459313154212 3.3914602994918814 2.1387117654085168 10.284620329737661 11.863000333309174
leaf_count=10 10 30 16 11 94 64
internal_value=0.00118693 0.010534 -0.00664752 -0.0101525 -0.0126274 0.0163563
internal_weight=34.9141 17.841 17.073 13.6816 12.4233 13.4991
internal_count=235 104 131 115 105 74
is_linear=0
shrinkage=0.03


Tree=83
num_leaves=6
num_cat=0
split_feature=68 47 0 55 4
split_gain=7.05872 2.31679 1.56292 1.44631 1.2096
threshold=697.16046142578136 0.073408186435699477 3.5000000000000004 0.14797452092170718 0.0075805915985256442
decision_type=8 2 2 2 8
left_child=3 -2 -3 4 -1
right_child=1 2 -4 -5 -6
leaf_value=0 0.0016363648266633488 -0.015998863650843069 0 0 0.016120520186796453
leaf_weight=1.2371096387505538 1.7654251903295506 12.653637096285818 1.367646500468253 1.8177164867520321 14.721733532845974
leaf_count=7 8 112 6 11 81
internal_value=0.000670121 -0.00952246 -0.0135216 0.0120514 0.014337
internal_weight=33.5633 15.7867 14.0213 17.7766 15.9588
internal_count=225 126 118 99 88
is_linear=0
shrinkage=0.03


Tree=84
num_leaves=7
num_cat=0
split_feature=58 30 2 57 47 60
split_gain=6.67045 3.92016 0.661717 0.609295 0.414791 0.275691
threshold=0.011799999978393318 0.3257004469633103 1.8075471520423891 0.0016000000759959223 0.13558906316757205 0.11800000071525575
decision_type=2 2 2 2 2 2
left_child=1 2 5 -2 -3 -1
right_child=3 4 -4 -5 -6 -7
leaf_value=0.019478917131664164 0 0.00059570536920102964 0 -0.011978519559715572 -0.0050159206790320746 0
leaf_weight=12.439100682735448 1.0060951933264721 4.6434658765792829 1.9190964549779881 8.8774654567241651 4.6809768825769424 1.9322956055402745
leaf_count=60 7 26 11 76 42 10
internal_value=0.0025692 0.0107861 0.0170808 -0.0104233 -0.000254363 0.0184164
internal_weight=35.4985 25.6149 16.2905 9.88356 9.32444 14.3714
internal_count=232 149 81 83 68 70
is_linear=0
shrinkage=0.03


Tree=85
num_leaves=7
num_cat=0
split_feature=12 58 48 60 61 11
split_gain=5.53894 2.23527 1.80193 1.24205 0.904126 0.576985
threshold=0.30952382087707525 0.016199999488890175 0.13498388230800631 0.10199999809265138 0.0014000000082887711 6.5000000000000009
decision_type=2 2 2 2 2 2
left_child=4 2 3 -2 5 -1
right_child=1 -3 -4 -5 -6 -7
leaf_value=-0.013266325011848785 0.017825405778631356 -0.0007864735096202196 0 0 0 0
leaf_weight=10.456786550581453 13.480828702449804 3.8584517613053313 2.9790176898241034 2.3929173424839965 2.5673573762178412 1.0755725055932988
leaf_count=102 66 24 15 13 18 7
internal_value=9.46495e-05 0.00911569 0.012792 0.0156574 -0.00969948 -0.0119619
internal_weight=36.8109 22.7112 18.8528 15.8737 14.0997 11.5324
internal_count=245 118 94 79 127 109
is_linear=0
shrinkage=0.03


Tree=86
num_leaves=6
num_cat=0
split_feature=0 58 53 42 50
split_gain=5.99304 4.0555 1.59168 1.51457 0.737675
threshold=0.83333334326744091 0.009599999990314247 -0.22608545422554013 0.5218818485736848 -0.16265875846147534
decision_type=2 2 2 2 2
left_child=2 -2 3 4 -1
right_child=1 -3 -4 -5 -6
leaf_value=0 0.018713147549935603 -0.0022297665254863881 0.0009228362500429808 0 -0.014591446947407875
leaf_weight=1.0974498242139841 11.394626922905443 3.3048506006598464 2.0836806073784855 2.3209063932299605 13.358641386032103
leaf_count=8 58 28 10 13 107
internal_value=0.000940483 0.012579 -0.00726686 -0.0104895 -0.0132744
internal_weight=33.5602 14.6995 18.8607 16.777 14.4561
internal_count=224 86 138 128 115
is_linear=0
shrinkage=0.03


Tree=87
num_leaves=7
num_cat=0
split_feature=58 0 62 14 18 18
split_gain=4.57164 3.77343 1.2774 0.626492 0.731085 0.453112
threshold=0.009599999990314247 0.83333334326744091 0.70939999818801891 13.604084968566896 0.047292442992329604 0.94038009643554699
decision_type=2 2 2 2 2 2
left_child=1 3 -2 4 -1 -3
right_child=2 5 -4 -5 -6 -7
leaf_value=0 -0.012544342781779039 0.017169898426450732 0 0.0020142584410148307 -0.0083337447273090781 0
leaf_weight=2.7861605063080805 9.5357001796364766 10.322101458907126 1.1537686735391606 3.0484025850892058 6.975794605910778 1.9999250024557103
leaf_count=14 87 52 7 20 51 11
internal_value=0.000399383 0.00790842 -0.00964458 -0.000665825 -0.00513464 0.0158153
internal_weight=35.8219 25.1324 10.6895 12.8104 9.76196 12.322
internal_count=242 148 94 85 65 63
is_linear=0
shrinkage=0.03


Tree=88
num_leaves=7
num_cat=0
split_feature=58 28 60 62 17 47
split_gain=6.01034 2.35341 2.22167 1.85673 0.92521 0.176092
threshold=0.005799999926239253 0.53557017445564281 0.10199999809265138 0.83859997987747203 0.80976635217666637 0.13558906316757205
decision_type=2 2 2 2 2 2
left_child=1 2 4 -2 -1 -3
right_child=3 5 -4 -5 -6 -7
leaf_value=0.018471214992922973 -0.014268511372460617 0 0 6.6504549117897408e-07 0 -0.0034891130826041309
leaf_weight=13.186865806579595 10.332104094326494 2.9980527088046065 3.3852002322673789 1.117970548570155 2.0766555517911902 3.0238625481724739
leaf_count=67 94 18 21 6 10 28
internal_value=0.000656872 0.00924116 0.0133146 -0.0107273 0.0167386 -6.55749e-05
internal_weight=36.1207 24.6706 18.6487 11.4501 15.2635 6.02192
internal_count=244 144 98 100 77 46
is_linear=0
shrinkage=0.03


Tree=89
num_leaves=6
num_cat=0
split_feature=68 4 11 30 51
split_gain=5.50864 1.86199 1.50108 1.02851 0.780719
threshold=752.01473999023449 0.0054832310415804395 5.6070852279663095 0.37630313634872442 -0.38627026975154871
decision_type=8 8 2 2 2
left_child=1 -1 4 -3 -2
right_child=2 3 -4 -5 -6
leaf_value=-0.00017182814486650855 -0.013369945763045012 0.015787460899532136 0 0 0
leaf_weight=1.6173141151666666 10.892055533826349 13.886308923363687 2.3029763326048842 5.5042793676257125 1.4787419885396946
leaf_count=11 98 71 15 42 9
internal_value=0.00128629 0.0103978 -0.00825391 0.0130794 -0.0116418
internal_weight=35.6817 21.0079 14.6738 19.3906 12.3708
internal_count=246 124 122 113 107
is_linear=0
shrinkage=0.03


Tree=90
num_leaves=7
num_cat=0
split_feature=68 60 11 7 43 44
split_gain=4.31879 3.5249 1.65327 1.02762 0.587371 0.432786
threshold=697.16046142578136 0.077600002288818373 5.6070852279663095 388.00000000000006 0.14653412997722629 0.65886381268501293
decision_type=8 2 2 2 2 2
left_child=1 3 4 -1 -2 -6
right_child=2 -3 -4 -5 5 -7
leaf_value=0.018039886455806255 0 -0.0017589919790288752 0.0014969443980121862 0 -0.012633767946069597 0
leaf_weight=11.586412794888021 0.99883002042770641 5.0703838467597953 2.8094028457999221 1.7109477072954167 11.209800764918326 1.9036502614617337
leaf_count=62 6 35 17 11 101 10
internal_value=0.00145169 0.0102397 -0.00611887 0.0161815 -0.0101154 -0.0113848
internal_weight=35.2894 18.3677 16.9217 13.2974 14.1123 13.1135
internal_count=242 108 134 73 117 111
is_linear=0
shrinkage=0.03


Tree=91
num_leaves=7
num_cat=0
split_feature=68 60 58 9 4 45
split_gain=3.84212 3.41115 1.61025 1.1129 1.12169 1.21166
threshold=752.01473999023449 0.077600002288818373 0.025799999944865707 4.1666667461395273 0.0050959466025233277 0.058614067733287818
decision_type=8 2 2 2 8 2
left_child=1 2 -1 4 -2 -6
right_child=3 -3 -4 -5 5 -7
leaf_value=0.018129834162242946 0 -0.0018495025673788276 0 0 0 -0.013875956593312429
leaf_weight=11.493955090641977 1.2192434296011896 5.4811900630593291 1.9341954514384259 1.6692839860916127 1.2257343083620078 11.000692985951899
leaf_count=61 9 36 13 8 6 98
internal_value=0.00136928 0.00948086 0.0154821 -0.00612399 -0.00910461 -0.0115265
internal_weight=34.0243 18.9093 13.4282 15.115 13.4457 12.2264
internal_count=231 110 74 121 113 104
is_linear=0
shrinkage=0.03


Tree=92
num_leaves=7
num_cat=0
split_feature=58 28 60 2 42 47
split_gain=4.89426 3.19089 2.81926 0.834808 0.307888 0.285101
threshold=0.011799999978393318 0.520310938358307 0.31399999558925634 1.9959999918937685 0.40237547457218176 0.10037372633814813
decision_type=2 2 2 2 2 2
left_child=1 2 3 -1 -2 -3
right_child=4 5 -4 -5 -6 -7
leaf_value=0.018586832556124842 -0.01272685686527035 0 -0.00030972291364559816 0 0 -0.0053997620040619242
leaf_weight=12.327407315373426 8.4021838754415494 2.2780163064599028 2.9239424616098395 1.8820625692605961 1.0864553824067105 3.8433461412787437
leaf_count=61 80 13 19 11 7 35
internal_value=0 0.00715255 0.0127719 0.0169581 -0.0117781 -0.00302013
internal_weight=32.7434 23.2548 17.1334 14.2095 9.48864 6.12136
internal_count=226 139 91 72 87 48
is_linear=0
shrinkage=0.03


Tree=93
num_leaves=7
num_cat=0
split_feature=12 60 48 17 4 54
split_gain=3.92868 1.62712 1.32254 0.860173 0.685185 0.00159606
threshold=0.30952382087707525 0.00059999998484272521 0.13498388230800631 0.16936624795198443 0.011484991759061815 0.76592186093330394
decision_type=2 2 2 2 10 2
left_child=3 2 -2 -1 -3 -5
right_child=1 4 -4 5 -6 -7
leaf_value=0 0.014336753089387809 -0.0058772162057441121 0 -0.011724526087595832 0.0030389407135367145 0
leaf_weight=1.4958849102258671 10.444006919860842 4.5145133435726157 2.3809563145041457 10.106851905584334 2.4860654845833778 2.0246968939900389
leaf_count=13 53 27 12 98 13 18
internal_value=0 0.00720295 0.0114871 -0.00917365 0 -0.0111725
internal_weight=33.453 19.8255 12.825 13.6274 7.00058 12.1315
internal_count=234 105 65 129 40 116
is_linear=0
shrinkage=0.03


Tree=94
num_leaves=7
num_cat=0
split_feature=58 0 45 40 47 23
split_gain=3.97928 4.43144 0.975354 0.879614 0.856149 0.115372
threshold=0.009599999990314247 0.83333334326744091 0.065303474664688124 0.062682796269655242 0.16693903505802157 0.89744064211845409
decision_type=2 2 2 2 2 2
left_child=1 2 -1 -4 -2 -6
right_child=4 -3 3 -5 5 -7
leaf_value=0.0025375851650137021 0 0.016648045424714805 0 -0.0098803127249615201 -0.012082352135481526 0
leaf_weight=3.4802712351083782 1.0124197602272023 10.849851392209528 3.1813989207148534 6.7680089399218559 7.8919715210795385 0.8722981885075568
leaf_count=17 6 59 20 52 75 8
internal_value=0.000138206 0.00733563 -0.00152146 -0.0065092 -0.00937331 -0.0115613
internal_weight=34.0562 24.2795 13.4297 9.94941 9.77669 8.76427
internal_count=237 148 89 72 89 83
is_linear=0
shrinkage=0.03


Tree=95
num_leaves=7
num_cat=0
split_feature=68 60 51 58 16 44
split_gain=4.24559 2.7194 1.28027 0.550284 0.506029 0.456536
threshold=697.16046142578136 0.077600002288818373 -0.40207976102828974 0.029799999669194225 1.3573817014694216 0.062766630202531828
decision_type=8 2 2 2 2 2
left_child=1 3 4 -1 5 -2
right_child=2 -3 -4 -5 -6 -7
leaf_value=0.01625623579279677 0 -0.00073452390581625377 0 0 0 -0.012629388671267132
leaf_weight=10.637503623962404 0.37807986140251415 4.8567347452044478 3.6276101991534224 1.6386737152934063 1.3618846833705891 10.85618684440851
leaf_count=58 2 32 21 12 9 103
internal_value=0.000374357 0.00963545 -0.00706256 0.0149195 -0.0104346 -0.011718
internal_weight=33.3567 17.1329 16.2238 12.2762 12.5962 11.2343
internal_count=237 102 135 70 114 105
is_linear=0
shrinkage=0.03


Tree=96
num_leaves=7
num_cat=0
split_feature=30 44 60 53 23 55
split_gain=4.20293 1.6301 1.5503 1.88571 0.810629 0.277514
threshold=0.3257004469633103 0.65886381268501293 0.16399999707937243 -0.49601510167121882 0.92635458707809459 0.14431183785200122
decision_type=2 2 2 2 2 2
left_child=2 4 3 -1 -2 -5
right_child=1 -3 -4 5 -6 -7
leaf_value=0 -0.014233392542619919 0 -0.00015590596510533405 0.016018812800123076 0 0
leaf_weight=4.4545453935861632 10.785679951310156 1.4865697696804989 2.8136514574289313 9.91482976824045 1.5104697942733754 2.2219079360365876
leaf_count=30 100 8 17 52 13 12
internal_value=0 -0.00920305 0.00775482 0.0109069 -0.0124957 0.0148177
internal_weight=33.1877 13.7827 19.4049 16.5913 12.2961 12.1367
internal_count=232 121 111 94 113 64
is_linear=0
shrinkage=0.03


Tree=97
num_leaves=7
num_cat=0
split_feature=1 54 54 2 39 68
split_gain=3.90665 2.3617 1.89006 0.964484 0.257068 0.22532
threshold=0.83333334326744091 0.069159060716629042 0.66878628730773937 1.4670542478561404 0.20778678357601169 313.60475158691412
decision_type=2 2 2 2 2 8
left_child=1 -1 4 -2 -3 -4
right_child=3 2 5 -5 -6 -7
leaf_value=0.0047776608939105979 0.014023219382995604 -0.014185320787478155 0.0041395064113539607 0 0 -0.00017588792689209168
leaf_weight=2.8039053976535824 8.9163312241435033 12.209851592779161 1.8103741407394398 3.0878100246191016 1.4745317995548237 3.2986895367503166
leaf_count=13 51 100 9 21 9 27
internal_value=0.000949906 -0.00471838 -0.0093862 0.0113845 -0.0133764 0
internal_weight=33.6015 21.5974 18.7934 12.0041 13.6844 5.10906
internal_count=230 158 145 72 109 36
is_linear=0
shrinkage=0.03


Tree=98
num_leaves=7
num_cat=0
split_feature=58 0 40 56 21 52
split_gain=3.7424 2.66457 0.793016 0.745035 0.274103 0.422429
threshold=0.011799999978393318 0.83333334326744091 0.22627414017915728 -0.54589617252349842 0.26361444592475897 -0.32115480303764338
decision_type=2 2 2 2 2 2
left_child=1 4 -2 -3 -1 -6
right_child=2 3 -4 -5 5 -7
leaf_value=0.0011799928292272771 -0.010998607477190028 0 0 0.015554936348104243 -0.0057653613331447593 0
leaf_weight=2.756762474775317 8.3688928857445699 1.842285856604575 1.1469285935163487 10.424128890037535 8.3251584768295253 1.6092368215322501
leaf_count=15 81 12 7 55 63 8
internal_value=0.000546776 0.00731998 -0.00879142 0.01385 0 -0.00338884
internal_weight=34.4734 24.9576 9.51582 12.2664 12.6912 9.9344
internal_count=241 153 88 67 86 71
is_linear=0
shrinkage=0.03


Tree=99
num_leaves=7
num_cat=0
split_feature=58 19 51 4 26 39
split_gain=4.14727 1.7156 1.14439 0.781944 0.68973 0.351746
threshold=1.0000000180025095e-35 0.44250741600990301 -0.41610644757747645 0.016200970858335498 0.016218227334320549 0.18138737231492999
decision_type=2 2 2 10 2 2
left_child=1 4 3 -2 -1 -6
right_child=2 -3 -4 -5 5 -7
leaf_value=0 -0.012130294108172644 0 0 0 0.016386769014140278 0
leaf_weight=1.4925239980220819 9.0720268562436086 6.4511991441249839 1.8898346871137608 1.8072043135762204 9.5951859876513463 2.2770032733678809
leaf_count=8 88 45 11 11 54 12
internal_value=0.00168248 0.00965681 -0.00686363 -0.0100351 0.0136046 0.0150365
internal_weight=32.585 19.8159 12.7691 10.8792 13.3647 11.8722
internal_count=229 119 110 99 74 66
is_linear=0
shrinkage=0.03


Tree=100
num_leaves=7
num_cat=0
split_feature=58 26 60 51 47 25
split_gain=3.73131 2.61053 1.13265 0.438252 0.304711 0.0946185
threshold=0.011799999978393318 0.52387118339538585 0.31399999558925634 -0.45407037436962122 0.13558906316757205 0.85263764858245861
decision_type=2 2 2 2 2 2
left_child=1 2 -1 5 -3 -2
right_child=3 4 -4 -5 -6 -7
leaf_value=0.014997696431277146 -0.010041356556646914 0 0 0 -0.0046427757489740009 0
leaf_weight=15.096225552260881 6.5190764665603638 2.9748573601245871 2.5423397198319426 1.0483380630612353 3.5772778540849686 0.87140566855669011
leaf_count=79 66 19 18 7 36 9
internal_value=0.00169385 0.00819196 0.0129367 -0.00802008 -0.001055 -0.00953309
internal_weight=32.6295 24.1907 17.6386 8.43882 6.55214 7.39048
internal_count=234 152 97 82 55 75
is_linear=0
shrinkage=0.03


Tree=101
num_leaves=7
num_cat=0
split_feature=68 60 11 30 4 4
split_gain=4.81384 2.53295 1.90944 1.13189 0.559252 0.192037
threshold=752.01473999023449 0.0030000000260770325 5.6070852279663095 0.04593904688954354 0.0080972984433174151 0.016200970858335498
decision_type=8 2 2 2 8 10
left_child=1 4 3 -2 -1 -3
right_child=2 5 -4 -5 -6 -7
leaf_value=0 0 -0.0033197659540896477 0.0012382911524778568 -0.013937319186026104 0.017178715658402142 0.00063175402243654958
leaf_weight=1.7931249961256988 1.1021887883543957 5.2497283741831771 2.7919064015150061 11.049941152334211 9.6507236808538437 1.947228707373142
leaf_count=11 6 37 18 102 55 11
internal_value=0.00112333 0.010262 -0.00741464 -0.0117727 0.0157149 0
internal_weight=33.5848 18.6408 14.944 12.1521 11.4438 7.19696
internal_count=240 114 126 108 66 48
is_linear=0
shrinkage=0.03


Tree=102
num_leaves=7
num_cat=0
split_feature=12 60 30 54 58 48
split_gain=4.1039 1.35305 0.857944 1.18408 0.423453 0.19293
threshold=0.50757575035095226 0.31399999558925634 0.13510000705718997 0.079683117568492903 0.018600000068545345 0.12663277238607409
decision_type=2 2 2 2 2 2
left_child=2 4 -1 -4 5 -2
right_child=1 -3 3 -5 -6 -7
leaf_value=0 0.015750708258021603 0 0 -0.010745516756348095 0 0
leaf_weight=2.5048279389739063 10.679553106427194 1.6744343116879452 1.7621297612786282 11.336877703666685 1.9579911902546872 1.9148990511894215
leaf_count=14 56 10 11 116 12 10
internal_value=0.00263368 0.011315 -0.0049441 -0.00777963 0.0136513 0.0148113
internal_weight=31.8307 16.2269 15.6038 13.099 14.5524 12.5945
internal_count=229 88 141 127 78 66
is_linear=0
shrinkage=0.03


Tree=103
num_leaves=6
num_cat=0
split_feature=58 0 47 54 47
split_gain=3.61417 2.28796 0.526858 0.526147 0.859637
threshold=0.005799999926239253 1.1666666865348818 0.19407196342945102 0.069159060716629042 0.74526971578598034
decision_type=2 2 2 2 2
left_child=1 3 -2 -1 -5
right_child=2 -3 -4 4 -6
leaf_value=0.0033816149521960445 0 0.013528522245030076 -0.011289990823512541 -0.0079370560853662103 0
leaf_weight=2.4430503100156811 1.0561117082834233 8.8465341478586179 8.332935117185114 7.5392229333519918 3.7987663596868515
leaf_count=11 6 46 82 55 26
internal_value=0 0.00652735 -0.00980129 0 -0.00394
internal_weight=32.0166 22.6276 9.38905 13.781 11.338
internal_count=226 138 88 92 81
is_linear=0
shrinkage=0.03


Tree=104
num_leaves=7
num_cat=0
split_feature=68 11 51 24 6 30
split_gain=3.91115 1.8749 1.44063 1.2863 0.532103 0.273112
threshold=697.16046142578136 5.6070852279663095 -0.40207976102828974 0.60883086919784557 109.2777786254883 0.04593904688954354
decision_type=8 2 2 2 2 2
left_child=3 2 5 4 -1 -2
right_child=1 -3 -4 -5 -6 -7
leaf_value=0.015282473949775627 0 0.0034724129604970198 0 0 0 -0.013684966579867988
leaf_weight=11.47589408606291 1.2402115762233741 2.803764045238494 3.5027668029069909 3.7760795503854743 1.7982264310121525 9.1201374456286413
leaf_count=65 8 17 20 29 11 96
internal_value=0.00288782 -0.0043534 -0.00924236 0.0111769 0.0139618 -0.0127984
internal_weight=33.7171 16.6669 13.8631 17.0502 13.2741 10.3603
internal_count=246 141 124 105 76 104
is_linear=0
shrinkage=0.03


Tree=105
num_leaves=7
num_cat=0
split_feature=58 60 68 62 26 17
split_gain=2.78449 1.94668 1.91023 0.931428 0.169399 0.0562822
threshold=0.011799999978393318 0.16399999707937243 1.0000000180025095e-35 0.55140000581741344 0.14372427761554721 0.89189520478248607
decision_type=2 2 10 2 2 2
left_child=1 2 4 5 -1 -2
right_child=3 -3 -4 -5 -6 -7
leaf_value=0.0017171736546721618 -0.010673926832901267 -0.0017728639577094928 0.014983738071927575 0 -0.002758495680588763 0
leaf_weight=2.8648118674755159 6.9267773628234846 3.9475282356142989 11.850752301514147 1.1603724136948583 5.0506226643919945 0.95039796829223622
leaf_count=14 69 30 65 8 35 10
internal_value=0.000527998 0.00662202 0.0103466 -0.00738962 0 -0.010249
internal_weight=32.7513 23.7137 19.7662 9.03755 7.91543 7.87718
internal_count=231 144 114 87 49 79
is_linear=0
shrinkage=0.03


Tree=106
num_leaves=7
num_cat=0
split_feature=12 0 54 61 60 68
split_gain=2.3474 1.77321 0.931905 0.61712 0.360481 0.583718
threshold=0.30952382087707525 1.1666666865348818 0.079683117568492903 0.0014000000082887711 0.00059999998484272521 752.01473999023449
decision_type=2 2 2 2 2 8
left_child=2 4 -1 -4 5 -2
right_child=1 -3 3 -5 -6 -7
leaf_value=9.4302957330895329e-06 0.0067249475301987141 0.012906973773515832 -0.010143309417291455 0 -0.0041858789394329356 0
leaf_weight=1.4710850864648808 3.1504736542701739 9.1533135473728162 9.0499588437378389 2.6701960787177077 4.5563241317868233 3.5859641209244728
leaf_count=9 13 50 100 19 29 21
internal_value=0.00104958 0.00723762 -0.00493964 -0.00804159 0 0.00203608
internal_weight=33.6373 20.4461 13.1912 11.7202 11.2928 6.73644
internal_count=241 113 128 119 63 34
is_linear=0
shrinkage=0.03


Tree=107
num_leaves=6
num_cat=0
split_feature=30 54 4 60 3
split_gain=3.69149 1.93654 1.56798 0.404101 0.328841
threshold=0.3257004469633103 0.069159060716629042 0.0079052620567381399 0.00059999998484272521 4.1666667461395273
decision_type=2 2 10 2 2
left_child=2 -2 3 -1 -3
right_child=1 4 -4 -5 -6
leaf_value=0.0029241507324995189 0.0029976348990394903 -0.011255967994752567 0.014323574591838277 -0.0042889563534344493 0
leaf_weight=4.502492934465411 2.1757451444864264 10.654810789972542 10.780446991324423 3.0297867059707642 1.1232850402593602
leaf_count=27 10 104 60 20 7
internal_value=0.00226771 -0.00535719 0.010037 0 -0.0103234
internal_weight=32.2666 13.9538 18.3127 7.53228 11.7781
internal_count=228 121 107 47 111
is_linear=0
shrinkage=0.03


Tree=108
num_leaves=7
num_cat=0
split_feature=51 24 35 34 29 60
split_gain=3.16389 1.41101 1.06242 1.37018 0.335111 0.0952927
threshold=-0.51844158768653859 0.15194876492023471 0.32889331877231603 0.79708495736122142 0.2463038116693497 0.016400000080466274
decision_type=2 2 2 2 2 2
left_child=1 5 -2 -4 -3 -1
right_child=2 4 3 -5 -6 -7
leaf_value=0.0024502230880059442 0 0 0.015298256822280433 0 -0.011252009739631147 0
leaf_weight=4.2853460535407093 5.1284205615520468 1.3287569694221009 8.1138666272163373 2.4993973746895781 8.8171829730272275 1.8618892356753347
leaf_count=23 32 13 47 18 87 12
internal_value=0.000563805 -0.00555342 0.00892391 0.0120762 -0.010163 0
internal_weight=32.0349 16.2932 15.7417 10.6133 10.1459 6.14724
internal_count=232 135 97 65 100 35
is_linear=0
shrinkage=0.03


Tree=109
num_leaves=7
num_cat=0
split_feature=51 0 38 18 28 54
split_gain=3.39213 1.60335 1.50642 0.994963 0.960624 0.346259
threshold=-0.51844158768653859 3.5000000000000004 0.42017959058284765 0.038466719910502441 0.81790655851364147 0.069159060716629042
decision_type=2 2 2 2 2 2
left_child=1 3 5 -1 -4 -2
right_child=2 -3 4 -5 -6 -7
leaf_value=0 0.0018786978801555816 0.00088418463907091109 0.014611225183345844 -0.013013109205485754 0 -0.0044075619034256832
leaf_weight=2.1640997529029908 1.9233679026365269 1.7692529708147038 7.8227534890174848 12.425693735480307 1.4601482637226579 3.8752836883068085
leaf_count=11 9 11 44 118 12 27
internal_value=0 -0.00746353 0.00794847 -0.0108638 0.0123485 0
internal_weight=31.4406 16.359 15.0816 14.5898 9.2829 5.79865
internal_count=232 140 92 129 56 36
is_linear=0
shrinkage=0.03


Tree=110
num_leaves=6
num_cat=0
split_feature=68 54 60 5 43
split_gain=2.72865 3.0248 1.5518 1.34782 0.586402
threshold=376.21420288085943 0.069159060716629042 0.39460000395774847 0.73926940560340892 0.15180068463087085
decision_type=8 2 2 2 2
left_child=2 -2 -1 4 -3
right_child=1 3 -4 -5 -6
leaf_value=0.012128294152592612 0.0052104731226793564 0 0 0 -0.014807198826347866
leaf_weight=10.456241182982923 3.433615222573283 1.5406434014439572 2.1117666438221923 1.5947666987776745 12.539216909557579
leaf_count=62 16 9 14 9 126
internal_value=0 -0.00538275 0.00845259 -0.0111658 -0.0135391
internal_weight=31.6763 19.1082 12.568 15.6746 14.0799
internal_count=236 160 76 144 135
is_linear=0
shrinkage=0.03


Tree=111
num_leaves=7
num_cat=0
split_feature=1 54 40 56 11 53
split_gain=2.39623 2.35612 1.99391 0.877935 0.57345 0.414985
threshold=0.83333334326744091 0.069159060716629042 0.059048738330602653 -0.55636668205261219 0.91111111640930187 -0.22608545422554013
decision_type=2 2 2 2 2 2
left_child=1 -1 -3 -2 -5 -4
right_child=3 2 5 4 -6 -7
leaf_value=0.0050589611224520241 0 0 -0.01450744004785201 0 0.012896200488980096 0
leaf_weight=3.2721453905105653 2.0304546728730193 4.5560148060321835 10.95092217251659 1.3214938566088665 8.0778783746063691 1.1949719265103258
leaf_count=15 17 33 98 7 52 7
internal_value=0.000323287 -0.00392009 -0.00916205 0.00890751 0.0113304 -0.0134998
internal_weight=31.4039 19.9741 16.7019 11.4298 9.39937 12.1459
internal_count=229 153 138 76 59 105
is_linear=0
shrinkage=0.03


Tree=112
num_leaves=7
num_cat=0
split_feature=58 0 4 68 20 21
split_gain=3.21007 1.28683 0.996175 0.573973 0.304439 0.0696851
threshold=1.0000000180025095e-35 0.83333334326744091 0.014416149351745846 752.01473999023449 0.41178958117961889 0.85722720623016369
decision_type=2 2 10 8 2 2
left_child=1 3 5 4 -1 -2
right_child=2 -3 -4 -5 -6 -7
leaf_value=0.0063527190365898654 -0.0098993670160337464 0.013319468811445313 0 -0.0038771964194224185 0 0
leaf_weight=3.7647615969181105 8.1175466962158644 8.7773841693997365 2.2080110274255267 5.6370208933949479 2.0016099289059639 0.91207025200128633
leaf_count=19 77 48 15 45 14 10
internal_value=0.00155581 0.00848547 -0.00619934 0 0.00422553 -0.00948709
internal_weight=31.4184 20.1808 11.2376 11.4034 5.76637 9.02962
internal_count=228 126 102 78 33 87
is_linear=0
shrinkage=0.03


Tree=113
num_leaves=7
num_cat=0
split_feature=58 0 62 19 68 18
split_gain=3.13029 2.21672 0.941288 0.369914 0.318278 0.334081
threshold=0.011799999978393318 0.83333334326744091 0.55140000581741344 0.56475511193275463 697.16046142578136 0.35518549382686621
decision_type=2 2 2 2 8 2
left_child=1 4 -2 -3 5 -1
right_child=2 3 -4 -5 -6 -7
leaf_value=0.00459119436858861 -0.011641194865329553 0.013933163999242557 0 0 -0.0041874142399666364 0
leaf_weight=4.7106821462512025 7.7806985490024072 8.4553487822413427 1.0985617190599439 1.9584435299038876 5.7995349094271669 2.2568959221243858
leaf_count=23 84 50 8 11 48 17
internal_value=0 0.0061496 -0.00909722 0.0126174 0 0.000744875
internal_weight=32.0602 23.1809 8.87926 10.4138 12.7671 6.96758
internal_count=241 149 92 61 88 40
is_linear=0
shrinkage=0.03


Tree=114
num_leaves=7
num_cat=0
split_feature=1 58 68 44 42 21
split_gain=3.10185 2.0111 1.14826 0.859749 0.0306135 0.0249784
threshold=0.83333334326744091 0.009599999990314247 376.21420288085943 0.65886381268501293 0.26790553331375128 0.853672355413437
decision_type=2 2 8 2 2 2
left_child=2 5 4 -4 -1 -2
right_child=1 -3 3 -5 -6 -7
leaf_value=0.0014653341165562399 0.014184026306519295 -0.00066178510866205409 -0.012443425485133415 0 0 0
leaf_weight=2.8316325619816842 6.3305368646979314 2.786500956863164 10.280851505696772 1.3816934376955021 3.8412982374429703 1.7622174024581907
leaf_count=19 36 28 99 8 25 10
internal_value=0 0.00835819 -0.00685897 -0.010452 0 0.0134294
internal_weight=29.2147 10.8793 18.3355 11.6625 6.67293 8.09275
internal_count=225 74 151 107 44 46
is_linear=0
shrinkage=0.03


Tree=115
num_leaves=7
num_cat=0
split_feature=58 28 60 47 55 54
split_gain=3.35963 3.77551 1.33192 0.778079 0.492007 0.255473
threshold=0.011799999978393318 0.520310938358307 0.31399999558925634 0.16693903505802157 0.14269554615020755 0.074491981416940703
decision_type=2 2 2 2 2 2
left_child=1 2 4 -2 -1 -3
right_child=3 5 -4 -5 -6 -7
leaf_value=0.016793374233984391 0 0 0 -0.010257627568059896 0 -0.0059151879560428453
leaf_weight=13.586378701031217 1.0198232308030108 1.5619842037558545 2.4730876460671416 7.9616773314774036 2.5260621458291999 4.1613775789737701
leaf_count=74 6 9 16 85 14 42
internal_value=0.00100611 0.00739823 0.013239 -0.00791666 0.0154201 -0.00410979
internal_weight=33.2904 24.3089 18.5855 8.9815 16.1124 5.72336
internal_count=246 155 104 91 88 51
is_linear=0
shrinkage=0.03


Tree=116
num_leaves=7
num_cat=0
split_feature=68 60 0 43 59 11
split_gain=3.41332 2.44936 1.50435 1.04068 0.520471 0.512413
threshold=697.16046142578136 0.077600002288818373 3.1666666269302373 0.15180068463087085 0.56760001182556163 5.6070852279663095
decision_type=8 2 2 2 2 2
left_child=1 4 3 -2 -1 -5
right_child=2 -3 -4 5 -6 -7
leaf_value=0.015697583395155146 0 -0.00048018986196184658 0.0012621675454456828 -0.01351232654922634 0 0
leaf_weight=9.4963994920253771 1.7618755698204029 4.8361384719610205 1.9947914034128178 10.160574965178965 1.5894605219364155 1.0486363619565953
leaf_count=56 10 35 10 101 11 8
internal_value=0.000522507 0.00907487 -0.00616339 -0.00996966 0.0143396 -0.0123212
internal_weight=30.8879 15.922 14.9659 12.9711 11.0859 11.2092
internal_count=231 102 129 119 67 109
is_linear=0
shrinkage=0.03


Tree=117
num_leaves=7
num_cat=0
split_feature=58 0 48 44 54 17
split_gain=4.08666 2.84746 0.432514 0.24827 0.587248 0.294906
threshold=0.011799999978393318 0.83333334326744091 0.11027746647596361 0.29836738109588629 0.069159060716629042 0.55690711736679088
decision_type=2 2 2 2 2 2
left_child=1 3 -2 5 -5 -1
right_child=2 -3 -4 4 -6 -7
leaf_value=0.0043097939027427184 -0.011018645626104733 0.014970710359957534 0 0 -0.0072228732222156776 0
leaf_weight=4.6335836574435287 7.2297581844031793 10.287641018629072 0.87887041270732869 1.9295188486576078 4.2912285029888153 1.5126846618950365
leaf_count=29 76 61 9 9 30 15
internal_value=0.000465003 0.00779507 -0.0096965 0 -0.003658 0.000629276
internal_weight=30.7633 22.6547 8.10863 12.367 6.22075 6.14627
internal_count=229 144 85 83 39 44
is_linear=0
shrinkage=0.03


Tree=118
num_leaves=6
num_cat=0
split_feature=0 47 48 33 61
split_gain=2.29935 2.11929 1.96928 0.464547 0.196449
threshold=3.5000000000000004 0.087287481874227538 -0.2108461186289787 0.23355001211166385 1.0000000180025095e-35
decision_type=2 2 2 2 2
left_child=1 -1 4 -4 -3
right_child=-2 2 3 -5 -6
leaf_value=0.0038720985591696095 0.0088592369224684987 -0.00040287149023878518 0 -0.014425394589180565 0.0037433311287404722
leaf_weight=3.3655446469783845 5.883701115846633 4.6165361702442231 1.1866713128983928 12.683128397911785 2.4482484012842178
leaf_count=17 37 42 10 116 13
internal_value=0 -0.00489767 -0.00904306 -0.013425 0
internal_weight=30.1838 24.3001 20.9346 13.8698 7.06478
internal_count=235 198 181 126 55
is_linear=0
shrinkage=0.03


Tree=119
num_leaves=7
num_cat=0
split_feature=68 54 60 0 4 7
split_gain=3.12483 1.82375 1.47617 1.36099 0.626938 0.371107
threshold=505.51928710937506 0.069159060716629042 0.0030000000260770325 3.1666666269302373 0.0050959466025233277 272.50000000000006
decision_type=8 2 2 2 8 2
left_child=2 -2 5 4 -3 -1
right_child=1 3 -4 -5 -6 -7
leaf_value=0.014100420043435489 0.0018865238231145281 0 0 0 -0.014777904981238588 0
leaf_weight=6.4573436826467532 2.0278519988060024 1.3348934240639181 6.3357848301529875 1.8122402429580677 11.020153075456619 1.6047043129801748
leaf_count=37 9 13 43 9 114 11
internal_value=0 -0.00677625 0.0081222 -0.0107664 -0.0134203 0.0127541
internal_weight=30.593 16.1951 14.3978 14.1673 12.355 8.06205
internal_count=236 145 91 136 127 48
is_linear=0
shrinkage=0.03


Tree=120
num_leaves=7
num_cat=0
split_feature=58 28 35 62 2 47
split_gain=3.45457 1.85734 0.985386 0.755002 0.638667 0.138266
threshold=0.011799999978393318 0.53557017445564281 0.1045847423374653 0.55140000581741344 1.9959999918937685 0.13558906316757205
decision_type=2 2 2 2 2 2
left_child=1 2 -1 -2 -4 -3
right_child=3 5 4 -5 -6 -7
leaf_value=0 -0.0093512850498671373 0 0.016140081657415893 0 0 -0.0031026445375991079
leaf_weight=3.0304412543773749 7.3587170392274839 3.0026171579956999 11.755535267293451 0.92017934843897808 1.9334646388888348 2.9268721863627434
leaf_count=16 81 19 67 6 13 32
internal_value=0.00253715 0.00881005 0.012546 -0.00677276 0.0146621 0
internal_weight=30.9278 22.6489 16.7194 8.2789 13.689 5.92949
internal_count=234 147 96 87 80 51
is_linear=0
shrinkage=0.03


Tree=121
num_leaves=7
num_cat=0
split_feature=58 28 60 62 19 14
split_gain=1.8186 1.5253 1.44621 0.864906 0.666283 0.304394
threshold=0.00059999998484272521 0.53557017445564281 0.0030000000260770325 0.55140000581741344 0.81449943780899059 1.6038016676902773
decision_type=2 2 2 2 2 2
left_child=1 2 4 5 -1 -2
right_child=3 -3 -4 -5 -6 -7
leaf_value=0.014482244742190538 0 -0.0010032832495955693 0 0 0 -0.0098685136272214351
leaf_weight=9.9312457293272072 1.1525309234857548 4.5429269522428504 3.3607458025217047 1.9755068160593499 2.1326786428689948 8.1563395857810956
leaf_count=53 7 42 22 13 11 89
internal_value=0 0.00554348 0.00946778 -0.00579929 0.0127391 -0.00879696
internal_weight=31.252 19.9676 15.4247 11.2844 12.0639 9.30887
internal_count=237 128 86 109 64 96
is_linear=0
shrinkage=0.03


Tree=122
num_leaves=7
num_cat=0
split_feature=0 51 31 14 21 50
split_gain=2.17044 1.6048 1.03946 0.506616 0.47903 0.416409
threshold=1.8333333134651186 -0.43886667490005488 0.12636836245656016 8.2942690849304217 0.88802599906921398 0.15126202255487445
decision_type=2 2 2 2 2 2
left_child=1 2 -1 -2 -4 -3
right_child=3 5 4 -5 -6 -7
leaf_value=0 0.011564698468707306 0.0058299062060301081 -0.012110801057819212 0 0 0
leaf_weight=3.4774567708373096 6.4892839416861516 5.0627610310912159 9.8393215052783471 2.4069577679038048 1.0824600085616101 1.8134577386081216
leaf_count=19 41 29 105 15 11 12
internal_value=0.000893279 -0.0027475 -0.00795292 0.0096217 -0.0108847 0.00285109
internal_weight=30.1717 21.2755 14.3992 8.89624 10.9218 6.87622
internal_count=232 176 135 56 116 41
is_linear=0
shrinkage=0.03


Tree=123
num_leaves=7
num_cat=0
split_feature=58 62 19 39 26 50
split_gain=1.54081 1.1548 0.999911 0.534965 0.469329 0.357521
threshold=1.0000000180025095e-35 0.89659997820854198 0.44250741600990301 0.20223893225193026 0.016218227334320549 0.25274411588907247
decision_type=2 2 2 2 2 2
left_child=2 5 3 4 -1 -2
right_child=1 -3 -4 -5 -6 -7
leaf_value=0 -0.010133982130859143 0.00065351469363259592 0 0 0.011432275725101634 0
leaf_weight=1.4429989606142104 9.6033599898219091 1.2695262879133213 6.0616603232920161 1.6727625280618657 9.3851185739040357 1.3117861822247494
leaf_count=8 96 7 47 10 59 10
internal_value=0 -0.00544172 0.00505476 0.00851051 0.0100679 -0.00899288
internal_weight=30.7472 12.1847 18.5625 12.5009 10.8281 10.9151
internal_count=237 113 124 77 67 106
is_linear=0
shrinkage=0.03


Tree=124
num_leaves=7
num_cat=0
split_feature=0 54 68 4 54 14
split_gain=2.13287 1.38412 1.78491 1.18677 0.48888 0.297922
threshold=1.8333333134651186 0.069159060716629042 376.21420288085943 0.0050959466025233277 0.57661253213882457 13.221588611602785
decision_type=2 2 8 8 2 2
left_child=1 -1 4 -4 -3 -2
right_child=5 2 3 -5 -6 -7
leaf_value=0.0045298535143352327 0.011464513162898538 -0.00073339969114732766 0 -0.013529836437198375 0.0058286981449090815 0
leaf_weight=3.2311151921749177 6.6635557189583761 5.2356143593788174 1.4387931302189798 10.524583570659161 2.7244313955307007 1.7537923529744146
leaf_count=15 43 36 13 112 14 11
internal_value=0.00163691 -0.00181262 -0.00601641 -0.011065 0.000166652 0.0102157
internal_weight=31.5719 23.1545 19.9234 11.9634 7.96005 8.41735
internal_count=244 190 175 125 50 54
is_linear=0
shrinkage=0.03


Tree=125
num_leaves=6
num_cat=0
split_feature=30 54 58 2 59
split_gain=3.1579 2.09283 1.99351 1.10837 0.227358
threshold=0.3257004469633103 0.069159060716629042 0.045199999585747726 1.4670542478561404 0.42479999363422399
decision_type=2 2 2 2 2
left_child=2 -2 3 4 -1
right_child=1 -3 -4 -5 -6
leaf_value=0.015441627393265158 0.0019015591161034649 -0.01203870327243557 -0.0015268289476307786 0 0
leaf_weight=9.4340345785021835 2.6930432915687552 10.793549712747334 2.2431469336152068 2.9923464208841315 1.9815536215901364
leaf_count=52 13 117 21 18 13
internal_value=0 -0.00707599 0.00790677 0.0118575 0.0143815
internal_weight=30.1377 13.4866 16.6511 14.4079 11.4156
internal_count=234 130 104 83 65
is_linear=0
shrinkage=0.03


Tree=126
num_leaves=7
num_cat=0
split_feature=68 54 60 4 11 68
split_gain=1.74009 1.25512 1.19215 0.880347 0.964404 0.4599
threshold=529.38558959960949 0.069159060716629042 0.31399999558925634 0.0050959466025233277 6.5000000000000009 36.717102050781257
decision_type=8 2 2 8 2 10
left_child=2 -2 5 -3 -5 -1
right_child=1 3 -4 4 -6 -7
leaf_value=0 0.0017733572136140973 0 0 -0.012320298545131383 0 0.011735268629427951
leaf_weight=2.2214422076940563 2.3713210672140148 1.3550739251077146 2.1990636512637129 11.297307495027779 1.5504304245114333 8.6702417433261854
leaf_count=14 11 12 17 115 9 55
internal_value=0 -0.00425769 0.00685277 -0.00806035 -0.0101735 0.0101617
internal_weight=29.6649 16.5741 13.0907 14.2028 12.8477 10.8917
internal_count=233 147 86 136 124 69
is_linear=0
shrinkage=0.03


Tree=127
num_leaves=7
num_cat=0
split_feature=32 54 60 53 23 30
split_gain=2.04879 2.62481 1.46844 1.21401 0.436336 0.12638
threshold=0.27426053583621984 0.070939652621746077 0.21280000358819964 -0.49601510167121882 0.92635458707809459 0.88804084062576305
decision_type=2 2 2 2 2 2
left_child=2 -2 3 -1 5 -3
right_child=1 4 -4 -5 -6 -7
leaf_value=0 0.005332010425044699 -0.012377718756375257 -0.0001681980046149975 0.013890512639699891 0 0
leaf_weight=3.6921386569738397 2.8148807883262625 8.8049459159374202 2.1192807629704467 10.375879190862182 1.2025377824902523 0.91038040816783983
leaf_count=25 14 95 14 61 13 11
internal_value=0.00112248 -0.00398366 0.00761256 0.0108605 -0.0106546 -0.0118475
internal_weight=29.92 13.7327 16.1873 14.068 10.9179 9.71533
internal_count=233 133 100 86 119 106
is_linear=0
shrinkage=0.03


Tree=128
num_leaves=7
num_cat=0
split_feature=68 60 6 11 56 57
split_gain=2.96995 1.29352 1.31503 1.15633 0.772367 0.414721
threshold=667.86233520507824 0.31399999558925634 192.00000000000003 5.6070852279663095 -0.36945162713527674 0.99360001087188732
decision_type=8 2 2 2 2 2
left_child=1 2 -1 4 5 -2
right_child=3 -3 -4 -5 -6 -7
leaf_value=0.014252234942721181 -0.012571098279840751 0 0 0.00012866348145837328 0 0
leaf_weight=11.346795514225962 7.8694099560379964 2.6747083887457839 1.4135070592164982 2.7580771110951892 2.1603418774902812 0.95674777776002873
leaf_count=71 87 21 10 19 17 7
internal_value=0.000882716 0.0088417 0.0117691 -0.00548775 -0.00914616 -0.0114094
internal_weight=29.1796 15.435 12.7603 13.7446 10.9865 8.82616
internal_count=232 102 81 130 111 94
is_linear=0
shrinkage=0.03


Tree=129
num_leaves=7
num_cat=0
split_feature=60 68 1 7 54 57
split_gain=2.32424 2.40949 1.38839 0.750751 0.260136 0.383364
threshold=0.0030000000260770325 752.01473999023449 0.83333334326744091 388.00000000000006 0.08475163578987123 0.99900001287460338
decision_type=2 8 2 2 2 2
left_child=1 3 -2 -1 -3 -6
right_child=2 4 -4 -5 5 -7
leaf_value=0.015797716181977558 -0.0097449655927924501 0.00089419579719348025 0.0013631967793709058 0 -0.0061277364281984584 0
leaf_weight=8.9333516061306053 7.2145603969693166 4.0627866759896261 2.7556044794619083 1.4756357595324505 5.1243394799530506 1.0370521694421766
leaf_count=54 68 21 19 10 57 6
internal_value=0.00220851 0.00783594 -0.0045251 0.014086 0 -0.0037136
internal_weight=30.6033 20.6332 9.97016 10.409 10.2242 6.16139
internal_count=235 148 87 64 84 63
is_linear=0
shrinkage=0.03


Tree=130
num_leaves=7
num_cat=0
split_feature=68 60 51 11 15 45
split_gain=2.3134 1.48246 1.47575 1.69375 0.440153 0.139248
threshold=385.15440368652349 0.34340000152587896 -0.40207976102828974 5.6070852279663095 5.6700842380523691 0.065303474664688124
decision_type=8 2 2 2 2 2
left_child=1 -1 3 4 -2 -4
right_child=2 -3 5 -5 -6 -7
leaf_value=0.012406243138771565 -0.013375421448224158 0 0.0038367645749777485 0.00013650910273282777 0 0
leaf_weight=9.953814312815668 9.8641003631055355 2.11572691053152 3.083171769976615 2.3657734915614119 0.90337318927049715 2.0026963427662849
leaf_count=62 110 16 16 16 6 13
internal_value=0.000825536 0.00887157 -0.00363342 -0.00840299 -0.0123306 0.00211168
internal_weight=30.2887 12.0695 18.2191 13.1332 10.7675 5.08587
internal_count=239 78 161 132 116 29
is_linear=0
shrinkage=0.03


Tree=131
num_leaves=7
num_cat=0
split_feature=54 32 4 0 52 56
split_gain=1.82852 2.19894 1.18312 0.923603 0.522479 0.356268
threshold=0.069159060716629042 0.17417489737272265 0.83981558680534374 4.8333332538604745 -0.38562110066413874 -0.53247612714767445
decision_type=2 2 8 2 2 2
left_child=-1 2 5 4 -3 -2
right_child=1 3 -4 -5 -6 -7
leaf_value=0.010166293590139869 0 -0.012027052181657762 -0.00094051054771322729 0 0 0.01036605782130714
leaf_weight=5.1080560535192481 2.2233245223760596 11.033158455044028 3.6115022152662286 1.0602950230240811 3.1369559541344652 5.9889499396085748
leaf_count=27 15 123 22 7 25 34
internal_value=0.000729096 -0.00169624 0.00397417 -0.0083068 -0.0103161 0.00875965
internal_weight=32.1622 27.0542 11.8238 15.2304 14.1701 8.21227
internal_count=253 226 71 155 148 49
is_linear=0
shrinkage=0.03


Tree=132
num_leaves=7
num_cat=0
split_feature=58 0 17 43 44 18
split_gain=2.2994 1.50192 0.953336 0.518994 0.275578 0.559486
threshold=0.011799999978393318 0.83333334326744091 0.78189149498939525 0.47819931805133825 0.29836738109588629 0.48726359009742742
decision_type=2 2 2 2 2 2
left_child=1 4 -3 -2 5 -1
right_child=3 2 -4 -5 -6 -7
leaf_value=0.0060371092889392099 -0.0089441992262073791 0.013387454962632795 0 0 -0.0034959415819689338 -0.00022906726589004965
leaf_weight=5.1308266036212498 7.1232122220098963 8.8560854718089086 1.5209892764687527 0.76680421456694592 6.3212078213691711 1.7751897536218164
leaf_count=33 83 55 10 6 44 17
internal_value=0.000269431 0.00589992 0.0111238 -0.00710356 0 0.00169461
internal_weight=31.4943 23.6043 10.3771 7.89002 13.2272 6.90602
internal_count=248 159 65 89 94 50
is_linear=0
shrinkage=0.03


Tree=133
num_leaves=7
num_cat=0
split_feature=68 60 11 51 60 49
split_gain=2.45459 3.37241 0.983068 0.278003 0.311774 0.1724
threshold=752.01473999023449 0.077600002288818373 5.6070852279663095 -0.38627026975154871 0.11800000071525575 0.048165421932935722
decision_type=8 2 2 2 2 2
left_child=1 -1 3 4 -2 -3
right_child=2 5 -4 -5 -6 -7
leaf_value=0.014294871330733054 -0.011097808025568546 0 0 0 0 -0.0045577783470422918
leaf_weight=11.413604825735097 7.471881240606308 1.7760266363620747 2.5329680368304244 1.7139017656445474 1.3581740297377107 3.9502229727804661
leaf_count=72 81 12 18 11 17 31
internal_value=0.000242171 0.00737259 -0.00564857 -0.00888296 -0.00996877 -0.00292592
internal_weight=30.2168 17.1399 13.0769 10.544 8.83006 5.72625
internal_count=242 115 127 109 98 43
is_linear=0
shrinkage=0.03


Tree=134
num_leaves=7
num_cat=0
split_feature=58 19 62 50 68 40
split_gain=1.98834 1.24069 1.1645 0.226047 0.170186 0.0584811
threshold=1.0000000180025095e-35 0.44250741600990301 0.83859997987747203 0.26417814195156103 505.51928710937506 0.27648943662643438
decision_type=2 2 2 2 10 2
left_child=1 4 3 -2 -1 -3
right_child=2 5 -4 -5 -6 -7
leaf_value=0.011163060467634814 -0.0099349351541861194 -0.0019346813062248505 0.00065158809873725322 0 0 0
leaf_weight=9.8341146260500008 8.6184633225202525 4.0617476999759665 1.4386683627963055 0.97792494297027666 1.8815200924873341 2.076034102588892
leaf_count=62 91 37 9 9 12 12
internal_value=0.000294635 0.00656872 -0.00530083 -0.00913212 0.0103326 0
internal_weight=28.8885 17.8534 11.0351 9.59639 11.7156 6.13778
internal_count=232 123 109 100 74 49
is_linear=0
shrinkage=0.03


Tree=135
num_leaves=7
num_cat=0
split_feature=51 68 0 28 35 59
split_gain=2.24485 1.32601 0.943791 0.859758 1.01359 0.599462
threshold=-0.51844158768653859 313.60475158691412 3.1666666269302373 0.81790655851364147 0.1045847423374653 0.19579999893903735
decision_type=2 8 2 2 2 2
left_child=1 -1 -3 4 -2 -6
right_child=3 2 -4 -5 5 -7
leaf_value=0.0022084767903944673 0 -0.010902394738194425 0 0 0.014956576817645466 0
leaf_weight=4.7584586217999467 1.4792188107967366 8.0388421379029733 0.93090582638979036 1.7107497937977303 9.4624993838369829 1.6818872615694989
leaf_count=30 10 97 5 18 58 13
internal_value=0.00271781 -0.00270246 -0.00826148 0.00935186 0.0113258 0.0134309
internal_weight=28.0626 13.7282 8.96975 14.3344 12.6236 11.1444
internal_count=231 132 102 99 81 71
is_linear=0
shrinkage=0.03


Tree=136
num_leaves=7
num_cat=0
split_feature=68 60 6 54 0 4
split_gain=2.08746 1.99486 1.64742 1.1483 0.747851 0.633673
threshold=697.16046142578136 0.31399999558925634 192.00000000000003 0.069159060716629042 3.1666666269302373 0.0049020785372704276
decision_type=8 2 2 2 2 8
left_child=1 2 -1 -2 5 -5
right_child=3 -3 -4 4 -6 -7
leaf_value=0.014683973696739527 0.0014171386904905439 -0.0011682108108195316 0 0 0 -0.011844665449538003
leaf_weight=12.195256672799593 1.9473868906497944 3.4365025870501986 1.2285590916872013 0.95913979038595876 1.560705929994582 8.9346170909702778
leaf_count=79 9 26 9 8 8 99
internal_value=0.00112442 0.00753743 0.0118749 -0.00415293 -0.00811568 -0.0102403
internal_weight=30.2622 16.8603 13.4238 13.4018 11.4545 9.89376
internal_count=238 114 88 124 115 107
is_linear=0
shrinkage=0.03


Tree=137
num_leaves=7
num_cat=0
split_feature=68 9 6 4 33 45
split_gain=1.82486 0.93244 0.620342 0.577388 0.566601 0.32478
threshold=752.01473999023449 5.1666667461395273 192.00000000000003 0.0050959466025233277 0.63803189992904674 0.058614067733287818
decision_type=8 2 2 8 2 2
left_child=2 3 4 -2 -1 -5
right_child=1 -3 -4 5 -6 -7
leaf_value=0 0 0 0 0 0.0097355744905201318 -0.012134118787191605
leaf_weight=8.4483710080385226 1.0349605903029413 1.0234066545963276 1.7871203608810891 1.2742205187678344 5.3307917118072501 9.7785033807158452
leaf_count=56 10 5 13 8 36 106
internal_value=-0.000297912 -0.00738658 0.0038797 -0.00975107 0.00629779 -0.0111553
internal_weight=28.6774 13.1111 15.5663 12.0877 13.7792 11.0527
internal_count=234 129 105 124 92 114
is_linear=0
shrinkage=0.03


Tree=138
num_leaves=7
num_cat=0
split_feature=58 32 55 2 31 51
split_gain=3.44069 1.4876 1.34275 0.692108 0.222791 0.0242655
threshold=0.005799999926239253 0.60815632343292247 0.14431183785200122 1.8075471520423891 0.69415679574012767 -0.4306392222642898
decision_type=2 2 2 2 2 2
left_child=1 2 3 -1 -2 -3
right_child=4 5 -4 -5 -6 -7
leaf_value=0.015342319989093694 -0.0088388828935328078 -0.0013367083062198588 0 0 0 0
leaf_weight=12.207972813397655 6.5757943466305715 2.2224632874131207 2.8739542961120597 1.552360601723193 1.8083037398755548 0.97851339727640052
leaf_count=72 76 26 16 12 20 7
internal_value=0.00120092 0.00830384 0.011292 0.0139209 -0.00771585 0
internal_weight=28.2194 19.8353 16.6343 13.7603 8.3841 3.20098
internal_count=229 133 100 84 96 33
is_linear=0
shrinkage=0.03


Tree=139
num_leaves=7
num_cat=0
split_feature=32 60 68 44 5 36
split_gain=2.19021 1.34306 1.24969 1.16275 0.196577 0.0249598
threshold=0.36593595147132879 0.31399999558925634 697.16046142578136 0.65886381268501293 0.52374428510665905 0.34402574598789221
decision_type=2 2 8 2 2 2
left_child=1 2 -1 4 -2 -4
right_child=3 -3 5 -5 -6 -7
leaf_value=0.014138433660145862 -0.0094582947392749406 0 0.00015243286912343214 0.00090436801613541127 0 -0.001350309504504494
leaf_weight=9.1973738893866575 9.1515834927558863 2.00807936862111 2.9936295747756967 1.7977174520492543 0.71158095821738321 2.1546064019203186
leaf_count=54 96 15 17 10 10 21
internal_value=0.000922412 0.00755443 0.0105559 -0.0048023 -0.00879475 0
internal_weight=28.0146 16.3537 14.3456 11.6609 9.86316 5.14824
internal_count=223 107 92 116 106 38
is_linear=0
shrinkage=0.03


Tree=140
num_leaves=7
num_cat=0
split_feature=68 4 11 43 41 61
split_gain=1.6474 1.13599 0.826846 0.559902 0.388178 0.0836634
threshold=667.86233520507824 0.0055944493506103763 5.6070852279663095 0.13800700753927234 0.47431828081607824 0.01060000015422702
decision_type=8 10 2 2 2 2
left_child=1 5 3 -2 -5 -1
right_child=2 -3 -4 4 -6 -7
leaf_value=0.00035004771416122097 0 0.010876423526873819 0 -0.010461173036655792 0 -0.0023929147480872162
leaf_weight=5.8827067650854605 0.73321560770273109 7.2476742565631858 2.3802950717508784 8.8433278165757638 1.040268301963805 2.8100473582744598
leaf_count=41 4 49 17 99 6 18
internal_value=0 0.00626433 -0.00449524 -0.00765736 -0.00928118 0
internal_weight=28.9375 15.9404 12.9971 10.6168 9.8836 8.69275
internal_count=234 108 126 109 105 59
is_linear=0
shrinkage=0.03


Tree=141
num_leaves=7
num_cat=0
split_feature=58 26 60 62 32 44
split_gain=2.62075 2.23724 1.38987 0.79458 0.493515 0.129604
threshold=0.011799999978393318 0.52387118339538585 0.31399999558925634 0.55140000581741344 0.35494966804981237 0.61688560247421276
decision_type=2 2 2 2 2 2
left_child=1 2 4 -2 -1 -3
right_child=3 5 -4 -5 -6 -7
leaf_value=0.015446322004160885 -0.0096846704738912364 -0.0032237367128960873 0 0 0 0
leaf_weight=12.045328482985505 6.4818909168243399 4.2293130904436103 2.6542402654886237 0.91298482194542874 2.0917367786169043 1.5045243352651594
leaf_count=69 81 44 19 7 12 9
internal_value=0.00116873 0.00697516 0.011535 -0.00691079 0.0141248 -0.00140897
internal_weight=29.92 22.5251 16.7913 7.39488 14.1371 5.73384
internal_count=241 153 100 88 81 53
is_linear=0
shrinkage=0.03


Tree=142
num_leaves=7
num_cat=0
split_feature=32 58 47 60 40 51
split_gain=1.62143 1.41741 1.362 1.1386 0.380101 0.261707
threshold=0.27426053583621984 0.01480000000447035 0.090125467628240599 0.64239999651908886 0.23598403483629229 -0.40721872448921198
decision_type=2 2 2 2 2 2
left_child=1 3 -2 4 -1 -4
right_child=2 -3 5 -5 -6 -7
leaf_value=0.014266329541131313 0.0019781077301177863 -0.00012691576594953515 -0.0096959469226530742 0 0 0
leaf_weight=8.7375047281384486 3.9117770716547957 2.8238652758300296 8.1959886401891691 1.5551415756344784 1.7808982133865345 2.1962233111262313
leaf_count=52 24 23 107 10 10 15
internal_value=0.000633977 0.00685898 -0.00353514 0.0105284 0.0130073 -0.00850506
internal_weight=29.2014 14.8974 14.304 12.0735 10.5184 10.3922
internal_count=241 95 146 72 62 122
is_linear=0
shrinkage=0.03


Tree=143
num_leaves=7
num_cat=0
split_feature=12 59 30 51 68 41
split_gain=2.27178 0.745718 0.739683 1.01881 0.513577 0.053907
threshold=0.50757575035095226 0.21559999883174899 0.13510000705718997 -0.4306392222642898 752.01473999023449 0.36824350059032446
decision_type=2 2 2 2 8 2
left_child=2 4 -1 5 -2 -4
right_child=1 -3 3 -5 -6 -7
leaf_value=0 0.012537185013574804 0 -0.010975123724582005 0 0 0
leaf_weight=2.263042241334916 6.4716628342866871 3.3042158856987962 8.4504210315644706 2.4435548819601527 4.6063686609268197 0.77835499122738916
leaf_count=14 40 22 106 18 27 7
internal_value=0.000246172 0.0077267 -0.00497012 -0.00761569 0.010045 -0.0106327
internal_weight=28.3176 14.3822 13.9354 11.6723 11.078 9.22878
internal_count=234 89 145 131 67 113
is_linear=0
shrinkage=0.03


Tree=144
num_leaves=7
num_cat=0
split_feature=68 11 55 7 56 48
split_gain=1.91845 0.921178 0.809189 0.723764 0.593722 0.190414
threshold=752.01473999023449 5.6070852279663095 0.14269554615020755 376.00000000000006 -0.36945162713527674 -0.3183924257755279
decision_type=8 2 2 2 2 2
left_child=2 4 3 5 -2 -1
right_child=1 -3 -4 -5 -6 -7
leaf_value=0 -0.009691601394465843 0.00015234506193584525 0 0 0 0.011966439350833987
leaf_weight=1.8004030361771572 8.7419364042580128 2.5493113324046126 2.407781518995761 1.9831736683845509 1.2402357943356008 10.339630316942936
leaf_count=12 97 18 17 13 11 67
internal_value=0.000907524 -0.00419896 0.00716366 0.00930751 -0.00783301 0.011127
internal_weight=29.0625 12.5315 16.531 14.1232 9.98217 12.14
internal_count=235 126 109 92 108 79
is_linear=0
shrinkage=0.03


Tree=145
num_leaves=7
num_cat=0
split_feature=58 0 62 55 50 54
split_gain=1.65873 1.80488 0.539554 0.524304 0.481811 0.37547
threshold=0.0042000000830739745 0.83333334326744091 0.55140000581741344 0.14431183785200122 0.25274411588907247 0.069159060716629042
decision_type=2 2 2 2 2 2
left_child=1 5 4 -3 -2 -1
right_child=2 3 -4 -5 -6 -7
leaf_value=0.0014527154803576797 -0.009736039890571941 0.012824707402267047 0 0 0 -0.0040658635170418168
leaf_weight=1.7801640331745208 6.7805969230830652 7.7397737801074964 1.3284933418035505 1.4432128593325613 1.1681015938520429 8.9375992678105813
leaf_count=8 82 52 10 8 12 74
internal_value=0 0.00524142 -0.00590164 0.0112916 -0.00802883 0
internal_weight=29.1779 19.9007 9.27719 9.18299 7.9487 10.7178
internal_count=246 142 104 60 94 82
is_linear=0
shrinkage=0.03


Tree=146
num_leaves=7
num_cat=0
split_feature=0 54 47 14 48 48
split_gain=1.85377 1.31711 1.21549 0.728957 0.541578 0.111626
threshold=1.8333333134651186 0.069159060716629042 0.79380273818969738 13.221588611602785 -0.2499921843409538 -0.3183924257755279
decision_type=2 2 2 2 2 2
left_child=1 -1 4 -2 -3 -4
right_child=3 2 5 -5 -6 -7
leaf_value=0.00101272425101593 0.0091765586210438062 0 -0.00014760329703439028 0 -0.012861225534097362 0.0029099560680448822
leaf_weight=2.4991270899772706 6.262299679219721 0.98389841616154328 2.2824529707431793 1.838239189237356 12.422692008316512 1.8325353562831868
leaf_count=12 43 9 22 13 126 12
internal_value=0 -0.0056402 -0.00879241 0.00627788 -0.0117318 0
internal_weight=28.1212 20.0207 17.5216 8.10054 13.4066 4.11499
internal_count=237 181 169 56 135 34
is_linear=0
shrinkage=0.03


Tree=147
num_leaves=7
num_cat=0
split_feature=19 62 32 35 52 21
split_gain=1.14229 0.801255 0.710561 0.549818 0.175649 0.149555
threshold=0.23182993382215503 0.83859997987747203 0.19966991245746615 0.42143104970455175 -0.38562110066413874 0.9365072250366212
decision_type=2 2 2 2 2 2
left_child=3 2 -2 -1 -3 -4
right_child=1 4 5 -5 -6 -7
leaf_value=0 0 0 -0.0097989892115493415 0.0094232002755095193 0.0035075143892597852 0
leaf_weight=7.0594784803688544 3.2080096155405071 2.1349626928567886 7.5389489419758302 4.9804337173700333 3.1883937492966643 0.79174301028251637
leaf_count=47 21 13 91 36 20 9
internal_value=9.46374e-05 -0.00268065 -0.00649992 0.00615653 0.00052156 -0.00919402
internal_weight=28.902 16.8621 11.5387 12.0399 5.32336 8.33069
internal_count=237 154 121 83 33 100
is_linear=0
shrinkage=0.03


Tree=148
num_leaves=7
num_cat=0
split_feature=58 68 60 62 34 11
split_gain=1.59638 1.11875 2.15911 0.648491 0.284553 0.130209
threshold=0.011799999978393318 984.45333862304699 0.31399999558925634 0.37680000066757208 0.77916738390922557 3.1000000238418584
decision_type=2 8 2 2 2 2
left_child=1 2 4 -2 -1 -3
right_child=3 5 -4 -5 -6 -7
leaf_value=0.014151422714361815 -0.0092530000138229714 -0.0028044506378624768 -0.0012324477453690883 0 0 0
leaf_weight=9.0645280405879074 6.2290192283689967 4.9000885896384707 2.6014446765184394 1.0086124725639818 1.361966423690318 2.2828431725502014
leaf_count=56 80 41 20 7 9 13
internal_value=0 0.00456978 0.0084333 -0.00683738 0.013205 0
internal_weight=27.4485 20.2109 13.0279 7.23763 10.4265 7.18293
internal_count=226 139 85 87 65 54
is_linear=0
shrinkage=0.03


Tree=149
num_leaves=7
num_cat=0
split_feature=58 32 28 34 68 56
split_gain=1.9474 1.20266 0.787351 0.496607 0.448677 0.648101
threshold=0.00059999998484272521 0.60815632343292247 0.520310938358307 0.078262127935886397 128.25518417358401 -0.3232800811529159
decision_type=2 2 2 2 8 2
left_child=1 2 3 -1 -2 -6
right_child=4 -3 -4 -5 5 -7
leaf_value=0 0 0 0 0.013048471023020543 -0.0093270101865661915 0
leaf_weight=2.2458983659744325 2.0279326140880558 3.190709736198186 2.464946210384368 10.755306661128996 6.9468251504004002 0.93030580878257829
leaf_count=12 14 33 20 64 88 8
internal_value=0.000887805 0.00672468 0.00966386 0.0115847 -0.00494712 -0.00705962
internal_weight=28.5619 18.6569 15.4662 13.0012 9.90506 7.87713
internal_count=239 129 96 76 110 96
is_linear=0
shrinkage=0.03


Tree=150
num_leaves=7
num_cat=0
split_feature=58 32 60 19 39 3
split_gain=2.33807 1.31977 0.916346 0.618939 0.238015 0.100041
threshold=0.00059999998484272521 0.60815632343292247 0.0030000000260770325 0.12348658964037897 0.20223893225193026 3.1666666269302373
decision_type=2 2 2 2 2 2
left_child=1 2 4 -2 -1 -5
right_child=3 -3 -4 5 -6 -7
leaf_value=0.014683976077574891 0 0 0 -0.0080778864179715578 0 0
leaf_weight=9.6428335383534485 2.3860757648944837 3.7721686549484721 3.9987207278609267 5.4931356646120548 2.0261749252676955 0.68923790752887715
leaf_count=57 18 39 29 72 12 6
internal_value=0.0026567 0.00826007 0.0111594 -0.00442681 0.0136225 -0.00754381
internal_weight=28.0083 19.4399 15.6677 8.56845 11.669 6.18237
internal_count=233 137 98 96 69 78
is_linear=0
shrinkage=0.03


Tree=151
num_leaves=7
num_cat=0
split_feature=58 30 62 55 49 50
split_gain=1.83368 1.09328 0.768125 0.331289 0.108178 0.218852
threshold=0.005799999926239253 0.3257004469633103 0.55140000581741344 0.14269554615020755 0.084880977869033827 0.14968683570623401
decision_type=2 2 2 2 2 2
left_child=1 3 -2 -1 -3 -6
right_child=2 4 -4 -5 5 -7
leaf_value=0.011085096606361327 -0.0089763315154782718 -0.0026762415260744017 0 0 0.0040606261596567309 0
leaf_weight=8.9847994074225479 6.0666683986783019 3.4770137555897227 1.3109005279839037 1.974511332809924 1.9961585998535154 2.3486666046082973
leaf_count=52 79 35 10 12 12 19
internal_value=0.000318399 0.00604214 -0.00589189 0.0098528 0 0.000241169
internal_weight=26.1587 18.7811 7.37757 10.9593 7.82184 4.34483
internal_count=219 130 89 64 66 31
is_linear=0
shrinkage=0.03


Tree=152
num_leaves=7
num_cat=0
split_feature=58 34 17 62 59 17
split_gain=1.54403 1.32333 1.72375 0.723576 0.606819 0.163573
threshold=0.011799999978393318 0.80959230661392223 0.89189520478248607 0.55140000581741344 0.78519999980926525 0.89189520478248607
decision_type=2 2 2 2 2 2
left_child=1 2 4 5 -1 -2
right_child=3 -3 -4 -5 -6 -7
leaf_value=0.013618002129722575 -0.0083169322402502893 -0.00042540456961482107 -0.00019235390281125171 0 0 0
leaf_weight=14.183267477899799 5.6332991234958163 2.7082828208804122 1.6610708944499482 1.209906607866287 1.3097809702157963 0.70051478594541539
leaf_count=95 73 25 12 8 9 9
internal_value=0.00157109 0.00633651 0.00937719 -0.00401595 0.0124298 -0.00756253
internal_weight=27.4061 19.8624 17.1541 7.54372 15.493 6.33381
internal_count=231 141 116 90 104 82
is_linear=0
shrinkage=0.03


Tree=153
num_leaves=6
num_cat=0
split_feature=0 54 14 51 14
split_gain=1.75228 1.13175 0.649798 0.70106 0.583401
threshold=1.8333333134651186 0.069159060716629042 14.164558887481691 -0.65429282188415516 13.560840129852297
decision_type=2 2 2 2 2
left_child=1 -1 3 -3 -2
right_child=4 2 -4 -5 -6
leaf_value=0.0016707261761330378 0.0099552951120477143 0 0 -0.0102843596176375 0
leaf_weight=2.3887477070093217 6.3382017314434043 1.0770343653857803 1.0520857796072949 15.363346241414542 1.4080819003283975
leaf_count=11 46 9 9 150 8
internal_value=0 -0.00401989 -0.00730445 -0.00880888 0.0078522
internal_weight=27.6275 19.8812 17.4925 16.4404 7.74628
internal_count=233 179 168 159 54
is_linear=0
shrinkage=0.03


Tree=154
num_leaves=7
num_cat=0
split_feature=54 32 0 51 4 68
split_gain=1.72726 2.19547 0.905204 0.648185 0.618314 0.267296
threshold=0.069159060716629042 0.15498365461826327 4.8333332538604745 -0.39158758521080012 0.0079052620567381399 1.0000000180025095e-35
decision_type=2 2 2 2 10 10
left_child=-1 4 3 -3 -2 -6
right_child=1 2 -4 -5 5 -7
leaf_value=0.0093208931636216148 0 -0.012900695234739832 0 0 0 0.0083056155956691725
leaf_weight=4.4954266622662571 4.481061168015005 10.940264146775007 0.94927140325307924 1.8555019870400382 2.00970209389925 4.2232212051749229
leaf_count=24 29 128 7 12 12 27
internal_value=0 -0.00292682 -0.00937506 -0.0112823 0.00298135 0.0067545
internal_weight=28.9544 24.459 13.745 12.7958 10.714 6.23292
internal_count=239 215 147 140 68 39
is_linear=0
shrinkage=0.03


Tree=155
num_leaves=7
num_cat=0
split_feature=19 60 2 15 39 38
split_gain=1.38679 0.749946 0.613984 0.503753 0.651547 0.15982
threshold=0.44250741600990301 0.0030000000260770325 1.7749999761581423 5.1699101924896249 0.16563768684864047 0.26062692701816564
decision_type=2 2 2 2 2 2
left_child=1 2 -1 4 -2 -3
right_child=3 5 -4 -5 -6 -7
leaf_value=0.01029846869028217 -0.0090001313588041233 -0.0029469230440190269 0 0 0 0.0013255805715554579
leaf_weight=10.303701926022773 6.9227163046598417 4.0539462976157656 1.4309607185423363 1.4746570363640774 2.4513250142335892 2.3999611549079418
leaf_count=73 83 29 12 10 16 19
internal_value=0.000473299 0.00573102 0.00858205 -0.00398456 -0.0063629 0
internal_weight=29.0373 18.1886 11.7347 10.8487 9.37404 6.45391
internal_count=242 133 85 109 99 48
is_linear=0
shrinkage=0.03


Tree=156
num_leaves=7
num_cat=0
split_feature=68 0 58 44 20 62
split_gain=1.42228 1.11198 0.930678 0.599611 0.211212 0.141259
threshold=697.16046142578136 3.5000000000000004 1.0000000180025095e-35 0.65886381268501293 0.41178958117961889 0.55140000581741344
decision_type=8 2 2 2 2 2
left_child=2 3 4 -2 -1 -4
right_child=1 -3 5 -5 -6 -7
leaf_value=0.0097636081201300344 -0.011151886713216473 0 -0.0029629702550684912 0 0 0
leaf_weight=5.5376400873065013 9.0328337810933572 2.05008740723133 4.4811648949980727 1.5793651491403569 2.6747416332364082 1.9214407876133917
leaf_count=34 110 11 37 9 20 12
internal_value=0 -0.00603934 0.00429216 -0.00941564 0.00841964 0
internal_weight=27.2773 12.6623 14.615 10.6122 8.21238 6.40261
internal_count=233 130 103 119 54 49
is_linear=0
shrinkage=0.03


Tree=157
num_leaves=7
num_cat=0
split_feature=0 54 68 58 49 44
split_gain=1.40748 1.21586 1.21488 1.13326 0.217411 0.174222
threshold=1.1666666865348818 0.069159060716629042 313.60475158691412 0.009599999990314247 0.0070755204651504764 0.062766630202531828
decision_type=2 2 8 2 2 2
left_child=1 -1 4 -2 -3 -4
right_child=3 2 5 -5 -6 -7
leaf_value=0.0016779122138174227 0.010129110897374553 0.0038764878222904866 0 0 -0.0010477943575398219 -0.012007878449770861
leaf_weight=2.7190273404121461 7.7094407156109792 2.0727155357599232 0.66995174437761384 2.0759261846542358 2.9809725806117058 9.2687144279479963
leaf_count=13 50 11 4 25 20 109
internal_value=0 -0.00411696 -0.00781951 0.00634698 0 -0.0114665
internal_weight=27.4967 17.7114 14.9924 9.78537 5.05369 9.93867
internal_count=232 157 144 75 31 113
is_linear=0
shrinkage=0.03


Tree=158
num_leaves=7
num_cat=0
split_feature=68 60 52 7 30 11
split_gain=1.96988 1.62328 0.756002 0.529913 0.460228 0.271343
threshold=697.16046142578136 0.31399999558925634 -0.38562110066413874 388.00000000000006 0.12004877626895906 12.000000000000002
decision_type=8 2 2 2 2 2
left_child=1 3 4 -1 -2 -6
right_child=2 -3 -4 -5 5 -7
leaf_value=0.013149313952715064 0 0 0 0 -0.009970753184455847 0
leaf_weight=10.43606097623706 2.0103842318057996 3.0868988186120978 3.7080504633486262 1.5356143191456784 6.2348887249827385 0.792746141552925
leaf_count=71 14 25 26 11 86 5
internal_value=0.00160939 0.00797969 -0.00347828 0.0117947 -0.00708477 -0.00896914
internal_weight=27.8046 15.0586 12.7461 11.9717 9.03802 7.02763
internal_count=238 107 131 82 105 91
is_linear=0
shrinkage=0.03


Tree=159
num_leaves=6
num_cat=0
split_feature=0 54 24 52 57
split_gain=1.18508 1.38867 0.660058 0.340589 0.000174986
threshold=3.5000000000000004 0.069159060716629042 0.065017953515052809 -0.38562110066413874 0.32060000300407415
decision_type=2 2 2 2 2
left_child=1 -1 4 -4 -3
right_child=-2 2 3 -5 -6
leaf_value=0.0028576725831733854 0.0069145207721693046 0 -0.010856876275751522 0 0.00011539046119532685
leaf_weight=3.2767688482999864 4.3230444639921179 2.0597058609128029 10.562570422887807 3.9116279408335606 1.827853702008724
leaf_count=16 34 13 123 28 9
internal_value=0 -0.00347376 -0.00732836 -0.00930097 0
internal_weight=25.9616 21.6385 18.3618 14.4742 3.88756
internal_count=223 189 173 151 22
is_linear=0
shrinkage=0.03


Tree=160
num_leaves=7
num_cat=0
split_feature=62 30 55 35 61 5
split_gain=1.07693 0.846225 0.572057 0.405141 0.337018 0.0479223
threshold=0.0010000000183936211 0.13510000705718997 0.14431183785200122 0.1045847423374653 0.0014000000082887711 0.31278538703918463
decision_type=2 2 2 2 2 2
left_child=1 5 3 -2 -3 -1
right_child=2 4 -4 -5 -6 -7
leaf_value=0 0 -0.0086542988013307964 0 0.0092614549755620623 0 0.0020337212550026926
leaf_weight=1.5629564449191113 2.2140781171619919 5.9308063350617886 3.5322381667792788 10.419478088617323 1.1898630484938619 2.2332557439804077
leaf_count=11 13 87 24 75 9 11
internal_value=0.00101856 -0.00254722 0.00577284 0.00782776 -0.00720939 0.000735684
internal_weight=27.0827 10.9169 16.1658 12.6336 7.12067 3.79621
internal_count=230 118 112 88 96 22
is_linear=0
shrinkage=0.03


Tree=161
num_leaves=7
num_cat=0
split_feature=68 11 4 54 30 68
split_gain=2.18548 1.24863 0.866951 0.68435 0.197633 0.180181
threshold=385.15440368652349 6.5000000000000009 0.011484991759061815 0.069159060716629042 0.88804084062576305 50.487812042236335
decision_type=8 2 8 2 2 10
left_child=2 3 -1 -2 -5 -4
right_child=1 -3 5 4 -6 -7
leaf_value=0 0 0.00021382144530720734 0 -0.011970056873027286 0 0.01044538541986223
leaf_weight=1.7903059199452407 1.6769549697637547 2.1029175296425811 2.6034869253635406 10.22923036664724 0.81407639011740762 7.669584296643734
leaf_count=11 8 14 18 116 12 53
internal_value=0 -0.00628802 0.00668312 -0.00962474 -0.0113704 0.00933251
internal_weight=26.8866 14.8232 12.0634 12.7203 11.0433 10.2731
internal_count=232 150 82 136 128 71
is_linear=0
shrinkage=0.03


Tree=162
num_leaves=7
num_cat=0
split_feature=54 1 68 30 14 49
split_gain=1.21995 1.61087 1.01349 0.780519 0.396976 0.207692
threshold=0.069159060716629042 0.83333334326744091 313.60475158691412 0.84942904114723217 12.716366767883303 0.0070755204651504764
decision_type=2 2 8 2 2 2
left_child=-1 2 5 -4 -3 -2
right_child=1 4 3 -5 -6 -7
leaf_value=0.0090706825477243434 0.0037426348724168427 0.0072705274749036534 -0.011879627376100861 0 0 -0.00098824473030967872
leaf_weight=4.0614675506949451 2.4036930426955232 4.6498743146657935 8.8194417878985387 0.98299412429332811 3.3089226558804512 3.4954888969659805
leaf_count=22 13 34 97 14 34 23
internal_value=0.00133885 -0.000506327 -0.00636512 -0.00993208 0.0048194 0
internal_weight=27.7219 23.6604 15.7016 9.80244 7.9588 5.89918
internal_count=237 215 147 111 68 36
is_linear=0
shrinkage=0.03


Tree=163
num_leaves=7
num_cat=0
split_feature=68 60 0 51 68 37
split_gain=1.11055 1.23292 0.794119 0.755423 0.729728 0.499065
threshold=376.21420288085943 0.34340000152587896 2.1666666269302373 -0.40207976102828974 36.717102050781257 0.92703926563262951
decision_type=8 2 2 2 10 2
left_child=1 4 3 5 -1 -2
right_child=2 -3 -4 -5 -6 -7
leaf_value=0 -0.01030962576919155 -0.00010087353259408794 0.0012884068639497051 0 0.012190304809587132 0
leaf_weight=1.8961334526538864 8.3932701833546162 1.5994985029101361 3.5083159506320944 3.132162667810916 7.7663310691714287 0.99734932929277498
leaf_count=13 105 13 20 21 53 10
internal_value=0.000464482 0.00641096 -0.00226605 -0.00605573 0.0100435 -0.00881237
internal_weight=27.2931 11.262 16.0311 12.5228 9.66246 9.39062
internal_count=235 79 156 136 66 115
is_linear=0
shrinkage=0.03


Tree=164
num_leaves=7
num_cat=0
split_feature=58 1 54 68 51 49
split_gain=1.22785 1.2001 0.60898 0.625531 0.369051 0.325651
threshold=0.011799999978393318 0.83333334326744091 0.069159060716629042 353.45547485351568 -0.40721872448921198 0.14997395873069766
decision_type=2 2 2 8 2 2
left_child=1 2 -1 -4 -2 -3
right_child=4 5 3 -5 -6 -7
leaf_value=0.0028438681465568936 -0.0083523982076579104 0.01045367258078533 0 -0.0081402149428431627 0 0
leaf_weight=2.8169762343168321 5.7007020898163319 5.6942896582186213 4.0845581963658306 5.2030594013631353 1.0034980699419964 1.448809318244457
leaf_count=13 81 41 25 53 7 9
internal_value=0 0.00341897 0 -0.0048002 -0.00675926 0.00910754
internal_weight=25.9519 19.2477 12.1046 9.28762 6.7042 7.1431
internal_count=229 141 91 78 88 50
is_linear=0
shrinkage=0.03


Tree=165
num_leaves=7
num_cat=0
split_feature=32 58 60 9 62 38
split_gain=1.69701 0.971387 1.08139 0.882832 0.688194 0.5257
threshold=0.27426053583621984 0.045199999585747726 0.21280000358819964 5.1666667461395273 0.99939998984336864 0.15038478374481204
decision_type=2 2 2 2 2 2
left_child=1 2 4 5 -1 -2
right_child=3 -3 -4 -5 -6 -7
leaf_value=0.012540824614365745 0 -0.00044299735178220459 0 0 0 -0.01078377120917751
leaf_weight=8.708991352468729 1.9389831162989128 1.8720245510339726 1.6179036796092976 1.1545186340808857 1.5201014578342444 9.9254404157400113
leaf_count=56 19 19 11 8 9 110
internal_value=0 0.00448853 0.00786024 -0.00675208 0.0107162 -0.00918355
internal_weight=26.738 13.719 11.847 13.0189 10.2291 11.8644
internal_count=232 95 76 137 65 129
is_linear=0
shrinkage=0.03


Tree=166
num_leaves=7
num_cat=0
split_feature=12 4 30 18 47 59
split_gain=1.6813 0.729367 0.712877 0.633141 0.159336 0.0135071
threshold=0.50757575035095226 0.0055944493506103763 0.10655157268047334 0.35518549382686621 0.86477184295654308 1.0000000180025095e-35
decision_type=2 10 2 2 2 2
left_child=2 5 -1 -4 -5 -2
right_child=1 -3 3 4 -6 -7
leaf_value=0 0 0.0096489446914246567 0 -0.010614672243248836 0 -0.00095621900342595539
leaf_weight=1.6544790640473372 2.8939885050058365 6.9633614271879196 2.8608922548592082 7.2634545452892763 0.81105908378958691 3.2950550690293312
leaf_count=10 15 51 39 90 10 21
internal_value=0 0.00631362 -0.00511177 -0.00767081 -0.00998406 0
internal_weight=25.7423 13.1524 12.5899 10.9354 8.07451 6.18904
internal_count=236 87 149 139 100 36
is_linear=0
shrinkage=0.03


Tree=167
num_leaves=6
num_cat=0
split_feature=0 54 57 22 31
split_gain=1.04962 2.03866 1.22262 0.437731 0.0460292
threshold=3.5000000000000004 0.069159060716629042 0.87619999051094066 0.019397587515413765 0.19510143250226977
decision_type=2 2 2 2 2
left_child=1 -1 3 -3 -4
right_child=-2 2 4 -5 -6
leaf_value=0.0046826222805786341 0.0058204678113175611 0 0.0018490566959991554 -0.012055465506559912 0
leaf_weight=3.1389651149511399 4.7269923165440551 1.3121103271842027 2.1164499744772902 13.991323266178368 1.9486860483884809
leaf_count=15 38 8 13 147 17
internal_value=0 -0.00370297 -0.00823667 -0.0110557 0
internal_weight=27.2345 22.5075 19.3686 15.3034 4.06514
internal_count=238 200 185 155 30
is_linear=0
shrinkage=0.03


Tree=168
num_leaves=7
num_cat=0
split_feature=58 60 28 19 62 34
split_gain=1.20453 1.36275 1.24724 0.834114 0.641552 0.0142584
threshold=0.011799999978393318 0.16399999707937243 0.520310938358307 0.83544328808784496 0.70939999818801891 0.77916738390922557
decision_type=2 2 2 2 2 2
left_child=1 2 3 -1 -2 -4
right_child=4 -3 5 -5 -6 -7
leaf_value=0.013032874088881074 -0.0084371307903787704 -0.0018624759909176033 0 0 0 -0.0010339650691610224
leaf_weight=11.138789542019376 5.7716295011341563 3.8142546378076068 1.7564573585987084 1.7049617245793331 0.75516911596059788 2.003327589482069
leaf_count=69 82 34 16 9 5 19
internal_value=0 0.00420859 0.00803445 0.0111497 -0.00574417 0
internal_weight=26.9446 20.4178 16.6035 12.8438 6.5268 3.75978
internal_count=234 147 113 78 87 35
is_linear=0
shrinkage=0.03


Tree=169
num_leaves=7
num_cat=0
split_feature=33 54 21 38 48 56
split_gain=0.533403 0.888916 0.622931 0.578381 0.786761 0.458651
threshold=0.63803189992904674 0.069159060716629042 0.15470241755247119 0.46866282820701605 0.13498388230800631 -0.61081016063690174
decision_type=2 2 2 2 2 2
left_child=1 -1 -3 -2 -5 -4
right_child=3 2 5 4 -6 -7
leaf_value=0.0014075934297018162 0 0 0 0.0091271842895667577 0 -0.010161496007458559
leaf_weight=2.155279457569125 2.1942914836108676 1.6278293021023262 0.93827523291110715 8.2785073518753034 1.1864143833518017 8.7432767786085606
leaf_count=10 17 15 6 69 8 93
internal_value=0 -0.00281539 -0.00671872 0.00368473 0.00646919 -0.00879547
internal_weight=25.1239 13.4647 11.3094 11.6592 9.46492 9.68155
internal_count=218 124 114 94 77 99
is_linear=0
shrinkage=0.03


Tree=170
num_leaves=7
num_cat=0
split_feature=68 60 24 4 30 59
split_gain=1.71681 1.17347 0.738262 0.529082 0.472306 0.279639
threshold=697.16046142578136 0.31399999558925634 0.12352829426527025 0.0050959466025233277 0.6851727068424226 0.56760001182556163
decision_type=8 2 2 8 2 2
left_child=1 4 -2 -4 5 -1
right_child=2 -3 3 -5 -6 -7
leaf_value=0.012624287063327227 0 0 0 -0.0089856098396683855 0 0
leaf_weight=9.0110945068299788 2.9811051972210398 2.6523330844938746 0.94370001181959828 7.7021220885217199 1.2268592491745938 1.2952342033386219
leaf_count=61 21 21 11 96 12 10
internal_value=0.00106375 0.00732298 -0.00365352 -0.00714961 0.0104536 0.0116967
internal_weight=25.8124 14.1855 11.6269 8.64582 11.5332 10.3063
internal_count=232 104 128 107 83 71
is_linear=0
shrinkage=0.03


Tree=171
num_leaves=7
num_cat=0
split_feature=68 47 0 60 30 5
split_gain=1.34683 1.15001 0.893887 0.834313 0.284175 0.0651897
threshold=697.16046142578136 0.085297085344791426 3.1666666269302373 0.0030000000260770325 0.34000758826732641 0.67351597547531139
decision_type=8 2 2 2 2 2
left_child=3 -2 5 4 -1 -3
right_child=1 2 -4 -5 -6 -7
leaf_value=0.011872290255853941 0.0025370561746368456 -0.010616127167960815 0 0 0 0
leaf_weight=5.805940121412279 3.2094606608152381 7.0037440881133062 1.1939777582883833 5.7793083600699893 2.5604963712394238 0.77628756314516056
leaf_count=37 17 97 7 45 21 9
internal_value=0.0017581 -0.00215696 -0.0074503 0.00711178 0.0103622 -0.0102216
internal_weight=26.3292 12.1835 8.97401 14.1457 8.36644 7.78003
internal_count=233 130 113 103 58 106
is_linear=0
shrinkage=0.03


Tree=172
num_leaves=7
num_cat=0
split_feature=58 28 35 44 68 25
split_gain=1.21755 1.15529 1.2186 0.498968 0.187786 0.172178
threshold=0.011799999978393318 0.520310938358307 0.36522072553634649 0.48754350841045385 206.68585205078128 0.88626328110694896
decision_type=2 2 2 2 10 2
left_child=1 2 -1 5 -3 -2
right_child=3 4 -4 -5 -6 -7
leaf_value=0 -0.0079143094072649037 -0.0035048966133562828 0.012565198836010904 0 0 0
leaf_weight=6.4423275776207509 5.3929370231926432 3.7607154957950106 8.2113636061549169 0.8050306811928748 1.5090657882392404 0.66071023046970356
leaf_count=39 74 39 52 5 13 9
internal_value=0.000292799 0.00496894 0.0084936 -0.00462184 -4.65487e-05 -0.0070997
internal_weight=26.7822 19.9235 14.6537 6.85868 5.26978 6.05365
internal_count=231 143 91 88 52 83
is_linear=0
shrinkage=0.03


Tree=173
num_leaves=7
num_cat=0
split_feature=58 60 68 41 53 26
split_gain=1.59679 0.901597 1.00442 0.57427 0.138987 0.0638037
threshold=0.009599999990314247 0.25939999520778662 1.0000000180025095e-35 0.38890534639358526 -0.23700707405805585 0.16030008345842364
decision_type=2 2 10 2 2 2
left_child=1 2 5 4 -2 -1
right_child=3 -3 -4 -5 -6 -7
leaf_value=0.0010316657499181356 -0.0080194801184041205 0 0.012100162916322614 0 0 -0.0017950898065052703
leaf_weight=2.8073254376649919 5.5041084587574005 3.372698485851287 9.4787048995494825 0.85874651372432698 0.68396258726715942 3.590108260512352
leaf_count=15 78 31 62 5 6 33
internal_value=0.00122643 0.00623358 0.00867645 -0.00456453 -0.00733946 0
internal_weight=26.2957 19.2488 15.8761 7.04682 6.18807 6.39743
internal_count=230 141 110 89 84 48
is_linear=0
shrinkage=0.03


Tree=174
num_leaves=7
num_cat=0
split_feature=0 68 54 42 60 42
split_gain=0.898919 0.885096 0.838413 0.651655 0.418321 0.253334
threshold=1.8333333134651186 376.21420288085943 0.069159060716629042 0.18874773383140567 0.39460000395774847 0.33001783490180975
decision_type=2 8 2 2 2 2
left_child=1 4 -3 -4 5 -1
right_child=-2 2 3 -5 -6 -7
leaf_value=0.0067089397614326614 0.0063556860499293516 0 0 -0.01100839470467211 -9.3734411931964428e-06 0
leaf_weight=3.8777475804090562 6.6770836226642123 2.078630417585372 1.3924686983227719 8.5902883410453779 1.710039749741554 1.7848947048187254
leaf_count=23 51 10 17 111 15 11
internal_value=0 -0.00214447 -0.00642885 -0.00913184 0.00107691 0.00503226
internal_weight=26.1112 19.4341 12.0614 9.98276 7.37268 5.66264
internal_count=238 187 138 128 49 34
is_linear=0
shrinkage=0.03


Tree=175
num_leaves=7
num_cat=0
split_feature=58 30 2 60 68 51
split_gain=0.931796 0.78105 0.397645 0.569374 0.357364 0.186784
threshold=0.011799999978393318 0.3257004469633103 1.4670542478561404 0.026600000448524955 125.49837112426759 -0.40207976102828974
decision_type=2 2 2 2 8 2
left_child=1 2 3 -1 -2 -3
right_child=4 5 -4 -5 -6 -7
leaf_value=0.01112819394636173 0 -0.0032007113727131374 0 0 -0.0063835552238888657 0.00094641025144050206
leaf_weight=7.1055765561759525 0.7501029297709455 5.2474659606814384 2.547528311610221 2.0679338052868843 5.0972564294934273 3.2877754941582662
leaf_count=46 6 56 17 14 76 20
internal_value=5.73552e-06 0.00424429 0.0075799 0.00915173 -0.00430414 0
internal_weight=26.1036 20.2563 11.721 9.17351 5.84736 8.53524
internal_count=235 153 77 60 82 76
is_linear=0
shrinkage=0.03


Tree=176
num_leaves=7
num_cat=0
split_feature=62 61 17 43 58 51
split_gain=1.38186 0.760281 0.521325 0.474471 0.359067 0.39737
threshold=0.0033999999286606912 0.0014000000082887711 0.89189520478248607 0.11638008803129198 1.0000000180025095e-35 -0.36981226503849024
decision_type=2 2 2 2 2 2
left_child=1 3 4 -1 5 -2
right_child=2 -3 -4 -5 -6 -7
leaf_value=0 0.010816828429116909 0 0 -0.009390402567774252 0 0
leaf_weight=0.67502553761005568 6.8136923871934387 1.7299461439251889 1.4295103698968876 7.4379050452262163 3.7817613482475272 1.6796125620603568
leaf_count=4 48 13 10 101 31 12
internal_value=0 -0.00463556 0.00587178 -0.00783057 0.0075996 0.00932945
internal_weight=23.5475 9.84288 13.7046 8.11293 12.2751 8.4933
internal_count=219 118 101 105 91 60
is_linear=0
shrinkage=0.03


Tree=177
num_leaves=7
num_cat=0
split_feature=19 52 30 59 25 47
split_gain=0.894575 0.893771 0.691983 0.537113 0.310401 0.287553
threshold=0.23182993382215503 -0.38562110066413874 0.13510000705718997 0.28880000114440924 0.91219913959503185 0.1530069634318352
decision_type=2 2 2 2 2 2
left_child=3 2 -2 -1 -4 -3
right_child=1 5 4 -5 -6 -7
leaf_value=0.0081348082996224539 0 0.0048460637892614126 -0.0098888459982575429 0 0 0
leaf_weight=8.8430291302502173 2.7889705672860137 3.6281636804342261 7.4486811552196723 2.122508715838193 0.76940792053937901 1.2759461253881452
leaf_count=66 18 25 94 16 9 12
internal_value=0.000725781 -0.0015344 -0.00618707 0.00603479 -0.00885014 0.00202723
internal_weight=26.8767 15.9112 11.0071 10.9655 8.21809 4.90411
internal_count=240 158 121 82 103 37
is_linear=0
shrinkage=0.03


Tree=178
num_leaves=7
num_cat=0
split_feature=54 37 14 40 14 7
split_gain=1.08614 1.16594 0.722272 0.44367 0.361947 0.288429
threshold=0.070939652621746077 0.667617827653885 1.3474708795547488 0.30088743567466741 13.058030128479006 376.00000000000006
decision_type=2 2 2 2 2 2
left_child=-1 2 -2 -4 5 -3
right_child=1 4 3 -5 -6 -7
leaf_value=0.0076735685057231998 0 0.0067896749019859684 -0.010316566068409434 0 0 0
leaf_weight=4.6121188700199154 1.7157633230090166 4.341353025287388 10.10691795311868 1.0645290762186039 2.7201647385954857 1.3982488960027692
leaf_count=27 10 36 113 7 32 11
internal_value=0 -0.00193287 -0.00690317 -0.0090675 0.00202629 0.00505092
internal_weight=25.9591 21.347 12.8872 11.1714 8.45977 5.7396
internal_count=236 209 130 120 79 47
is_linear=0
shrinkage=0.03


Tree=179
num_leaves=7
num_cat=0
split_feature=58 34 19 62 35 14
split_gain=1.46907 0.7276 1.15418 0.536554 0.511349 0.332065
threshold=1.0000000180025095e-35 0.77916738390922557 0.82340154051780712 0.89659997820854198 0.32889331877231603 1.3885855674743655
decision_type=2 2 2 2 2 2
left_child=1 2 4 5 -1 -2
right_child=3 -3 -4 -5 -6 -7
leaf_value=0 0 0 0 0 0.014230487039664676 -0.0070079376098158242
leaf_weight=5.2896790020167881 0.77341915667056937 2.3947668932378283 1.7379973903298367 1.1145195215940464 7.1806378774344921 8.8079718388617021
leaf_count=36 6 24 14 7 53 107
internal_value=0.00197265 0.00705836 0.00904429 -0.00261871 0.0115911 -0.00564881
internal_weight=27.299 16.6031 14.2083 10.6959 12.4703 9.58139
internal_count=247 127 103 120 89 113
is_linear=0
shrinkage=0.03


Tree=180
num_leaves=7
num_cat=0
split_feature=54 68 0 6 6 55
split_gain=1.02868 1.43357 0.973027 1.06924 0.423262 0.241197
threshold=0.069159060716629042 385.15440368652349 3.5000000000000004 264.00000762939459 109.2777786254883 0.12640821188688281
decision_type=2 8 2 2 2 2
left_child=-1 4 3 -3 5 -2
right_child=1 2 -4 -5 -6 -7
leaf_value=0.0073437853715835567 0.0066536318454362793 -0.013021441432793308 0 0 0 0
leaf_weight=4.4145139604806927 5.776394475251438 8.732574347406624 1.7045840322971333 1.4480630662292231 1.5267399214208124 1.5849081203341482
leaf_count=24 43 110 11 17 10 14
internal_value=0 -0.00219616 -0.00781965 -0.0104741 0.00230578 0.00526553
internal_weight=25.1878 20.7733 11.8852 10.1806 8.88804 7.3613
internal_count=229 205 138 127 67 57
is_linear=0
shrinkage=0.03


Tree=181
num_leaves=7
num_cat=0
split_feature=68 60 45 6 7 11
split_gain=1.08984 1.53786 0.897749 0.684315 0.6269 0.60336
threshold=385.15440368652349 0.36660000681877142 0.065303474664688124 264.00000762939459 388.00000000000006 7.5000000000000009
decision_type=8 2 2 2 2 2
left_child=1 4 -2 5 -1 -4
right_child=2 -3 3 -5 -6 -7
leaf_value=0.012446511803814805 0.00082603485604547551 -0.0011909125274833397 -0.010797651406075278 0 0 0
leaf_weight=7.3033082187175768 4.0144494324922553 1.9630858600139607 8.7747921813279373 1.4443552140146483 1.2822723723948 1.0953141301870335
leaf_count=51 23 16 107 17 10 8
internal_value=0 0.00603833 -0.00302399 -0.00695165 0.010671 -0.00910131
internal_weight=25.8776 10.5487 15.3289 11.3145 8.58558 9.87011
internal_count=232 77 155 132 61 115
is_linear=0
shrinkage=0.03


Tree=182
num_leaves=7
num_cat=0
split_feature=68 60 38 47 7 2
split_gain=1.18338 1.23823 0.45379 0.372935 0.362435 0.197668
threshold=697.16046142578136 0.077600002288818373 0.53331512212753307 0.070282794535160079 361.50000000000006 1.313725531101227
decision_type=8 2 2 2 2 2
left_child=1 4 3 -2 -1 -4
right_child=2 -3 5 -5 -6 -7
leaf_value=0.011872971116631438 0 0 0.0035737588109698943 -0.0073691679611771355 0 -0.00013758136808923204
leaf_weight=8.2085028328001517 0.6947000026702862 4.7609621472656718 3.9101286605000496 4.8768651001155376 1.3826890848577011 2.9267392680048943
leaf_count=61 3 38 32 66 10 33
internal_value=0.00184401 0.0068005 -0.00168775 -0.00550701 0.0106943 0
internal_weight=26.7606 14.3522 12.4084 5.57157 9.59119 6.83687
internal_count=243 109 134 69 71 65
is_linear=0
shrinkage=0.03


Tree=183
num_leaves=7
num_cat=0
split_feature=68 60 0 54 4 19
split_gain=1.37317 1.34764 0.658099 0.732611 0.968289 0.0905502
threshold=385.15440368652349 0.39460000395774847 1.8333333134651186 0.066835202276706709 0.0050959466025233277 0.44250741600990301
decision_type=8 2 2 2 8 2
left_child=1 -1 3 -2 -5 -4
right_child=2 -3 5 4 -6 -7
leaf_value=0.011352372967635428 0 0 0.0027144908181946288 0 -0.010777251907336045 0
leaf_weight=8.6326926127076167 1.3044162690639485 1.4626913368701924 2.2616046071052547 1.2226791158318491 9.0794420782476664 1.3713568635284898
leaf_count=63 6 11 14 12 120 10
internal_value=0.00124086 0.00769026 -0.00200847 -0.00563161 -0.00813816 0.000805886
internal_weight=25.3349 10.0954 15.2395 11.6065 10.3021 3.63296
internal_count=236 74 162 138 132 24
is_linear=0
shrinkage=0.03


Tree=184
num_leaves=7
num_cat=0
split_feature=58 50 48 62 50 52
split_gain=1.1737 0.652604 0.740129 0.497423 0.299006 0.150884
threshold=1.0000000180025095e-35 0.15126202255487445 -0.3183924257755279 0.89659997820854198 0.25274411588907247 -0.29937788844108576
decision_type=2 2 2 2 2 2
left_child=1 2 -1 4 5 -2
right_child=3 -3 -4 -5 -6 -7
leaf_value=0 -0.0075509343519929474 0 0.01112761852186404 0 0 0
leaf_weight=1.9132583178579832 6.4183106031268817 5.262666016817092 9.097787197679283 1.1973074078559864 1.1559446863830087 0.78931481391191471
leaf_count=16 87 44 63 8 10 5
internal_value=0.00196602 0.00650362 0.00899141 -0.00206652 -0.00537845 -0.0068198
internal_weight=25.8346 16.2737 11.011 9.56088 8.36357 7.20763
internal_count=233 123 79 110 102 92
is_linear=0
shrinkage=0.03


Tree=185
num_leaves=7
num_cat=0
split_feature=1 54 58 61 30 55
split_gain=1.06696 0.835018 0.731617 0.710019 0.767631 0.45966
threshold=0.83333334326744091 0.069159060716629042 0.009599999990314247 1.0000000180025095e-35 0.84942904114723217 0.14797452092170718
decision_type=2 2 2 2 2 2
left_child=1 -1 5 4 -3 -2
right_child=2 3 -4 -5 -6 -7
leaf_value=0.00079759534323852735 0.010403337996289938 -0.011363400414059213 0 0 0 0
leaf_weight=2.6517997831106248 5.9475279226899129 8.4297170825302565 1.756279435008764 5.7255527675151816 0.92750139161944467 1.3315029144287107
leaf_count=13 45 98 26 36 13 8
internal_value=0 -0.00332389 0.0058608 -0.00646969 -0.00934073 0.00871478
internal_weight=26.7699 17.7346 9.03531 15.0828 9.35722 7.27903
internal_count=239 160 79 147 111 53
is_linear=0
shrinkage=0.03


Tree=186
num_leaves=7
num_cat=0
split_feature=51 50 68 1 54 18
split_gain=1.16701 0.988198 0.716916 0.468982 0.394309 0.29087
threshold=-0.51844158768653859 0.15126202255487445 313.60475158691412 1.1666666865348818 0.55302938818931591 0.080138988792896285
decision_type=2 2 8 2 2 2
left_child=2 5 4 -4 -1 -2
right_child=1 -3 3 -5 -6 -7
leaf_value=-0.00099623629105861293 0 0 -0.0089682566872756123 0 0.0051961611975783204 0.010920822294258869
leaf_weight=2.312761403620244 1.7372715622186641 5.4942749720066777 6.0500000528991222 2.1284209489822388 2.6909982711076736 6.6005308218300343
leaf_count=18 11 46 90 19 17 48
internal_value=0.000230668 0.00589678 -0.0031056 -0.00691329 0 0.00967936
internal_weight=27.0143 13.8321 13.1822 8.17842 5.00376 8.3378
internal_count=249 105 144 109 35 59
is_linear=0
shrinkage=0.03


Tree=187
num_leaves=7
num_cat=0
split_feature=1 60 14 68 31 31
split_gain=0.735295 0.754024 0.645597 0.186395 0.0513682 0.0342288
threshold=0.83333334326744091 0.0030000000260770325 13.221588611602785 11.441227912902834 0.74556332826614391 0.04104254953563214
decision_type=2 2 2 10 2 2
left_child=1 3 -2 5 -3 -1
right_child=2 4 -4 -5 -6 -7
leaf_value=0 0.0082405534690470073 -0.0075660886461536301 0 0.0033991437755774498 0 -0.0014600154937219371
leaf_weight=0.75262894481421039 5.9023914225399476 5.5081837475299826 2.7982629872858524 4.5190061703324318 0.88012466952204693 4.4516976587474346
leaf_count=4 51 59 28 30 10 48
internal_value=0 -0.0024979 0.0051648 0 -0.00716592 0
internal_weight=24.8123 16.1116 8.70065 9.72333 6.38831 5.20433
internal_count=230 151 79 82 69 52
is_linear=0
shrinkage=0.03


Tree=188
num_leaves=7
num_cat=0
split_feature=51 26 34 30 0 51
split_gain=0.861326 0.732582 0.844088 0.573434 0.463403 0.318956
threshold=-0.51844158768653859 0.81814831495285045 0.24904713034629825 0.038227004930377013 2.1666666269302373 -0.65429282188415516
decision_type=2 2 2 2 2 2
left_child=3 2 -2 -1 5 -5
right_child=1 -3 -4 4 -6 -7
leaf_value=0 0 0 0.010342174396027496 0 0 -0.0096294482518364047
leaf_weight=1.9331109039485479 4.1357733942568284 1.5249664355069388 7.2830616980791092 1.0251129791140545 1.6727028936147688 6.886303909122943
leaf_count=14 26 17 52 12 12 96
internal_value=0 0.00432714 0.00713019 -0.00400763 -0.00663317 -0.00844942
internal_weight=24.461 12.9438 11.4188 11.5172 9.58412 7.91142
internal_count=229 95 78 134 120 108
is_linear=0
shrinkage=0.03


Tree=189
num_leaves=7
num_cat=0
split_feature=60 68 1 7 51 19
split_gain=0.965299 1.68813 0.599849 0.37674 0.323375 0.298495
threshold=0.0030000000260770325 11.441227912902834 0.83333334326744091 379.50000000000006 -0.39158758521080012 0.11439879238605501
decision_type=2 10 2 2 2 2
left_child=1 5 4 -3 -2 -1
right_child=2 3 -4 -5 -6 -7
leaf_value=0 -0.0082505861309377961 0.011873490698703507 0 0 0 -0.00413270743240657
leaf_weight=1.9148467183113149 5.9224039409309617 7.4991986155509931 1.8934921249747274 1.2898255437612531 1.2099225223064412 6.1480677537620068
leaf_count=12 66 56 17 13 9 63
internal_value=0 0.00478885 -0.0036464 0.0106422 -0.00680273 -0.00062925
internal_weight=25.8778 16.8519 9.02582 8.78902 7.13233 8.06291
internal_count=236 144 92 69 75 75
is_linear=0
shrinkage=0.03


Tree=190
num_leaves=7
num_cat=0
split_feature=68 11 52 37 55 7
split_gain=0.812411 0.741059 0.773939 0.661907 0.496284 0.510677
threshold=385.15440368652349 5.6070852279663095 -0.30743762850761408 0.84493321180343639 0.15665522217750552 383.50000000000006
decision_type=8 2 2 2 2 2
left_child=4 2 3 -2 5 -1
right_child=1 -3 -4 -5 -6 -7
leaf_value=0.0092599957460123145 -0.010258922948840739 0.0017910513818961014 0 0 0 0
leaf_weight=8.5487592481076735 8.7913711275905353 3.0296390913426867 0.87518779933452506 2.0284659378230563 1.471399851143359 1.2116591110825528
leaf_count=62 106 23 5 21 11 9
internal_value=0.000609687 -0.00156156 -0.00562091 -0.0081473 0.00567691 0.00756509
internal_weight=25.9565 14.7247 11.695 10.8198 11.2318 9.76042
internal_count=237 155 132 127 82 71
is_linear=0
shrinkage=0.03


Tree=191
num_leaves=7
num_cat=0
split_feature=68 60 51 6 43 0
split_gain=1.23696 0.965845 0.575416 0.51932 0.38597 0.109311
threshold=667.86233520507824 0.31399999558925634 -0.40207976102828974 185.75000000000003 0.15180068463087085 2.1666666269302373
decision_type=8 2 2 2 2 2
left_child=1 3 4 -1 -2 -6
right_child=2 -3 -4 -5 5 -7
leaf_value=0.011004922764496996 0 0 0 0 -0.0082852448749671792 0
leaf_weight=9.8728326112031954 1.1245415061712245 2.6313402093946925 2.7435517758131018 1.3775700405240048 5.7256176993250847 1.498826667666435
leaf_count=71 7 21 18 10 98 9
internal_value=0.00144187 0.00669395 -0.00234372 0.00955317 -0.0058769 -0.0075472
internal_weight=24.9743 13.8817 11.0925 11.2504 8.34899 7.22444
internal_count=234 102 132 81 114 107
is_linear=0
shrinkage=0.03


Tree=192
num_leaves=7
num_cat=0
split_feature=54 28 11 60 11 37
split_gain=0.985766 1.19374 0.4161 0.269881 0.141033 0.131726
threshold=0.08475163578987123 0.21729622781276706 1.8333333134651186 0.31399999558925634 1.8333333134651186 0.21490786224603656
decision_type=2 2 2 2 2 2
left_child=-1 3 -3 4 -2 -4
right_child=1 2 5 -5 -6 -7
leaf_value=0.0067089061383626475 0 0 0 0 0.0054073904873061535 -0.0094397743335208496
leaf_weight=7.3286191597580936 1.459949348121883 1.5792087502777565 0.6936847660690536 1.6292993798851965 4.9863673187792301 8.0261631775647384
leaf_count=50 12 15 12 13 35 99
internal_value=3.04073e-05 -0.00194436 -0.00740559 0.00194494 0.00435045 -0.00891483
internal_weight=25.7033 18.3747 10.2991 8.07562 6.44632 8.71985
internal_count=236 186 126 60 47 111
is_linear=0
shrinkage=0.03


Tree=193
num_leaves=7
num_cat=0
split_feature=68 60 54 4 55 7
split_gain=1.35829 0.701313 0.611999 0.731856 0.416664 0.238514
threshold=529.38558959960949 0.31399999558925634 0.069159060716629042 0.0050959466025233277 0.16589002311229709 357.50000000000006
decision_type=8 2 2 8 2 2
left_child=1 5 -2 -4 -5 -1
right_child=2 -3 3 4 -6 -7
leaf_value=0.0097553376149648683 0 0 0 -0.010150558863301918 0 0
leaf_weight=8.7271882742643374 2.0510773509740821 2.3716785609722129 1.2821591757237882 8.1617704369127733 0.73744836449623186 1.291109800338744
leaf_count=65 10 21 13 104 9 11
internal_value=0.000142688 0.00646687 -0.00359173 -0.00644237 -0.00889784 0.00884903
internal_weight=24.6224 12.39 12.2325 10.1814 8.89922 10.0183
internal_count=233 97 136 126 113 76
is_linear=0
shrinkage=0.03


Tree=194
num_leaves=7
num_cat=0
split_feature=68 60 6 26 52 68
split_gain=0.826633 1.14376 1.22261 0.730832 0.299469 0.0876381
threshold=50.487812042236335 0.31399999558925634 174.37500000000003 0.14372427761554721 -0.38562110066413874 781.94326782226574
decision_type=10 2 2 2 2 10
left_child=3 2 5 -1 -5 -2
right_child=1 -3 -4 4 -6 -7
leaf_value=0 0.011943600283069187 -0.0011776186898465372 0 -0.0090197130647025753 0 0
leaf_weight=3.8844117410481003 8.0167384482920152 3.0096787363290778 1.4482154846191395 5.8776246812194577 2.370526645332574 1.4744087569415558
leaf_count=25 60 32 17 82 19 14
internal_value=0 0.00398079 0.00815003 -0.00405796 -0.00748445 0.0113054
internal_weight=26.0816 13.949 10.9394 12.1326 8.24815 9.49115
internal_count=249 123 91 126 101 74
is_linear=0
shrinkage=0.03


Tree=195
num_leaves=7
num_cat=0
split_feature=58 19 47 26 4 39
split_gain=0.817203 0.948837 0.449205 0.389467 0.377962 0.29572
threshold=1.0000000180025095e-35 0.44250741600990301 0.090125467628240599 0.012223247904330494 0.0079052620567381399 0.20223893225193026
decision_type=2 2 2 2 10 2
left_child=1 3 -2 -1 -4 -5
right_child=2 -3 4 5 -6 -7
leaf_value=0 0 0 -0.0077485917040955995 0.010197804087100781 0 0
leaf_weight=0.89326789230108872 0.80981229990720649 4.972936935722827 6.1573819965124112 9.0437146425247175 3.1802705600857735 1.4834787659347046
leaf_count=6 5 43 83 65 28 11
internal_value=0 0.00439508 -0.00334662 0.00797919 -0.0057075 0.0091386
internal_weight=26.5409 16.3934 10.1475 11.4205 9.33765 10.5272
internal_count=241 125 116 82 111 76
is_linear=0
shrinkage=0.03


Tree=196
num_leaves=7
num_cat=0
split_feature=60 68 1 53 7 11
split_gain=1.16739 1.35174 0.858363 0.281007 0.156196 0.141779
threshold=0.0030000000260770325 752.01473999023449 0.83333334326744091 -0.23700707405805585 371.50000000000006 5.6070852279663095
decision_type=2 8 2 2 2 2
left_child=1 4 3 -2 -1 -3
right_child=2 5 -4 -5 -6 -7
leaf_value=0.011087541368928578 -0.0092779608260021938 -0.0027884496906685381 0 0 0 0
leaf_weight=6.8121912442147785 5.874024773016572 6.4107474945485574 2.1253196820616722 0.99029359966516306 1.3350030630826948 1.9196864329278467
leaf_count=49 68 72 19 6 9 15
internal_value=0 0.005177 -0.00423766 -0.00812584 0.0103026 0
internal_weight=25.4673 16.4776 8.98964 6.86432 8.14719 8.33043
internal_count=238 145 93 74 58 87
is_linear=0
shrinkage=0.03


Tree=197
num_leaves=7
num_cat=0
split_feature=68 11 6 46 55 48
split_gain=0.934998 0.737095 0.606694 0.543923 0.381659 0.294596
threshold=697.16046142578136 5.6070852279663095 192.00000000000003 0.061190232634544379 0.14269554615020755 -0.32985320687294001
decision_type=8 2 2 2 2 2
left_child=2 3 4 -2 5 -1
right_child=1 -3 -4 -5 -6 -7
leaf_value=0 0 0.00078654919657927997 0 -0.0082135907177122505 0 0.0098157407455825227
leaf_weight=1.9311590418219537 0.49584576487541099 2.4426311664283267 1.3750698827207077 8.9614889677613956 1.6649754345417012 9.4203314930200612
leaf_count=14 2 20 12 115 13 70
internal_value=0.000496749 -0.00247345 0.00541975 -0.00637061 0.0074062 0.00867275
internal_weight=26.2915 11.9 14.3915 9.45733 13.0165 11.3515
internal_count=246 137 109 117 97 84
is_linear=0
shrinkage=0.03


Tree=198
num_leaves=7
num_cat=0
split_feature=58 19 3 48 34 57
split_gain=1.21408 0.916275 0.399259 0.318552 0.245911 0.201839
threshold=1.0000000180025095e-35 0.44250741600990301 6.0000000000000009 0.12663277238607409 0.16196272522211078 0.78940001130104076
decision_type=2 2 2 2 2 2
left_child=1 3 4 -1 -2 -6
right_child=2 -3 -4 -5 5 -7
leaf_value=0.0098965940001621271 0 0 0 0 -0.0083986565886289936 0
leaf_weight=9.3004028163850361 1.4445390664041022 5.7109884805977336 0.9482375606894492 1.8067158684134472 5.2772928569465876 1.0967695768922565
leaf_count=66 14 49 9 13 72 14
internal_value=0.000213917 0.00538953 -0.00409897 0.00871642 -0.0061532 -0.0073972
internal_weight=25.5849 16.8181 8.76684 11.1071 7.8186 6.37406
internal_count=237 128 109 79 100 86
is_linear=0
shrinkage=0.03


Tree=199
num_leaves=7
num_cat=0
split_feature=58 19 68 47 32 11
split_gain=1.22771 0.891759 0.342465 0.314997 0.243032 0.14508
threshold=1.0000000180025095e-35 0.44250741600990301 667.86233520507824 0.090125467628240599 0.028530702926218513 7.5000000000000009
decision_type=2 2 10 2 2 2
left_child=1 2 4 -2 -1 -5
right_child=3 -3 -4 5 -6 -7
leaf_value=0 0 0 0 -0.0068826885054045529 0.010464637975457295 0
leaf_weight=1.2360644638538421 0.56501125544309516 6.1388193853199473 1.3563088811933983 7.1366588622331601 8.5990019924938661 0.98912774771451939
leaf_count=8 4 52 12 98 61 8
internal_value=0 0.00508694 0.00844074 -0.0046129 0.00957377 -0.00613047
internal_weight=26.021 17.3302 11.1914 8.6908 9.83507 8.12579
internal_count=243 133 81 110 69 106
is_linear=0
shrinkage=0.03


Tree=200
num_leaves=7
num_cat=0
split_feature=0 58 17 47 21 22
split_gain=0.847689 0.957408 0.614273 0.397618 0.350127 0.142109
threshold=0.83333334326744091 0.009599999990314247 0.78189149498939525 0.096516769379377379 0.21817453950643542 0.019397587515413765
decision_type=2 2 2 2 2 2
left_child=3 2 -2 -1 -5 -6
right_child=1 -3 -4 4 5 -7
leaf_value=0 0.01066786561690676 0 0 0 0 -0.0079362993927809163
leaf_weight=3.5253349691629436 6.6429720073938352 2.4430799912661314 1.3560109771788118 1.2414456028491239 0.72975026071071614 7.214859813451767
leaf_count=21 49 36 10 15 4 84
internal_value=0 0.00484326 0.00863216 -0.00353251 -0.0057813 -0.00730041
internal_weight=23.1535 10.4421 7.99898 12.7114 9.18606 7.94461
internal_count=219 95 59 124 103 88
is_linear=0
shrinkage=0.03


Tree=201
num_leaves=7
num_cat=0
split_feature=68 60 6 0 47 30
split_gain=0.838867 1.22906 0.781851 0.590967 0.565957 0.170221
threshold=752.01473999023449 0.0030000000260770325 192.00000000000003 3.1666666269302373 0.073408186435699477 0.84136217832565319
decision_type=8 2 2 2 2 2
left_child=1 2 -1 4 -2 -6
right_child=3 -3 -4 -5 5 -7
leaf_value=0.011167177942832647 0 -0.00051989980440365186 0 0 -0.0093661417064993258 0
leaf_weight=8.0747384540736693 1.4858195632696132 5.1979369074106208 1.106120005249976 2.0207579210400572 7.1114850696176291 0.77610105834901322
leaf_count=60 7 45 9 12 94 16
internal_value=0 0.00428829 0.00899047 -0.00378604 -0.00657898 -0.00868066
internal_weight=25.773 14.3788 9.18086 11.3942 9.37341 7.88759
internal_count=243 114 69 129 117 110
is_linear=0
shrinkage=0.03


Tree=202
num_leaves=7
num_cat=0
split_feature=58 2 26 35 21 14
split_gain=1.31331 0.594854 0.983197 0.764724 0.373941 0.35444
threshold=1.0000000180025095e-35 1.4670542478561404 0.83013883233070385 0.1045847423374653 0.88802599906921398 1.3885855674743655
decision_type=2 2 2 2 2 2
left_child=1 2 3 -1 5 -2
right_child=4 -3 -4 -5 -6 -7
leaf_value=0 0 0 0 0.01155151384977071 0 -0.0090351951827004322
leaf_weight=1.7457769289612795 0.62565458565950205 3.519384153187274 1.4183093011379231 8.6200140155851823 1.1216695308685292 7.9017827194184065
leaf_count=10 5 33 15 65 15 102
internal_value=0 0.00385538 0.0064685 0.00939173 -0.00640412 -0.00785242
internal_weight=24.9526 15.3035 11.7841 10.3658 9.64911 8.52744
internal_count=245 123 90 75 122 107
is_linear=0
shrinkage=0.03


Tree=203
num_leaves=7
num_cat=0
split_feature=60 58 26 34 1 28
split_gain=0.768166 0.937859 0.613916 0.378473 0.275696 0.0492337
threshold=0.036400001496076591 0.035399999469518668 0.58502769470214855 0.088966429233551039 0.83333334326744091 0.84167543053627025
decision_type=2 2 2 2 2 2
left_child=1 2 3 -1 5 -2
right_child=4 -3 -4 -5 -6 -7
leaf_value=0 -0.0057753596193935693 -0.00039203527024936368 0 0.010730320124389275 0 0
leaf_weight=2.3160306811332765 4.9722897168248883 2.8683034032583228 2.8485165517777196 9.2777368575334531 1.1427759230136869 0.84520490095019329
leaf_count=15 51 47 32 66 10 12
internal_value=0 0.00421145 0.00736682 0.00932825 -0.00349323 -0.00536387
internal_weight=24.2709 17.3106 14.4423 11.5938 6.96027 5.81749
internal_count=233 160 113 81 73 63
is_linear=0
shrinkage=0.03


Tree=204
num_leaves=7
num_cat=0
split_feature=58 49 36 47 43 50
split_gain=0.865162 0.742797 0.662271 0.726055 0.263912 0.391127
threshold=0.005799999926239253 0.14333777129650119 0.055899698287248618 0.85333144664764415 0.53356119990348827 0.25274411588907247
decision_type=2 2 2 2 2 2
left_child=1 2 -1 -4 5 -2
right_child=4 -3 3 -5 -6 -7
leaf_value=0 -0.007114139007390473 0 0.010992461402604627 0 0 0
leaf_weight=1.5168715864419997 5.0219955779612055 3.0214460417628279 10.964552052319048 1.4266517646610726 0.62207630649209011 0.85236644372344006
leaf_count=9 81 23 83 15 4 10
internal_value=0.000468002 0.00477972 0.00732768 0.00916253 -0.00321719 -0.00507133
internal_weight=23.426 16.9295 13.9081 12.3912 6.49644 5.87436
internal_count=225 130 107 98 95 91
is_linear=0
shrinkage=0.03


Tree=205
num_leaves=7
num_cat=0
split_feature=1 47 53 21 56 17
split_gain=0.78032 0.762785 0.959587 0.455606 0.418705 0.21006
threshold=0.83333334326744091 0.087287481874227538 -0.22608545422554013 0.15470241755247119 -0.55636668205261219 0.68966230750083934
decision_type=2 2 2 2 2 2
left_child=1 -1 3 -3 -2 -6
right_child=4 2 -4 -5 5 -7
leaf_value=0.0016007104578155816 0 0 0 -0.0099742118770778047 0.0087153117711773406 0
leaf_weight=3.4404289722442689 1.3712182007730005 1.4152065422385955 1.7033511549234344 10.328945737332104 5.423204053193329 1.8330997861921785
leaf_count=18 16 17 10 115 48 16
internal_value=0 -0.00189624 -0.00565093 -0.00861117 0.00570188 0.00754535
internal_weight=25.5155 16.8879 13.4475 11.7442 8.62752 7.2563
internal_count=240 160 142 132 80 64
is_linear=0
shrinkage=0.03


Tree=206
num_leaves=7
num_cat=0
split_feature=58 17 51 14 48 68
split_gain=1.20922 1.08253 0.480199 0.343312 0.292377 0.170461
threshold=1.0000000180025095e-35 0.51415646076202404 -0.41610644757747645 1.3885855674743655 0.12663277238607409 529.38558959960949
decision_type=2 2 2 2 2 10
left_child=1 4 3 -2 5 -1
right_child=2 -3 -4 -5 -6 -7
leaf_value=0.010701055902910159 0 0 0 -0.0088950149554419058 0 0
leaf_weight=7.2403715997934395 0.62190031260251988 5.2731545791029921 1.6697890087962131 5.7486365493386984 1.5732877179980267 1.9262925609946249
leaf_count=53 5 48 14 89 11 15
internal_value=0 0.00473577 -0.00529026 -0.0075658 0.00866635 0.00974677
internal_weight=24.0534 16.0131 8.04033 6.37054 10.74 9.16666
internal_count=235 127 108 94 79 68
is_linear=0
shrinkage=0.03


Tree=207
num_leaves=7
num_cat=0
split_feature=51 50 61 0 55 61
split_gain=1.03741 0.783211 0.649481 0.591621 0.298559 0.253509
threshold=-0.51844158768653859 0.15126202255487445 1.0000000180025095e-35 1.8333333134651186 0.07656854018568994 0.01060000015422702
decision_type=2 2 2 2 2 2
left_child=2 5 3 -1 -4 -2
right_child=1 -3 4 -5 -6 -7
leaf_value=-0.0086689617764861542 0.010787313613224769 0 0.0045599215929292055 0 0 0
leaf_weight=5.9043309818953293 5.6776739880442602 4.1704368926584721 3.0282026827335358 1.5944010242819784 1.4659300111234186 1.4022685550153253
leaf_count=92 42 36 21 13 11 11
internal_value=0.00106993 0.00647633 -0.00191228 -0.00615427 0.000388812 0.00966717
internal_weight=23.2432 11.2504 11.9929 7.49873 4.49413 7.07994
internal_count=226 89 137 105 32 53
is_linear=0
shrinkage=0.03


Tree=208
num_leaves=7
num_cat=0
split_feature=54 37 21 58 55 11
split_gain=0.712082 0.91847 0.54432 0.394516 0.591619 0.242289
threshold=0.069159060716629042 0.6745092272758485 0.21817453950643542 0.011799999978393318 0.12808823585510257 5.6070852279663095
decision_type=2 2 2 2 2 2
left_child=-1 2 -2 4 -3 -4
right_child=1 3 5 -5 -6 -7
leaf_value=0.0060342148346363969 0 0.0076314040724483681 -0.0090905167783892488 -4.285393873825389e-05 0 0
leaf_weight=3.9828135706484344 1.7443706225603843 5.6019001826643926 9.9083578009158337 2.1640964262187481 1.7700072489678857 0.87648047134280282
leaf_count=24 20 47 100 30 11 10
internal_value=0 -0.00202691 -0.00644985 0.00103997 0.00465339 -0.00828622
internal_weight=26.048 22.0652 12.5292 9.536 7.37191 10.7848
internal_count=242 218 130 88 58 110
is_linear=0
shrinkage=0.03


Tree=209
num_leaves=7
num_cat=0
split_feature=58 0 17 23 47 21
split_gain=0.999621 0.922196 0.380182 0.131258 0.0809894 0.288278
threshold=0.035399999469518668 0.83333334326744091 0.78189149498939525 0.89744064211845409 0.096516769379377379 0.25829005241394049
decision_type=2 2 2 2 2 2
left_child=1 4 -3 -2 -1 -6
right_child=3 2 -4 -5 5 -7
leaf_value=0.0012216734446835211 -0.0045269131083723879 0.010731008449701906 0 0 0 -0.004136686086343158
leaf_weight=2.9315434694290223 3.6841719746589652 7.1882546246051771 1.2182613685727117 0.48352403752505768 0.99823109060525794 8.2934572100639325
leaf_count=16 64 58 10 8 6 77
internal_value=0.00141632 0.00513345 0.00943099 -0.00338459 0 -0.0016667
internal_weight=24.7974 20.6297 8.40652 4.1677 12.2232 9.29169
internal_count=239 167 68 72 99 83
is_linear=0
shrinkage=0.03


Tree=210
num_leaves=7
num_cat=0
split_feature=60 68 56 1 27 46
split_gain=1.17219 1.12968 0.422337 0.604956 0.123196 0.0717881
threshold=0.0030000000260770325 752.01473999023449 -0.29210740327835077 0.83333334326744091 0.74545288085937511 0.77952489256858837
decision_type=2 8 2 2 2 2
left_child=1 5 3 4 -2 -1
right_child=2 -3 -4 -5 -6 -7
leaf_value=0.011125517533633611 -0.0087047646740091265 0 0 0 0 0
leaf_weight=6.6518692653626257 5.5440963227301836 8.3381618056446296 1.1297065205872039 1.5005087275058029 0.78366356901824463 1.3549595251679418
leaf_count=50 61 89 8 14 11 9
internal_value=0.00137975 0.00609845 -0.00274051 -0.00541355 -0.00808365 0.0105297
internal_weight=25.303 16.345 8.95798 7.82827 6.32776 8.00683
internal_count=242 148 94 86 72 59
is_linear=0
shrinkage=0.03


Tree=211
num_leaves=7
num_cat=0
split_feature=68 60 9 43 47 57
split_gain=1.61853 0.90007 0.566793 0.620829 0.223932 0.182301
threshold=385.15440368652349 0.34340000152587896 5.1666667461395273 0.16046787053346637 0.073408186435699477 0.89219999313354503
decision_type=8 2 2 2 2 2
left_child=1 5 3 -2 -5 -1
right_child=2 -3 -4 4 -6 -7
leaf_value=0.010111123856120339 0 0 0 0 -0.0096550876882694064 0
leaf_weight=8.1623075380921382 2.1320463791489592 1.7080068960785855 1.0447448380291451 0.84497655928134818 9.7851904761046153 1.1839979514479626
leaf_count=64 16 13 7 4 129 8
internal_value=0 0.0064749 -0.00491022 -0.00690126 -0.00892376 0.009354
internal_weight=24.8613 11.0543 13.807 12.7622 10.6302 9.34631
internal_count=241 85 156 149 133 72
is_linear=0
shrinkage=0.03


Tree=212
num_leaves=7
num_cat=0
split_feature=0 58 47 54 55 26
split_gain=0.510005 0.765646 0.671552 0.553824 0.463542 0.0191251
threshold=0.83333334326744091 0.009599999990314247 0.085297085344791426 0.66878628730773937 0.14269554615020755 0.88823613524436962
decision_type=2 2 2 2 2 2
left_child=2 4 -1 5 -2 -4
right_child=1 -3 3 -5 -6 -7
leaf_value=0.0012600180036436881 0.0098256275572441952 0 -0.008305461932916966 0 0 0
leaf_weight=3.3372418805956867 5.4818466827273351 2.232434680685401 6.9538219943642599 3.6277813091874123 1.8793971687555311 0.98085333965718735
leaf_count=17 44 36 77 33 12 15
internal_value=0 0.00445224 -0.00168399 -0.00550661 0.00787795 -0.00801551
internal_weight=24.4934 9.59368 14.8997 11.5625 7.36124 7.93468
internal_count=234 92 142 125 56 92
is_linear=0
shrinkage=0.03


Tree=213
num_leaves=7
num_cat=0
split_feature=54 1 48 14 52 61
split_gain=0.909529 0.968468 0.694367 0.499281 0.136136 0.0375068
threshold=0.069159060716629042 0.83333334326744091 -0.23816646635532376 12.59736490249634 -0.35618743300437922 1.0000000180025095e-35
decision_type=2 2 2 2 2 2
left_child=-1 2 5 -3 -4 -2
right_child=1 3 4 -5 -6 -7
leaf_value=0.0070140608810215039 0 0.0058851059722896931 -0.0099859082527592995 0 0 0.0016754905023894206
leaf_weight=4.0499520264565971 2.8941830322146442 4.3311391025781623 7.0423482749611166 2.9802008271217346 2.281893920153375 2.024529904127121
leaf_count=25 35 39 84 36 17 11
internal_value=0 -0.00200903 -0.00626645 0.00164769 -0.00903343 0
internal_weight=25.6042 21.5543 14.243 7.31134 9.32424 4.91871
internal_count=247 222 147 75 101 46
is_linear=0
shrinkage=0.03


Tree=214
num_leaves=7
num_cat=0
split_feature=0 51 22 58 19 21
split_gain=0.547063 0.710688 0.639424 0.425619 0.296222 0.251705
threshold=1.1666666865348818 -0.4306392222642898 0.019397587515413765 0.009599999990314247 0.69315171241760265 0.88802599906921398
decision_type=2 2 2 2 2 2
left_child=1 2 -1 4 -2 -4
right_child=3 -3 5 -5 -6 -7
leaf_value=0 0.0080665382814086202 0.00029116822766496703 -0.0093701375479662355 0 0 0
leaf_weight=1.6763914823532129 5.2117334865033609 5.9335023835301426 8.1377411261200887 1.6525988969951866 1.5174968242645261 1.0926238447427739
leaf_count=10 43 39 104 25 11 16
internal_value=0 -0.0023813 -0.00614892 0.00430175 0.00657499 -0.00842798
internal_weight=25.2221 16.8403 10.9068 8.38183 6.72923 9.23036
internal_count=248 169 130 79 54 120
is_linear=0
shrinkage=0.03


Tree=215
num_leaves=7
num_cat=0
split_feature=32 54 58 3 58 26
split_gain=0.697617 1.18616 0.481631 0.406551 0.240145 0.108769
threshold=0.19966991245746615 0.069159060716629042 0.045199999585747726 4.1666667461395273 0.1191999986767769 0.016218227334320549
decision_type=2 2 2 2 2 2
left_child=2 -2 5 4 -3 -1
right_child=1 3 -4 -5 -6 -7
leaf_value=0 0.0017336369230891017 -0.010136180911882784 0 0 0 0.0072617781855938736
leaf_weight=1.6176006644964234 2.9732352234423152 8.5854584071785158 1.1058288700878618 0.75405258685350496 1.7420228235423572 6.313906766474247
leaf_count=10 16 101 12 7 37 48
internal_value=0 -0.00352518 0.00415669 -0.0079353 -0.00912716 0.00652052
internal_weight=23.0921 14.0548 9.03734 11.0815 10.3275 7.93151
internal_count=231 161 70 145 138 58
is_linear=0
shrinkage=0.03


Tree=216
num_leaves=7
num_cat=0
split_feature=60 1 68 7 47 30
split_gain=1.03609 1.03067 1.02861 0.325972 0.138826 0.116478
threshold=0.0030000000260770325 0.83333334326744091 752.01473999023449 388.00000000000006 0.085297085344791426 0.077480636537075057
decision_type=2 2 8 2 2 2
left_child=2 -2 3 -1 -4 -6
right_child=1 -3 4 -5 5 -7
leaf_value=0.010614944677083727 -0.0086957306374025062 0.00053962360783989705 0.00039918663059734897 0 0 -0.0039823688454145474
leaf_weight=6.4410228990018377 6.1756133399903756 2.1776236053556204 2.9715292453765869 1.0995942950248716 0.76969210803508747 4.3579257596284151
leaf_count=49 71 19 17 8 6 64
internal_value=0 -0.00403675 0.00497031 0.00942804 0 -0.00285002
internal_weight=23.993 8.35324 15.6398 7.54062 8.09915 5.12762
internal_count=234 90 144 57 87 70
is_linear=0
shrinkage=0.03


Tree=217
num_leaves=7
num_cat=0
split_feature=0 58 53 24 18 14
split_gain=0.838165 1.13192 0.630296 0.674811 0.251771 0.245755
threshold=0.83333334326744091 0.009599999990314247 -0.22608545422554013 0.80802294611930858 0.94038009643554699 14.164558887481691
decision_type=2 2 2 2 2 2
left_child=2 4 3 5 -2 -1
right_child=1 -3 -4 -5 -6 -7
leaf_value=-0.0095366250724032136 0.010272798178047804 -0.00042489112324439607 0 0 0 0
leaf_weight=8.8159972429275495 5.938083525747059 2.3386288695037365 1.7139274142682577 2.4041501786559811 1.0951048769056795 1.0006986707448948
leaf_count=86 48 38 10 35 10 10
internal_value=0 0.00475969 -0.00363058 -0.00630288 0.00924351 -0.00867141
internal_weight=23.3066 9.37182 13.9348 12.2208 7.03319 9.8167
internal_count=237 96 141 131 58 96
is_linear=0
shrinkage=0.03


Tree=218
num_leaves=7
num_cat=0
split_feature=68 11 54 55 7 55
split_gain=0.511755 0.69225 0.457584 0.445283 0.324706 0.220175
threshold=529.38558959960949 5.6070852279663095 0.069159060716629042 0.16169135272502902 383.50000000000006 0.16589002311229709
decision_type=8 2 2 2 2 2
left_child=3 2 -2 4 -1 -4
right_child=1 -3 5 -5 -6 -7
leaf_value=0.0069162885909853609 0 0 -0.0090679690087581109 0 0 0
leaf_weight=9.1952567175030726 1.8540731221437443 2.2678265348076811 7.8573143966495973 1.3412963673472393 1.0813891738653172 0.65104073658585537
leaf_count=72 9 18 104 12 9 12
internal_value=0 -0.00322497 -0.00649273 0.00322769 0.00555621 -0.00828428
internal_weight=24.2482 12.6303 10.3624 11.6179 10.2766 8.50836
internal_count=236 143 125 93 81 116
is_linear=0
shrinkage=0.03


Tree=219
num_leaves=7
num_cat=0
split_feature=0 58 17 54 21 54
split_gain=1.04434 0.725175 0.640684 0.611445 0.621245 0.42348
threshold=0.83333334326744091 0.009599999990314247 0.80976635217666637 0.069159060716629042 0.15470241755247119 0.79003721475601207
decision_type=2 2 2 2 2 2
left_child=3 2 -2 -1 -5 -6
right_child=1 -3 -4 4 5 -7
leaf_value=0 0.0099849448343772608 0 0 0 -0.010685208765961358 0
leaf_weight=2.1828282475471523 5.2042382508516294 2.2364349588751793 1.0872556231915949 1.4836913812905539 8.7773777525871974 1.3099182881414879
leaf_count=11 44 34 7 16 98 11
internal_value=0 0.00393284 0.00759288 -0.00524444 -0.00746984 -0.00936774
internal_weight=22.2817 8.52793 6.29149 13.7538 11.571 10.0873
internal_count=221 85 51 136 125 109
is_linear=0
shrinkage=0.03


Tree=220
num_leaves=5
num_cat=0
split_feature=54 0 33 30
split_gain=0.854959 1.23111 0.546185 0.500054
threshold=0.069159060716629042 3.5000000000000004 0.23355001211166385 0.84942904114723217
decision_type=2 2 2 2
left_child=-1 2 -2 -4
right_child=1 -3 3 -5
leaf_value=0.0044724748786824945 0 0.0017603590797126329 -0.010296704941805358 0
leaf_weight=4.0097379684448269 1.6810684744268716 3.0323249883949748 13.565382096916435 1.2675537783652533
leaf_count=25 21 28 150 18
internal_value=0 -0.00406914 -0.00766274 -0.00908226
internal_weight=23.5561 19.5463 16.514 14.8329
internal_count=242 217 189 168
is_linear=0
shrinkage=0.03


Tree=221
num_leaves=7
num_cat=0
split_feature=1 47 58 43 56 49
split_gain=0.870828 1.09955 0.664137 0.378742 0.165248 0.100902
threshold=0.83333334326744091 0.087287481874227538 0.009599999990314247 0.15180068463087085 -0.5934043526649474 0.14997395873069766
decision_type=2 2 2 2 2 2
left_child=1 -1 5 -3 -5 -2
right_child=2 3 -4 4 -6 -7
leaf_value=0.0015534452506256577 0.0089712464654528069 0 0 0 -0.0093713658669187013 0
leaf_weight=3.129831254482272 4.6318651176989061 1.6380876079201687 1.7541899140924213 0.74171078205108365 9.8372641522437334 1.6853632554411886
leaf_count=17 38 10 31 8 117 12
internal_value=0 -0.00340957 0.0052023 -0.00750857 -0.00879945 0.00816119
internal_weight=23.4183 15.3469 8.07142 12.2171 10.579 6.31723
internal_count=233 152 81 135 125 50
is_linear=0
shrinkage=0.03


Tree=222
num_leaves=7
num_cat=0
split_feature=51 28 19 34 23 34
split_gain=0.647598 0.429043 0.420857 0.65043 0.165763 0.0649022
threshold=-0.51844158768653859 0.10189286246895791 0.81449943780899059 0.79708495736122142 0.92635458707809459 0.11043261736631395
decision_type=2 2 2 2 2 2
left_child=1 -1 3 5 -3 -2
right_child=2 4 -4 -5 -6 -7
leaf_value=0 0 -0.0066134773816117444 0 0 0 0.0089936787726399899
leaf_weight=3.0433669686317462 1.120764784514902 6.6860462948679924 1.7403855696320523 1.7203022837638844 0.70509039238095272 7.4432380087673664
leaf_count=24 7 91 13 18 10 59
internal_value=0 -0.00308508 0.00419909 0.00614967 -0.0057781 0.0085356
internal_weight=22.4592 10.4345 12.0247 10.2843 7.39114 8.564
internal_count=222 125 97 84 101 66
is_linear=0
shrinkage=0.03


Tree=223
num_leaves=7
num_cat=0
split_feature=58 19 7 0 21 35
split_gain=0.986471 0.755254 0.652448 0.322707 0.24342 0.214002
threshold=1.0000000180025095e-35 0.44250741600990301 368.00000000000006 4.1666667461395273 0.88802599906921398 0.11878597363829614
decision_type=2 2 2 2 2 2
left_child=1 2 -1 4 5 -2
right_child=3 -3 -4 -5 -6 -7
leaf_value=0.010409428286740015 0 0 0 0 0 -0.0075219442252653802
leaf_weight=8.2983020804822463 1.0813042931258658 4.7724397908896199 1.3279735222458828 0.97698712348937977 1.0185670629143713 5.5620558522641659
leaf_count=62 12 44 9 10 15 78
internal_value=0.000438678 0.00541643 0.00843239 -0.00309358 -0.00515207 -0.00642895
internal_weight=23.0376 14.3987 9.62628 8.63891 7.66193 6.64336
internal_count=230 115 71 115 105 90
is_linear=0
shrinkage=0.03


Tree=224
num_leaves=7
num_cat=0
split_feature=19 59 68 26 7 44
split_gain=0.583769 0.592054 0.388263 0.32934 0.246887 0.059317
threshold=0.24221903830766681 0.27939999103546148 102.1502151489258 0.13431811332702639 383.50000000000006 0.65886381268501293
decision_type=2 2 10 2 2 2
left_child=1 4 3 -2 -1 -5
right_child=2 -3 -4 5 -6 -7
leaf_value=0.0083541844424866764 0 0 0 -0.0073678191063124825 0 0
leaf_weight=6.8112757448107022 0.67944446206092646 2.2940326146781436 6.4189047273248434 4.8543872535228729 1.5337466262280939 1.2408245280385015
leaf_count=54 6 21 69 67 11 7
internal_value=0 0.00450168 -0.00214927 -0.00521711 0.00720036 -0.00683981
internal_weight=23.8326 10.6391 13.1936 6.77466 8.34502 6.09521
internal_count=235 86 149 80 65 74
is_linear=0
shrinkage=0.03


Tree=225
num_leaves=7
num_cat=0
split_feature=51 19 68 0 35 34
split_gain=0.459638 0.622459 0.617899 0.530436 0.418751 0.389503
threshold=-0.51844158768653859 0.81449943780899059 313.60475158691412 3.1666666269302373 0.1045847423374653 0.80959230661392223
decision_type=2 2 8 2 2 2
left_child=2 4 -1 -4 -2 -6
right_child=1 -3 3 -5 5 -7
leaf_value=0 0 0 -0.0084278649930821879 0 0.0096252182488227936 0
leaf_weight=4.5925963819026956 1.1945552770048369 1.6018885821104039 5.7991848923265943 0.75121611729264248 7.4064541328698379 1.1931142434477804
leaf_count=36 9 13 99 5 62 13
internal_value=0 0.00389726 -0.0020482 -0.00624181 0.00668729 0.00823739
internal_weight=22.539 11.396 11.143 6.5504 9.79412 8.59957
internal_count=237 97 140 104 84 75
is_linear=0
shrinkage=0.03


Tree=226
num_leaves=6
num_cat=0
split_feature=51 68 11 60 11
split_gain=0.782528 0.721355 0.766298 0.261404 0.250419
threshold=-0.43886667490005488 376.21420288085943 5.6070852279663095 0.0061999999452382335 2.8611940145492558
decision_type=2 8 2 2 2
left_child=1 3 -3 -1 -2
right_child=4 2 -4 -5 -6
leaf_value=0.0041517079444029709 0.0074266273451613187 -0.0091694479558166522 0 0 0
leaf_weight=3.9518966376781473 5.0846552178263655 7.0236511323601007 2.0564994663000107 2.30573420971632 2.8657986149191856
leaf_count=32 32 111 18 21 26
internal_value=0 -0.00196326 -0.00623464 0.000566704 0.00581324
internal_weight=23.2882 15.3378 9.08015 6.25763 7.95045
internal_count=240 182 129 53 58
is_linear=0
shrinkage=0.03


Tree=227
num_leaves=7
num_cat=0
split_feature=68 6 59 48 11 51
split_gain=0.412608 0.574305 0.448046 0.314471 0.286426 0.391505
threshold=752.01473999023449 195.87500000000003 0.36640000343322759 -0.34321959316730494 5.6070852279663095 -0.40207976102828974
decision_type=8 2 2 2 2 2
left_child=1 2 3 -1 5 -2
right_child=4 -3 -4 -5 -6 -7
leaf_value=0 -0.0063922813683319063 0 0 0.0092273813829618061 0 0
leaf_weight=1.4036079272627819 5.31609297171235 1.23578206822276 2.4548143185675135 8.3818575292825717 1.7361490614712227 2.8183484300971022
leaf_count=11 90 10 22 65 15 19
internal_value=0.000435503 0.00392669 0.00628619 0.00804982 -0.000888785 -0.00388339
internal_weight=23.3467 13.4761 12.2403 9.78547 9.87059 8.13444
internal_count=232 108 98 76 124 109
is_linear=0
shrinkage=0.03


Tree=228
num_leaves=7
num_cat=0
split_feature=51 28 28 17 34 58
split_gain=1.08319 0.947825 0.496907 0.572313 0.208821 0.082105
threshold=-0.51844158768653859 0.25222551822662359 0.81790655851364147 0.90320709347724926 0.12545955926179889 0.003199999919161201
decision_type=2 2 2 2 2 2
left_child=1 5 3 4 -2 -1
right_child=2 -3 -4 -5 -6 -7
leaf_value=0.0023854612073261035 0 -0.0079952950662961972 0 0 0.010290977214271869 0
leaf_weight=3.5961107201874274 1.2539897188544262 5.9459169004112482 1.6071234699338663 1.2058696150779713 8.5281151216477138 1.7918545734137294
leaf_count=26 9 92 18 7 67 21
internal_value=0.000449985 -0.00282095 0.00599463 0.00774568 0.00947051 0.000475084
internal_weight=23.929 11.3339 12.5951 10.988 9.7821 5.38797
internal_count=240 139 101 83 76 47
is_linear=0
shrinkage=0.03


Tree=229
num_leaves=7
num_cat=0
split_feature=68 60 11 43 61 0
split_gain=0.78448 1.09762 0.352219 0.344105 0.223045 0.215996
threshold=752.01473999023449 0.31399999558925634 5.6070852279663095 0.13800700753927234 0.14779999852180484 3.1666666269302373
decision_type=8 2 2 2 2 2
left_child=1 4 3 -2 -1 -5
right_child=2 -3 -4 5 -6 -7
leaf_value=0.0099827768345040271 0 0 0 -0.0072123183862563894 0 0
leaf_weight=8.6441428326070326 0.63301248848438163 2.897174146026372 1.9554121121764172 6.9470368083566409 1.2444921769201744 1.0732983648777006
leaf_count=67 3 25 16 104 11 6
internal_value=0.00084459 0.00542013 -0.00171274 -0.00449834 0.00912835 -0.00617509
internal_weight=23.3946 12.7858 10.6088 8.65335 9.88864 8.02034
internal_count=232 103 129 113 78 110
is_linear=0
shrinkage=0.03


Tree=230
num_leaves=7
num_cat=0
split_feature=52 30 58 61 47 19
split_gain=0.885263 1.15069 0.487162 0.364433 0.242407 0.230607
threshold=-0.38562110066413874 0.15509434044361117 0.020399999804794792 0.0014000000082887711 0.077529683709144606 0.81449943780899059
decision_type=2 2 2 2 2 2
left_child=1 2 -1 4 -3 -2
right_child=5 3 -4 -5 -6 -7
leaf_value=0.0063561688604769689 0.0082605512302252136 0 0 0 -0.0092657298289724275 0
leaf_weight=6.1315765865147176 6.3367892056703559 0.96469520032405665 1.2193517647683618 2.2064586542546749 5.9491997957229614 1.2031388096511362
leaf_count=44 48 5 13 17 102 11
internal_value=0.00180894 -0.000174572 0.00350605 -0.0065613 -0.00824975 0.00719189
internal_weight=24.0112 16.4713 7.35093 9.12035 6.91389 7.53993
internal_count=240 181 57 124 107 59
is_linear=0
shrinkage=0.03


Tree=231
num_leaves=7
num_cat=0
split_feature=0 50 51 54 28 68
split_gain=0.438689 0.63688 0.498649 0.330655 0.281897 0.26811
threshold=2.1666666269302373 0.15126202255487445 -0.51844158768653859 0.56555533409118663 0.1408861503005028 262.56336975097662
decision_type=2 2 2 2 2 8
left_child=1 2 5 -3 -4 -1
right_child=-2 3 4 -5 -6 -7
leaf_value=0 0.0044222817575795478 -0.0079411707032495116 0 0 0.0066920495131419736 -0.0045404214351304649
leaf_weight=1.6561203077435527 5.0119395256042472 5.4136664550751439 1.4196818768978134 1.1537232697010038 4.5885254256427288 4.089684059843421
leaf_count=10 46 66 9 11 33 62
internal_value=0 -0.00189066 0 -0.00638031 0.00499634 -0.00176705
internal_weight=23.3333 18.3214 11.754 6.56739 6.00821 5.7458
internal_count=237 191 114 77 42 72
is_linear=0
shrinkage=0.03


Tree=232
num_leaves=7
num_cat=0
split_feature=68 60 6 11 30 68
split_gain=0.561898 0.711966 0.633173 0.489415 0.409326 0.188004
threshold=36.717102050781257 0.31399999558925634 192.00000000000003 5.6070852279663095 0.04593904688954354 697.16046142578136
decision_type=10 2 2 2 2 10
left_child=3 2 5 4 -1 -2
right_child=1 -3 -4 -5 -6 -7
leaf_value=0 0.010213049543179472 0 0 0 -0.0073839012239912899 0
leaf_weight=1.1932333484292046 7.2100066021084768 2.2575645204633465 1.2102521322667588 2.650962321087718 6.4940734449774027 1.6079421937465666
leaf_count=8 58 26 13 21 83 20
internal_value=0 0.00431677 0.00726143 -0.00210855 -0.00547866 0.00929527
internal_weight=22.624 12.2858 10.0282 10.3383 7.68731 8.81795
internal_count=229 117 91 112 91 78
is_linear=0
shrinkage=0.03


Tree=233
num_leaves=7
num_cat=0
split_feature=19 58 31 28 39 14
split_gain=0.456375 0.502019 0.393886 0.350154 0.318557 0.283642
threshold=0.41361200809478765 1.0000000180025095e-35 0.2714486569166184 0.013348476495593788 0.20223893225193026 8.2942690849304217
decision_type=2 2 2 2 2 2
left_child=1 3 -2 -1 -5 -4
right_child=2 -3 5 4 -6 -7
leaf_value=0 0 0 0 0.0081407670338794914 0 -0.0075304856759263079
leaf_weight=0.66079480201006191 2.9885039348155242 4.1733050718903533 1.0377663597464559 7.927099406719206 1.2689413726329801 5.6256592608988285
leaf_count=5 28 48 12 65 9 76
internal_value=0 0.00236503 -0.00374982 0.00543347 0.00685243 -0.0061528
internal_weight=23.6821 14.0301 9.65193 9.85684 9.19604 6.66343
internal_count=243 127 116 79 74 88
is_linear=0
shrinkage=0.03


Tree=234
num_leaves=7
num_cat=0
split_feature=68 60 6 51 43 0
split_gain=0.981116 1.0275 0.51923 0.376819 0.299215 0.381992
threshold=697.16046142578136 0.31399999558925634 185.75000000000003 -0.3978706151247024 0.14653412997722629 4.8333332538604745
decision_type=8 2 2 2 2 2
left_child=1 2 -1 4 -2 -6
right_child=3 -3 -4 -5 5 -7
leaf_value=0.010663184793284212 0 0 0 0 -0.0081209289781769417 0
leaf_weight=9.3418770581483859 0.84731603413820256 2.7063528336584559 1.308585613965987 2.8781686425209028 6.0257734041661024 0.5828382372856139
leaf_count=75 5 23 9 18 104 4
internal_value=0.000925261 0.00587866 0.009158 -0.00226879 -0.00504225 -0.00655252
internal_weight=23.6909 13.3568 10.6505 10.3341 7.45593 6.60861
internal_count=238 107 84 131 113 108
is_linear=0
shrinkage=0.03


Tree=235
num_leaves=7
num_cat=0
split_feature=0 58 54 54 49 16
split_gain=0.723175 0.824095 0.397906 0.787652 0.238973 0.23391
threshold=0.83333334326744091 0.009599999990314247 0.069159060716629042 0.59522289037704479 0.16620416194200519 0.53258931636810314
decision_type=2 2 2 2 2 2
left_child=2 5 -1 4 -4 -2
right_child=1 -3 3 -5 -6 -7
leaf_value=0.00099214794368521881 0 0 -0.0086608084924531745 0 0 0.010077216576879565
leaf_weight=2.343610584735873 1.2739611268043498 1.7998338732868431 7.0993277374654991 4.35101612843573 1.1527631394565103 6.032640315592289
leaf_count=11 11 32 81 40 16 48
internal_value=0.0010528 0.0059478 -0.000713127 -0.00398338 -0.00764778 0.00905047
internal_weight=24.0532 9.10644 14.9467 12.6031 8.25209 7.3066
internal_count=239 91 148 137 97 59
is_linear=0
shrinkage=0.03


Tree=236
num_leaves=7
num_cat=0
split_feature=28 31 11 60 36 49
split_gain=0.879082 0.781975 0.689072 0.469911 0.279003 0.148202
threshold=0.21729622781276706 0.69415679574012767 1.5505093336105349 0.31399999558925634 0.055899698287248618 0.094472233206033721
decision_type=2 2 2 2 2 2
left_child=3 2 -2 4 -1 -3
right_child=1 5 -4 -5 -6 -7
leaf_value=0 0 0 -0.0098092630182118473 0 0.0084570029994564012 0.0032523057578486424
leaf_weight=1.394207656383516 1.737027432769535 1.3541303575038903 6.9799719490110874 1.7154538948088882 6.1533028017729521 2.6099431589245796
leaf_count=9 17 20 84 15 51 30
internal_value=0 -0.00369639 -0.00735921 0.00499845 0.00717833 0
internal_weight=21.944 12.6811 8.717 9.26296 7.54751 3.96407
internal_count=226 151 101 75 60 50
is_linear=0
shrinkage=0.03


Tree=237
num_leaves=7
num_cat=0
split_feature=60 68 7 0 56 26
split_gain=0.750759 1.17088 0.44374 0.357101 0.328639 0.183586
threshold=0.0030000000260770325 984.45333862304699 379.50000000000006 4.1666667461395273 -0.3232800811529159 0.16030008345842364
decision_type=2 8 2 2 2 2
left_child=1 2 -1 4 -2 -3
right_child=3 5 -4 -5 -6 -7
leaf_value=0.010762566159974861 -0.0068675520036409225 0 0 0 0 -0.0034291941938859902
leaf_weight=7.4518180247396231 5.5130885355174541 2.6960282586514959 1.215112557634711 1.0790932662785051 0.97525706700980563 4.0507153961807489
leaf_count=60 68 18 11 10 7 59
internal_value=0.000464955 0.00472897 0.00932193 -0.00255278 -0.00514152 0
internal_weight=22.9811 15.4137 8.66693 7.56744 6.48835 6.74674
internal_count=233 148 71 85 75 77
is_linear=0
shrinkage=0.03


Tree=238
num_leaves=6
num_cat=0
split_feature=54 0 54 30 42
split_gain=0.635916 1.06247 0.865346 0.510939 0.0192999
threshold=0.069159060716629042 3.5000000000000004 0.59522289037704479 0.84942904114723217 0.26790553331375128
decision_type=2 2 2 2 2
left_child=-1 2 3 -2 -4
right_child=1 -3 4 -5 -6
leaf_value=0.0056096237978760398 -0.010831770962765542 0.0027824171412322318 0.0011460719920361967 0 0
leaf_weight=3.5216348096728352 9.1201382409781235 2.709714174270629 3.2243064381182185 1.2533661797642697 1.7339017484337089
leaf_count=22 107 29 28 18 24
internal_value=0 -0.00228825 -0.00629762 -0.00935621 0
internal_weight=21.5631 18.0414 15.3317 10.3735 4.95821
internal_count=228 206 177 125 52
is_linear=0
shrinkage=0.03


Tree=239
num_leaves=6
num_cat=0
split_feature=54 0 47 47 68
split_gain=0.464437 0.80074 0.859932 0.301607 0.0640008
threshold=0.069159060716629042 3.5000000000000004 0.73610010743141185 0.085297085344791426 313.60475158691412
decision_type=2 2 2 2 8
left_child=-1 2 3 -2 -4
right_child=1 -3 4 -5 -6
leaf_value=0.0046930279010372663 0 0.0019075355972561325 0.002129718078853469 -0.009710385881964748 0
leaf_weight=3.511563133448365 1.1402194872498572 3.1389427036046973 2.6994180530309668 9.4996184483170492 3.0532823391258717
leaf_count=22 7 33 17 119 42
internal_value=0 -0.00201923 -0.00548237 -0.00871384 0
internal_weight=23.043 19.5315 16.3925 10.6398 5.7527
internal_count=240 218 185 126 59
is_linear=0
shrinkage=0.03


Tree=240
num_leaves=7
num_cat=0
split_feature=60 28 1 53 4 45
split_gain=0.496074 0.729683 0.498626 0.697023 0.477736 0.545461
threshold=0.0030000000260770325 0.82930251955986034 0.83333334326744091 -0.22608545422554013 0.0079052620567381399 0.53441932797431957
decision_type=2 2 2 2 8 2
left_child=1 4 3 -2 -1 -6
right_child=2 -3 -4 -5 5 -7
leaf_value=0 -0.0086591895269950616 -0.00010968964360127569 0 0 0.0096174703162261819 0
leaf_weight=2.3141285739839121 5.5724462550133467 1.7656938303261984 1.4351137932389972 0.96407707035541435 10.891296556219457 1.6008897870779044
leaf_count=26 70 25 16 6 85 18
internal_value=0 0.00365463 -0.00225716 -0.00571618 0.00638553 0.00800539
internal_weight=24.5436 16.572 7.97164 6.53652 14.8063 12.4922
internal_count=246 154 92 76 129 103
is_linear=0
shrinkage=0.03


Tree=241
num_leaves=7
num_cat=0
split_feature=68 60 26 4 19 68
split_gain=0.801914 0.932186 0.652833 0.485981 0.259367 0.185587
threshold=36.717102050781257 0.31399999558925634 0.14372427761554721 0.0080972984433174151 0.23182993382215503 752.01473999023449
decision_type=10 2 2 8 2 10
left_child=2 3 -1 -2 -4 -5
right_child=1 -3 4 5 -6 -7
leaf_value=0 0 0 0 0.010703676575771792 -0.0078381858662547928 0
leaf_weight=3.2926172092556971 1.4444104153662891 2.4638556316494933 1.2108716778457163 7.393230464309454 6.1687425803393126 1.2525949105620382
leaf_count=21 16 30 15 63 75 15
internal_value=0 0.00493524 -0.0028877 0.00831286 -0.00661252 0.00989516
internal_weight=23.2263 12.5541 10.6722 10.0902 7.37961 8.64583
internal_count=235 124 111 94 90 78
is_linear=0
shrinkage=0.03


Tree=242
num_leaves=7
num_cat=0
split_feature=58 28 35 2 62 16
split_gain=0.652837 0.65917 0.622149 0.692847 0.246737 0.214685
threshold=1.0000000180025095e-35 0.81790655851364147 0.1045847423374653 1.9959999918937685 0.55140000581741344 0.68485224246978771
decision_type=2 2 2 2 2 2
left_child=1 2 -1 -4 5 -2
right_child=4 -3 3 -5 -6 -7
leaf_value=0 -0.0056867305733280119 0 0.011054168071831438 0 0 0
leaf_weight=2.4270661994814899 4.6656611897051317 1.3378247879445542 8.9779903162270767 1.4776636362075795 1.6995502673089502 2.462142625823617
leaf_count=15 67 17 72 15 15 35
internal_value=0.000643795 0.00473163 0.00704437 0.00910406 -0.00177012 -0.00405084
internal_weight=23.0479 14.2205 12.8827 10.4557 8.82735 7.1278
internal_count=236 119 102 87 117 102
is_linear=0
shrinkage=0.03


Tree=243
num_leaves=7
num_cat=0
split_feature=68 60 4 11 26 33
split_gain=0.71441 0.584739 0.514438 0.41062 0.236101 0.127824
threshold=50.487812042236335 0.31399999558925634 0.0075805915985256442 5.6070852279663095 0.10526142641901971 0.87116658687591564
decision_type=10 2 8 2 2 2
left_child=3 2 -2 4 -1 -6
right_child=1 -3 -4 -5 5 -7
leaf_value=0 0 0 0.0084238273382082896 0 -0.0079037765716841162 0
leaf_weight=1.3708607368171231 1.1393276024609775 2.1476780716329804 8.8984540104866028 2.2300260663032523 5.819965336471796 0.89513994567096222
leaf_count=11 15 27 80 20 75 11
internal_value=0 0.00398206 0.00661967 -0.00378582 -0.00604426 -0.00722785
internal_weight=22.5015 12.1855 10.0378 10.316 8.08597 6.71511
internal_count=239 122 95 117 97 86
is_linear=0
shrinkage=0.03


Tree=244
num_leaves=7
num_cat=0
split_feature=22 51 25 1 37 55
split_gain=0.336742 0.417706 0.48123 0.265921 0.162325 0.00378949
threshold=0.32294894754886633 -0.3978706151247024 0.8993315100669862 0.83333334326744091 0.21490786224603656 0.036864625290036208
decision_type=2 2 2 2 2 2
left_child=3 2 4 5 -2 -1
right_child=1 -3 -4 -5 -6 -7
leaf_value=0 0 0 0 0.0049688815713420254 -0.0081838350231862225 -0.00051578439432697714
leaf_weight=3.286207854747774 0.52220445312559416 3.2328883893787852 1.1008150018751619 3.4753059055656195 7.3919638823717833 2.8199785798788071
leaf_count=23 9 25 13 32 96 25
internal_value=0 -0.00307007 -0.00554962 0.00218368 -0.00754106 0
internal_weight=21.8294 12.2479 9.01498 9.58149 7.91417 6.10619
internal_count=223 143 118 80 105 48
is_linear=0
shrinkage=0.03


Tree=245
num_leaves=7
num_cat=0
split_feature=60 68 6 1 11 42
split_gain=0.381595 1.05718 0.652174 0.596907 0.330131 0.203543
threshold=0.0030000000260770325 697.16046142578136 192.00000000000003 0.83333334326744091 5.6070852279663095 0.18874773383140567
decision_type=2 8 2 2 2 2
left_child=1 2 -1 -2 5 -3
right_child=3 4 -4 -5 -6 -7
leaf_value=0.010119684528126532 -0.00693020904390292 0 0 0 0 -0.0057911106447752058
leaf_weight=6.0717348307371148 5.6981459818780413 1.023371888324619 1.0358684584498403 1.8462031986564396 1.8255228679627178 4.8955403752624989
leaf_count=47 72 14 9 17 16 59
internal_value=0 0.00225795 0.0078675 -0.00351473 -0.00104141 -0.00445796
internal_weight=22.3964 14.852 7.1076 7.54435 7.74444 5.91891
internal_count=234 145 56 89 89 73
is_linear=0
shrinkage=0.03


Tree=246
num_leaves=7
num_cat=0
split_feature=68 60 11 7 14 60
split_gain=0.422587 0.841858 0.432761 0.328795 0.201616 0.198354
threshold=752.01473999023449 0.31399999558925634 5.6070852279663095 388.00000000000006 1.4842136502265932 0.833600014448166
decision_type=8 2 2 2 2 2
left_child=1 3 4 -1 -2 -6
right_child=2 -3 -4 -5 5 -7
leaf_value=0.0083131209384050969 0 -0.00047920526146416045 0 0 -0.0072859975296880207 0
leaf_weight=9.1697099879384059 0.57592107355594446 2.6113791577517977 1.7244322579354046 1.5525932013988484 6.1191728804260492 0.55772844329476345
leaf_count=78 3 26 15 13 90 9
internal_value=0 0.00342731 -0.00236607 0.00704628 -0.00536032 -0.00637227
internal_weight=22.3109 13.3337 8.97725 10.7223 7.25282 6.6769
internal_count=234 117 117 91 102 99
is_linear=0
shrinkage=0.03


Tree=247
num_leaves=7
num_cat=0
split_feature=58 49 47 34 0 54
split_gain=0.805544 0.549598 0.454009 0.414676 0.347487 0.0489281
threshold=0.00059999998484272521 0.14026109874248507 0.85333144664764415 0.06248129345476628 2.1666666269302373 0.079683117568492903
decision_type=2 2 2 2 2 2
left_child=1 2 3 -1 5 -2
right_child=4 -3 -4 -5 -6 -7
leaf_value=0 0 0 0 0.0091367741827374609 0 -0.0070673449826847111
leaf_weight=1.7458509430289293 0.59310808405280013 2.9367644712328902 1.352257728576659 9.2834568023681623 1.1612509265542028 4.9842345118522644
leaf_count=10 5 26 15 75 11 86
internal_value=0 0.0036285 0.00608225 0.00766831 -0.00483714 -0.00672449
internal_weight=22.0569 15.3183 12.3816 11.0293 6.73859 5.57734
internal_count=228 126 100 85 102 91
is_linear=0
shrinkage=0.03


Tree=248
num_leaves=7
num_cat=0
split_feature=58 19 23 14 51 28
split_gain=0.370718 0.607686 0.196557 0.264463 0.228515 0.190655
threshold=1.0000000180025095e-35 0.44250741600990301 0.92635458707809459 1.3885855674743655 -0.40721872448921198 0.01563517423346639
decision_type=2 2 2 2 2 2
left_child=1 5 3 -2 -5 -1
right_child=2 -3 -4 4 -6 -7
leaf_value=0 0 0 0 -0.0069536003425984408 0 0.0072012792880221397
leaf_weight=1.0928770974278474 0.62281239777803321 5.3867778107523909 0.64063402637839306 4.8909120652824631 1.0390323139727122 8.3715565763413888
leaf_count=7 6 50 9 82 7 64
internal_value=0 0.00306995 -0.00240483 -0.00408584 -0.00568228 0.00633492
internal_weight=22.0446 14.8512 7.19339 6.55276 5.92994 9.46443
internal_count=225 121 104 95 89 71
is_linear=0
shrinkage=0.03


Tree=249
num_leaves=7
num_cat=0
split_feature=68 44 26 31 19 41
split_gain=0.390353 0.427012 0.321469 0.327292 0.190535 0.0584673
threshold=752.01473999023449 0.29836738109588629 0.14372427761554721 0.75880935788154613 0.43198791146278387 0.40042632818222051
decision_type=8 2 2 2 2 2
left_child=1 4 -2 -4 -1 -3
right_child=2 5 3 -5 -6 -7
leaf_value=0.0076636239830532461 0 -0.0019891865544524813 -0.0063856752714279473 0 0 0
leaf_weight=4.7864710651338118 2.6499501466751081 3.2985537387430668 5.2677126005291939 1.8304217811673877 2.4396102949976921 1.4765867441892622
leaf_count=38 20 31 78 25 24 12
internal_value=0 0.00376959 -0.0013996 -0.00437992 0.00636072 0
internal_weight=21.7493 12.0012 9.74808 7.09813 7.22608 4.77514
internal_count=228 105 123 103 62 43
is_linear=0
shrinkage=0.03


Tree=250
num_leaves=7
num_cat=0
split_feature=68 60 11 14 52 60
split_gain=0.443566 0.613635 0.538227 0.500029 0.242092 0.28129
threshold=752.01473999023449 0.31399999558925634 5.6070852279663095 13.089718341827394 -0.32115480303764338 0.11800000071525575
decision_type=8 2 2 2 2 2
left_child=1 3 4 -1 5 -2
right_child=2 -3 -4 -5 -6 -7
leaf_value=0.0081199938332272136 -0.0091359478921429777 -0.00088567142287244614 0 0 0 0
leaf_weight=5.8955361433327216 5.5569167416542768 3.2949281372129908 1.8019896298646925 3.3909379690885544 0.66741152852773478 1.162760170176625
leaf_count=52 80 29 17 29 5 22
internal_value=0 0.00157747 -0.00422797 0.00556848 -0.00689843 -0.00790692
internal_weight=21.7705 12.5814 9.18908 9.28647 7.38709 6.71968
internal_count=234 110 124 81 107 102
is_linear=0
shrinkage=0.03


Tree=251
num_leaves=7
num_cat=0
split_feature=68 6 54 4 48 60
split_gain=0.624987 0.678722 0.526447 0.511675 0.419075 0.348198
threshold=529.38558959960949 192.00000000000003 0.069159060716629042 0.0050959466025233277 0.14886464178562167 0.31399999558925634
decision_type=8 2 2 8 2 2
left_child=1 5 -2 -4 -5 -1
right_child=2 -3 3 4 -6 -7
leaf_value=0.0089091119152760502 0 0 0 -0.00911630363104865 0 0
leaf_weight=7.0494541600346583 2.3028191402554503 1.2334036827087391 0.74861480481922349 7.3864960428327322 0.64198850840330113 1.7275115586817262
leaf_count=60 12 11 10 108 9 17
internal_value=0 0.00463035 -0.0025162 -0.00568689 -0.0076959 0.0074418
internal_weight=21.0903 10.0104 11.0799 8.7771 8.02848 8.77697
internal_count=227 88 139 127 117 77
is_linear=0
shrinkage=0.03


Tree=252
num_leaves=7
num_cat=0
split_feature=60 68 56 1 7 26
split_gain=0.389674 0.99275 0.471291 0.613171 0.379528 0.203917
threshold=0.0030000000260770325 752.01473999023449 -0.2745461761951446 0.83333334326744091 388.00000000000006 0.17967677861452105
decision_type=2 8 2 2 2 2
left_child=1 4 3 -2 -1 -3
right_child=2 5 -4 -5 -6 -7
leaf_value=0.0093076297232035903 -0.008322691559815595 0 0 0 0 -0.003536141176243231
leaf_weight=7.274704247713089 5.3612086642533541 2.0902413465082654 0.86207752674817939 0.94539871625602234 1.2071661762893198 4.7732630986720324
leaf_count=59 66 15 6 12 10 66
internal_value=0 0.00321941 -0.00226413 -0.00560437 0.00790518 -0.000267163
internal_weight=22.5141 15.3454 7.16868 6.30661 8.48187 6.8635
internal_count=234 150 84 78 69 81
is_linear=0
shrinkage=0.03


Tree=253
num_leaves=7
num_cat=0
split_feature=68 5 0 60 47 68
split_gain=0.847694 0.669256 0.526215 0.507423 0.240432 0.101641
threshold=385.15440368652349 0.68173515796661388 3.1666666269302373 0.34340000152587896 0.070282794535160079 71.733028411865249
decision_type=8 2 2 2 2 10
left_child=3 2 4 5 -2 -1
right_child=1 -3 -4 -5 -6 -7
leaf_value=0 0 0 0 0 -0.010047055095511521 0.0068173475794782818
leaf_weight=1.5739466622471825 0.83534370362758359 1.6149767581373442 0.85786250233650285 1.7418031021952627 8.4545820001512748 5.9334935545921326
leaf_count=14 4 14 7 15 125 48
internal_value=0 -0.00512025 -0.00762981 0.00316128 -0.00923874 0.00608875
internal_weight=21.012 11.7628 10.1478 9.24924 9.28993 7.50744
internal_count=227 150 136 77 129 62
is_linear=0
shrinkage=0.03


Tree=254
num_leaves=7
num_cat=0
split_feature=68 11 60 56 26 52
split_gain=1.25298 0.731033 0.683027 0.237422 0.0357672 0.0172312
threshold=36.717102050781257 5.6070852279663095 0.0030000000260770325 -0.57330232858657826 0.043026529252529151 -0.35618743300437922
decision_type=10 2 2 2 2 2
left_child=1 4 3 -2 -1 -4
right_child=2 -3 5 -5 -6 -7
leaf_value=0 0 0 -0.0010937175663913218 0.0084210361192134289 -0.0092366708585235602 0
leaf_weight=0.79573635011911559 1.01340141147375 2.1800633724778891 2.9642644990235567 7.0099277272820464 6.8780563045293093 1.6505929753184307
leaf_count=6 9 18 41 61 94 12
internal_value=0 -0.00614561 0.00408536 0.00742097 -0.00892488 0
internal_weight=22.492 9.85386 12.6382 8.02333 7.67379 4.61486
internal_count=241 118 123 70 100 53
is_linear=0
shrinkage=0.03


Tree=255
num_leaves=7
num_cat=0
split_feature=54 1 54 49 17 51
split_gain=0.718294 1.27044 0.85248 0.581268 0.2487 0.154625
threshold=0.069159060716629042 0.83333334326744091 0.76592186093330394 0.16620416194200519 0.68966230750083934 -0.56707820296287526
decision_type=2 2 2 2 2 2
left_child=-1 2 3 -2 5 -3
right_child=1 4 -4 -5 -6 -7
leaf_value=0.0043366006927563119 -0.01221155520439675 0 0 0 0 0.0052658693911741055
leaf_weight=3.6759008504450348 8.8139800354838371 1.355068996548652 2.4751596227288237 0.84500027634203512 1.6720477044582365 3.7202928923070426
leaf_count=24 107 20 22 13 17 37
internal_value=0 -0.00367128 -0.00827379 -0.010775 0.00102111 0.00400072
internal_weight=22.5575 18.8815 12.1341 9.65898 6.74741 5.07536
internal_count=240 216 142 120 74 57
is_linear=0
shrinkage=0.03


Tree=256
num_leaves=7
num_cat=0
split_feature=0 56 47 54 21 61
split_gain=0.620787 0.741148 0.670849 0.630937 0.312256 0.07804
threshold=1.8333333134651186 -0.25912809371948237 0.79380273818969738 0.069159060716629042 0.91669908165931713 1.0000000180025095e-35
decision_type=2 2 2 2 2 2
left_child=1 2 3 -1 -2 -4
right_child=4 -3 5 -5 -6 -7
leaf_value=0 0.0058430561680569201 0.0005002591987654123 -0.00011427917963570214 -0.010405871372898091 0 0.002437880837521196
leaf_weight=1.488143041729926 4.9402223378419867 0.85246045887470323 1.8007262013852607 9.9994646068662387 0.96639709919691075 1.7918215021491048
leaf_count=8 50 4 26 135 7 10
internal_value=0 -0.00356541 -0.0062954 -0.00862302 0.00379468 0
internal_weight=21.8392 15.9326 15.0802 11.4876 5.90662 3.59255
internal_count=240 183 179 143 57 36
is_linear=0
shrinkage=0.03


Tree=257
num_leaves=7
num_cat=0
split_feature=58 34 35 0 36 59
split_gain=0.382812 0.417057 0.647829 0.215853 0.140338 0.107859
threshold=1.0000000180025095e-35 0.79708495736122142 0.32889331877231603 4.1666667461395273 0.69807201623916637 1.0000000180025095e-35
decision_type=2 2 2 2 2 2
left_child=1 2 -1 4 5 -2
right_child=3 -3 -4 -5 -6 -7
leaf_value=0 0 0 0.0082237119633278531 0 0 -0.0063007401506216081
leaf_weight=5.9782767016440648 0.68869006633758356 2.2570280171930781 7.1249709092080593 0.76103201508522023 2.5390191152691841 4.1669978331774473
leaf_count=46 12 24 62 9 34 62
internal_value=0 0.00280654 0.00498928 -0.00282384 -0.00441488 -0.00559683
internal_weight=23.516 15.3603 13.1032 8.15574 7.39471 4.85569
internal_count=249 132 108 117 108 74
is_linear=0
shrinkage=0.03


Tree=258
num_leaves=7
num_cat=0
split_feature=50 2 47 9 47 58
split_gain=0.701518 0.704642 0.678389 0.532704 0.414374 0.203077
threshold=0.15126202255487445 1.6475065350532534 0.8404977321624757 4.6666667461395273 0.79380273818969738 0.025799999944865707
decision_type=2 2 2 2 2 2
left_child=1 2 5 4 -2 -1
right_child=3 -3 -4 -5 -6 -7
leaf_value=0.0098768178485860326 -0.0085091388128529129 0 0 0 0 0
leaf_weight=7.8986477218568343 6.0926137883216125 2.7182237412780514 1.5243101026862849 1.1651329323649404 0.84962032735347737 1.5889722295105455
leaf_count=58 77 34 17 12 7 26
internal_value=0 0.00366382 0.00673364 -0.00415644 -0.00683829 0.00895649
internal_weight=21.8375 13.7302 11.0119 8.10737 6.94223 9.48762
internal_count=231 135 101 96 84 84
is_linear=0
shrinkage=0.03


Tree=259
num_leaves=7
num_cat=0
split_feature=68 60 11 26 7 31
split_gain=0.405766 0.692512 0.327013 0.32311 0.271159 0.15015
threshold=50.487812042236335 0.31399999558925634 5.6070852279663095 0.10526142641901971 379.50000000000006 0.72432744503021251
decision_type=10 2 2 2 2 2
left_child=2 4 3 -1 -2 -5
right_child=1 -3 -4 5 -6 -7
leaf_value=0 0.0082853241883860014 0 0 -0.0069602263769751524 0 0
leaf_weight=1.6173769347369686 7.8134433142840845 2.2660312410444012 2.8174549117684364 5.1400111373513937 1.2336664069443939 0.86965877935290326
leaf_count=12 73 27 24 65 15 16
internal_value=0.000334252 0.00408426 -0.000803802 -0.00417684 0.00716853 -0.00611329
internal_weight=21.7576 11.3131 10.4445 7.62705 9.04711 6.00967
internal_count=232 115 117 93 88 81
is_linear=0
shrinkage=0.03


Tree=260
num_leaves=7
num_cat=0
split_feature=19 58 36 59 32 39
split_gain=0.647789 0.478069 0.393905 0.283256 0.0675743 0.133301
threshold=0.44250741600990301 0.045199999585747726 0.055899698287248618 0.27939999103546148 0.15498365461826327 0.16843111813068393
decision_type=2 2 2 2 2 2
left_child=1 2 -1 -4 -2 -6
right_child=4 -3 3 -5 5 -7
leaf_value=0 0 0 0.0096885419446280808 0 -0.0036240593666448406 0
leaf_weight=1.908786348998549 1.3372483849525441 1.7440036498010147 8.3818087317049486 2.1658319532871237 4.2048975694924593 2.0538189597427845
leaf_count=12 11 27 68 22 73 17
internal_value=0.00184743 0.0053232 0.00704961 0.00845972 -0.000572974 -0.00202383
internal_weight=21.7964 14.2004 12.4564 10.5476 7.59596 6.25872
internal_count=230 129 102 90 101 90
is_linear=0
shrinkage=0.03


Tree=261
num_leaves=7
num_cat=0
split_feature=32 51 58 60 55 41
split_gain=0.514849 0.570246 0.431108 0.422769 0.447226 0.280649
threshold=0.27426053583621984 -0.4306392222642898 0.018600000068545345 0.64239999651908886 0.14797452092170718 0.41363832354545599
decision_type=2 2 2 2 2 2
left_child=2 5 3 4 -1 -2
right_child=1 -3 -4 -5 -6 -7
leaf_value=0.0089213549128241993 -0.0080452808228819901 0 0 0 0 0
leaf_weight=6.8503086157143134 6.3616983480751514 3.6317793875932676 1.6173598952591408 1.2856429889798153 1.2624316550791261 0.56585631892085064
leaf_count=56 105 30 21 10 9 6
internal_value=0 -0.00377659 0.00284526 0.00536395 0.00719869 -0.00690227
internal_weight=21.5751 10.5593 11.0157 9.39838 8.11274 6.92755
internal_count=237 141 96 75 65 111
is_linear=0
shrinkage=0.03


Tree=262
num_leaves=7
num_cat=0
split_feature=50 62 3 14 31 39
split_gain=0.472709 0.523107 0.505705 0.245836 0.194382 0.147413
threshold=0.14968683570623401 0.002600000007078052 4.5000000000000009 1.3885855674743655 0.087492756545543685 0.20223893225193026
decision_type=2 2 2 2 2 2
left_child=1 -1 3 -2 -3 -6
right_child=2 4 -4 -5 5 -7
leaf_value=0 0 0 0 -0.0072679025935121783 0.0084504851675590194 0
leaf_weight=6.961483199149372 0.71838717162608912 1.072160121053457 2.0819647870957851 5.6640769354999065 4.7432025000452995 1.5190513134002683
leaf_count=82 4 9 24 70 40 12
internal_value=0 0.00336074 -0.00285996 -0.00608281 0.00655668 0.0075221
internal_weight=22.7603 14.2959 8.46443 6.38246 7.33441 6.26225
internal_count=241 143 98 74 61 52
is_linear=0
shrinkage=0.03


Tree=263
num_leaves=7
num_cat=0
split_feature=51 32 58 54 28 30
split_gain=0.428819 0.736958 0.286171 0.267166 0.231099 0.175657
threshold=-0.43886667490005488 0.17417489737272265 0.018600000068545345 0.76592186093330394 0.25222551822662359 0.12004877626895906
decision_type=2 2 2 2 2 2
left_child=1 2 4 -3 -1 -2
right_child=5 3 -4 -5 -6 -7
leaf_value=0.0060100216617516153 0 -0.0074017982831733687 0 0 0 0.0056872037224902023
leaf_weight=4.1350075639784354 1.6513194441795329 5.9105003867298365 1.4963740184903143 1.7173423506319521 1.3134833984076975 6.4360444732010365
leaf_count=35 11 100 16 20 9 50
internal_value=0.000132537 -0.000727078 0.00162997 -0.00598405 0.0044256 0.00454433
internal_weight=22.6601 14.5727 6.94486 7.62784 5.44849 8.08736
internal_count=241 180 60 120 44 61
is_linear=0
shrinkage=0.03


Tree=264
num_leaves=6
num_cat=0
split_feature=28 53 60 39 58
split_gain=0.608616 0.652567 0.795021 0.189297 0.000144427
threshold=0.82930251955986034 -0.46945028007030482 0.077600002288818373 0.20223893225193026 0.003199999919161201
decision_type=2 2 2 2 2
left_child=1 4 3 -3 -1
right_child=-2 2 -4 -5 -6
leaf_value=0 -0.0013296677527818584 0.01101302455792073 0 0 -0.00010449806585041142
leaf_weight=2.8000471759587571 2.2706594113260499 7.4354212861508113 4.2296472098678359 2.6327740997076035 1.9034842662513254
leaf_count=24 36 70 41 18 43
internal_value=0.00192123 0.00470311 0.00711142 0.00984304 0
internal_weight=21.272 19.0014 14.2978 10.0682 4.70353
internal_count=232 196 129 88 67
is_linear=0
shrinkage=0.03


Tree=265
num_leaves=7
num_cat=0
split_feature=35 58 28 33 50 47
split_gain=0.235646 0.622846 0.537329 0.410953 0.152276 0.18642
threshold=0.32889331877231603 0.00059999998484272521 0.81790655851364147 0.88930007815361034 0.070631399750709548 0.090125467628240599
decision_type=2 2 2 2 2 2
left_child=4 2 3 -2 -1 -6
right_child=1 -3 -4 -5 5 -7
leaf_value=0 0.0097403934145745292 -1.1010242075352883e-05 0 0 0 -0.005209352240171051
leaf_weight=2.1396840084344175 6.1738321259617788 4.8602724466472855 1.6521072238683698 1.1885603554546831 1.0904570072889326 4.6081015486270189
leaf_count=20 47 76 20 10 6 46
internal_value=0 0.00224643 0.00598473 0.00819013 -0.00226604 -0.00381639
internal_weight=21.713 13.8748 9.0145 7.36239 7.83824 5.69856
internal_count=225 153 77 57 72 52
is_linear=0
shrinkage=0.03


Tree=266
num_leaves=7
num_cat=0
split_feature=54 32 5 9 24 58
split_gain=0.388494 0.505896 0.373169 0.32171 0.390131 0.160087
threshold=0.069159060716629042 0.17417489737272265 0.044748857617378242 5.1666667461395273 0.86818572878837597 0.005799999926239253
decision_type=2 2 2 2 2 2
left_child=-1 2 -2 4 -3 -4
right_child=1 3 5 -5 -6 -7
leaf_value=0.0045875214459281275 -0.00086114293158226474 -0.0080673207126975514 0.0057741579006338308 0 0 0
leaf_weight=3.5891279987990883 3.6547402665019053 7.8179230075329507 4.0909158512949944 0.67571680247783739 1.2237446233630178 1.0777298323810098
leaf_count=24 28 110 32 8 22 12
internal_value=0 -0.00149344 0 -0.00513031 -0.0065161 0.00463397
internal_weight=22.1299 18.5408 8.82339 9.71738 9.04167 5.16865
internal_count=236 212 72 140 132 44
is_linear=0
shrinkage=0.03


Tree=267
num_leaves=7
num_cat=0
split_feature=68 26 60 7 19 41
split_gain=0.372196 0.741776 0.643945 0.329585 0.306746 0.100458
threshold=50.487812042236335 0.16030008345842364 0.0030000000260770325 371.50000000000006 0.23182993382215503 0.027233682572841648
decision_type=10 2 2 2 2 2
left_child=1 -1 3 5 -3 -2
right_child=2 4 -4 -5 -6 -7
leaf_value=0 0 0 0 0 -0.0086850334236788593 0.0084153024336018033
leaf_weight=3.7848701439797896 0.69195897132158091 0.70457392185926426 4.6902874317020178 1.1613782364875076 5.168047646060586 5.548636082559824
leaf_count=27 5 13 54 14 74 50
internal_value=0 -0.00319332 0.00246763 0.00640579 -0.00739517 0.00788879
internal_weight=21.7498 9.65749 12.0923 7.40197 5.87262 6.2406
internal_count=237 114 123 69 87 55
is_linear=0
shrinkage=0.03


Tree=268
num_leaves=7
num_cat=0
split_feature=52 61 11 57 31 60
split_gain=0.587153 0.426514 0.531604 0.27971 0.210338 0.204184
threshold=-0.38562110066413874 1.0000000180025095e-35 5.6070852279663095 0.0016000000759959223 0.12636836245656016 0.0061999999452382335
decision_type=2 2 2 2 2 2
left_child=1 2 4 -2 -1 -3
right_child=3 5 -4 -5 -6 -7
leaf_value=0 0.0070235574655851656 0.0037792983648474322 0 0 -0.0081302257142818728 0
leaf_weight=1.3979676384478823 5.4494811855256549 3.0678836554288855 2.26747309230268 1.5849904809147117 6.1900707222521305 1.5288452506065366
leaf_count=12 46 24 25 14 100 15
internal_value=0.000328477 -0.000936522 -0.00450196 0.00547377 -0.00707696 0.00044453
internal_weight=21.4867 14.4522 9.85551 7.03447 7.58804 4.59673
internal_count=236 176 137 60 112 39
is_linear=0
shrinkage=0.03


Tree=269
num_leaves=7
num_cat=0
split_feature=54 68 4 11 43 7
split_gain=0.413562 0.377974 0.511132 0.438896 0.361112 0.0798466
threshold=0.069159060716629042 385.15440368652349 0.0050959466025233277 6.5000000000000009 0.34567125141620642 261.50000000000006
decision_type=2 8 8 2 2 2
left_child=-1 4 -3 -4 5 -2
right_child=1 2 3 -5 -6 -7
leaf_value=0.0052592123182925834 0.0055020222655521459 0 -0.0080259175449187391 0 0 0
leaf_weight=4.0342949554324177 4.4401199594140071 1.07869713194668 7.9294062778353691 1.3276609517633913 2.6706581562757492 1.143200200051069
leaf_count=27 34 12 124 12 24 10
internal_value=0.000699729 0 -0.00384026 -0.00628188 0.00148534 0.00484149
internal_weight=22.624 18.5897 10.3358 9.25707 8.25398 5.58332
internal_count=243 216 148 136 68 44
is_linear=0
shrinkage=0.03


Tree=270
num_leaves=7
num_cat=0
split_feature=51 50 28 21 25 35
split_gain=0.231821 0.361805 0.319662 0.236386 0.22896 0.122243
threshold=-0.51844158768653859 0.15126202255487445 0.10189286246895791 0.15470241755247119 0.95008096098899852 0.20219589024782184
decision_type=2 2 2 2 2 2
left_child=2 5 -1 -4 -5 -2
right_child=1 -3 3 4 -6 -7
leaf_value=0 0 0 0 -0.0070644053216653369 0 0.0061779786615868571
leaf_weight=3.0891474299132842 2.0254920721054059 4.1536560915410519 0.69687786325812329 5.7402837667614222 0.62173966318368901 4.8099133260548115
leaf_count=28 13 38 10 91 8 44
internal_value=0 0.00248501 -0.00198046 -0.00463652 -0.00595109 0.00520005
internal_weight=21.1371 10.9891 10.148 7.0589 6.36202 6.83541
internal_count=232 95 137 109 99 57
is_linear=0
shrinkage=0.03


Tree=271
num_leaves=7
num_cat=0
split_feature=60 53 1 28 4 45
split_gain=0.170062 0.538421 0.33909 0.314356 0.342855 0.454993
threshold=0.0030000000260770325 -0.24242531508207318 1.1666666865348818 0.82930251955986034 0.0079052620567381399 0.53441932797431957
decision_type=2 2 2 2 8 2
left_child=3 2 -2 4 -1 -6
right_child=1 -3 -4 -5 5 -7
leaf_value=0 -0.0076875415936887726 0 0 0 0.0073316214379624024 0
leaf_weight=1.8647639937698848 5.0899081248790026 0.92137987539172073 0.71096554957330216 1.5036197286099184 9.5713239759206754 1.5958370380103595
leaf_count=25 69 7 7 20 86 18
internal_value=0 -0.0024701 -0.00609303 0.00144212 0.0038078 0.00550949
internal_weight=21.2578 6.72225 5.80087 14.5355 13.0319 11.1672
internal_count=232 83 76 149 129 104
is_linear=0
shrinkage=0.03


Tree=272
num_leaves=7
num_cat=0
split_feature=32 54 58 60 58 16
split_gain=0.50577 0.611823 0.478638 0.394845 0.340034 0.237821
threshold=0.27426053583621984 0.069159060716629042 0.01480000000447035 0.31399999558925634 0.1191999986767769 0.95688855648040783
decision_type=2 2 2 2 2 2
left_child=2 -2 3 -1 5 -3
right_child=1 4 -4 -5 -6 -7
leaf_value=0.0073074323422129906 0 -0.0090555589275387004 0 0 0 0
leaf_weight=8.4853113107383269 2.3765936195850363 6.1573060490190965 2.2842716146260491 1.4679726511239994 1.3096059244126079 0.9204761181026696
leaf_count=66 13 80 28 11 29 14
internal_value=0 -0.00349918 0.00300611 0.00562675 -0.00661615 -0.00806536
internal_weight=23.0015 10.764 12.2376 9.95328 8.38739 7.07778
internal_count=241 136 105 77 123 94
is_linear=0
shrinkage=0.03


Tree=273
num_leaves=7
num_cat=0
split_feature=33 68 17 26 15 58
split_gain=0.471312 0.465967 0.316934 0.278807 0.260581 0.248853
threshold=0.63803189992904674 247.4860534667969 0.68966230750083934 0.043026529252529151 7.2336564064025888 0.005799999926239253
decision_type=2 10 2 2 2 2
left_child=1 3 4 -1 5 -2
right_child=2 -3 -4 -5 -6 -7
leaf_value=0 0.0078867156867887239 0 0 -0.0076874130810129625 0 0
leaf_weight=0.90079092979431319 4.6607773490250093 5.4684495665132999 2.7230469547212124 5.6744717843830585 1.0061549618840215 1.090356111526489
leaf_count=6 45 52 32 75 8 16
internal_value=0 -0.00340788 0.00293819 -0.00638327 0.0052017 0.00660874
internal_weight=21.524 12.0437 9.48034 6.57526 6.75729 5.75113
internal_count=234 133 101 81 69 61
is_linear=0
shrinkage=0.03


Tree=274
num_leaves=7
num_cat=0
split_feature=51 35 26 18 26 21
split_gain=0.29878 0.488185 0.31818 0.23058 0.180377 0.122493
threshold=-0.51844158768653859 0.32889331877231603 0.0989883989095688 0.30347275733947759 0.84341752529144298 0.95105892419815075
decision_type=2 2 2 2 2 2
left_child=2 -2 -1 -3 -5 -4
right_child=1 3 5 4 -6 -7
leaf_value=0 0 0 -0.0056089508246286437 0.0079591700377185919 0 0
leaf_weight=3.113571126013996 3.8062482792884094 1.5355445016175506 6.3358804136514664 5.1669618487358093 1.0789247769862411 0.60387883521616448
leaf_count=27 29 12 101 46 14 8
internal_value=0 0.00264979 -0.00241883 0.00576486 0.00701061 -0.00488168
internal_weight=21.641 11.5877 10.0533 7.78143 6.24589 6.93976
internal_count=237 101 136 72 60 109
is_linear=0
shrinkage=0.03


Tree=275
num_leaves=7
num_cat=0
split_feature=68 60 6 26 31 42
split_gain=0.420097 0.905673 0.577476 0.536014 0.426514 0.078415
threshold=36.717102050781257 0.31399999558925634 192.00000000000003 0.14372427761554721 0.75880935788154613 0.29700577259063726
decision_type=10 2 2 2 2 2
left_child=3 2 -2 5 -5 -1
right_child=1 -3 -4 4 -6 -7
leaf_value=0.002388728551174103 0.0095513319992084691 -0.00025447478717965786 0 -0.0077196506342805046 0 0
leaf_weight=2.5933346804231427 8.3093437496572715 2.6638799104839554 1.0694898571819056 5.2160166669636965 1.5550027340650556 1.3465946055948732
leaf_count=19 76 30 13 68 21 10
internal_value=0 0.00390604 0.00770544 -0.00142027 -0.00558383 0.000303543
internal_weight=22.7537 12.0427 9.37883 10.7109 6.77102 3.93993
internal_count=237 119 89 118 89 29
is_linear=0
shrinkage=0.03


Tree=276
num_leaves=7
num_cat=0
split_feature=54 37 11 21 34 15
split_gain=0.517828 0.688588 0.450097 0.367162 0.180052 0.208852
threshold=0.069159060716629042 0.667617827653885 5.6070852279663095 0.15470241755247119 0.76888278126716625 7.2336564064025888
decision_type=2 2 2 2 2 2
left_child=-1 2 3 -2 5 -3
right_child=1 4 -4 -5 -6 -7
leaf_value=0.0055904070577415029 0 0.0048597285833427836 0 -0.0088470386812992356 0 0
leaf_weight=3.6708268113434341 1.2659335415810362 5.7332432232797128 1.154626267030834 7.5354232117533684 1.3589814882725475 1.0071011036634443
leaf_count=24 18 59 11 98 23 8
internal_value=0 -0.00117594 -0.00564965 -0.00744476 0.00109137 0.00331176
internal_weight=21.7261 18.0553 9.95598 8.80136 8.09933 6.74034
internal_count=241 217 127 116 90 67
is_linear=0
shrinkage=0.03


Tree=277
num_leaves=7
num_cat=0
split_feature=60 68 6 30 51 43
split_gain=0.483735 0.918438 0.61249 0.274173 0.160382 0.245266
threshold=0.31399999558925634 697.16046142578136 192.00000000000003 0.6851727068424226 -0.38627026975154871 0.15180068463087085
decision_type=2 8 2 2 2 2
left_child=1 2 3 -1 5 -3
right_child=-2 4 -4 -5 -6 -7
leaf_value=0.01072134184525065 -0.0035911928444075317 0 0 0 0 -0.0048790118554098766
leaf_weight=6.4232961200177723 3.3477916624397031 0.88732782006264077 0.99601494893431652 1.0381465703248975 1.5179411545395805 5.3365623410791159
leaf_count=59 41 6 9 10 11 91
internal_value=0 0.00316967 0.00768405 0.00969441 0 -0.00298278
internal_weight=19.5471 16.1993 8.45746 7.46144 7.74183 6.22389
internal_count=227 186 78 69 108 97
is_linear=0
shrinkage=0.03


Tree=278
num_leaves=7
num_cat=0
split_feature=58 50 48 62 34 57
split_gain=0.462563 0.527623 0.425076 0.333224 0.138702 0.181994
threshold=1.0000000180025095e-35 0.14968683570623401 -0.3183924257755279 0.89659997820854198 0.16196272522211078 0.78940001130104076
decision_type=2 2 2 2 2 2
left_child=1 2 -1 4 -2 -6
right_child=3 -3 -4 -5 5 -7
leaf_value=0 0 0 0.0082778637937992641 0 -0.0066860818259262041 0
leaf_weight=1.58536011353135 1.4260164070874433 4.3215823248028746 7.3718244750052717 0.93358647823333729 5.02992610540241 0.9674759879708289
leaf_count=17 15 43 57 7 79 13
internal_value=0 0.00378184 0.00652778 -0.00213105 -0.00469012 -0.00563572
internal_weight=21.6358 13.2788 8.95718 8.357 7.42342 5.9974
internal_count=231 117 74 114 107 92
is_linear=0
shrinkage=0.03


Tree=279
num_leaves=7
num_cat=0
split_feature=68 6 48 52 11 40
split_gain=0.503385 0.629432 0.324484 0.190831 0.36574 0.0296365
threshold=697.16046142578136 192.00000000000003 -0.32985320687294001 -0.38562110066413874 5.6070852279663095 0.32784201204776769
decision_type=8 2 2 2 2 2
left_child=1 2 -1 4 -2 -5
right_child=3 -3 -4 5 -6 -7
leaf_value=0 -0.0058703682529936598 0 0.0083732413300782096 0.0015043248611252018 0 0
leaf_weight=1.4509394504129876 4.6609924957156181 1.4658411592245091 9.1912278085947055 1.7865455802530035 1.5957674104720352 1.2049500942230222
leaf_count=13 84 14 84 14 16 8
internal_value=0.00110476 0.0046934 0.00714391 -0.000473838 -0.00329098 0
internal_weight=21.3563 12.108 10.6422 9.24826 6.25676 2.9915
internal_count=233 111 97 122 100 22
is_linear=0
shrinkage=0.03


Tree=280
num_leaves=7
num_cat=0
split_feature=30 28 24 11 44 54
split_gain=0.185504 0.259333 0.285718 0.31632 0.251033 0.212281
threshold=0.3257004469633103 0.013348476495593788 0.66311496496200573 0.91111111640930187 0.65886381268501293 0.76592186093330394
decision_type=2 2 2 2 2 2
left_child=1 -1 3 -3 5 -2
right_child=4 2 -4 -5 -6 -7
leaf_value=0 -0.0049301755964389835 0 0 0.006929609246405709 0 0
leaf_weight=1.2523292526602769 7.3629363868385536 0.81914384663104911 1.1990780420601357 9.5157553236931545 1.2981144227087487 1.0760565921664236
leaf_count=10 105 8 12 84 8 14
internal_value=0 0.00266556 0.00428452 0.00566438 -0.00050593 -0.00353932
internal_weight=22.5234 12.7863 11.534 10.3349 9.73711 8.43899
internal_count=241 114 104 92 127 119
is_linear=0
shrinkage=0.03


Tree=281
num_leaves=7
num_cat=0
split_feature=35 28 53 56 9 47
split_gain=0.360298 0.524075 0.361905 0.357044 0.325452 0.378958
threshold=0.36522072553634649 0.58899304270744335 -0.22608545422554013 -0.55636668205261219 0.83333334326744091 0.077529683709144606
decision_type=2 2 2 2 2 2
left_child=2 3 4 -2 5 -1
right_child=1 -3 -4 -5 -6 -7
leaf_value=0 0 0 0 0.0075251987580316135 0 -0.0084175714683640199
leaf_weight=0.90043088793754567 1.230373017489909 4.1499056145548812 1.2642761841416374 6.9743717703968278 1.1065977737307546 5.7464674636721611
leaf_count=5 14 65 7 70 11 66
internal_value=0 0.00274325 -0.00286443 0.00592874 -0.0052092 -0.00682165
internal_weight=21.3724 12.3547 9.01777 8.20474 7.7535 6.6469
internal_count=238 149 89 84 82 71
is_linear=0
shrinkage=0.03


Tree=282
num_leaves=7
num_cat=0
split_feature=19 58 39 31 50 47
split_gain=0.63333 0.626375 0.413375 0.186725 0.160959 0.113736
threshold=0.44250741600990301 1.0000000180025095e-35 0.20223893225193026 0.073563203215599074 0.23901679366827014 0.077529683709144606
decision_type=2 2 2 2 2 2
left_child=1 2 -1 -2 5 -5
right_child=3 -3 -4 4 -6 -7
leaf_value=0.0084356518999766251 0 0 0 0 0 -0.0061285586060518512
leaf_weight=8.6560574471950549 0.75659440830349733 4.7899073585867873 1.3494906798005093 0.86561019718646992 0.76147452369332302 5.801199909299612
leaf_count=71 7 57 11 4 13 83
internal_value=0 0.00397505 0.0069111 -0.00313042 -0.00445729 -0.00542834
internal_weight=22.9803 14.7955 10.0055 8.18488 7.42828 6.66681
internal_count=246 139 82 107 100 87
is_linear=0
shrinkage=0.03


Tree=283
num_leaves=7
num_cat=0
split_feature=68 35 61 11 51 42
split_gain=0.306802 0.319149 0.229785 0.228603 0.298704 0.213972
threshold=529.38558959960949 0.36522072553634649 0.007400000002235175 5.6070852279663095 -0.40207976102828974 0.18874773383140567
decision_type=8 2 2 2 2 2
left_child=1 -1 -3 4 5 -2
right_child=3 2 -4 -5 -6 -7
leaf_value=0 0 0.0073683661805285282 0 0 0 -0.0066070381060992318
leaf_weight=4.3711433503776806 0.74957676604390044 4.0191580019891262 1.9767768569290636 1.91588745266199 3.0530759133398524 5.4897675355896354
leaf_count=35 13 38 21 17 21 94
internal_value=0 0.00362136 0.00588682 -0.000652257 -0.00333649 -0.00545706
internal_weight=21.5754 10.3671 5.99593 11.2083 9.29242 6.23934
internal_count=239 94 59 145 128 107
is_linear=0
shrinkage=0.03


Tree=284
num_leaves=6
num_cat=0
split_feature=62 30 31 52 18
split_gain=0.385249 0.550268 0.412776 0.229125 0.0727306
threshold=0.0010000000183936211 0.14627855271101001 0.21588178724050525 -0.28534108400344843 0.91905805468559276
decision_type=2 2 2 2 2
left_child=1 -1 -2 4 -4
right_child=2 -3 3 -5 -6
leaf_value=0 0 -0.0061766983165892951 0.0075772023513040977 0 0
leaf_weight=2.807289473712447 4.1852012332528821 4.8613121015951037 5.991767080500721 1.115313984453677 1.1458065807819364
leaf_count=20 31 100 61 10 12
internal_value=0 -0.00201504 0.00350074 0.0059513 0.00705378
internal_weight=20.1067 7.6686 12.4381 8.25289 7.13757
internal_count=234 120 114 83 73
is_linear=0
shrinkage=0.03


Tree=285
num_leaves=7
num_cat=0
split_feature=68 60 54 11 32 48
split_gain=0.51898 0.716979 0.288511 0.319863 0.216543 0.0918024
threshold=697.16046142578136 0.31399999558925634 0.069159060716629042 5.6070852279663095 0.84624272584915172 -0.32985320687294001
decision_type=8 2 2 2 2 2
left_child=1 5 -2 4 -4 -1
right_child=2 -3 3 -5 -6 -7
leaf_value=0 0 0 -0.0067778828576999413 0 0 0.0081489264713738661
leaf_weight=1.4369740188121785 1.8312439173459996 2.5285027213394633 6.3924800502136332 1.3908844850957391 0.49736326560378064 8.2218005657196063
leaf_count=12 9 23 102 16 13 74
internal_value=0.000891561 0.00466148 -0.000727365 -0.00384527 -0.00574875 0.00757286
internal_weight=22.2992 12.1873 10.112 8.28073 6.88984 9.65877
internal_count=249 109 140 131 115 86
is_linear=0
shrinkage=0.03


Tree=286
num_leaves=7
num_cat=0
split_feature=35 58 34 17 54 49
split_gain=0.27392 0.629526 0.532363 0.516188 0.210067 0.24809
threshold=0.32889331877231603 0.009599999990314247 0.80959230661392223 0.80976635217666637 0.069159060716629042 0.0070755204651504764
decision_type=2 2 2 2 2 2
left_child=4 2 3 -2 -1 -6
right_child=1 -3 -4 -5 5 -7
leaf_value=0 0.0099820084406536877 0 0 0 0 -0.0054969462105032762
leaf_weight=1.1870867013931299 7.5413198787718994 3.1102423267438999 2.1602730415761462 1.0432465821504591 2.6540578156709671 3.9496959466487169
leaf_count=6 69 58 23 11 24 41
internal_value=7.9228e-05 0.00315569 0.00622599 0.00830961 -0.000717892 -0.00345526
internal_weight=21.6459 13.8551 10.7448 8.58457 7.79084 6.60375
internal_count=232 161 103 80 71 65
is_linear=0
shrinkage=0.03


Tree=287
num_leaves=7
num_cat=0
split_feature=29 47 4 55 38 54
split_gain=0.370336 0.775257 0.415946 0.39654 0.400542 0.312814
threshold=0.59709206223487865 0.087287481874227538 0.0088907959870994108 0.14269554615020755 0.4512446820735932 0.79003721475601207
decision_type=2 2 10 2 2 2
left_child=1 -1 5 4 -2 -3
right_child=3 2 -4 -5 -6 -7
leaf_value=0.00055993819270305886 0 -0.0095694703949787147 0 0 0.0073171642493118005 0
leaf_weight=2.9108670279383686 1.2193273343145827 6.5676786443218571 1.2143697477877138 2.1298850122839212 6.4932469893246889 1.1708742845803497
leaf_count=16 11 93 11 20 76 10
internal_value=0 -0.0027688 -0.00674122 0.00288968 0.00543167 -0.00834619
internal_weight=21.7062 11.8638 8.95292 9.84246 7.71257 7.73855
internal_count=237 130 114 107 87 103
is_linear=0
shrinkage=0.03


Tree=288
num_leaves=7
num_cat=0
split_feature=51 1 42 57 17 30
split_gain=0.21881 0.387736 0.702994 0.215455 0.115941 0.100461
threshold=-0.4306392222642898 1.1666666865348818 0.23753813654184344 0.0028000000165775423 0.026326828636229042 0.12004877626895906
decision_type=2 2 2 2 2 2
left_child=1 2 -1 5 -4 -2
right_child=3 -3 4 -5 -6 -7
leaf_value=0 0 0 0 0 -0.0082061513271367102 0.0054045353093355236
leaf_weight=3.1895099952816981 1.3220059648156155 3.3100975416600695 0.62612982839345921 1.3455287665128706 6.8609630484133959 4.7839590348303318
leaf_count=43 9 37 4 11 90 39
internal_value=0 -0.0014355 -0.0043895 0.00290724 -0.00767872 0.0046041
internal_weight=21.4382 13.9867 10.6766 7.45149 7.48709 6.10596
internal_count=233 174 137 59 94 48
is_linear=0
shrinkage=0.03


Tree=289
num_leaves=7
num_cat=0
split_feature=33 47 33 55 25 56
split_gain=0.361202 0.634128 0.616946 0.475054 0.381464 0.310962
threshold=0.63803189992904674 0.087287481874227538 0.23355001211166385 0.13980117440223697 0.57142466306686412 -0.60224470496177662
decision_type=2 2 2 2 2 2
left_child=1 -1 -3 4 -2 -4
right_child=3 2 5 -5 -6 -7
leaf_value=0 0 0 0 0 0.0079671612508075557 -0.00971848295518625
leaf_weight=2.5656455084681538 1.1698987241834382 1.1048899963498096 0.72858651541173358 2.1979330871254206 5.0609670598059893 6.3662683377042422
leaf_count=13 11 12 7 22 59 94
internal_value=0 -0.00259601 -0.00624882 0.00316957 0.00614396 -0.00860535
internal_weight=19.1942 10.7654 8.19974 8.4288 6.23087 7.09485
internal_count=218 126 113 92 70 101
is_linear=0
shrinkage=0.03


Tree=290
num_leaves=7
num_cat=0
split_feature=0 55 24 61 51 14
split_gain=0.290205 0.470006 0.285691 0.191996 0.135695 0.110413
threshold=1.8333333134651186 0.058814126998186118 0.80802294611930858 1.0000000180025095e-35 -0.51844158768653859 13.560840129852297
decision_type=2 2 2 2 2 2
left_child=1 3 -3 4 -1 -2
right_child=5 2 -4 -5 -6 -7
leaf_value=-0.0030264949900486718 0.0050020697052795262 -0.0064673554866184523 0 0.0035587495691264412 0 0
leaf_weight=3.3329567071050441 3.8537985645234576 6.5027236808091393 1.2063467428088186 3.9437855407595634 1.3854452986270205 0.93944695405662049
leaf_count=58 46 69 19 24 11 8
internal_value=0 -0.000726634 -0.00494552 0.000451092 0 0.00408833
internal_weight=21.1645 16.3713 7.70907 8.66219 4.7184 4.79325
internal_count=235 181 88 93 69 54
is_linear=0
shrinkage=0.03


Tree=291
num_leaves=7
num_cat=0
split_feature=58 50 35 62 50 56
split_gain=0.330319 0.447053 0.457738 0.398048 0.229814 0.179499
threshold=1.0000000180025095e-35 0.14968683570623401 0.1045847423374653 0.89659997820854198 0.22214166074991229 -0.55636668205261219
decision_type=2 2 2 2 2 2
left_child=1 2 -1 4 -2 -4
right_child=3 -3 5 -5 -6 -7
leaf_value=0 -0.0067958478754916217 0 0 0 0 0.0084708464526141013
leaf_weight=1.9573309570550934 5.5439535593613964 4.3916874155402175 1.1076562777161587 0.91487799957394589 1.9545873831957576 5.6134779974818239
leaf_count=13 88 48 12 7 25 49
internal_value=0 0.00250259 0.00541075 -0.00288067 -0.00540415 0.00757236
internal_weight=21.4836 13.0702 8.67847 8.41342 7.49854 6.72113
internal_count=242 122 74 120 113 61
is_linear=0
shrinkage=0.03


Tree=292
num_leaves=7
num_cat=0
split_feature=60 68 4 26 46 30
split_gain=0.585382 0.763217 0.366479 0.0905287 0.0885467 0.0883661
threshold=0.0030000000260770325 752.01473999023449 0.012527989223599436 0.17967677861452105 0.081586226820945754 0.66765576601028453
decision_type=2 8 10 2 2 2
left_child=1 -1 4 -3 -2 -5
right_child=2 3 -4 5 -6 -7
leaf_value=0.0076902161500510017 0 0 0 -0.0034356286730965928 -0.0067257089187723884 0
leaf_weight=6.4168251566588888 0.6328861378133287 2.7424480207264432 1.4388494174927471 3.6404188256710768 4.4219617368653417 1.1593455430120228
leaf_count=56 5 21 19 49 60 22
internal_value=0 0.00344282 -0.00383722 0 -0.00616766 -0.00234632
internal_weight=20.4527 13.959 6.4937 7.54221 5.05485 4.79976
internal_count=232 148 84 92 65 71
is_linear=0
shrinkage=0.03


Tree=293
num_leaves=7
num_cat=0
split_feature=58 50 47 34 47 51
split_gain=0.445511 0.420592 0.434513 0.383823 0.0705385 0.117066
threshold=1.0000000180025095e-35 0.14968683570623401 0.8404977321624757 0.078262127935886397 0.13558906316757205 -0.6166270077228545
decision_type=2 2 2 2 2 2
left_child=1 2 3 -1 -2 -6
right_child=4 -3 -4 -5 5 -7
leaf_value=0 0 0 0 0.0099147536433473408 0 -0.0032779918453541856
leaf_weight=1.5699391216039673 1.1976576521992663 4.7332602255046359 1.5165169816464183 6.2883098535239697 1.1056128479540337 5.7133850120008001
leaf_count=10 11 47 19 50 18 86
internal_value=0.00162839 0.00449057 0.00668049 0.00838552 0 -0.00194283
internal_weight=22.1247 14.108 9.37477 7.85825 8.01666 6.819
internal_count=241 126 79 60 115 104
is_linear=0
shrinkage=0.03


Tree=294
num_leaves=7
num_cat=0
split_feature=58 3 17 62 5 43
split_gain=0.147045 0.385708 0.369529 0.336236 0.324226 0.0663382
threshold=0.011799999978393318 0.83333334326744091 0.80976635217666637 0.55140000581741344 0.033789953216910369 0.19559978693723681
decision_type=2 2 2 2 2 2
left_child=1 5 4 -2 -3 -1
right_child=3 2 -4 -5 -6 -7
leaf_value=0 -0.0053255617399147808 0 0 0 0.0080182712178367543 -0.0019262133787099442
leaf_weight=1.5806013029068724 4.1144664157181969 0.9227805584669112 1.11721795797348 0.74238388426601876 5.6496912874281406 6.0915224254131317
leaf_count=13 80 8 10 7 56 57
internal_value=0 0.00116876 0.00464566 -0.00256434 0.00656544 0
internal_weight=20.2187 15.3618 7.68969 4.85685 6.57247 7.67212
internal_count=231 144 74 87 64 70
is_linear=0
shrinkage=0.03


Tree=295
num_leaves=7
num_cat=0
split_feature=68 60 48 43 31 17
split_gain=0.446442 0.582512 0.325078 0.31301 0.304119 0.360588
threshold=50.487812042236335 0.31399999558925634 -0.3183924257755279 0.14653412997722629 0.75880935788154613 0.021675205789506439
decision_type=10 2 2 2 2 2
left_child=3 2 -2 -1 5 -5
right_child=1 -3 -4 4 -6 -7
leaf_value=0 0 0 0.0078402429238353267 0 0 -0.0075550274540895019
leaf_weight=1.3415999934077287 0.75008812546729942 2.1291382350027552 8.759008873254059 0.72836759313940813 1.5149687808007 6.5643731877207756
leaf_count=9 9 26 88 5 23 82
internal_value=0 0.00394218 0.00664149 -0.0018033 -0.00429677 -0.00599229
internal_weight=21.7875 11.6382 9.5091 10.1493 8.80771 7.29274
internal_count=242 123 97 119 110 87
is_linear=0
shrinkage=0.03


Tree=296
num_leaves=7
num_cat=0
split_feature=33 34 53 54 29 39
split_gain=0.4634 0.503217 0.475932 0.4705 0.387634 0.361433
threshold=0.63803189992904674 0.76888278126716625 -0.48418669402599329 0.069159060716629042 0.2463038116693497 0.20778678357601169
decision_type=2 2 2 2 2 2
left_child=3 2 -2 -1 -5 -6
right_child=1 -3 -4 4 5 -7
leaf_value=0.00023213531717234363 0 0 0.0086055875793878359 0 -0.0079466601256738528 0
leaf_weight=2.065668165683749 1.8083303496241558 1.489147551357745 6.724213456735014 1.3374756574630726 8.3172514503821695 0.88436776772141534
leaf_count=10 24 22 68 16 107 7
internal_value=0 0.00422439 0.0066119 -0.001626 -0.00484715 -0.00658029
internal_weight=22.6265 10.0217 8.53254 12.6048 10.5391 9.20162
internal_count=254 114 92 140 130 114
is_linear=0
shrinkage=0.03


Tree=297
num_leaves=7
num_cat=0
split_feature=62 30 31 30 50 24
split_gain=0.274874 0.482339 0.35027 0.204469 0.083032 0.0614489
threshold=0.0010000000183936211 0.13510000705718997 0.69415679574012767 0.90682125091552745 0.14109852164983752 0.1770737171173096
decision_type=2 2 2 2 2 2
left_child=1 -1 4 -4 -2 -6
right_child=2 -3 3 -5 5 -7
leaf_value=0 0.00073150941212189312 -0.0058594246083442051 0.0070326872225459289 0 0 -0.0030216390992659718
leaf_weight=3.3831120282411593 4.6721041966229659 5.3401167336851358 3.2249112762510768 0.97006680630147446 1.5999792106449602 3.3819919619709253
leaf_count=26 38 103 36 8 14 29
internal_value=0 -0.00222347 0.00254789 0.00575455 0 -0.00211279
internal_weight=22.5723 8.72323 13.8491 4.19498 9.65408 4.98197
internal_count=254 129 125 44 81 43
is_linear=0
shrinkage=0.03


Tree=298
num_leaves=7
num_cat=0
split_feature=19 68 26 22 11 35
split_gain=0.57856 0.499025 0.154303 0.183006 0.117767 0.0239311
threshold=0.24221903830766681 102.1502151489258 0.012223247904330494 0.36635583639144903 7.5000000000000009 0.67171353101730358
decision_type=2 10 2 2 2 2
left_child=2 4 -1 -4 -2 -3
right_child=1 5 3 -5 -6 -7
leaf_value=0 -0.0075048102544611264 0 0.005702467880933715 0 0 0.0012783227740959713
leaf_weight=0.96830297261476683 5.0281534017994982 3.1310519594699144 6.3901329413056374 1.2258360981941221 0.73985244333744038 3.1802845969796181
leaf_count=8 79 42 58 17 5 34
internal_value=0 -0.0036323 0.00351336 0.00457226 -0.00685256 0
internal_weight=20.6636 12.0793 8.58427 7.61597 5.76801 6.31134
internal_count=243 160 83 75 84 76
is_linear=0
shrinkage=0.03


Tree=299
num_leaves=7
num_cat=0
split_feature=1 54 17 17 30 51
split_gain=0.190985 0.44354 0.322708 0.203946 0.227005 0.0838089
threshold=0.83333334326744091 0.069159060716629042 0.68966230750083934 0.021675205789506439 0.84942904114723217 -0.56707820296287526
decision_type=2 2 2 2 2 2
left_child=1 -1 5 -3 -5 -2
right_child=2 3 -4 4 -6 -7
leaf_value=2.5396696012234652e-05 0 0 0 -0.0065653914346184292 0 0.005799239531503444
leaf_weight=2.6913154721260097 1.299717923626303 1.5512283910065878 1.8928515110164879 10.01116952113807 1.3552253711968649 3.7437109295278783
leaf_count=14 21 11 20 114 19 40
internal_value=0 -0.00171743 0.00238518 -0.00455125 -0.00555053 0.00507065
internal_weight=22.5452 15.6089 6.93628 12.9176 11.3664 5.04343
internal_count=239 158 81 144 133 61
is_linear=0
shrinkage=0.03


end of trees

feature_importances:
Column_68=155
Column_60=134
Column_58=117
Column_0=103
Column_54=91
Column_47=68
Column_51=65
Column_30=63
Column_11=48
Column_4=46
Column_14=41
Column_62=35
Column_12=34
Column_19=34
Column_26=33
Column_28=32
Column_1=30
Column_31=29
Column_32=28
Column_48=28
Column_55=28
Column_17=27
Column_50=26
Column_61=24
Column_35=23
Column_43=23
Column_7=22
Column_34=22
Column_44=22
Column_6=21
Column_21=20
Column_52=20
Column_56=19
Column_2=15
Column_53=15
Column_42=14
Column_39=13
Column_49=13
Column_57=13
Column_59=13
Column_9=12
Column_24=12
Column_3=11
Column_18=11
Column_33=11
Column_38=11
Column_5=8
Column_25=8
Column_37=8
Column_45=8
Column_40=7
Column_22=6
Column_23=6
Column_36=6
Column_41=6
Column_15=5
Column_29=5
Column_46=5
Column_16=4
Column_27=3
Column_20=2

parameters:
[boosting: gbdt]
[objective: binary]
[metric: binary_logloss]
[tree_learner: serial]
[device_type: cpu]
[data_sample_strategy: bagging]
[data: ]
[valid: ]
[num_iterations: 300]
[learning_rate: 0.03]
[num_leaves: 7]
[num_threads: -1]
[seed: 50274]
[deterministic: 0]
[force_col_wise: 1]
[force_row_wise: 0]
[histogram_pool_size: -1]
[max_depth: 4]
[min_data_in_leaf: 10]
[min_sum_hessian_in_leaf: 0.001]
[bagging_fraction: 0.8]
[pos_bagging_fraction: 1]
[neg_bagging_fraction: 1]
[bagging_freq: 1]
[bagging_seed: 50274]
[bagging_by_query: 0]
[feature_fraction: 0.8]
[feature_fraction_bynode: 1]
[feature_fraction_seed: 50274]
[extra_trees: 0]
[extra_seed: 29783]
[early_stopping_round: 0]
[early_stopping_min_delta: 0]
[first_metric_only: 0]
[max_delta_step: 0]
[lambda_l1: 2]
[lambda_l2: 10]
[linear_lambda: 0]
[min_gain_to_split: 0]
[drop_rate: 0.1]
[max_drop: 50]
[skip_drop: 0.5]
[xgboost_dart_mode: 0]
[uniform_drop: 0]
[drop_seed: 19250]
[top_rate: 0.2]
[other_rate: 0.1]
[min_data_per_group: 100]
[max_cat_threshold: 32]
[cat_l2: 10]
[cat_smooth: 10]
[max_cat_to_onehot: 4]
[top_k: 20]
[monotone_constraints: ]
[monotone_constraints_method: basic]
[monotone_penalty: 0]
[feature_contri: ]
[forcedsplits_filename: ]
[refit_decay_rate: 0.9]
[cegb_tradeoff: 1]
[cegb_penalty_split: 0]
[cegb_penalty_feature_lazy: ]
[cegb_penalty_feature_coupled: ]
[path_smooth: 0]
[interaction_constraints: ]
[verbosity: -1]
[saved_feature_importance_type: 0]
[use_quantized_grad: 0]
[num_grad_quant_bins: 4]
[quant_train_renew_leaf: 0]
[stochastic_rounding: 1]
[linear_tree: 0]
[max_bin: 63]
[max_bin_by_feature: ]
[min_data_in_bin: 3]
[bin_construct_sample_cnt: 200000]
[data_random_seed: 50274]
[is_enable_sparse: 1]
[enable_bundle: 1]
[use_missing: 1]
[zero_as_missing: 0]
[feature_pre_filter: 1]
[pre_partition: 0]
[two_round: 0]
[header: 0]
[label_column: ]
[weight_column: ]
[group_column: ]
[ignore_column: ]
[categorical_feature: ]
[forcedbins_filename: ]
[precise_float_parser: 0]
[parser_config_file: ]
[objective_seed: 10169]
[num_class: 1]
[is_unbalance: 0]
[scale_pos_weight: 1]
[sigmoid: 1]
[boost_from_average: 1]
[reg_sqrt: 0]
[alpha: 0.9]
[fair_c: 1]
[poisson_max_delta_step: 0.7]
[tweedie_variance_power: 1.5]
[lambdarank_truncation_level: 30]
[lambdarank_norm: 1]
[label_gain: ]
[lambdarank_position_bias_regularization: 0]
[eval_at: ]
[multi_error_top_k: 1]
[auc_mu_weights: ]
[num_machines: 1]
[local_listen_port: 12400]
[time_out: 120]
[machine_list_filename: ]
[machines: ]
[gpu_platform_id: -1]
[gpu_device_id: -1]
[gpu_use_dp: 0]
[num_gpu: 1]

end of parameters

pandas_categorical:null
