tree
version=v4
num_class=1
num_tree_per_iteration=1
label_index=0
max_feature_idx=68
objective=binary sigmoid:1
feature_names=Column_0 Column_1 Column_2 Column_3 Column_4 Column_5 Column_6 Column_7 Column_8 Column_9 Column_10 Column_11 Column_12 Column_13 Column_14 Column_15 Column_16 Column_17 Column_18 Column_19 Column_20 Column_21 Column_22 Column_23 Column_24 Column_25 Column_26 Column_27 Column_28 Column_29 Column_30 Column_31 Column_32 Column_33 Column_34 Column_35 Column_36 Column_37 Column_38 Column_39 Column_40 Column_41 Column_42 Column_43 Column_44 Column_45 Column_46 Column_47 Column_48 Column_49 Column_50 Column_51 Column_52 Column_53 Column_54 Column_55 Column_56 Column_57 Column_58 Column_59 Column_60 Column_61 Column_62 Column_63 Column_64 Column_65 Column_66 Column_67 Column_68
feature_infos=[0.3333333432674408:336] [0.3333333432674408:12] [1:5] [0.3333333432674408:1285.6666259765625] [0.0027173913549631834:2] [0:1] [0:736] [0:813] [0:206.66667175292969] [0:1079] [1:2] [0.20689655840396881:230] [0:1] [0:1] [0.10853985697031021:23.409765243530273] [0:9.559722900390625] [0:2.2245702743530273] [0.00086893513798713684:0.99371588230133057] [0.00085803942056372762:0.99902480840682983] [0.0009152420680038631:0.99332702159881592] [0.00085803942056372762:0.99905753135681152] [0.069869920611381531:0.99943888187408447] [0.0008778013288974762:0.99582791328430176] [0.00084575643995776772:0.99472630023956299] [0.00092586869141086936:0.99597734212875366] [0.069715835154056549:0.9963722825050354] [1.9455832443782128e-05:0.99557089805603027] [8.0112249634112231e-06:0.99911469221115112] [1.4877989087835886e-05:0.99486535787582397] [0.06536749005317688:0.99881237745285034] [0.00081704684998840094:0.99729245901107788] [0.00068631937028840184:0.99277728796005249] [0.00081704684998840094:0.99767279624938965] [0.064658395946025848:0.99326097965240479] [0.0013728630729019642:0.99855345487594604] [0.0011603961465880275:0.99900662899017334] [0.0012911449884995818:0.99849265813827515] [0.064545534551143646:0.99937349557876587] [0.0008308000979013741:0.99996340274810791] [-0.016299232840538025:0.27312231063842773] [0.021422695368528366:0.39662343263626099] [0.014004096388816833:0.52571952342987061] [0.012244179844856262:0.61878496408462524] [0.011788684874773026:0.76856034994125366] [0.010643605142831802:0.72686493396759033] [-0.35783752799034119:0.82238095998764038] [-0.13986162841320038:0.90728151798248291] [-0.045592710375785828:0.94214212894439697] [-0.54495495557785034:0.24392011761665344] [-0.46942317485809326:0.29012987017631531] [-0.30070480704307556:0.34854093194007874] [-0.8218265175819397:0.35784703493118286] [-0.79348605871200562:0.5239940881729126] [-0.76840311288833618:0.5740964412689209] [-0.15482039749622345:0.91189897060394287] [-0.46882593631744385:0.27871313691139221] [-0.78299355506896973:0.5548558235168457] [0:1] [0:0.9660000205039978] [0:1] [0:1] [0:0.98040002584457397] [0:1] none [0:1] [0:0.87120002508163452] none none [7.0710678100585938:1337.1051025390625]
tree_sizes=864 832 665 714 829 815 821 828 845 834 813 737 734 840 813 819 808 833 861 839 803 710 844 754 678 818 726 817 842 824 812 861 840 822 831 731 841 820 827 847 805 738 818 800 737 868 831 801 827 720 828 730 824 792 798 781 824 829 803 802 827 792 801 849 821 818 825 822 833 812 820 742 816 813 819 840 827 828 831 852 809 807 800 820 799 824 711 811 748 800 808 825 710 824 820 797 825 808 813 842 796 801 824 788 806 803 827 819 788 843 817 814 805 797 818 832 806 803 825 812 804 801 800 823 825 809 842 710 802 824 799 791 805 849 813 749 842 826 793 806 807 802 835 805 808 812 806 820 799 818 844 806 843 811 810 816 791 811 794 751 791 801 807 812 797 826 800 821 793 822 800 792 797 805 833 799 782 805 817 823 821 803 807 797 835 833 813 816 814 814 811 779 794 780 803 733 805 800 782 816 784 795 805 807 789 776 823 804 813 804 804 802 808 789 791 788 789 806 799 807 814 794 795 804 803 820 778 798 802 799 809 809 802 818 786 719 806 788 796 785 816 805 790 777 801 791 793 793 794 818 791 788 808 817 785 783 796 780 795 783 781 803 783 806 813 801 796 807 797 805 785 786 787 784 785 785 800 808 818 785 782 786 808 698 789 779 701 786 784 813 800 818 811 777 797 812 819 784 786 788

Tree=0
num_leaves=7
num_cat=0
split_feature=12 0 54 68 60 32
split_gain=44.6697 14.5679 2.7747 1.95443 2.66746 1.47552
threshold=0.30952382087707525 1.1666666865348818 0.082879345864057555 697.16046142578136 0.00059999998484272521 0.17417489737272265
decision_type=2 2 2 8 2 2
left_child=2 3 -1 4 -2 -4
right_child=1 -3 5 -5 -6 -7
leaf_value=-0.86681067461078543 -0.85088470626167767 -0.82476424010292193 -0.86681067461078543 -0.87396900126234645 -0.86880997016908834 -0.89228821040655237
leaf_weight=2.083506882190707 2.916909635066987 10.62588509917259 2.083506882190707 6.2505206465721139 2.7085589468479156 21.876822263002396
leaf_count=10 14 51 10 30 13 105
internal_value=-0.866272 -0.840005 -0.888442 -0.866811 -0.859111 -0.890689
internal_weight=48.5457 22.5019 26.0438 11.876 5.62547 23.9603
internal_count=233 108 125 57 27 115
is_linear=0
shrinkage=1


Tree=1
num_leaves=7
num_cat=0
split_feature=0 68 54 60 14 43
split_gain=42.9669 8.01257 5.65261 2.74927 1.94937 1.58497
threshold=2.1666666269302373 376.21420288085943 0.070939652621746077 0.0061999999452382335 8.2942690849304217 0.16046787053346637
decision_type=2 8 2 2 2 2
left_child=1 3 -3 -1 -2 -4
right_child=4 2 5 -5 -6 -7
leaf_value=0.011575578722586955 0.040583089916929417 0.0017933285380162521 0 -0.0052156850144287181 0 -0.026994340521879788
leaf_weight=5.6182850748300535 8.0513912439346296 2.2957680821418789 3.1252940595150021 6.2269834727048874 2.2972368896007529 23.374796479940414
leaf_count=27 38 11 15 30 11 113
internal_value=0 -0.014532 -0.0214474 0.00165509 0.0370787 -0.0250443
internal_weight=50.9898 40.6411 28.7959 11.8453 10.3486 26.5001
internal_count=245 196 139 57 49 128
is_linear=0
shrinkage=0.03


Tree=2
num_leaves=5
num_cat=0
split_feature=0 54 68 54
split_gain=46.8327 6.04043 5.37469 1.46002
threshold=2.1666666269302373 0.069159060716629042 376.21420288085943 0.57661253213882457
decision_type=2 2 8 2
left_child=1 -1 3 -3
right_child=-2 2 -4 -5
leaf_value=0.0042106570529279264 0.036318488855462239 -0.0065762037364925996 -0.026764098445318147 0.0065755304291102087
leaf_weight=2.2993089854717246 10.483608692884443 6.8451418578624708 25.217435106635094 3.542088195681572
leaf_count=11 49 33 123 17
internal_value=-0.000831884 -0.0177961 -0.0211446 0
internal_weight=48.3876 37.904 35.6047 10.3872
internal_count=233 184 173 50
is_linear=0
shrinkage=0.03


Tree=3
num_leaves=6
num_cat=0
split_feature=0 54 43 14 24
split_gain=50.7623 6.71471 4.35812 3.571 1.74273
threshold=2.1666666269302373 0.069159060716629042 0.15180068463087085 8.2942690849304217 0.021322838962078098
decision_type=2 2 2 2 2
left_child=1 -1 -3 -2 -4
right_child=3 2 4 -5 -6
leaf_value=0.004182144104156813 0.040296786380326612 0 0 0 -0.026872802677737402
leaf_weight=2.3038188666105262 8.722469210624693 2.2843813151121131 2.0587182790040961 2.1213989108800879 31.761195003986359
leaf_count=11 40 11 10 10 156
internal_value=-0.00239932 -0.0197274 -0.0231306 0.0361161 -0.0255426
internal_weight=49.252 38.4081 36.1043 10.8439 33.8199
internal_count=238 188 177 50 166
is_linear=0
shrinkage=0.03


Tree=4
num_leaves=7
num_cat=0
split_feature=0 30 54 58 68 14
split_gain=33.3248 7.338 3.99557 2.59459 0.843798 0.611488
threshold=2.1666666269302373 0.15509434044361117 0.070939652621746077 0.020399999804794792 697.16046142578136 8.2942690849304217
decision_type=2 2 2 2 8 2
left_child=1 3 -3 4 -1 -2
right_child=5 2 -4 -5 -6 -7
leaf_value=0.014885316140797645 0.034869360616416496 5.6981793888617635e-05 -0.023008274831782718 -0.0051732167690617462 0 0
leaf_weight=3.141074135899542 7.2978357821702939 2.0904602557420757 26.919755846261978 3.0452959388494492 2.4427831768989563 2.1304149031639099
leaf_count=15 33 10 134 15 12 10
internal_value=0 -0.0141294 -0.0202196 0.00298755 0.011752 0.0324687
internal_weight=47.0676 37.6394 29.0102 8.62915 5.58386 9.42825
internal_count=229 186 144 42 27 43
is_linear=0
shrinkage=0.03


Tree=5
num_leaves=7
num_cat=0
split_feature=0 12 31 60 68 34
split_gain=32.188 6.98613 2.98891 2.30406 0.782305 0.0947403
threshold=2.1666666269302373 0.80625000596046459 0.15461797267198565 0.00059999998484272521 752.01473999023449 0.13194701820611957
decision_type=2 2 2 2 8 2
left_child=1 2 -1 4 -3 -5
right_child=-2 3 -4 5 -6 -7
leaf_value=0 0.031818398319685179 0.014350228846543172 -0.022232337227878481 0 0 -0.0051872363797663204
leaf_weight=3.6603985875844982 9.9406373649835569 2.7331971377134305 25.705519333481789 2.0387812703847885 2.4374381005764008 3.0480536967515945
leaf_count=18 45 13 129 10 12 15
internal_value=0 -0.0133024 -0.0194932 0.00233267 0.0112442 -0.00419756
internal_weight=49.564 39.6234 29.3659 10.2575 5.17064 5.08683
internal_count=242 197 147 50 25 25
is_linear=0
shrinkage=0.03


Tree=6
num_leaves=7
num_cat=0
split_feature=0 68 14 30 58 43
split_gain=37.1725 7.87048 3.01217 1.68685 1.79224 1.1582
threshold=2.1666666269302373 376.21420288085943 12.842658996582033 0.30031621456146246 0.00059999998484272521 0.15714317560195926
decision_type=2 8 2 2 2 2
left_child=1 3 -2 4 -1 -3
right_child=2 5 -4 -5 -6 -7
leaf_value=0.014791047655789931 0.036061942389456488 0 0 -0.0039598713174691788 0 -0.024351352993653503
leaf_weight=3.1544670164585096 8.7963781207799894 2.2474530637264278 2.1418981254100791 6.6321757733821869 2.0433832556009293 23.462712809443474
leaf_count=15 39 11 10 33 10 119
internal_value=-0.000205407 -0.0157044 0.0322174 0.000585702 0.00912281 -0.0229451
internal_weight=48.4785 37.5402 10.9383 11.83 5.19785 25.7102
internal_count=237 188 49 58 25 130
is_linear=0
shrinkage=0.03


Tree=7
num_leaves=7
num_cat=0
split_feature=12 58 60 54 32 51
split_gain=37.2134 10.5152 8.42097 2.3949 1.2206 0.0809266
threshold=0.30952382087707525 0.016199999488890175 0.31399999558925634 0.079683117568492903 0.15498365461826327 -0.40721872448921198
decision_type=2 2 2 2 2 2
left_child=3 2 -2 -1 -5 -6
right_child=1 -3 -4 4 5 -7
leaf_value=0 0.038506857798320832 -0.0024522605654756892 -0.00046042576618467721 0 -0.022560182190918703 0
leaf_weight=2.0082844644784954 15.938855364918714 4.4369256794452658 2.2566325217485419 2.0345632880926159 20.489707678556449 1.9560517668724013
leaf_count=10 73 22 11 10 105 10
internal_value=0.00187431 0.0256732 0.0330968 -0.0182788 -0.0203981 -0.0218182
internal_weight=49.121 22.6324 18.1955 26.4886 24.4803 22.4458
internal_count=241 106 84 135 125 115
is_linear=0
shrinkage=0.03


Tree=8
num_leaves=7
num_cat=0
split_feature=0 68 54 60 4 12
split_gain=34.3923 5.82881 5.83779 1.66629 0.774699 0.376919
threshold=1.8333333134651186 376.21420288085943 0.069159060716629042 0.0061999999452382335 0.0050959466025233277 0.50757575035095226
decision_type=2 8 2 2 8 2
left_child=1 3 -3 -1 -4 -2
right_child=5 2 4 -5 -6 -7
leaf_value=0.0099198289997265241 0 0.0033738627065004155 0 -0.0029751994000123327 -0.023682802469894362 0.035735776357748272
leaf_weight=4.9703762382268888 2.5479589551687232 2.5162853747606304 2.5394388139247921 4.6385460048913956 20.812703385949135 9.8602025359868986
leaf_count=24 12 12 13 23 107 43
internal_value=0.00263036 -0.0117983 -0.017885 0.00229237 -0.0222994 0.033417
internal_weight=47.8855 35.4773 25.8684 9.60892 23.3521 12.4082
internal_count=234 179 132 47 120 55
is_linear=0
shrinkage=0.03


Tree=9
num_leaves=7
num_cat=0
split_feature=0 26 54 60 30 14
split_gain=31.1358 5.91445 3.70296 1.95133 1.73161 0.778845
threshold=2.1666666269302373 0.20956973731517795 0.070939652621746077 0.00059999998484272521 0.16601154953241351 8.2942690849304217
decision_type=2 2 2 2 2 2
left_child=1 3 -3 4 -1 -2
right_child=5 2 -4 -5 -6 -7
leaf_value=0.014867538496572769 0.033760702580429867 4.1618573526776256e-05 -0.021847268019117072 -0.0047661137617138923 0 0
leaf_weight=3.6234682351350767 8.387983486056326 2.0921374857425716 24.344159290194511 4.5789195448160172 2.6122311055660248 2.1677302420139304
leaf_count=17 36 10 126 23 13 10
internal_value=0 -0.0128192 -0.0189323 0.00115802 0.00945992 0.0313925
internal_weight=47.8066 37.2509 26.4363 10.8146 6.2357 10.5557
internal_count=235 189 136 53 30 46
is_linear=0
shrinkage=0.03


Tree=10
num_leaves=7
num_cat=0
split_feature=0 68 47 22 4 59
split_gain=32.3545 5.89448 1.99093 1.48857 1.05633 0.888416
threshold=2.1666666269302373 697.16046142578136 0.085297085344791426 0.36635583639144903 0.0050959466025233277 0.21559999883174899
decision_type=2 8 2 2 8 2
left_child=1 3 -3 5 -4 -1
right_child=-2 2 4 -5 -6 -7
leaf_value=0.011129820918459522 0.031846633020109066 0 0 -0.00432127225895547 -0.023565421509173089 0
leaf_weight=4.6037945151329023 11.524358674883841 2.4362481981515911 2.3372149020433453 7.6868498027324677 17.664821684360504 2.2097825706005096
leaf_count=22 50 12 12 39 93 11
internal_value=0.000675492 -0.0124841 -0.0197247 0 -0.0219176 0.00774837
internal_weight=48.4631 36.9387 22.4383 14.5004 20.002 6.81358
internal_count=239 189 117 72 105 33
is_linear=0
shrinkage=0.03


Tree=11
num_leaves=6
num_cat=0
split_feature=3 54 30 14 48
split_gain=29.8078 7.26247 4.70852 2.47223 1.14942
threshold=3.1666666269302373 0.069159060716629042 0.16601154953241351 7.1417174339294442 -0.19895818084478376
decision_type=2 2 2 2 2
left_child=1 -1 4 -2 -3
right_child=3 2 -4 -5 -6
leaf_value=0.0088553628892691933 0.033704025390302955 0.0071913193598580486 -0.022124560779045472 0 -0.0047306247944624343
leaf_weight=2.332320734858512 9.0023068189620954 3.3505533486604691 25.28722295165062 2.0977515727281562 5.374208986759184
leaf_count=11 38 16 133 10 27
internal_value=0 -0.0126926 -0.0172098 0.0302915 0
internal_weight=47.4444 36.3443 34.012 11.1001 8.72476
internal_count=235 187 176 48 43
is_linear=0
shrinkage=0.03


Tree=12
num_leaves=6
num_cat=0
split_feature=0 54 68 48 0
split_gain=25.0201 7.95773 6.5288 2.89077 0.632455
threshold=2.1666666269302373 0.069159060716629042 313.60475158691412 -0.17037970572710034 3.5000000000000004
decision_type=2 2 8 2 2
left_child=1 -1 3 -3 -2
right_child=4 2 -4 -5 -6
leaf_value=0.0094001624304282938 0 0.011531751036838737 -0.023499861845559879 -0.007117442830515742 0.029899611349688479
leaf_weight=2.7669671326875678 2.1965902596712095 3.9512765854597092 24.878058850765228 4.734696686267851 7.6018670499324799
leaf_count=13 10 19 132 24 32
internal_value=0 -0.0125965 -0.0175287 0 0.0276776
internal_weight=46.1295 36.331 33.564 8.68597 9.79846
internal_count=230 188 175 43 42
is_linear=0
shrinkage=0.03


Tree=13
num_leaves=7
num_cat=0
split_feature=0 54 68 30 14 57
split_gain=31.8767 7.91708 7.00848 2.20729 1.01798 0.214055
threshold=2.1666666269302373 0.070939652621746077 376.21420288085943 0.30031621456146246 13.058030128479006 0.98759999871253978
decision_type=2 2 8 2 2 2
left_child=1 -1 3 -3 -2 -4
right_child=4 2 5 -5 -6 -7
leaf_value=0.0099131753431233108 0.03441705466752544 0.010749778336399205 -0.024087011218494263 -0.0050448407968434351 0 0
leaf_weight=3.2015731036663047 10.522860467433928 3.5756777971982938 21.081347644329075 6.4337197691202164 2.189691647887229 1.9297951310873021
leaf_count=15 44 17 114 33 10 10
internal_value=0.00263699 -0.0111098 -0.0163732 0.00015143 0.0320935 -0.0232472
internal_weight=48.9347 36.2221 33.0205 10.0094 12.7126 23.0111
internal_count=243 189 174 50 54 124
is_linear=0
shrinkage=0.03


Tree=14
num_leaves=7
num_cat=0
split_feature=12 0 31 68 47 45
split_gain=23.6939 9.47014 2.19959 1.49963 1.42899 0.908626
threshold=0.36666667461395269 1.1666666865348818 0.12636836245656016 262.56336975097662 0.10819666460156442 0.065303474664688124
decision_type=2 2 2 8 2 2
left_child=2 3 -1 -2 -4 -5
right_child=1 -3 4 5 -6 -7
leaf_value=0 0.0062936167916127677 0.03073416271744148 0 0 -0.020919321104903646 -0.01029236501677076
leaf_weight=1.9982303828001047 3.5814238935709009 11.618535235524176 1.8974718004465128 2.6600554138422012 19.009863018989563 5.3821615278720856
leaf_count=10 17 50 10 13 103 28
internal_value=0.000211157 0.0189183 -0.0169282 0 -0.019213 -0.00670743
internal_weight=46.1477 23.2422 22.9056 11.6236 20.9073 8.04222
internal_count=231 108 123 58 113 41
is_linear=0
shrinkage=0.03


Tree=15
num_leaves=7
num_cat=0
split_feature=0 26 51 58 14 34
split_gain=30.2585 6.34416 3.7736 1.30339 0.926023 0.593864
threshold=2.1666666269302373 0.14372427761554721 -0.41610644757747645 0.020399999804794792 8.2942690849304217 0.088966429233551039
decision_type=2 2 2 2 2 2
left_child=1 3 -3 5 -2 -1
right_child=4 2 -4 -5 -6 -7
leaf_value=0 0.0330423771963392 -0.021406008040750473 0 -0.0014639105694616013 0 0.012277920875329596
leaf_weight=2.4155724942684165 9.9543233662843686 23.131674334406853 5.8210089057683971 1.9118795543909071 2.1956646293401709 3.1810482740402222
leaf_count=12 41 126 30 10 10 15
internal_value=0.00131001 -0.0117188 -0.0173941 0.00417377 0.0307562 0.00965044
internal_weight=48.6112 36.4612 28.9527 7.5085 12.15 5.59662
internal_count=244 193 156 37 51 27
is_linear=0
shrinkage=0.03


Tree=16
num_leaves=7
num_cat=0
split_feature=0 31 14 14 43 58
split_gain=26.6799 4.26112 2.57928 2.11595 1.31252 1.0002
threshold=2.1666666269302373 0.14182729274034503 8.2942690849304217 1.5289260745048525 0.65708169341087352 0.045199999585747726
decision_type=2 2 2 2 2 2
left_child=1 5 -2 -3 -5 -1
right_child=2 3 -4 4 -6 -7
leaf_value=0.007123509100172818 0.03097712507686665 0 0 -0.020855663097801218 0 -0.003260274884061731
leaf_weight=5.1863716691732398 9.2773397117853147 2.0562804043293026 2.1917627751827231 23.917077258229259 1.9518781304359425 2.4859206527471542
leaf_count=25 38 10 10 131 10 13
internal_value=0 -0.0131084 0.0274498 -0.0175394 -0.0194514 0.00042285
internal_weight=47.0666 35.5975 11.4691 27.9252 25.869 7.67229
internal_count=237 189 48 151 141 38
is_linear=0
shrinkage=0.03


Tree=17
num_leaves=7
num_cat=0
split_feature=12 60 58 68 51 68
split_gain=24.9341 8.13943 5.5829 1.56819 0.161552 0.0686013
threshold=0.36666667461395269 0.1418000012636185 0.022200000472366813 376.21420288085943 -0.4306392222642898 247.4860534667969
decision_type=2 2 2 8 2 10
left_child=3 2 -2 5 -5 -1
right_child=1 -3 -4 4 -6 -7
leaf_value=-0.0017882632644735071 0.031386850678693602 -0.0031111555379561865 0 -0.019934662852816608 0 0.0012865608222110054
leaf_weight=2.8187653869390514 16.792184352874763 3.9473473876714698 2.1025458276271811 15.160270169377331 1.8591384440660448 2.5349108427762985
leaf_count=15 74 20 11 86 10 13
internal_value=0.00180437 0.020778 0.0271948 -0.0161481 -0.0190962 0
internal_weight=45.2152 22.8421 18.8947 22.3731 17.0194 5.35368
internal_count=229 105 85 124 96 28
is_linear=0
shrinkage=0.03


Tree=18
num_leaves=7
num_cat=0
split_feature=0 32 51 58 60 51
split_gain=25.2958 4.95416 3.20848 2.85077 0.922583 0.0985865
threshold=2.1666666269302373 0.27426053583621984 -0.4306392222642898 0.00059999998484272521 0.026600000448524955 -0.38059848546981806
decision_type=2 2 2 2 2 2
left_child=1 3 -3 4 -1 -4
right_child=-2 2 5 -5 -6 -7
leaf_value=0.014024121524514294 0.029794784046689424 -0.020709030833474504 0.0026175002963124278 -0.0059476154051531817 0 -0.00022108546977520465
leaf_weight=4.8626488745212537 11.792247414588926 16.240616425871849 2.8628388643264771 5.1680310517549515 1.9594299644231794 2.2879714518785503
leaf_count=23 49 92 15 27 10 12
internal_value=0.00315814 -0.00956741 -0.016325 0.00170154 0.0111538 0
internal_weight=45.1738 33.3815 21.3914 11.9901 6.82208 5.15081
internal_count=228 179 119 60 33 27
is_linear=0
shrinkage=0.03


Tree=19
num_leaves=7
num_cat=0
split_feature=12 58 30 30 47 4
split_gain=27.5938 5.58529 4.66499 1.0546 0.412252 0.0688808
threshold=0.30952382087707525 0.018600000068545345 0.3257004469633103 0.15509434044361117 0.16693903505802157 0.015713652595877651
decision_type=2 2 2 2 2 10
left_child=3 2 -2 -1 -5 -4
right_child=1 -3 5 4 -6 -7
leaf_value=0 0.031051723597809406 -0.00062666254437615955 -0.0020538125478843888 0 -0.020091753990187231 0.00096124258959336074
leaf_weight=1.9566263705492044 15.588361248373991 3.0981688052415839 2.0162275433540335 3.661184802651408 16.923263847827911 2.2366281002759933
leaf_count=10 68 16 10 20 96 10
internal_value=0.00173081 0.0216591 0.0261935 -0.0171295 -0.0185263 0
internal_weight=45.4805 22.9394 19.8412 22.5411 20.5844 4.25286
internal_count=230 104 88 126 116 20
is_linear=0
shrinkage=0.03


Tree=20
num_leaves=7
num_cat=0
split_feature=12 58 60 31 48 52
split_gain=26.1611 6.67058 3.5631 1.92298 1.15021 0.906466
threshold=0.50757575035095226 0.045199999585747726 0.39460000395774847 0.15461797267198565 0.12942958623170855 -0.37571489810943598
decision_type=2 2 2 2 2 2
left_child=3 2 4 -1 -2 -5
right_child=1 -3 -4 5 -6 -7
leaf_value=0 0.032053779810300588 -0.0027890223578027787 0 -0.020070742869632101 0 0
leaf_weight=2.1600102782249477 13.548948347568517 2.3183550387620917 2.0389202982187262 19.909107759594924 2.2047290652990332 3.1671592891216234
leaf_count=11 58 12 10 113 10 17
internal_value=0.00021134 0.0215977 0.0267943 -0.0164214 0.0299882 -0.0184282
internal_weight=45.3472 20.111 17.7926 25.2363 15.7537 23.0763
internal_count=231 90 78 141 68 130
is_linear=0
shrinkage=0.03


Tree=21
num_leaves=6
num_cat=0
split_feature=12 58 30 48 47
split_gain=23.7025 5.39483 2.78182 1.55933 1.42849
threshold=0.50757575035095226 0.016199999488890175 0.13510000705718997 0.13498388230800631 0.16693903505802157
decision_type=2 2 2 2 2
left_child=2 3 -1 -2 -4
right_child=1 -3 4 -5 -6
leaf_value=0 0.026955471338554228 -0.0010402943771529872 0 0 -0.021517594641031822
leaf_weight=2.4130812436342266 14.373295769095426 3.2837194651365271 3.9203316271305111 2.4463761746883383 19.49492022395134
leaf_count=12 62 17 21 11 113
internal_value=0 0.0195157 -0.0165951 0.0246575 -0.0192409
internal_weight=45.9317 20.1034 25.8283 16.8197 23.4153
internal_count=236 90 146 73 134
is_linear=0
shrinkage=0.03


Tree=22
num_leaves=7
num_cat=0
split_feature=0 68 54 60 30 57
split_gain=24.4868 6.42309 4.55688 2.27228 0.705569 0.301422
threshold=2.1666666269302373 376.21420288085943 0.069159060716629042 0.0061999999452382335 0.34000758826732641 0.97799998521804821
decision_type=2 8 2 2 2 2
left_child=1 3 -3 4 -1 -4
right_child=-2 2 5 -5 -6 -7
leaf_value=0.01453898361249753 0.028482684945835633 0.0019736065127570371 -0.022210387310585462 -0.003196788336957951 0 0
leaf_weight=3.0847497284412366 12.167088240385054 2.1673094332218197 18.847048982977871 5.607359915971756 2.4427191615104675 1.8323356211185444
leaf_count=14 50 10 109 29 13 10
internal_value=0.00236846 -0.00996765 -0.0173654 0.00340693 0.0117146 -0.0213306
internal_weight=46.1486 33.9815 22.8467 11.1348 5.52747 20.6794
internal_count=235 185 129 56 27 119
is_linear=0
shrinkage=0.03


Tree=23
num_leaves=6
num_cat=0
split_feature=0 54 61 43 22
split_gain=21.0586 5.26702 3.67194 0.996117 0.369235
threshold=3.1666666269302373 0.069159060716629042 1.0000000180025095e-35 0.15180068463087085 0.34840983152389532
decision_type=2 2 2 2 2
left_child=1 -1 3 -3 -4
right_child=-2 2 4 -5 -6
leaf_value=0.0055833144158026152 0.024572009939841294 0 0.0042141573513557167 -0.021954867068485907 -0.0025920347622867676
leaf_weight=2.4259505569934836 8.8905786126852018 2.2069894969463375 3.451684206724166 23.565558850765228 3.9047391265630722
leaf_count=11 36 11 16 136 21
internal_value=-0.0011973 -0.0129375 -0.016665 -0.0206692 0
internal_weight=44.4455 35.5549 33.129 25.7725 7.35642
internal_count=231 195 184 147 37
is_linear=0
shrinkage=0.03


Tree=24
num_leaves=5
num_cat=0
split_feature=0 54 61 54
split_gain=20.1133 4.92729 5.38263 1.98144
threshold=1.8333333134651186 0.069159060716629042 1.0000000180025095e-35 0.56555533409118663
decision_type=2 2 2 2
left_child=1 -1 -3 -4
right_child=-2 2 3 -5
leaf_value=0.0071962374638684457 0.025453369540626179 -0.019749291276844261 -0.0041800048525391046 0.010809059848142875
leaf_weight=2.6449916809797278 12.617393016815184 21.554485440254215 6.0075105875730497 2.9459688663482666
leaf_count=12 53 126 31 14
internal_value=0.00208944 -0.00924989 -0.0135814 0.000687065
internal_weight=45.7703 33.153 30.508 8.95348
internal_count=236 183 171 45
is_linear=0
shrinkage=0.03


Tree=25
num_leaves=7
num_cat=0
split_feature=12 58 32 60 48 46
split_gain=19.8426 6.7811 3.63237 1.96358 1.35502 1.03056
threshold=0.50757575035095226 0.016199999488890175 0.21870921552181247 0.10199999809265138 0.13498388230800631 0.081586226820945754
decision_type=2 2 2 2 2 2
left_child=2 3 -1 4 -2 -4
right_child=1 -3 5 -5 -6 -7
leaf_value=0.0010826549571618376 0.030751832502053371 -0.0022207602966185474 0 0 0 -0.018578518870318639
leaf_weight=4.5664369761943844 12.688779413700109 3.6416212022304526 1.9631298780441309 2.0843208730220786 2.6852364391088477 18.522067129611969
leaf_count=23 53 19 10 10 12 111
internal_value=0.00206991 0.019995 -0.0127131 0.0259352 0.0282407 -0.0171029
internal_weight=46.1516 21.1 25.0516 17.4583 15.374 20.4852
internal_count=238 94 144 75 65 121
is_linear=0
shrinkage=0.03


Tree=26
num_leaves=6
num_cat=0
split_feature=0 54 43 14 14
split_gain=20.6766 4.74289 4.15421 2.06529 0.59104
threshold=2.1666666269302373 0.069159060716629042 0.15180068463087085 1.5289260745048525 12.842658996582033
decision_type=2 2 2 2 2
left_child=1 -1 -3 -4 -2
right_child=4 2 3 -5 -6
leaf_value=0.0055085336673147906 0.025992990308312359 0.0018632989731032145 0 -0.020529201110143114 0
leaf_weight=2.4477470070123664 9.7107157260179502 2.9022606611251858 2.1223230212926891 26.225604519248009 2.2336599230766288
leaf_count=11 39 14 10 154 10
internal_value=0 -0.0115442 -0.015346 -0.018699 0.0241376
internal_weight=45.6423 33.6979 31.2502 28.3479 11.9444
internal_count=238 189 178 164 49
is_linear=0
shrinkage=0.03


Tree=27
num_leaves=7
num_cat=0
split_feature=12 0 47 31 33 58
split_gain=18.8203 7.82567 1.07573 1.16153 0.722978 0.326466
threshold=0.36666667461395269 0.83333334326744091 0.096516769379377379 0.12636836245656016 0.27271996438503271 1.0000000180025095e-35
decision_type=2 2 2 2 2 2
left_child=2 4 -1 -4 5 -2
right_child=1 -3 3 -5 -6 -7
leaf_value=0 0.0055509436133756654 0.026519215728633801 0 -0.018684797075409341 -0.0057481252740172141 0
leaf_weight=1.863309040665629 3.6655678898096102 13.304679349064825 1.903644979000094 17.54243116080761 5.8416514545679092 2.1781101524829865
leaf_count=10 17 56 10 108 30 11
internal_value=0.000426183 0.0163436 -0.0155822 -0.0170602 0 0.00283409
internal_weight=46.2994 24.99 21.3094 19.4461 11.6853 5.84368
internal_count=242 114 128 118 58 28
is_linear=0
shrinkage=0.03


Tree=28
num_leaves=7
num_cat=0
split_feature=0 31 51 14 58 25
split_gain=15.6169 4.75485 3.79298 2.32801 2.12839 0.977107
threshold=2.1666666269302373 0.15461797267198565 -0.4306392222642898 8.2942690849304217 0.00059999998484272521 0.86794385313987743
decision_type=2 2 2 2 2 2
left_child=1 4 5 -2 -1 -3
right_child=3 2 -4 -5 -6 -7
leaf_value=0.012059280532624268 0.026385898498680088 -0.020321385701085326 0.00030921390500686526 0 -0.0029520057965736475 0
leaf_weight=4.7368264347314861 9.7453171461820585 16.334558844566352 4.9769770801067343 2.25117602944374 3.258314847946167 2.3159543275833121
leaf_count=22 39 99 26 10 18 14
internal_value=0.00213209 -0.00797495 -0.013992 0.0230155 0.00436656 -0.0186784
internal_weight=43.6191 31.6226 23.6275 11.9965 7.99514 18.6505
internal_count=228 179 139 49 40 113
is_linear=0
shrinkage=0.03


Tree=29
num_leaves=7
num_cat=0
split_feature=0 68 30 26 51 22
split_gain=17.6129 4.58026 1.57964 0.48108 0.460356 0.316466
threshold=2.1666666269302373 697.16046142578136 0.31507937610149389 0.14372427761554721 -0.41610644757747645 0.36635583639144903
decision_type=2 8 2 2 2 2
left_child=1 2 5 -3 -4 -1
right_child=-2 3 4 -5 -6 -7
leaf_value=0.0098246885519370809 0.023789207253076771 0 -0.0066275902962037656 -0.018417829873864356 0 0
leaf_weight=4.773602828383444 11.743615761399267 3.2971010655164745 5.8800335079431534 14.10413910448551 2.1097391694784164 2.3152259588241577
leaf_count=22 48 17 35 88 11 12
internal_value=0.0011969 -0.00923645 0.000329765 -0.0168107 -0.00396772 0.00817191
internal_weight=44.2235 32.4798 15.0786 17.4012 7.98977 7.08883
internal_count=233 185 80 105 46 34
is_linear=0
shrinkage=0.03


Tree=30
num_leaves=7
num_cat=0
split_feature=12 58 5 51 61 59
split_gain=18.548 6.13044 2.42893 0.955248 1.40759 0.0448168
threshold=0.30952382087707525 0.018600000068545345 0.0013698629918508234 -0.40207976102828974 0.0014000000082887711 0.056800000369548805
decision_type=2 2 2 2 2 2
left_child=3 2 -2 4 -1 -3
right_child=1 5 -4 -5 -6 -7
leaf_value=-0.017842825317900997 0 0 0.028237905442822172 0 0 -0.0025626152349044655
leaf_weight=15.012948736548429 4.9832816720008912 1.9379374235868443 13.633584246039389 1.9288240075111378 2.6568282991647711 2.3277922123670578
leaf_count=95 24 10 57 11 15 13
internal_value=0.00249113 0.0184408 0.0241275 -0.0140426 -0.0155568 -0.00168745
internal_weight=42.4812 22.8826 18.6169 19.5986 17.6698 4.26573
internal_count=225 104 81 121 110 23
is_linear=0
shrinkage=0.03


Tree=31
num_leaves=7
num_cat=0
split_feature=0 32 51 57 52 59
split_gain=17.0501 3.85522 3.18543 1.41707 0.136719 0.0439433
threshold=2.1666666269302373 0.19966991245746615 -0.4306392222642898 0.1564000025391579 -0.34778717160224909 0.007400000002235175
decision_type=2 2 2 2 2 2
left_child=1 3 -3 5 -4 -1
right_child=-2 2 4 -5 -6 -7
leaf_value=0 0.022972992322981164 -0.019391324210596701 0.0031016712115141129 0.0092868974835635908 -0.00029929049420321428 -0.0034369209360591911
leaf_weight=2.0263448506593722 11.73576797544956 17.119866192340854 2.6689750105142593 3.8361610025167465 3.0294688940048209 3.2955742329359055
leaf_count=10 48 108 14 18 16 17
internal_value=0.000649852 -0.00963472 -0.0149458 0.00136047 0 -0.0027693
internal_weight=43.7122 31.9764 22.8183 9.15808 5.69844 5.32192
internal_count=231 183 138 45 30 27
is_linear=0
shrinkage=0.03


Tree=32
num_leaves=7
num_cat=0
split_feature=0 54 61 43 54 19
split_gain=15.7318 4.23426 3.33042 1.63422 0.655284 0.374669
threshold=2.1666666269302373 0.069159060716629042 1.0000000180025095e-35 0.16046787053346637 0.56555533409118663 0.57748931646347057
decision_type=2 2 2 2 2 2
left_child=1 -1 3 -3 -4 -2
right_child=5 2 4 -5 -6 -7
leaf_value=0.0070414404853530021 0.024994975434496573 0 -0.0018194753439654101 -0.018599491029787436 0.0066404212657288891 0
leaf_weight=2.6560257375240353 9.8826853632926923 2.3308522999286714 5.0845317095518103 19.171792909502983 2.2421232759952545 2.3562890440225592
leaf_count=12 40 12 27 121 11 10
internal_value=0.00261029 -0.00766949 -0.0120344 -0.0165426 0 0.0233108
internal_weight=43.7243 31.4853 28.8293 21.5026 7.32665 12.239
internal_count=233 183 171 133 38 50
is_linear=0
shrinkage=0.03


Tree=33
num_leaves=7
num_cat=0
split_feature=12 4 51 31 68 50
split_gain=17.2366 4.39567 2.28063 1.34755 1.29058 0.0412673
threshold=0.36666667461395269 0.0055944493506103763 -0.41610644757747645 0.15461797267198565 1.0000000180025095e-35 0.18252135813236239
decision_type=2 10 2 2 10 2
left_child=2 5 3 -1 -3 -2
right_child=1 4 -4 -5 -6 -7
leaf_value=0 0.00044162348007448926 0 0 -0.018374020628332918 0.02639306631924223 -0.0016870551657208251
leaf_weight=2.7120710611343446 6.1183404773473757 2.6573623120784751 2.5013704746961585 15.972173318266867 12.00312380492687 1.9448932260274885
leaf_count=15 30 12 14 104 50 10
internal_value=0.0019245 0.0176634 -0.0132838 -0.0162297 0.0239673 0
internal_weight=43.9093 22.7237 21.1856 18.6842 14.6605 8.06323
internal_count=235 102 133 119 62 40
is_linear=0
shrinkage=0.03


Tree=34
num_leaves=7
num_cat=0
split_feature=12 58 30 47 61 68
split_gain=15.2931 4.55449 2.81366 1.66946 0.813243 0.764371
threshold=0.50757575035095226 0.016199999488890175 0.13510000705718997 0.16693903505802157 0.0014000000082887711 1.0000000180025095e-35
decision_type=2 2 2 2 2 10
left_child=2 5 -1 -4 -5 -2
right_child=1 -3 3 4 -6 -7
leaf_value=0.0013917870298976336 0 -0.001194927713605329 0 -0.019186151362954249 0 0.025363646941254106
leaf_weight=3.0299435555934933 4.5849985182285371 2.4903540909290305 3.2910930365324047 14.020177617669107 3.1941087543964377 12.807061761617659
leaf_count=15 21 13 19 93 18 54
internal_value=0.00211844 0.0182043 -0.0110578 -0.0147175 -0.0172629 0.0225947
internal_weight=43.4177 19.8824 23.5353 20.5054 17.2143 17.3921
internal_count=233 88 145 130 111 75
is_linear=0
shrinkage=0.03


Tree=35
num_leaves=6
num_cat=0
split_feature=0 26 47 58 29
split_gain=13.8309 5.13043 1.65967 1.5228 0.967475
threshold=3.5000000000000004 0.17967677861452105 0.085297085344791426 0.003199999919161201 0.2463038116693497
decision_type=2 2 2 2 2
left_child=1 3 -3 -1 -4
right_child=-2 2 4 -5 -6
leaf_value=0.010253075506928102 0.021886113063320188 0 0 -0.0017260796374754539 -0.018001455080104187
leaf_weight=5.5109740197658521 9.1643623113632184 2.0628376901149776 2.1847867965698269 3.5428893715143204 20.703058660030365
leaf_count=25 37 10 14 19 129
internal_value=0 -0.00861773 -0.0147316 0.0039708 -0.0166147
internal_weight=43.1689 34.0045 24.9507 9.05386 22.8878
internal_count=234 197 153 44 143
is_linear=0
shrinkage=0.03


Tree=36
num_leaves=7
num_cat=0
split_feature=0 68 54 57 30 68
split_gain=18.3364 4.1768 3.98951 1.2049 0.724598 0.18384
threshold=2.5000000000000004 376.21420288085943 0.069159060716629042 0.97159999608993541 0.30031621456146246 247.4860534667969
decision_type=2 8 2 2 2 10
left_child=1 4 -3 -4 -1 -6
right_child=-2 2 3 -5 5 -7
leaf_value=0.006757909754297237 0.023274822048618509 0.0016828246191218446 -0.021306602103293795 0 -0.0037709598685856834 0
leaf_weight=4.4795647710561735 12.032049909234045 2.2027371078729656 18.514691963791851 2.0992806553840628 2.7764012962579727 2.2457217425107956
leaf_count=21 49 10 119 12 16 13
internal_value=0.000239046 -0.0103926 -0.0159077 -0.019683 0.00114036 -0.00103932
internal_weight=44.3504 32.3184 22.8167 20.614 9.50169 5.02212
internal_count=240 191 141 131 50 29
is_linear=0
shrinkage=0.03


Tree=37
num_leaves=7
num_cat=0
split_feature=68 60 9 4 47 33
split_gain=13.7104 7.37987 3.49943 2.69993 2.20969 0.177309
threshold=697.16046142578136 0.077600002288818373 5.1666667461395273 0.0075805915985256442 0.085297085344791426 0.63803189992904674
decision_type=8 2 2 8 2 2
left_child=1 3 4 -1 -2 -3
right_child=2 5 -4 -5 -6 -7
leaf_value=0 0 -0.0040818002910249932 0.0034946991818481385 0.027088311570753466 -0.018452523419527682 0
leaf_weight=1.4382443428039557 3.3194859921932283 4.5671379119157782 1.724426969885825 13.656872302293777 16.795241221785545 2.0185469090938568
leaf_count=8 16 26 7 61 109 10
internal_value=0.0017262 0.0162543 -0.0113874 0.0243904 -0.0153924 -0.00223873
internal_weight=43.52 21.6808 21.8392 15.0951 20.1147 6.58568
internal_count=237 105 132 69 125 36
is_linear=0
shrinkage=0.03


Tree=38
num_leaves=7
num_cat=0
split_feature=0 68 60 58 51 51
split_gain=12.7213 5.38415 4.42079 1.45288 0.274992 0.0590659
threshold=2.1666666269302373 752.01473999023449 0.0061999999452382335 0.056599998846650131 -0.40721872448921198 -0.40207976102828974
decision_type=2 8 2 2 2 2
left_child=1 2 3 -1 -4 -3
right_child=-2 5 4 -5 -6 -7
leaf_value=0.01701904931339504 0.021661927462440712 -0.016840336558790452 -0.0083149898624011107 0 0 0
leaf_weight=6.422508507966997 11.404285922646521 12.684581086039541 4.6493264734745026 1.5962856560945509 2.0302385836839667 2.7536210268735877
leaf_count=31 47 85 27 10 11 15
internal_value=0.00266018 -0.00664108 0.00308981 0.0138355 -0.00677387 -0.0158369
internal_weight=41.5408 30.1366 14.6984 8.01879 6.67957 15.4382
internal_count=226 179 79 41 38 100
is_linear=0
shrinkage=0.03


Tree=39
num_leaves=7
num_cat=0
split_feature=0 54 61 58 43 54
split_gain=12.2406 2.99276 3.43901 1.36046 1.06181 0.918856
threshold=1.8333333134651186 0.069159060716629042 1.0000000180025095e-35 0.009599999990314247 0.15180068463087085 0.56555533409118663
decision_type=2 2 2 2 2 2
left_child=1 -1 4 -2 -3 -4
right_child=3 2 5 -5 -6 -7
leaf_value=0.0045268489956690377 0.02212225636371818 0 -0.0022927109776737548 0 -0.017652989954719821 0.0077297603994044249
leaf_weight=2.6705142408609417 10.485972970724104 1.7924505025148452 5.2531574219465247 1.9547484219074238 18.279582858085632 2.5013820677995682
leaf_count=12 43 9 28 10 122 12
internal_value=0.00146119 -0.00758242 -0.0112202 0.0198041 -0.016164 9.35877e-05
internal_weight=42.9378 30.4971 27.8266 12.4407 20.072 7.75454
internal_count=236 183 171 53 131 40
is_linear=0
shrinkage=0.03


Tree=40
num_leaves=7
num_cat=0
split_feature=12 0 31 60 44 31
split_gain=13.8866 6.52989 1.49983 1.4727 1.41098 0.771136
threshold=0.30952382087707525 1.1666666865348818 0.15461797267198565 0.00059999998484272521 0.5454806685447694 0.2714486569166184
decision_type=2 2 2 2 2 2
left_child=2 3 -1 5 -4 -2
right_child=1 -3 4 -5 -6 -7
leaf_value=0 0.0083671331758261806 0.023658040499773329 -0.018585190474815043 -0.0077294425092807473 0 0
leaf_weight=2.3507803380489376 5.1321754604578036 11.980812653899191 15.163847103714945 6.069510817527771 1.7349492162466038 1.8778626471757887
leaf_count=13 24 50 105 33 10 10
internal_value=0 0.0135381 -0.0144082 0 -0.0166109 0.00463458
internal_weight=44.3099 25.0604 19.2496 13.0795 16.8988 7.01004
internal_count=245 117 128 67 115 34
is_linear=0
shrinkage=0.03


Tree=41
num_leaves=6
num_cat=0
split_feature=30 58 51 60 31
split_gain=12.9619 9.09223 3.14038 1.40047 0.199749
threshold=0.3257004469633103 0.018600000068545345 -0.4306392222642898 0.19040000438690188 0.58823850750923168
decision_type=2 2 2 2 2
left_child=1 3 -2 -1 -4
right_child=2 -3 4 -5 -6
leaf_value=0.025500217011551519 -0.01628793366829016 -0.0056973345701882708 0 0 0.0039286408824293056
leaf_weight=16.32812628149987 14.956587955355646 5.2057700157165518 2.3892885893583289 1.9464684724807728 2.2077606320381165
leaf_count=72 102 31 13 10 12
internal_value=0.00240895 0.0156215 -0.0113441 0.0236837 0.000769506
internal_weight=43.034 23.4804 19.5536 18.2746 4.59705
internal_count=240 113 127 82 25
is_linear=0
shrinkage=0.03


Tree=42
num_leaves=7
num_cat=0
split_feature=32 58 60 9 68 42
split_gain=11.1588 5.78804 2.79953 2.47759 1.3774 0.937036
threshold=0.27426053583621984 0.01480000000447035 0.64239999651908886 5.1666667461395273 697.16046142578136 0.53325569629669201
decision_type=2 2 2 2 8 2
left_child=1 2 4 5 -1 -2
right_child=3 -3 -4 -5 -6 -7
leaf_value=0.02463365342024941 -0.018196957628982689 -0.0055517873651319887 0 0.00021184820218590365 0 0
leaf_weight=10.100324943661693 18.709416642785079 4.1803096532821646 1.8879213035106648 1.2142779082059849 4.8656778186559686 1.8357475847005833
leaf_count=43 125 24 10 5 23 10
internal_value=-0.00103694 0.0108684 0.0177262 -0.0142331 0.0209499 -0.016841
internal_weight=42.7937 21.0342 16.8539 21.7594 14.966 20.5452
internal_count=240 100 76 140 66 135
is_linear=0
shrinkage=0.03


Tree=43
num_leaves=7
num_cat=0
split_feature=12 58 60 47 55 32
split_gain=13.5491 5.04559 3.89792 1.7112 1.57007 0.536834
threshold=0.30952382087707525 0.016199999488890175 0.31399999558925634 0.16693903505802157 0.14269554615020755 0.14763428270816806
decision_type=2 2 2 2 2 2
left_child=3 2 4 -1 -2 -5
right_child=1 -3 -4 5 -6 -7
leaf_value=0 0.02676381317060195 -0.0024816062085552351 0 0 0 -0.016212690097248988
leaf_weight=3.0274809747934368 13.786725521087655 3.7752524912357321 2.5443672686815253 1.3324423730373407 3.6449007838964453 15.364473432302473
leaf_count=19 59 21 13 7 17 109
internal_value=0.0014393 0.0150661 0.0201055 -0.0124992 0.0238666 -0.0152196
internal_weight=43.4756 23.7512 19.976 19.7244 17.4316 16.6969
internal_count=245 110 89 135 76 116
is_linear=0
shrinkage=0.03


Tree=44
num_leaves=6
num_cat=0
split_feature=0 32 47 58 57
split_gain=12.727 4.05667 2.55475 1.8509 0.485801
threshold=2.1666666269302373 0.19966991245746615 0.085297085344791426 0.0042000000830739745 0.009000000078231098
decision_type=2 2 2 2 2
left_child=1 3 -3 4 -1
right_child=-2 2 -4 -5 -6
leaf_value=0 0.020877809406802665 0 -0.016349459288586967 -0.0028780714927732535 0.012898619376323896
leaf_weight=2.2005622088909167 11.701150447130201 2.818071901798251 19.515073195099831 3.9838648587465286 3.2511176615953445
leaf_count=11 49 14 134 22 14
internal_value=0.00173808 -0.00718571 -0.013149 0.0033449 0.010695
internal_weight=43.4698 31.7687 22.3331 9.43554 5.45168
internal_count=244 195 148 47 25
is_linear=0
shrinkage=0.03


Tree=45
num_leaves=7
num_cat=0
split_feature=4 68 54 54 11 68
split_gain=9.22873 4.56591 2.66351 2.86774 0.484834 0.371089
threshold=0.0079052620567381399 865.87020874023449 0.069159060716629042 0.66878628730773937 5.6070852279663095 262.56336975097662
decision_type=10 8 2 2 2 8
left_child=2 -2 -1 -4 -3 -5
right_child=1 4 3 5 -6 -7
leaf_value=0.0029328587654302821 0.02205242660734372 -0.0052074536513451938 -0.016735326575210912 0.0052275757434303806 0.0018582125875124841 -0.00082902673985239719
leaf_weight=2.4511547088623074 10.285861238837244 4.540000155568122 16.590814664959911 1.8836459070444096 2.1812842860817909 3.4278554171323776
leaf_count=11 44 26 108 9 10 23
internal_value=0.000715989 0.0145988 -0.00865991 -0.0123507 0 0
internal_weight=41.3606 17.0071 24.3535 21.9023 6.72128 5.3115
internal_count=231 80 151 140 36 32
is_linear=0
shrinkage=0.03


Tree=46
num_leaves=7
num_cat=0
split_feature=12 68 60 30 0 60
split_gain=11.7383 2.95116 2.62637 2.35543 0.413269 0.378783
threshold=0.50757575035095226 752.01473999023449 0.21280000358819964 0.13510000705718997 2.5000000000000004 0.8384000062942506
decision_type=2 8 2 2 2 2
left_child=3 2 -2 -1 -3 -5
right_child=1 4 -4 5 -6 -7
leaf_value=0.0010610510628879289 0.024438649067342826 -0.0038532852350718072 0 -0.014216220202353299 0.0035943244840059519 0
leaf_weight=3.1534011363983181 11.922668591141703 4.2115744948387137 2.1299112141132346 16.297449558973316 2.4568105489015579 1.5535242334008206
leaf_count=16 51 22 11 112 10 10
internal_value=0.00270248 0.0162111 0.0211208 -0.00961911 0 -0.0133637
internal_weight=41.7253 20.721 14.0526 21.0044 6.66839 17.851
internal_count=232 94 62 138 32 122
is_linear=0
shrinkage=0.03


Tree=47
num_leaves=7
num_cat=0
split_feature=0 68 51 43 60 30
split_gain=11.7326 4.59642 1.95662 1.33942 1.0543 0.528476
threshold=2.1666666269302373 376.21420288085943 -0.40207976102828974 0.15180068463087085 0.0061999999452382335 0.34000758826732641
decision_type=2 8 2 2 2 2
left_child=1 4 3 -3 5 -1
right_child=-2 2 -4 -5 -6 -7
leaf_value=0.011548333853918728 0.020490250362615543 0 0 -0.018701608937293657 0 0
leaf_weight=3.4534982740879077 12.310512065887449 1.6292386651039148 3.5510620772838584 13.871690846979616 4.3553590923547745 1.8701981306076048
leaf_count=15 52 8 19 100 24 11
internal_value=0.00287997 -0.00645863 -0.0136117 -0.0167372 0.00433439 0.00927624
internal_weight=41.0416 28.731 19.052 15.5009 9.67906 5.3237
internal_count=229 177 127 108 50 26
is_linear=0
shrinkage=0.03


Tree=48
num_leaves=7
num_cat=0
split_feature=0 54 61 58 54 42
split_gain=10.8376 3.32139 2.28198 2.19847 1.18858 0.9438
threshold=1.8333333134651186 0.069159060716629042 1.0000000180025095e-35 0.009599999990314247 0.56555533409118663 0.18874773383140567
decision_type=2 2 2 2 2 2
left_child=1 -1 5 -2 -4 -3
right_child=3 2 4 -5 -6 -7
leaf_value=0.004185371868857474 0.020547520881997339 0 -0.005058698205061685 0 0.0074596188578500864 -0.018248332097159661
leaf_weight=2.6875642985105541 10.491295322775839 2.226219139993197 4.8449564427137366 1.9839361310005177 2.3968563973903656 16.279717370867729
leaf_count=12 44 15 27 11 11 114
internal_value=0 -0.00895324 -0.0127902 0.0172307 0 -0.0166492
internal_weight=40.9105 28.4353 25.7477 12.4752 7.24181 18.5059
internal_count=234 179 167 55 38 129
is_linear=0
shrinkage=0.03


Tree=49
num_leaves=6
num_cat=0
split_feature=12 58 32 47 34
split_gain=12.7486 4.28973 1.93066 1.31063 0.59828
threshold=0.50757575035095226 0.045199999585747726 0.21870921552181247 0.16693903505802157 0.078262127935886397
decision_type=2 2 2 2 2
left_child=2 4 -1 -4 -2
right_child=1 -3 3 -5 -6
leaf_value=0 0 -0.0015400194400397586 0 -0.015413155076475758 0.023024376928571986
leaf_weight=3.2694653421640423 2.3139228075742784 2.0370935350656501 3.329740226268771 14.651189401745794 15.207384765148161
leaf_count=17 11 12 20 109 66
internal_value=0.00300129 0.017442 -0.00969795 -0.0129282 0.0215867
internal_weight=40.8088 19.5584 21.2504 17.9809 17.5213
internal_count=235 89 146 129 77
is_linear=0
shrinkage=0.03


Tree=50
num_leaves=7
num_cat=0
split_feature=14 30 0 68 45 61
split_gain=10.5612 3.52497 2.88097 0.290941 0.257801 0.141162
threshold=7.1417174339294442 0.14627855271101001 1.8333333134651186 313.60475158691412 0.071773942559957518 0.0014000000082887711
decision_type=2 2 2 8 2 2
left_child=2 -2 3 -1 -5 -3
right_child=1 5 -4 4 -6 -7
leaf_value=0.0030471958922293559 0.0022004601574706958 -0.017162457849609455 0.020083024332865681 0 -0.0052266510901384676 0
leaf_weight=4.1645143032073983 3.3963846415281322 16.396764755249027 8.7377438098192197 2.1146825700998315 3.2640327513217926 3.5479871183633795
leaf_count=19 17 121 37 10 18 21
internal_value=0 -0.0116698 0.0132493 0 -0.00291107 -0.0159815
internal_weight=41.6221 23.3411 18.281 9.54323 5.37872 19.9448
internal_count=243 159 84 47 28 142
is_linear=0
shrinkage=0.03


Tree=51
num_leaves=6
num_cat=0
split_feature=3 47 24 57 14
split_gain=10.8758 3.06908 3.56557 0.921903 0.291149
threshold=3.1666666269302373 0.085297085344791426 0.021322838962078098 0.72819998860359203 7.1417174339294442
decision_type=2 2 2 2 2
left_child=1 -1 -3 -4 -2
right_child=4 2 3 -5 -6
leaf_value=0.003189423562927909 0.019502280519738319 0.001930253862875935 -0.018916629999435376 0 0
leaf_weight=3.7478236556053188 8.6758090108633024 3.2144842594862011 16.71300192177296 5.2088902220129958 2.0766017138957968
leaf_count=18 37 15 114 34 10
internal_value=0 -0.00870589 -0.0125901 -0.0165365 0.0181564
internal_weight=39.6366 28.8842 25.1364 21.9219 10.7524
internal_count=228 181 163 148 47
is_linear=0
shrinkage=0.03


Tree=52
num_leaves=7
num_cat=0
split_feature=0 68 60 4 30 52
split_gain=11.0421 2.92566 2.1438 1.12357 1.00762 0.28653
threshold=1.8333333134651186 697.16046142578136 0.0030000000260770325 0.0050959466025233277 0.34000758826732641 -0.3264156281948089
decision_type=2 8 2 8 2 2
left_child=1 2 4 -3 -1 -4
right_child=-2 3 5 -5 -6 -7
leaf_value=0.013085972058346758 0.019084048265669243 0 -0.0070932957711552702 -0.015678919847530448 0 0
leaf_weight=3.6383570432662982 12.247052013874052 1.7513822317123384 5.0821685716509819 12.925216674804688 2.9709320366382599 1.8359424620866773
leaf_count=16 53 11 31 92 19 10
internal_value=0.00175873 -0.00722004 8.39964e-05 -0.0136895 0.00927429 -0.00544169
internal_weight=40.4511 28.204 13.5274 14.6766 6.60929 6.91811
internal_count=232 179 76 103 35 41
is_linear=0
shrinkage=0.03


Tree=53
num_leaves=7
num_cat=0
split_feature=68 0 58 54 7 26
split_gain=8.90566 2.47229 2.46429 1.59432 0.713689 0.492552
threshold=667.86233520507824 3.1666666269302373 0.0042000000830739745 0.069159060716629042 431.00000000000006 0.66653695702552807
decision_type=8 2 2 2 2 2
left_child=2 3 5 -2 -5 -1
right_child=1 -3 -4 4 -6 -7
leaf_value=0.018628203392034397 0 0.0013032756549496395 0 -0.017390771908184194 0 0
leaf_weight=11.208915144205095 1.7634856700897277 2.3835133612155905 5.9923662990331641 15.121721856296064 1.3479833304882038 2.1431906372308722
leaf_count=51 8 10 35 110 9 13
internal_value=0 -0.0104079 0.0126537 -0.0139834 -0.0162102 0.0172099
internal_weight=39.9612 20.6167 19.3445 18.2332 16.4697 13.3521
internal_count=236 137 99 127 119 64
is_linear=0
shrinkage=0.03


Tree=54
num_leaves=7
num_cat=0
split_feature=12 60 48 53 17 54
split_gain=11.9287 5.97944 2.45529 0.959206 0.775782 0.36848
threshold=0.30952382087707525 0.1418000012636185 0.13498388230800631 -0.49311269819736475 0.18323499709367755 0.76592186093330394
decision_type=2 2 2 2 2 2
left_child=4 2 3 -2 -1 -6
right_child=1 -3 -4 -5 5 -7
leaf_value=0 0 -0.0044029891105763514 0 0.02501075032835039 -0.015155914347962367 0
leaf_weight=2.029568754136565 2.5521849915385308 3.5023694187402716 2.664556309580802 13.64240972697735 12.840814545750616 2.5390717089176169
leaf_count=15 13 19 13 60 96 17
internal_value=0.00124693 0.0142771 0.0201489 0.0230572 -0.0124033 -0.013916
internal_weight=39.771 22.3615 18.8592 16.1946 17.4095 15.3799
internal_count=233 105 86 73 128 113
is_linear=0
shrinkage=0.03


Tree=55
num_leaves=7
num_cat=0
split_feature=12 58 48 60 44 33
split_gain=13.287 2.92657 2.54062 1.65533 0.727075 0.853928
threshold=0.36666667461395269 0.016199999488890175 0.13498388230800631 0.1418000012636185 0.5454806685447694 0.23355001211166385
decision_type=2 2 2 2 2 2
left_child=4 2 3 -2 5 -1
right_child=1 -3 -4 -5 -6 -7
leaf_value=0 0.025352434096041404 0 0 0 0 -0.014071075521453398
leaf_weight=1.9420498311519647 14.949721246957788 2.6662401854991904 2.7071219682693473 1.9611476063728321 1.8288408070802677 13.245342791080473
leaf_count=14 65 15 13 10 11 101
internal_value=0.00414562 0.0172675 0.0203454 0.0232496 -0.0108485 -0.0123376
internal_weight=39.3005 22.2842 19.618 16.9109 17.0162 15.1874
internal_count=229 103 88 75 126 115
is_linear=0
shrinkage=0.03


Tree=56
num_leaves=7
num_cat=0
split_feature=58 0 56 38 14 51
split_gain=9.09131 7.67581 1.72206 0.893194 0.923341 0.489912
threshold=0.011799999978393318 0.83333334326744091 -0.55636668205261219 0.11142597720026971 13.695309638977053 -0.40721872448921198
decision_type=2 2 2 2 2 2
left_child=1 3 -3 -1 -5 -2
right_child=5 2 -4 4 -6 -7
leaf_value=0.001151378818970076 -0.015022620950279649 0 0.02370401075938184 -0.0099432550891988339 0 0
leaf_weight=4.1282670870423344 11.237383052706717 1.8293387368321408 11.604994557797907 7.8570365905761701 1.952413462102413 1.3920705169439305
leaf_count=20 84 10 52 52 12 8
internal_value=9.09512e-05 0.0101243 0.0212575 -0.00249776 -0.00686832 -0.0138677
internal_weight=40.0015 27.3721 13.4343 13.9377 9.80945 12.6295
internal_count=238 146 62 84 64 92
is_linear=0
shrinkage=0.03


Tree=57
num_leaves=7
num_cat=0
split_feature=0 31 47 41 26 51
split_gain=9.40349 3.08108 3.07888 1.24121 1.04066 0.0472685
threshold=3.5000000000000004 0.12636836245656016 0.13558906316757205 0.10711032897233964 0.17967677861452105 -0.38059848546981806
decision_type=2 2 2 2 2 2
left_child=1 3 5 -1 -4 -3
right_child=-2 2 4 -5 -6 -7
leaf_value=0.0087268792446061685 0.017175876042493224 0.0018121126252575251 0 -0.002572329271558634 -0.018973700913336247 0
leaf_weight=4.2658988535404232 8.6730201840400678 2.9551990851759911 3.6370973736047771 3.0244387835264206 16.053804643452168 1.8608347624540353
leaf_count=20 38 16 20 16 122 10
internal_value=0 -0.00840738 -0.0128206 0.00179254 -0.0168629 0
internal_weight=40.4703 31.7973 24.5069 7.29034 19.6909 4.81603
internal_count=242 204 168 36 142 26
is_linear=0
shrinkage=0.03


Tree=58
num_leaves=7
num_cat=0
split_feature=68 54 11 29 4 57
split_gain=7.36288 3.77358 2.33057 1.27659 0.881141 0.377675
threshold=385.15440368652349 0.074491981416940703 5.6070852279663095 0.25961717963218695 0.011484991759061815 0.99900001287460338
decision_type=8 2 2 2 8 2
left_child=3 -2 5 -1 -5 -3
right_child=1 2 -4 4 -6 -7
leaf_value=0 0.0046973245393802116 -0.017364604119214436 0 0 0.018023169260419265 0
leaf_weight=3.1948466747999182 4.2220847606658962 14.951569065451626 3.0314718335866919 1.5662595033645601 10.238030701875687 1.295528449118138
leaf_count=18 20 113 18 8 49 7
internal_value=0.000437078 -0.00773394 -0.0131802 0.0136121 0.0162828 -0.0165438
internal_weight=38.4998 23.5007 19.2786 14.9991 11.8043 16.2471
internal_count=233 158 138 75 57 120
is_linear=0
shrinkage=0.03


Tree=59
num_leaves=7
num_cat=0
split_feature=12 60 53 48 51 31
split_gain=9.05416 4.18555 1.84753 1.78872 1.47241 1.29691
threshold=0.30952382087707525 0.31399999558925634 -0.49311269819736475 0.13498388230800631 -0.41610644757747645 0.15461797267198565
decision_type=2 2 2 2 2 2
left_child=4 2 -2 -4 5 -1
right_child=1 -3 3 -5 -6 -7
leaf_value=0 0 -0.0026620748603844711 0.022621193549006643 0 0 -0.01548386421644073
leaf_weight=2.3752171173691741 3.1171677485108438 3.0560664385557166 15.431750014424326 2.3484473824501029 1.8556988984346379 10.830905482172964
leaf_count=14 17 17 69 11 11 90
internal_value=0.00292684 0.0133671 0.0177561 0.020261 -0.0099913 -0.0128419
internal_weight=39.0153 23.9534 20.8974 17.7802 15.0618 13.2061
internal_count=229 114 97 80 115 104
is_linear=0
shrinkage=0.03


Tree=60
num_leaves=7
num_cat=0
split_feature=58 0 46 53 47 56
split_gain=7.18209 4.76678 1.29316 0.731741 0.856781 0.381527
threshold=0.011799999978393318 0.83333334326744091 0.09819377958774568 -0.22608545422554013 0.085297085344791426 -0.52962470054626454
decision_type=2 2 2 2 2 2
left_child=1 3 -2 4 -1 -3
right_child=2 5 -4 -5 -6 -7
leaf_value=0 0 0 -0.014262292473360118 0.0037151906193257462 -0.0079286835352512172 0.01981937836021213
leaf_weight=2.0779643505811682 1.1173394173383702 1.829078897833823 10.679483108222483 1.4353089630603815 10.238656543195246 10.57131341844797
leaf_count=10 6 10 83 6 67 48
internal_value=0.000740648 0.00976534 -0.0118148 -0.000137805 -0.00473896 0.0185851
internal_weight=37.9491 26.1523 11.7968 13.7519 12.3166 12.4004
internal_count=230 141 89 83 77 58
is_linear=0
shrinkage=0.03


Tree=61
num_leaves=7
num_cat=0
split_feature=12 60 58 33 14 35
split_gain=10.0239 3.08158 2.65358 0.865898 0.994022 0.163595
threshold=0.30952382087707525 0.31399999558925634 0.045199999585747726 0.23355001211166385 12.59736490249634 0.1045847423374653
decision_type=2 2 2 2 2 2
left_child=3 2 5 -1 -5 -2
right_child=1 -3 -4 4 -6 -7
leaf_value=0 0 -0.001519206180641984 0 0 -0.016817691178767216 0.020430092125459612
leaf_weight=2.0180131271481541 2.6303050071001151 2.670839548110961 2.0885371267795554 2.1875520125031462 11.961633525788782 13.391997069120405
leaf_count=15 12 15 13 17 94 60
internal_value=0 0.0120693 0.0160352 -0.0131684 -0.0148381 0.0192235
internal_weight=36.9489 20.7817 18.1108 16.1672 14.1492 16.0223
internal_count=226 100 85 126 111 72
is_linear=0
shrinkage=0.03


Tree=62
num_leaves=7
num_cat=0
split_feature=68 60 51 24 11 30
split_gain=7.18004 6.4965 1.76107 1.32273 0.868497 0.398464
threshold=752.01473999023449 0.077600002288818373 -0.40207976102828974 0.63725516200065624 5.6070852279663095 0.3811661303043366
decision_type=8 2 2 2 2 2
left_child=1 3 4 5 -2 -1
right_child=2 -3 -4 -5 -6 -7
leaf_value=0.022885582254679977 -0.014762949971904847 -0.0049417684252845203 0 0 0 0
leaf_weight=11.231833517551424 11.830655559897425 5.5497447252273551 3.729916810989379 2.4505823701620093 1.9563644751906384 1.7632948160171498
leaf_count=50 91 34 20 16 12 11
internal_value=0.000827457 0.0115068 -0.00932211 0.0193943 -0.012929 0.0216331
internal_weight=38.5124 20.9955 17.5169 15.4457 13.787 12.9951
internal_count=234 111 123 77 103 61
is_linear=0
shrinkage=0.03


Tree=63
num_leaves=7
num_cat=0
split_feature=68 60 11 9 51 26
split_gain=7.28555 5.04801 1.9795 0.589181 0.568631 0.459132
threshold=752.01473999023449 0.0030000000260770325 5.6070852279663095 0.5000000149011613 -0.38627026975154871 0.63109806180000316
decision_type=8 2 2 2 2 2
left_child=1 5 4 -3 -2 -1
right_child=2 3 -4 -5 -6 -7
leaf_value=0.021550583103342118 -0.014351742004285467 -0.0058946411182129845 0.00036652721127615847 0.00093988511806832118 0 0
leaf_weight=9.3471194282174128 13.373767510056496 5.4317032098770124 2.6141779348254195 3.4390428438782692 1.9593211114406592 2.0591235905885688
leaf_count=43 100 33 15 18 11 14
internal_value=0.000508197 0.011561 -0.00950092 -0.000971514 -0.0130323 0.0200112
internal_weight=38.2243 20.277 17.9473 8.87075 15.3331 11.4062
internal_count=234 108 126 51 111 57
is_linear=0
shrinkage=0.03


Tree=64
num_leaves=7
num_cat=0
split_feature=68 45 60 57 11 30
split_gain=5.48208 3.61588 2.8754 1.20706 0.424057 0.230961
threshold=385.15440368652349 0.068887352943420424 0.34340000152587896 0.9641999900341035 6.5000000000000009 0.35304744541645056
decision_type=8 2 2 2 2 2
left_child=2 -2 5 4 -3 -1
right_child=1 3 -4 -5 -6 -7
leaf_value=0.017987200648963076 0.0046754031453885144 -0.015675846267566157 -0.0013552891083305351 0 0 0
leaf_weight=9.8944988995790464 5.1922573670744923 13.171991661190985 1.9396476745605458 1.861362665891648 1.3574225753545768 3.0706143379211417
leaf_count=45 25 102 12 11 8 19
internal_value=0.000841081 -0.00642532 0.0121274 -0.0126545 -0.0147165 0.016469
internal_weight=36.4878 21.583 14.9048 16.3908 14.5294 12.9651
internal_count=222 146 76 121 110 64
is_linear=0
shrinkage=0.03


Tree=65
num_leaves=7
num_cat=0
split_feature=12 4 30 38 59 68
split_gain=8.88263 2.09957 2.06533 0.867268 0.171444 0.133536
threshold=0.50757575035095226 0.0079052620567381399 0.13510000705718997 0.11142597720026971 0.10720000043511392 752.01473999023449
decision_type=2 10 2 2 2 8
left_child=2 4 -1 -4 5 -2
right_child=1 -3 3 -5 -6 -7
leaf_value=0 0.0032260375899053305 0.015502340674499016 0 -0.017253143550314615 -0.0032775901857840495 0
leaf_weight=2.296265751123431 3.4513933509588259 10.463781923055647 1.2739937230944658 15.603021577000616 2.5192483365535736 2.0561078637838364
leaf_count=12 16 48 10 125 14 11
internal_value=-0.000577027 0.0103098 -0.0130679 -0.0159537 0 0.00113025
internal_weight=37.6638 18.4905 19.1733 16.877 8.02675 5.5075
internal_count=236 89 147 135 41 27
is_linear=0
shrinkage=0.03


Tree=66
num_leaves=7
num_cat=0
split_feature=0 61 54 14 60 43
split_gain=8.24158 2.46288 2.0724 1.36089 1.05099 1.011
threshold=1.8333333134651186 1.0000000180025095e-35 0.069159060716629042 13.221588611602785 0.0061999999452382335 0.15180068463087085
decision_type=2 2 2 2 2 2
left_child=1 2 -1 -2 -3 -4
right_child=3 4 5 -5 -6 -7
leaf_value=0 0.01834620931220916 0.0082188689596956205 0 0 -0.0022488339982696705 -0.016770195243450019
leaf_weight=2.1312547475099626 9.4759572595357877 3.2497455030679694 1.6071475893259073 2.2327969670295706 3.7818124145269394 15.105502359569071
leaf_count=10 43 16 8 12 22 123
internal_value=0.000136425 -0.00762867 -0.0121893 0.0156699 0.00105128 -0.0151742
internal_weight=37.5842 25.8755 18.8439 11.7088 7.03156 16.7126
internal_count=234 179 141 55 38 131
is_linear=0
shrinkage=0.03


Tree=67
num_leaves=7
num_cat=0
split_feature=1 68 14 60 44 26
split_gain=6.56477 2.44018 2.03767 1.81653 1.38269 0.40226
threshold=1.1666666865348818 667.86233520507824 13.221588611602785 0.0061999999452382335 0.65886381268501293 0.63109806180000316
decision_type=2 8 2 2 2 2
left_child=1 3 -2 5 -3 -1
right_child=2 4 -4 -5 -6 -7
leaf_value=0.010589480329212293 0.018341687561032386 -0.014815377570658622 0 -0.0048827591945273911 0 0
leaf_weight=4.4765294194221514 8.5562767535448057 12.511643342673777 2.7781578078865996 5.7513797208666801 2.0279569551348677 1.8545310348272321
leaf_count=21 39 100 19 35 11 13
internal_value=0.000252483 -0.00640546 0.0143753 0.00029944 -0.0122738 0.00878832
internal_weight=37.9565 26.622 11.3344 12.0824 14.5396 6.33106
internal_count=238 180 58 69 111 34
is_linear=0
shrinkage=0.03


Tree=68
num_leaves=7
num_cat=0
split_feature=58 28 35 46 36 11
split_gain=7.00897 5.23261 1.6081 0.377108 0.227083 0.161747
threshold=0.011799999978393318 0.520310938358307 0.36522072553634649 0.09819377958774568 0.14587972313165667 3.8500000238418584
decision_type=2 2 2 2 2 2
left_child=1 2 4 -2 -1 -3
right_child=3 5 -4 -5 -6 -7
leaf_value=0.0033810540289728468 0 -0.0052763729629506191 0.020725794753233332 -0.012819432000901016 -0.0016268336552943059 0
leaf_weight=4.9585399329662385 1.1560923978686322 5.5369825661182395 11.246392540633677 10.694837376475332 2.6108031421899796 1.319943882524967
leaf_count=24 7 42 53 85 16 8
internal_value=0.000467342 0.00955509 0.0163247 -0.0118368 0 -0.00412606
internal_weight=37.5236 25.6727 18.8157 11.8509 7.56934 6.85693
internal_count=235 143 93 92 40 50
is_linear=0
shrinkage=0.03


Tree=69
num_leaves=7
num_cat=0
split_feature=0 68 14 14 32 44
split_gain=5.58819 2.77703 2.16289 1.62104 0.649244 0.603261
threshold=1.8333333134651186 376.21420288085943 13.560840129852297 15.311172962188722 0.34145653247833258 0.65886381268501293
decision_type=2 8 2 2 2 2
left_child=1 4 -2 5 -1 -3
right_child=2 3 -4 -5 -6 -7
leaf_value=0.0061623275393809926 0.016115116778437494 -0.016407357479612812 0 0 -0.0011709342571529346 0
leaf_weight=5.2586573958396929 9.0006906688213331 14.24893591552973 1.9133309125900257 1.8653364032506932 4.4314764738082886 1.3421484678983677
leaf_count=24 42 116 11 10 29 8
internal_value=0 -0.00741347 0.0119525 -0.0128391 0.000870006 -0.0152927
internal_weight=38.0606 27.1466 10.914 17.4564 9.69013 15.5911
internal_count=240 187 53 134 53 124
is_linear=0
shrinkage=0.03


Tree=70
num_leaves=7
num_cat=0
split_feature=58 0 62 38 68 19
split_gain=6.70442 4.8897 1.70501 0.685224 0.626656 0.0669167
threshold=0.011799999978393318 0.83333334326744091 0.55140000581741344 0.11142597720026971 247.4860534667969 0.72827759385108959
decision_type=2 2 2 2 10 2
left_child=1 3 -2 -1 -5 -3
right_child=2 5 -4 4 -6 -7
leaf_value=0.002384168816778266 -0.014090199157181097 0.019772619442205458 0 -0.0083244021316872269 0 0
leaf_weight=4.1035924106836346 10.68240977078676 10.42184943705797 1.4785712212324131 5.9169052317738515 3.0634577497839928 1.9586671441793431
leaf_count=19 88 50 9 42 21 10
internal_value=0.00115216 0.0099705 -0.0107724 -0.000325702 -0.00532887 0.0188162
internal_weight=37.6255 25.4645 12.161 13.084 8.98036 12.3805
internal_count=239 142 97 82 63 60
is_linear=0
shrinkage=0.03


Tree=71
num_leaves=6
num_cat=0
split_feature=0 54 68 47 4
split_gain=5.46369 3.75917 1.94654 1.60112 1.05091
threshold=3.5000000000000004 0.069159060716629042 313.60475158691412 0.64718985557556163 0.0050959466025233277
decision_type=2 2 8 2 8
left_child=1 -1 3 -3 -4
right_child=-2 2 4 -5 -6
leaf_value=0.0065715319540638603 0.013436779621544931 -0.0062714229445495475 0 0.0081527199357568584 -0.016756295620751566
leaf_weight=2.7622146904468563 7.3716311901807776 4.3690398931503323 2.0168329253792789 3.1774749159812927 16.037843614816666
leaf_count=12 35 25 15 15 127
internal_value=0 -0.0068134 -0.0113831 0 -0.0150624
internal_weight=35.735 28.3634 25.6012 7.54651 18.0547
internal_count=229 194 182 40 142
is_linear=0
shrinkage=0.03


Tree=72
num_leaves=7
num_cat=0
split_feature=12 4 30 47 60 61
split_gain=4.96971 2.29074 1.4153 1.27879 0.404254 0.28576
threshold=0.50757575035095226 0.0055944493506103763 0.10655157268047334 0.087287481874227538 0.00059999998484272521 0.0014000000082887711
decision_type=2 10 2 2 2 2
left_child=2 4 -1 -4 -2 -5
right_child=1 -3 3 5 -6 -7
leaf_value=0 0.0018856427099931453 0.014919991762778367 0 -0.014654650377265257 -0.0047541623271579658 0
leaf_weight=1.9762913882732416 3.7821942865848568 10.477049142122267 1.2344841733574892 11.689252026379107 3.9289980381727219 3.1590561568737021
leaf_count=10 18 49 7 105 22 20
internal_value=0 0.00941119 -0.00839202 -0.0111623 0 -0.0133081
internal_weight=36.2473 18.1882 18.0591 16.0828 7.71119 14.8483
internal_count=231 89 142 132 40 125
is_linear=0
shrinkage=0.03


Tree=73
num_leaves=7
num_cat=0
split_feature=58 0 46 38 14 19
split_gain=6.42275 4.83607 1.09017 0.84633 0.714914 0.265704
threshold=0.009599999990314247 0.83333334326744091 0.09819377958774568 0.11142597720026971 13.604084968566896 0.69315171241760265
decision_type=2 2 2 2 2 2
left_child=1 3 -2 -1 -5 -3
right_child=2 5 -4 4 -6 -7
leaf_value=0.0036991662994002635 0 0.020600501072089304 -0.012433665574438224 -0.0084379871578685126 0 0
leaf_weight=3.7470512762665775 1.5662368163466442 9.7011342197656614 10.413427099585531 7.0928817838430387 2.8456795662641525 2.3296780139207831
leaf_count=18 9 47 85 52 19 12
internal_value=0.00185086 0.0102728 -0.0099469 0 -0.00536354 0.0192002
internal_weight=37.6961 25.7164 11.9797 13.6856 9.93856 12.0308
internal_count=242 148 94 89 71 59
is_linear=0
shrinkage=0.03


Tree=74
num_leaves=7
num_cat=0
split_feature=68 60 47 4 3 6
split_gain=6.47027 4.02722 1.70518 1.06994 1.33603 0.606725
threshold=667.86233520507824 0.31399999558925634 0.085297085344791426 0.0050959466025233277 3.5000000000000004 174.37500000000003
decision_type=8 2 2 8 2 2
left_child=1 5 -2 -4 -5 -1
right_child=2 -3 3 4 -6 -7
leaf_value=0.019669606192092487 0.0012583291057516122 -0.0017942005217925065 0 -0.015307707608127897 0 0
leaf_weight=14.282897807657724 3.4216538071632412 3.685433827340602 1.4682378917932482 10.421613596379755 2.2691153287887582 1.8601747825741757
leaf_count=73 16 24 11 89 11 10
internal_value=0.00341123 0.01329 -0.00633401 -0.0104137 -0.0125659 0.0183978
internal_weight=37.4091 19.8285 17.5806 14.159 12.6907 16.1431
internal_count=234 107 127 111 100 83
is_linear=0
shrinkage=0.03


Tree=75
num_leaves=7
num_cat=0
split_feature=58 1 62 14 60 32
split_gain=4.50013 2.77291 1.61867 0.992964 0.502695 0.732779
threshold=0.011799999978393318 0.83333334326744091 0.55140000581741344 13.604084968566896 1.0000000180025095e-35 0.37618413567543035
decision_type=2 2 2 2 2 2
left_child=1 4 -2 -3 5 -1
right_child=2 3 -4 -5 -6 -7
leaf_value=0.0069738814463963066 -0.012965500299517693 0.017371373194952404 0 0 -0.0046802074777304806 -0.00029375024443072296
leaf_weight=5.6829480379819888 9.7475861087441427 8.5189327895641309 1.3203749582171429 2.0536905229091635 5.8864749521017066 3.9435071274638176
leaf_count=27 84 41 8 11 42 29
internal_value=0.000500338 0.00780644 -0.00940324 0.0151063 0 0.00230684
internal_weight=37.1535 26.0856 11.068 10.5726 15.5129 9.62646
internal_count=242 150 92 52 98 56
is_linear=0
shrinkage=0.03


Tree=76
num_leaves=7
num_cat=0
split_feature=68 60 0 4 54 4
split_gain=5.95175 3.56941 2.06794 1.88559 1.80231 0.688712
threshold=697.16046142578136 0.0030000000260770325 3.1666666269302373 0.0075805915985256442 0.070939652621746077 0.0050959466025233277
decision_type=8 2 2 8 2 8
left_child=1 3 4 -1 -2 -6
right_child=2 -3 -4 -5 5 -7
leaf_value=0 0 -0.00022393511271783125 0.001351070230897148 0.020312122296095653 0 -0.016538917051051736
leaf_weight=1.4387553334236152 1.3022524118423486 7.1558263078331938 2.4992774277925482 10.483601979911327 1.3798220083117456 11.665454246103764
leaf_count=9 6 43 11 53 11 101
internal_value=0.000834668 0.0110376 -0.00829225 0.0175526 -0.0123014 -0.0151744
internal_weight=35.925 19.0782 16.8468 11.9224 14.3475 13.0453
internal_count=234 105 129 62 118 112
is_linear=0
shrinkage=0.03


Tree=77
num_leaves=7
num_cat=0
split_feature=0 26 51 60 14 47
split_gain=4.6865 2.01462 1.03602 0.933606 0.887628 0.448494
threshold=1.8333333134651186 0.14372427761554721 -0.40207976102828974 0.077600002288818373 13.221588611602785 0.79380273818969738
decision_type=2 2 2 2 2 2
left_child=1 3 5 -1 -2 -3
right_child=4 2 -4 -5 -6 -7
leaf_value=0.0076215773173711997 0.015053914533607863 -0.013536311658568227 0 -0.0016487155626630969 0 0
leaf_weight=5.1844727545976665 8.5077629834413511 11.398837447166445 3.9436625167727462 2.0552609264850616 2.2047556266188613 2.4531109109520903
leaf_count=24 41 99 24 12 12 19
internal_value=0.000721351 -0.00491479 -0.00964344 0.00207973 0.0128035 -0.0121435
internal_weight=35.7479 25.0353 17.7956 7.23973 10.7125 13.8519
internal_count=231 178 142 36 53 118
is_linear=0
shrinkage=0.03


Tree=78
num_leaves=7
num_cat=0
split_feature=12 60 53 17 4 68
split_gain=4.04971 2.68945 1.40253 1.31421 0.671882 0.140382
threshold=0.30952382087707525 0.0030000000260770325 -0.49311269819736475 0.41641052067279821 0.011484991759061815 247.4860534667969
decision_type=2 2 2 2 10 10
left_child=3 2 -2 5 -3 -1
right_child=1 4 -4 -5 -6 -7
leaf_value=0 0 -0.0060683354801739295 0.017520630470314949 -0.010239051854267723 0.0024406977389895093 0.0032357928720164728
leaf_weight=2.8414565548300734 2.9326582625508317 4.4515844956040374 12.274015933275223 8.9094293713569623 2.1736290529370308 2.0667988210916519
leaf_count=24 17 26 57 80 11 15
internal_value=0.00260433 0.00995519 0.0148721 -0.00579425 0 0
internal_weight=35.6496 21.8319 15.2067 13.8177 6.62521 4.90826
internal_count=230 111 74 119 37 39
is_linear=0
shrinkage=0.03


Tree=79
num_leaves=7
num_cat=0
split_feature=58 0 60 38 56 57
split_gain=5.92152 4.5876 0.902327 0.83915 0.660821 0.511502
threshold=0.011799999978393318 0.83333334326744091 0.0030000000260770325 0.11142597720026971 -0.54589617252349842 0.0028000000165775423
decision_type=2 2 2 2 2 2
left_child=1 2 3 -1 -3 -2
right_child=5 4 -4 -5 -6 -7
leaf_value=0.0080042987280673234 0 0 -0.0068315670239520983 -0.00041742492931745573 0.019295324401287166 -0.012671942923029702
leaf_weight=2.8733517229557055 0.9573250561952581 1.8045546486973751 5.9943469017744055 5.5955024361610413 9.8711190298199636 9.405004642903803
leaf_count=12 7 11 42 38 49 79
internal_value=0.000403045 0.00861354 -0.000520547 0.00197804 0.0177165 -0.0114202
internal_weight=36.5012 26.1389 14.4632 8.46885 11.6757 10.3623
internal_count=238 152 92 50 60 86
is_linear=0
shrinkage=0.03


Tree=80
num_leaves=7
num_cat=0
split_feature=12 60 68 30 14 61
split_gain=4.9613 3.13002 1.87412 0.831254 1.11471 0.592758
threshold=0.36666667461395269 0.31399999558925634 1.0000000180025095e-35 0.13510000705718997 12.59736490249634 0.0014000000082887711
decision_type=2 2 10 2 2 2
left_child=3 2 -2 -1 -5 -6
right_child=1 -3 -4 4 5 -7
leaf_value=0 0 -0.0023675842127631546 0.017982822376661621 0 -0.013683834700959636 0
leaf_weight=1.1359802186489094 5.5282000377774301 3.501626804471015 13.907079599797724 1.4065045043826092 9.3348418027162534 2.2454013824462882
leaf_count=6 28 20 67 12 88 15
internal_value=0.00191985 0.0100142 0.0143299 -0.00744073 -0.00952085 -0.0119601
internal_weight=37.0596 22.9369 19.4353 14.1227 12.9867 11.5802
internal_count=236 115 95 121 115 103
is_linear=0
shrinkage=0.03


Tree=81
num_leaves=7
num_cat=0
split_feature=0 68 60 43 30 44
split_gain=5.7373 2.38901 2.9461 0.783514 0.565345 0.356843
threshold=3.5000000000000004 697.16046142578136 0.00059999998484272521 0.14653412997722629 0.34000758826732641 0.65886381268501293
decision_type=2 8 2 2 2 2
left_child=1 2 4 -3 -1 -5
right_child=-2 3 -4 5 -6 -7
leaf_value=0.012182309330919348 0.013535462855198938 0 -0.0077846508462494166 -0.015418056143448124 0 0
leaf_weight=4.6176862269639987 7.0236894041299811 0.92421343922614951 6.3514688014984131 11.963603071868418 2.5411520823836327 1.5114234536886204
leaf_count=20 36 5 40 105 17 9
internal_value=0 -0.00734409 0 -0.0131119 0.00983753 -0.0144475
internal_weight=34.9332 27.9095 13.5103 14.3992 7.15884 13.475
internal_count=232 196 77 119 37 114
is_linear=0
shrinkage=0.03


Tree=82
num_leaves=7
num_cat=0
split_feature=12 60 53 51 68 19
split_gain=5.01819 2.24805 1.64782 0.882707 0.712279 0.6734
threshold=0.30952382087707525 0.31399999558925634 -0.49311269819736475 -0.41610644757747645 262.56336975097662 0.86729955673217785
decision_type=2 2 2 2 8 2
left_child=3 2 -2 4 -1 -4
right_child=1 -3 5 -5 -6 -7
leaf_value=0 0 -0.001250332526092408 0.016965357123066304 0 -0.012735429897579273 0
leaf_weight=1.9469548538327188 2.907891839742665 2.5725403800606719 13.817668721079825 2.4094237238168708 9.7613558620214462 1.8580430746078498
leaf_count=13 18 15 67 16 94 9
internal_value=0.000591728 0.00941644 0.012913 -0.0085659 -0.010868 0.015601
internal_weight=35.2739 21.1561 18.5836 14.1177 11.7083 15.6757
internal_count=232 109 94 123 107 76
is_linear=0
shrinkage=0.03


Tree=83
num_leaves=7
num_cat=0
split_feature=58 0 51 68 60 26
split_gain=5.57838 4.84503 0.869238 0.320862 0.369511 0.00308631
threshold=0.011799999978393318 0.83333334326744091 -0.41610644757747645 752.01473999023449 0.10199999809265138 0.14372427761554721
decision_type=2 2 2 8 2 2
left_child=1 3 -2 4 -1 -5
right_child=2 -3 -4 5 -6 -7
leaf_value=0.0048714555344507825 -0.010788356475871527 0.019246192306708418 0 0 0 -0.0044511439921094314
leaf_weight=4.3780206218361863 8.8209012150764448 13.010794863104818 1.3790247887372959 1.5097331255674369 3.1075969412922859 4.2791182920336723
leaf_count=21 78 66 8 8 20 37
internal_value=0.00344198 0.0107112 -0.00834951 0 0.000703172 -0.00421216
internal_weight=36.4852 26.2853 10.1999 13.2745 7.48562 5.78885
internal_count=238 152 86 86 41 45
is_linear=0
shrinkage=0.03


Tree=84
num_leaves=7
num_cat=0
split_feature=58 60 28 55 62 0
split_gain=5.86035 2.75244 1.50753 1.34856 0.28317 0.217376
threshold=0.011799999978393318 0.16399999707937243 0.520310938358307 0.14269554615020755 0.30859999358654028 0.83333334326744091
decision_type=2 2 2 2 2 2
left_child=1 2 3 -1 -2 -3
right_child=4 5 -4 -5 -6 -7
leaf_value=0.019139202712542457 -0.011250347649337043 -0.0038572419785889486 0 0 0 0
leaf_weight=12.807884924113756 8.5080522373318654 3.9631275683641425 4.605103373527526 2.0981004387140265 1.1952389702200878 1.2672571763396261
leaf_count=63 78 30 35 10 8 7
internal_value=0.00172709 0.00977442 0.0140001 0.0169328 -0.0102936 -0.000891679
internal_weight=34.4448 24.7415 19.5111 14.906 9.70329 5.23038
internal_count=231 145 108 73 86 37
is_linear=0
shrinkage=0.03


Tree=85
num_leaves=7
num_cat=0
split_feature=68 60 58 0 47 4
split_gain=5.26888 3.73345 1.50124 1.42681 1.47984 1.56394
threshold=752.01473999023449 0.31399999558925634 0.029799999669194225 3.1666666269302373 0.073408186435699477 0.0050959466025233277
decision_type=8 2 2 2 2 8
left_child=1 2 -1 4 -2 -6
right_child=3 -3 -4 -5 5 -7
leaf_value=0.019374787408806375 0 -0.0020461095710506945 0 0.00078502616462323245 0 -0.015355013206479751
leaf_weight=12.667670153081419 1.9207965433597589 3.9223419427871695 2.1176013052463523 2.4244983047246924 1.2155006155371637 11.702452160418034
leaf_count=65 9 27 15 11 9 101
internal_value=0.00216347 0.0115898 0.016994 -0.00635502 -0.00978359 -0.0127222
internal_weight=35.9709 18.7076 14.7853 17.2632 14.8387 12.918
internal_count=237 107 80 130 119 110
is_linear=0
shrinkage=0.03


Tree=86
num_leaves=6
num_cat=0
split_feature=9 47 53 57 14
split_gain=4.45043 2.26234 1.50792 0.898444 0.635412
threshold=2.1666666269302373 0.085297085344791426 -0.22608545422554013 0.87619999051094066 8.2942690849304217
decision_type=2 2 2 2 2
left_child=1 -1 3 -3 -2
right_child=4 2 -4 -5 -6
leaf_value=0.0022874555346514159 0.012761683803548415 -0.015566064433825934 0 0 0
leaf_weight=3.6054008305072811 6.9086739271879178 14.573219694197183 2.0096598863601676 4.2216587588191024 3.060164749622345
leaf_count=17 36 122 10 28 18
internal_value=0 -0.00727967 -0.0110898 -0.0133677 0.010453
internal_weight=34.3788 24.4099 20.8045 18.7949 9.96884
internal_count=231 177 160 150 54
is_linear=0
shrinkage=0.03


Tree=87
num_leaves=7
num_cat=0
split_feature=58 1 62 68 56 11
split_gain=4.58064 3.70027 1.02696 0.57917 0.324014 0.108707
threshold=0.009599999990314247 0.83333334326744091 0.37680000066757208 752.01473999023449 -0.35677005350589747 3.8500000238418584
decision_type=2 2 2 8 2 2
left_child=1 3 -2 4 -1 -5
right_child=2 -3 -4 5 -6 -7
leaf_value=0.00466864059820491 -0.012042462949145035 0.016796694089444793 0 -0.0061833960504962156 0 0
leaf_weight=5.6480477526783943 9.0247065201401693 9.9653755575418455 1.1087027862668026 4.8984753116965303 1.7303915619850165 1.203500412404537
leaf_count=30 80 50 7 39 10 7
internal_value=0.000580863 0.00829727 -0.00954609 0 0.00168695 -0.005413
internal_weight=33.5792 23.4458 10.1334 13.4804 7.37844 6.10198
internal_count=223 136 87 86 40 46
is_linear=0
shrinkage=0.03


Tree=88
num_leaves=6
num_cat=0
split_feature=0 47 48 61 60
split_gain=3.45004 2.04518 1.95816 0.743457 0.422936
threshold=3.5000000000000004 0.085297085344791426 -0.19895818084478376 1.0000000180025095e-35 0.8384000062942506
decision_type=2 2 2 2 2
left_child=1 -1 3 -3 -4
right_child=-2 2 4 -5 -6
leaf_value=0.003695537905908272 0.011439727672523999 -0.0031879935970384786 -0.014702601102466595 0.0062381763983753117 0
leaf_weight=3.2034159228205707 6.7112547904252997 6.2918588295578992 11.841522872447962 2.9393436461687088 1.6163809299469001
leaf_count=16 35 49 100 14 13
internal_value=0 -0.00505752 -0.00888128 0 -0.0136031
internal_weight=32.6038 25.8925 22.6891 9.2312 13.4579
internal_count=227 192 176 63 113
is_linear=0
shrinkage=0.03


Tree=89
num_leaves=7
num_cat=0
split_feature=0 68 51 12 60 31
split_gain=5.68882 2.50688 1.66686 1.05425 0.61431 0.24841
threshold=1.8333333134651186 376.21420288085943 -0.40207976102828974 0.36666667461395269 0.0061999999452382335 0.2714486569166184
decision_type=2 8 2 2 2 2
left_child=1 4 -3 -2 5 -1
right_child=3 2 -4 -5 -6 -7
leaf_value=0.0080518185816185247 0 -0.014642475750331691 0 0.016521185472212822 0 0
leaf_weight=3.224947005510332 1.8624065220355976 11.409501619637011 3.2774474620819083 9.2188125401735288 4.4110062345862389 1.7581593468785284
leaf_count=14 12 106 19 48 27 11
internal_value=0.00142595 -0.005181 -0.0111879 0.0142768 0.00204301 0.00650406
internal_weight=35.1623 24.0811 14.6869 11.0812 9.39411 4.98311
internal_count=237 177 125 60 52 25
is_linear=0
shrinkage=0.03


Tree=90
num_leaves=7
num_cat=0
split_feature=58 30 60 46 68 68
split_gain=4.14683 3.86886 1.29214 0.655151 0.34561 0.0611709
threshold=0.011799999978393318 0.31507937610149389 0.19040000438690188 0.081586226820945754 1.0000000180025095e-35 206.68585205078128
decision_type=2 2 2 2 10 10
left_child=1 2 4 5 -1 -3
right_child=-2 3 -4 -5 -6 -7
leaf_value=0 -0.010768904176781896 0 0 -0.0067756355106030255 0.018554436894496599 0.0021477165052309149
leaf_weight=3.2731589004397419 8.8172836527228338 2.1143436729907972 1.727502554655074 5.7975832000374794 8.503802075982092 1.9353066980838773
leaf_count=18 79 12 10 49 41 10
internal_value=0 0.00681703 0.014433 -0.00261403 0.0166805 0
internal_weight=32.169 23.3517 13.5045 9.84723 11.777 4.04965
internal_count=219 140 69 71 59 22
is_linear=0
shrinkage=0.03


Tree=91
num_leaves=7
num_cat=0
split_feature=58 26 60 62 2 51
split_gain=4.40868 2.77363 1.84643 1.36504 0.746515 0.514102
threshold=0.011799999978393318 0.52387118339538585 0.31399999558925634 0.55140000581741344 1.8075471520423891 -0.39158758521080012
decision_type=2 2 2 2 2 2
left_child=1 2 4 -2 -1 -3
right_child=3 5 -4 -5 -6 -7
leaf_value=0.017991636866437614 -0.011412187631089457 -0.0055754222515127282 0 0 0 0.00095747839050721218
leaf_weight=14.318322725594053 8.6216086372733098 4.8085171431303024 2.3727597519755355 1.2786992639303196 1.8554658293724049 1.5017020925879467
leaf_count=70 80 43 15 8 11 9
internal_value=0.00249661 0.00935432 0.0139286 -0.00775467 0.0165856 -0.000708213
internal_weight=34.7571 24.8568 18.5465 9.90031 16.1738 6.31022
internal_count=236 148 96 88 81 52
is_linear=0
shrinkage=0.03


Tree=92
num_leaves=6
num_cat=0
split_feature=1 54 53 58 57
split_gain=4.93068 2.01502 1.32814 1.09242 1.03444
threshold=1.1666666865348818 0.069159060716629042 -0.22608545422554013 0.009599999990314247 0.87619999051094066
decision_type=2 2 2 2 2
left_child=1 -1 4 -2 -3
right_child=3 2 -4 -5 -6
leaf_value=0.0029945446352110734 0.015406841577385604 -0.014140982455094354 0 0 0
leaf_weight=2.852822050452235 7.8241071850061399 15.07637413591147 1.9029540419578541 1.5877017080783842 4.0040094032883635
leaf_count=13 41 125 9 14 28
internal_value=0 -0.00593006 -0.00965483 0.0129347 -0.0118499
internal_weight=33.248 23.8362 20.9833 9.41181 19.0804
internal_count=230 175 162 55 153
is_linear=0
shrinkage=0.03


Tree=93
num_leaves=7
num_cat=0
split_feature=32 47 58 60 68 37
split_gain=4.40712 3.01473 2.29259 1.88427 0.339942 0.0716976
threshold=0.27426053583621984 0.090125467628240599 0.045199999585747726 0.21280000358819964 1.0000000180025095e-35 0.86003434658050548
decision_type=2 2 2 2 10 2
left_child=2 -2 3 4 -1 -3
right_child=1 5 -4 -5 -6 -7
leaf_value=0 0.0028598479509121225 -0.014286972899689295 -0.0016332084342538368 0 0.017993727460242456 0
leaf_weight=3.9250494390726116 3.7505643516778973 11.457208916544911 2.2358921617269507 1.8812437504529942 9.4099050462245923 0.99845103919506151
leaf_count=21 20 106 18 11 46 10
internal_value=0 -0.00808841 0.00905713 0.0130321 0.0160063 -0.0138625
internal_weight=33.6583 16.2062 17.4521 15.2162 13.335 12.4557
internal_count=232 136 96 78 67 116
is_linear=0
shrinkage=0.03


Tree=94
num_leaves=7
num_cat=0
split_feature=68 60 32 11 51 52
split_gain=4.0153 2.88426 1.44588 1.44396 0.7743 0.150246
threshold=752.01473999023449 0.077600002288818373 0.37618413567543035 5.6070852279663095 -0.38627026975154871 -0.35618743300437922
decision_type=8 2 2 2 2 2
left_child=1 2 -1 4 -2 -3
right_child=3 5 -4 -5 -6 -7
leaf_value=0.0177148245962877 -0.012170985456260325 -0.0032920045866204712 0 0.00048135702110803434 0 0
leaf_weight=10.676307469606401 10.707445949316021 3.8437037020921707 3.6956201568245879 2.83382724225521 1.8867892473936088 1.9263520687818516
leaf_count=55 98 26 25 18 11 12
internal_value=0.00120745 0.00929864 0.0145889 -0.00649896 -0.010243 -0.000968979
internal_weight=35.57 20.142 14.3719 15.4281 12.5942 5.77006
internal_count=245 118 80 127 109 38
is_linear=0
shrinkage=0.03


Tree=95
num_leaves=7
num_cat=0
split_feature=58 28 62 19 60 47
split_gain=4.77244 2.72223 1.53116 1.45422 1.4505 0.345302
threshold=0.011799999978393318 0.520310938358307 0.55140000581741344 0.86729955673217785 0.31399999558925634 0.13558906316757205
decision_type=2 2 2 2 2 2
left_child=1 3 -2 4 -1 -3
right_child=2 5 -4 -5 -6 -7
leaf_value=0.017878079070928546 -0.01253662892132682 0 0 0 0 -0.0048575354056226965
leaf_weight=15.224721878767022 8.294345594942568 2.8011992126703253 1.2671215161681164 1.8019975125789631 2.5529755726456633 3.5790919363498688
leaf_count=78 80 18 8 9 18 33
internal_value=0.00214719 0.00914573 -0.00874868 0.0135716 0.0155966 -0.00076696
internal_weight=35.5215 25.96 9.56147 19.5797 17.7777 6.38029
internal_count=244 156 88 105 96 51
is_linear=0
shrinkage=0.03


Tree=96
num_leaves=7
num_cat=0
split_feature=68 60 11 58 51 4
split_gain=3.3611 3.137 1.94723 1.33099 0.650404 0.783938
threshold=752.01473999023449 0.077600002288818373 7.5000000000000009 0.025799999944865707 -0.38627026975154871 0.0050959466025233277
decision_type=8 2 2 2 2 8
left_child=1 3 4 -1 5 -2
right_child=2 -3 -4 -5 -6 -7
leaf_value=0.016800744649613925 0 -0.0021676040694095489 0.0021989664587906172 0 0 -0.014002798931627931
leaf_weight=10.914469450712206 1.081483602523799 5.1662003248929969 2.5332439690828314 1.5749684795737255 1.6327891275286681 10.680772162973881
leaf_count=58 9 34 13 13 10 97
internal_value=0.000130676 0.00840454 -0.00643072 0.0144649 -0.0108697 -0.0124062
internal_weight=33.5839 17.6556 15.9283 12.4894 13.395 11.7623
internal_count=234 105 129 71 116 106
is_linear=0
shrinkage=0.03


Tree=97
num_leaves=7
num_cat=0
split_feature=58 32 47 22 23 50
split_gain=5.05686 2.722 0.967232 0.441401 0.0901373 0.0100992
threshold=0.011799999978393318 0.27426053583621984 0.090125467628240599 0.4156154096126557 0.89744064211845409 0.15126202255487445
decision_type=2 2 2 2 2 2
left_child=1 3 5 -1 -2 -3
right_child=4 2 -4 -5 -6 -7
leaf_value=0.015534685369973286 -0.011854928337047523 0.0039279319534513864 -0.0063505012904701199 0 0 0
leaf_weight=10.614474833011629 7.8209474533796293 2.8116814866662008 6.9092662334442139 2.8215559646487227 0.91822201758623112 1.7615598291158674
leaf_count=53 78 14 57 16 9 11
internal_value=0 0.00780608 0 0.0139757 -0.0113721 0.00359722
internal_weight=33.6577 24.9185 11.4825 13.436 8.73917 4.57324
internal_count=238 151 82 69 87 25
is_linear=0
shrinkage=0.03


Tree=98
num_leaves=7
num_cat=0
split_feature=12 0 32 47 60 68
split_gain=3.19602 1.49607 1.18914 1.21596 0.241307 0.427917
threshold=0.50757575035095226 0.83333334326744091 0.19966991245746615 0.13558906316757205 0.00059999998484272521 1.0000000180025095e-35
decision_type=2 2 2 2 2 10
left_child=2 4 -1 -4 5 -2
right_child=1 -3 3 -5 -6 -7
leaf_value=0 0 0.011934118972350131 0 -0.013170912177484048 -0.003832567558243466 0.0056464696822178953
leaf_weight=3.7760096415877369 2.0397773534059542 8.6098635643720609 1.4888973161578167 11.54220689833164 3.5001264661550522 2.6715872585773468
leaf_count=22 11 46 12 115 21 11
internal_value=0 0.0069727 -0.00765872 -0.0107117 0 0.00113281
internal_weight=33.6285 16.8214 16.8071 13.0311 8.21149 4.71136
internal_count=238 89 149 127 43 22
is_linear=0
shrinkage=0.03


Tree=99
num_leaves=7
num_cat=0
split_feature=12 60 68 47 61 49
split_gain=3.73186 2.09307 1.26704 0.61701 0.786026 0.025028
threshold=0.30952382087707525 0.31399999558925634 752.01473999023449 0.16693903505802157 0.0014000000082887711 0.14333777129650119
decision_type=2 2 8 2 2 2
left_child=3 2 -2 -1 -5 -4
right_child=1 -3 5 4 -6 -7
leaf_value=0 0.015949908949666105 -0.00097465410195792771 0.00095425886393464923 -0.011195116231743869 0 -0.00089766088807390857
leaf_weight=2.509961172938346 10.982721924781805 3.0005661472678176 4.0845012292265883 8.6786454990506154 2.5008226335048667 2.0374423637986183
leaf_count=19 58 18 22 94 17 11
internal_value=0.00102323 0.00879037 0.0124446 -0.00674664 -0.0087824 0
internal_weight=33.7947 20.1052 17.1047 13.6894 11.1795 6.12194
internal_count=239 109 91 130 111 33
is_linear=0
shrinkage=0.03


Tree=100
num_leaves=7
num_cat=0
split_feature=68 11 4 24 59 46
split_gain=3.21087 1.93476 1.00839 0.611507 0.629393 0.425297
threshold=697.16046142578136 5.6070852279663095 0.0075805915985256442 0.63725516200065624 0.27939999103546148 0.067703194916248335
decision_type=8 2 8 2 2 2
left_child=2 5 -1 4 -4 -2
right_child=1 -3 3 -5 -6 -7
leaf_value=0 0 0.00083666310951380251 0.013062331361999297 0 0 -0.013286286566101422
leaf_weight=1.8086238130927093 1.006994143128394 2.8321886286139479 8.9116971865296346 2.1086878329515466 2.9874771758913985 11.540305137634276
leaf_count=12 5 18 47 18 18 107
internal_value=0 -0.0081538 0.00682468 0.00937483 0.0110219 -0.0123152
internal_weight=31.196 15.3795 15.8165 14.0079 11.8992 12.5473
internal_count=225 130 95 83 65 112
is_linear=0
shrinkage=0.03


Tree=101
num_leaves=7
num_cat=0
split_feature=68 60 0 43 7 51
split_gain=3.62829 1.8901 1.88529 1.06902 0.801947 0.645485
threshold=385.15440368652349 0.34340000152587896 1.8333333134651186 0.15180068463087085 388.00000000000006 -0.40207976102828974
decision_type=8 2 2 2 2 2
left_child=1 4 3 -2 -1 -5
right_child=2 -3 -4 5 -6 -7
leaf_value=0.016200698120519604 0 0 0.0031967880190969891 -0.013546920074167947 0 0
leaf_weight=10.699204854667185 1.7435577288270021 2.0419428050518027 4.5004961714148513 9.3676133528351748 1.6394925862550724 3.4720820412039766
leaf_count=59 9 13 24 101 10 21
internal_value=0.00218317 0.011111 -0.00398863 -0.00904515 0.0145221 -0.0114099
internal_weight=33.4644 14.3806 19.0837 14.5833 12.3387 12.8397
internal_count=237 82 155 131 69 122
is_linear=0
shrinkage=0.03


Tree=102
num_leaves=7
num_cat=0
split_feature=58 0 19 62 44 18
split_gain=4.17626 2.51369 1.09842 1.06073 0.5126 0.830305
threshold=0.011799999978393318 0.83333334326744091 0.69315171241760265 0.65939998626708995 0.29836738109588629 0.48726359009742742
decision_type=2 2 2 2 2 2
left_child=1 4 -3 -2 5 -1
right_child=3 2 -4 -5 -6 -7
leaf_value=0.0072911848040067588 -0.012793573536563768 0.016139153956149527 0 0 -0.0049756163706564643 -0.001295512268251101
leaf_weight=4.8506662398576754 8.4972216561436635 8.9526764303445798 1.8416654169559468 1.0699065327644337 6.1084373891353607 2.1187693029642105
leaf_count=28 84 50 10 7 37 19
internal_value=0 0.00705463 0.0137791 -0.0102926 0 0.00191986
internal_weight=33.4393 23.8722 10.7943 9.56713 13.0779 6.96944
internal_count=235 144 60 91 84 47
is_linear=0
shrinkage=0.03


Tree=103
num_leaves=7
num_cat=0
split_feature=12 59 51 30 48 34
split_gain=3.83212 1.78382 1.08714 1.29423 0.999562 0.261514
threshold=0.50757575035095226 0.19579999893903735 -0.4306392222642898 0.13510000705718997 0.13498388230800631 0.078262127935886397
decision_type=2 2 2 2 2 2
left_child=2 4 3 -1 5 -2
right_child=1 -3 -4 -5 -6 -7
leaf_value=0 0 0 0 -0.012749355392097568 0 0.016079101792418102
leaf_weight=2.1588505879044559 2.4552048891782787 3.8793632537126532 3.1832374781370154 10.979380309581755 2.0379276722669593 9.0398940518498403
leaf_count=12 12 23 22 113 10 48
internal_value=4.49509e-05 0.00892207 -0.00693766 -0.00985084 0.0126865 0.0147668
internal_weight=33.7339 17.4124 16.3215 13.1382 13.533 11.4951
internal_count=240 93 147 125 70 60
is_linear=0
shrinkage=0.03


Tree=104
num_leaves=7
num_cat=0
split_feature=58 68 62 35 11 51
split_gain=2.70468 1.4987 0.701492 0.509908 0.246674 0.48762
threshold=0.005799999926239253 984.45333862304699 0.55140000581741344 0.36522072553634649 3.8500000238418584 -0.3978706151247024
decision_type=2 8 2 2 2 2
left_child=1 3 -2 -1 5 -3
right_child=2 4 -4 -5 -6 -7
leaf_value=0 -0.0098445539031975678 -0.0068387827114042522 0 0.013050140754293746 0.00066409261413276658 0
leaf_weight=4.9685601368546548 8.4553363323211652 4.0170079320669174 1.3716328516602505 8.1126558408141118 2.0260799899697304 1.1930685937404621
leaf_count=29 83 34 9 46 11 7
internal_value=0 0.00648995 -0.0076399 0.010666 0 -0.00377456
internal_weight=30.1443 20.3174 9.82697 13.0812 7.23616 5.21008
internal_count=219 127 92 75 52 41
is_linear=0
shrinkage=0.03


Tree=105
num_leaves=7
num_cat=0
split_feature=51 28 24 17 2 4
split_gain=3.08983 1.79424 1.78845 0.986245 0.357721 0.348635
threshold=-0.51844158768653859 0.81790655851364147 0.23973467200994494 0.047654297202825553 1.4670542478561404 0.011484991759061815
decision_type=2 2 2 2 2 10
left_child=2 3 5 -2 -5 -1
right_child=1 -3 -4 4 -6 -7
leaf_value=0 0 0 -0.01014632133541616 0.016231279848878118 0 0.0051505245757142463
leaf_weight=3.4369348958134678 1.5149416178464914 2.4566170535981646 9.7756824418902379 10.089272208511828 2.4487409815192214 3.5788871049880981
leaf_count=22 9 21 97 55 15 20
internal_value=0.00192279 0.00964919 -0.00420048 0.0130289 0.0148508 0.00165218
internal_weight=33.3011 16.5096 16.7915 14.053 12.538 7.01582
internal_count=239 100 139 79 70 42
is_linear=0
shrinkage=0.03


Tree=106
num_leaves=7
num_cat=0
split_feature=0 54 48 68 39 14
split_gain=2.67699 1.70691 1.75548 0.580074 0.29546 0.208689
threshold=2.1666666269302373 0.069159060716629042 -0.19895818084478376 313.60475158691412 0.20778678357601169 8.2942690849304217
decision_type=2 2 2 8 2 2
left_child=1 -1 3 -3 -4 -2
right_child=5 2 4 -5 -6 -7
leaf_value=0.0031931479626497164 0.010759670579290264 0.0056653790540817234 -0.013135822191189528 -0.0025379239716376151 0 0
leaf_weight=3.0637741982936886 5.9452901333570471 3.2653004303574589 13.18158239871263 4.9503769725561151 1.4203009605407722 1.9737481623888014
leaf_count=14 35 16 116 44 9 9
internal_value=0 -0.0045753 -0.00810183 0 -0.0123199 0.00961962
internal_weight=33.8004 25.8813 22.8176 8.21568 14.6019 7.91904
internal_count=243 199 185 60 125 44
is_linear=0
shrinkage=0.03


Tree=107
num_leaves=7
num_cat=0
split_feature=68 60 11 4 58 31
split_gain=4.31227 2.80758 2.01509 0.720069 0.432546 0.21081
threshold=697.16046142578136 0.077600002288818373 7.5000000000000009 0.005315635586157442 0.029799999669194225 0.72432744503021251
decision_type=8 2 2 8 2 2
left_child=1 4 3 -2 -1 -3
right_child=2 5 -4 -5 -6 -7
leaf_value=0.015440589653251817 0 -0.0039536626781991914 0.0011255527330850292 -0.014109317898289842 0 0
leaf_weight=11.261428140103819 1.1529114842414827 3.7964165136218062 2.3469603806734076 10.837855108082294 1.6125312969088543 1.4038637205958364
leaf_count=63 10 27 13 104 12 10
internal_value=0 0.00880955 -0.00836318 -0.0126161 0.0143033 -0.00130608
internal_weight=32.412 18.0742 14.3377 11.9908 12.874 5.20028
internal_count=239 112 127 114 75 37
is_linear=0
shrinkage=0.03


Tree=108
num_leaves=7
num_cat=0
split_feature=58 19 9 35 50 68
split_gain=4.10264 1.39482 1.25544 1.03142 0.340876 0.0361157
threshold=1.0000000180025095e-35 0.44250741600990301 4.6666667461395273 0.1045847423374653 0.25274411588907247 150.08340454101565
decision_type=2 2 2 2 2 10
left_child=1 3 4 -1 -2 -3
right_child=2 5 -4 -5 -6 -7
leaf_value=0 -0.012648412483082145 -0.0015479122264845904 0 0.013682058635833881 0 0
leaf_weight=2.1434935182333019 11.330692823976277 3.5658245608210555 1.2725177258253086 10.834195971488951 1.200336381793021 2.5635405480861664
leaf_count=11 105 28 8 63 10 16
internal_value=0 0.00767937 -0.0091108 0.0113726 -0.0117407 0
internal_weight=32.9106 19.1071 13.8035 12.9777 12.531 6.12937
internal_count=241 118 123 74 115 44
is_linear=0
shrinkage=0.03


Tree=109
num_leaves=7
num_cat=0
split_feature=58 60 68 62 26 43
split_gain=2.9189 1.99366 2.94797 1.41827 0.226561 0.0785734
threshold=0.005799999926239253 0.25939999520778662 1.0000000180025095e-35 0.55140000581741344 0.16030008345842364 0.410338044166565
decision_type=2 2 10 2 2 2
left_child=1 2 4 -2 -1 -3
right_child=3 5 -4 -5 -6 -7
leaf_value=2.4758056730215416e-07 -0.01143002397890538 -0.0028807937928607597 0.016229217650446486 0 -0.0037542549012104451 0
leaf_weight=2.4930403977632585 7.9572005197405797 3.0403318107128134 12.714104101061819 1.7971318885684011 4.4670673832297325 1.263279542326927
leaf_count=12 82 23 71 11 35 10
internal_value=0.000590018 0.00680328 0.0105924 -0.00735827 0 -0.00161929
internal_weight=33.7322 23.9778 19.6742 9.75433 6.96011 4.30361
internal_count=244 151 118 93 47 33
is_linear=0
shrinkage=0.03


Tree=110
num_leaves=7
num_cat=0
split_feature=58 30 47 44 52 40
split_gain=3.54163 2.20941 0.738734 0.56775 0.360121 0.221167
threshold=0.011799999978393318 0.3257004469633103 0.16693903505802157 0.60497525334358226 -0.38562110066413874 0.27648943662643438
decision_type=2 2 2 2 2 2
left_child=1 3 -2 -1 5 -3
right_child=2 4 -4 -5 -6 -7
leaf_value=0.014396019766110206 0 -0.005721828104955291 -0.0096481475860130533 0 0.0017255973151250371 0
leaf_weight=13.843095518648626 1.0436717867851237 4.7632450461387634 7.5363681986927986 1.7780003398656834 3.3729614466428739 1.2724777385592458
leaf_count=75 6 42 82 9 21 7
internal_value=0.00225624 0.00834926 -0.00721625 0.0131499 0 -0.00421051
internal_weight=33.6098 25.0298 8.58004 15.6211 9.40868 6.03572
internal_count=242 154 88 84 70 49
is_linear=0
shrinkage=0.03


Tree=111
num_leaves=7
num_cat=0
split_feature=68 47 60 5 7 14
split_gain=2.81177 2.88552 1.99921 1.11506 0.624911 0.278485
threshold=385.15440368652349 0.085297085344791426 0.34340000152587896 0.71826484799385082 321.00000000000006 15.311172962188722
decision_type=8 2 2 2 2 2
left_child=2 -2 4 5 -1 -3
right_child=1 3 -4 -5 -6 -7
leaf_value=0.014363269380858861 0.0045206245686778444 -0.014334943646525785 -0.00092912423373324113 0 0 0
leaf_weight=9.6004795059561747 3.7251391783356693 11.453628331422804 2.5102053210139266 1.0145442485809315 1.7354097440838803 1.3029164746403683
leaf_count=54 18 117 16 7 11 8
internal_value=0 -0.0055201 0.00842532 -0.0115194 0.0127735 -0.0135171
internal_weight=31.3423 17.4962 13.8461 13.7711 11.3359 12.7565
internal_count=231 150 81 132 65 125
is_linear=0
shrinkage=0.03


Tree=112
num_leaves=7
num_cat=0
split_feature=68 60 47 58 5 32
split_gain=2.96026 1.73414 1.1518 1.07669 0.766046 0.552184
threshold=752.01473999023449 0.077600002288818373 0.085297085344791426 0.045199999585747726 0.69680365920066845 0.37618413567543035
decision_type=8 2 2 2 2 2
left_child=1 3 -2 5 -4 -1
right_child=2 -3 4 -5 -6 -7
leaf_value=0.016683907862859695 8.8545508547840517e-05 0 -0.011123023120757618 0 0 0
leaf_weight=8.5689207166433388 3.552057482302188 4.9224753826856604 8.9290127977728808 1.5280547961592663 0.99609431624412614 2.3520009666681281
leaf_count=45 18 34 92 13 6 15
internal_value=0.00151487 0.00884628 -0.00512222 0.0128429 -0.00910686 0.0149434
internal_weight=30.8486 17.3715 13.4772 12.449 9.92511 10.9209
internal_count=223 107 116 73 98 60
is_linear=0
shrinkage=0.03


Tree=113
num_leaves=7
num_cat=0
split_feature=68 46 55 0 7 60
split_gain=2.19209 1.54221 1.40556 0.898607 0.728717 0.84411
threshold=529.38558959960949 0.07509393617510797 0.16169135272502902 3.1666666269302373 388.00000000000006 0.31399999558925634
decision_type=8 2 2 2 2 2
left_child=2 -2 4 -3 5 -1
right_child=1 3 -4 -5 -6 -7
leaf_value=0.014881117962401923 0.0023341117627848295 -0.010877172406594651 0 0 0 0
leaf_weight=9.2224166542291659 4.1729203090071705 11.446977872401474 1.9332673251628865 1.657908871769904 1.43757764995098 1.9247756451368321
leaf_count=54 20 116 13 8 9 14
internal_value=0.000713273 -0.00391427 0.00801796 -0.00864986 0.0112162 0.0128595
internal_weight=31.7958 17.2778 14.518 13.1049 12.5848 11.1472
internal_count=234 144 90 124 77 68
is_linear=0
shrinkage=0.03


Tree=114
num_leaves=7
num_cat=0
split_feature=12 4 30 52 60 68
split_gain=2.1869 1.28421 1.16627 1.079 0.307245 0.0701758
threshold=0.50757575035095226 0.0055944493506103763 0.13510000705718997 -0.38562110066413874 0.00059999998484272521 1.0000000180025095e-35
decision_type=2 10 2 2 2 10
left_child=2 4 -1 -4 5 -2
right_child=1 -3 3 -5 -6 -7
leaf_value=0 0 0.010680635429969271 -0.012056419554690669 0 -0.0042175720060598134 0.0027294220151583494
leaf_weight=2.3182647451758376 1.6918147131800667 9.1144810989499074 10.392801102250811 2.7583528831601152 3.7925323471426964 2.663247361779213
leaf_count=13 9 52 112 21 23 12
internal_value=0 0.00613086 -0.00608642 -0.00927861 0 0.00147378
internal_weight=32.7315 17.2621 15.4694 13.1512 8.14759 4.35506
internal_count=242 96 146 133 44 21
is_linear=0
shrinkage=0.03


Tree=115
num_leaves=7
num_cat=0
split_feature=1 54 61 30 33 54
split_gain=2.57167 1.58761 0.961641 0.587633 0.463515 0.201118
threshold=1.1666666865348818 0.069159060716629042 1.0000000180025095e-35 0.84942904114723217 0.72518095374107372 0.56555533409118663
decision_type=2 2 2 2 2 2
left_child=1 -1 3 -3 -2 -4
right_child=4 2 5 -5 -6 -7
leaf_value=0.003403829090680351 0 -0.012207380812209734 -0.0017256001323620797 0 0.011316947636461877 0.0033636324177164188
leaf_weight=2.1461263448000016 1.7235000059008578 11.632052883505823 4.2392340451478949 1.3279025889933098 7.1036320552229881 2.2508115321397781
leaf_count=10 14 107 27 16 43 11
internal_value=0 -0.00413848 -0.00788126 -0.0108336 0.00970523 0
internal_weight=30.4233 21.5961 19.45 12.96 8.82713 6.49005
internal_count=228 171 161 123 57 38
is_linear=0
shrinkage=0.03


Tree=116
num_leaves=7
num_cat=0
split_feature=58 32 60 47 68 40
split_gain=2.88611 1.89248 1.35618 0.484623 0.272302 0.169068
threshold=0.011799999978393318 0.35494966804981237 0.31399999558925634 0.207353450357914 247.4860534667969 0.28280743956565862
decision_type=2 2 2 2 10 2
left_child=1 2 -1 -2 5 -3
right_child=3 4 -4 -5 -6 -7
leaf_value=0.01381873447171999 0 -0.0053876538664063235 0 -0.0096638829519573068 0 0
leaf_weight=12.623110540211206 0.94857954978942682 3.6921519264578802 2.1047680526971808 7.5394221395254135 2.9351914897561073 1.715608939528465
leaf_count=69 6 34 13 82 23 10
internal_value=0.000140454 0.00649819 0.0111957 -0.00806272 -0.000106072 -0.00398988
internal_weight=31.5588 23.0708 14.7279 8.488 8.34295 5.40776
internal_count=237 149 82 88 67 44
is_linear=0
shrinkage=0.03


Tree=117
num_leaves=7
num_cat=0
split_feature=68 60 11 55 0 4
split_gain=3.19113 2.34357 0.791814 0.507202 0.462392 0.532292
threshold=752.01473999023449 0.31399999558925634 5.6070852279663095 0.14431183785200122 3.1666666269302373 0.005215203622356058
decision_type=8 2 2 2 2 8
left_child=1 3 4 -1 5 -2
right_child=2 -3 -4 -5 -6 -7
leaf_value=0.01489105588193022 0 -0.00097106457088335025 0 0 0 -0.01087249053834417
leaf_weight=12.015239011496311 1.085221901535985 3.415491819381713 2.0398458503186694 1.8952483236789692 1.2764803767204274 9.1527203917503357
leaf_count=73 9 25 14 12 6 94
internal_value=0.00166174 0.00923141 -0.00527823 0.0136043 -0.00797651 -0.00939152
internal_weight=30.8802 17.326 13.5543 13.9105 11.5144 10.2379
internal_count=233 110 123 85 109 103
is_linear=0
shrinkage=0.03


Tree=118
num_leaves=7
num_cat=0
split_feature=68 60 11 26 52 30
split_gain=3.66726 2.76496 1.17141 0.837017 0.607916 0.126719
threshold=697.16046142578136 0.31399999558925634 5.6070852279663095 0.60906714200973522 -0.38562110066413874 0.04593904688954354
decision_type=8 2 2 2 2 2
left_child=1 3 4 -1 5 -2
right_child=2 -3 -4 -5 -6 -7
leaf_value=0.016603230193632162 0 -0.0013276623978103002 0.00042013322369109825 0 0 -0.011540005339044413
leaf_weight=11.813946612179281 0.74875810742377957 3.6604315713047972 2.564323976635932 2.5727767124772063 3.0925533957779416 8.0756921991705877
leaf_count=67 5 27 17 20 22 88
internal_value=0.00210868 0.0099839 -0.0053241 0.0146865 -0.00892548 -0.011037
internal_weight=32.5285 18.0472 14.4813 14.3867 11.917 8.82445
internal_count=246 114 132 87 115 93
is_linear=0
shrinkage=0.03


Tree=119
num_leaves=7
num_cat=0
split_feature=68 60 52 24 58 26
split_gain=2.89383 2.62592 0.984524 0.957633 0.756784 0.0744182
threshold=697.16046142578136 0.31399999558925634 -0.30743762850761408 0.12352829426527025 0.025799999944865707 0.1115269958972931
decision_type=8 2 2 2 2 2
left_child=1 4 3 -2 -1 -5
right_child=2 -3 -4 5 -6 -7
leaf_value=0.014640440807789286 0 -0.0022318720198917963 0 0 0 -0.011831386493065506
leaf_weight=11.67047449946404 3.0551563054323223 3.8681881204247466 1.1020831614732696 0.83378808200359245 1.6394164189696301 9.6443355120718461
leaf_count=68 19 27 5 6 12 101
internal_value=2.99066e-05 0.00783774 -0.00616042 -0.00879658 0.0130402 -0.011446
internal_weight=31.8134 17.1781 14.6354 13.5333 13.3099 10.4781
internal_count=238 107 131 126 80 107
is_linear=0
shrinkage=0.03


Tree=120
num_leaves=7
num_cat=0
split_feature=68 0 6 51 49 50
split_gain=2.76876 1.29088 1.28569 0.749573 0.423117 0.380501
threshold=697.16046142578136 3.1666666269302373 192.00000000000003 -0.40207976102828974 0.15371701866388324 -0.023702638223767277
decision_type=8 2 2 2 2 2
left_child=2 3 4 -2 5 -1
right_child=1 -3 -4 -5 -6 -7
leaf_value=0 -0.010916026263859594 0.0018894226815850891 0 0 0 0.014218556373504745
leaf_weight=1.5764280110597599 8.3014777526259405 2.201402246952056 1.7317593917250622 2.7348059341311446 1.9488157033920277 10.732240803539755
leaf_count=10 96 11 12 17 13 64
internal_value=0.00229757 -0.00408594 0.00942983 -0.00846163 0.0119571 0.0131351
internal_weight=29.2269 13.2377 15.9892 11.0363 14.2575 12.3087
internal_count=223 124 99 113 87 74
is_linear=0
shrinkage=0.03


Tree=121
num_leaves=7
num_cat=0
split_feature=14 62 30 60 1 42
split_gain=2.52 1.96917 1.111 0.6466 0.200681 0.193313
threshold=13.089718341827394 0.0010000000183936211 0.15509434044361117 0.34340000152587896 1.1666666865348818 0.5218818485736848
decision_type=2 2 2 2 2 2
left_child=1 4 -2 -3 -1 -4
right_child=2 3 5 -5 -6 -7
leaf_value=-0.0036319835935004052 0 0.013212927272315005 -0.010621337053796876 0 0 0
leaf_weight=4.3428945615887704 2.3088976368308058 11.440258249640463 8.1296100281178916 2.2824142538011065 1.2151313647627828 0.91856612265110094
leaf_count=38 13 66 90 17 7 4
internal_value=0.000144343 0.00690845 -0.0063875 0.0115436 -0.000743007 -0.00991155
internal_weight=30.6378 19.2807 11.3571 13.7227 5.55803 9.04818
internal_count=235 128 107 83 45 94
is_linear=0
shrinkage=0.03


Tree=122
num_leaves=7
num_cat=0
split_feature=32 58 56 60 43 23
split_gain=3.15236 1.99167 0.859248 0.803444 0.749256 0.400404
threshold=0.27426053583621984 0.01480000000447035 -0.36945162713527674 0.10199999809265138 0.69293710589408886 0.91513192653656017
decision_type=2 2 2 2 2 2
left_child=1 3 4 -1 5 -2
right_child=2 -3 -4 -5 -6 -7
leaf_value=0.014165834968334155 -0.012168484091787822 -0.00081375984050831122 0 0 0 0
leaf_weight=11.299801692366605 9.4350488558411598 3.1451122984290114 4.41249398887157 1.636321797966956 1.0478938370943058 0.90188294276595193
leaf_count=62 98 24 31 10 6 10
internal_value=0 0.00823185 -0.00643958 0.012443 -0.00928369 -0.0111259
internal_weight=31.8786 16.0812 15.7973 12.9361 11.3848 10.3369
internal_count=241 96 145 72 114 108
is_linear=0
shrinkage=0.03


Tree=123
num_leaves=7
num_cat=0
split_feature=1 58 53 47 55 48
split_gain=2.75212 1.98581 1.11096 0.860318 0.955743 0.0557156
threshold=0.83333334326744091 0.009599999990314247 -0.22608545422554013 0.085297085344791426 -0.15479367971420285 0.12663277238607409
decision_type=2 2 2 2 2 2
left_child=2 5 3 -1 -5 -2
right_child=1 -3 -4 4 -6 -7
leaf_value=0 0.014600699668687968 -0.00016902488873717526 0.0011071590686435088 0 -0.012478576741020079 0
leaf_weight=2.9203944429755273 7.0452995970845205 2.9008916728198519 1.8706825822591806 3.7066793106496396 11.192285697907201 1.7889761775732038
leaf_count=15 43 33 10 31 103 9
internal_value=0 0.00909198 -0.0047864 -0.00773746 -0.00989886 0.0137938
internal_weight=31.4252 11.7352 19.69 17.8194 14.899 8.83428
internal_count=244 85 159 149 134 52
is_linear=0
shrinkage=0.03


Tree=124
num_leaves=7
num_cat=0
split_feature=4 17 47 54 39 68
split_gain=2.59396 1.54678 1.45282 1.54588 0.105714 0.0879177
threshold=0.0079052620567381399 0.68966230750083934 0.087287481874227538 0.66878628730773937 0.036761160939931876 150.08340454101565
decision_type=10 2 2 2 2 10
left_child=2 -2 -1 4 -4 -3
right_child=1 5 3 -5 -6 -7
leaf_value=0.001971291296606263 0.012456094312312689 -0.0025391320892721079 0 0 -0.012711585087571375 0
leaf_weight=3.0513964667916325 10.065973140299318 2.272923849523067 0.83438649401068588 3.7778853774070731 10.788435541093348 1.5154033452272413
leaf_count=15 61 19 8 29 105 9
internal_value=0.000242508 0.00849445 -0.00465236 -0.00858628 -0.0122861 0
internal_weight=32.3064 13.8543 18.4521 15.4007 11.6228 3.78833
internal_count=246 89 157 142 113 28
is_linear=0
shrinkage=0.03


Tree=125
num_leaves=7
num_cat=0
split_feature=68 60 11 30 41 30
split_gain=3.07328 1.98643 1.17797 0.628658 0.581414 0.118925
threshold=697.16046142578136 0.077600002288818373 5.6070852279663095 0.34000758826732641 0.47431828081607824 0.84136217832565319
decision_type=8 2 2 2 2 2
left_child=1 3 4 -1 5 -2
right_child=2 -3 -4 -5 -6 -7
leaf_value=0.015318649730084122 -0.011290708048485672 0 0.00021805406678279614 0 0 0
leaf_weight=8.6583477854728752 9.3494886197149718 4.9463631957769385 2.41499089449644 3.7168903872370711 1.3953162804245938 0.92705726251006204
leaf_count=48 90 34 17 26 8 14
internal_value=0.000927781 0.00860872 -0.00567887 0.0130535 -0.00920517 -0.0107876
internal_weight=31.4085 17.3216 14.0869 12.3752 11.6719 10.2765
internal_count=237 108 129 74 112 104
is_linear=0
shrinkage=0.03


Tree=126
num_leaves=7
num_cat=0
split_feature=30 60 54 53 4 44
split_gain=2.86383 1.78658 1.37025 0.893417 0.382011 0.325496
threshold=0.3257004469633103 0.026600000448524955 0.069159060716629042 -0.53223821520805348 0.011484991759061815 0.65173587203025829
decision_type=2 2 2 2 10 2
left_child=1 3 -2 -1 -3 -4
right_child=2 4 5 -5 -6 -7
leaf_value=0 0.00058339636620698555 -0.0050186662838495729 -0.010971028011754702 0.013995546707403208 0.00086302187623651266 0
leaf_weight=1.3722565025091178 2.456527814269065 3.310123521834611 9.8425184041261655 11.072693843394521 1.5034671723842619 1.1855601891875256
leaf_count=10 12 23 107 64 8 8
internal_value=0.000334081 0.0079334 -0.00607382 0.0121686 0 -0.00998229
internal_weight=30.7431 17.2585 13.4846 12.445 4.81359 11.0281
internal_count=232 105 127 74 31 115
is_linear=0
shrinkage=0.03


Tree=127
num_leaves=6
num_cat=0
split_feature=68 60 0 4 51
split_gain=3.32734 2.81848 1.28792 1.30599 0.32386
threshold=752.01473999023449 0.026600000448524955 3.1666666269302373 0.0050959466025233277 -0.40721872448921198
decision_type=8 2 2 8 2
left_child=1 -1 3 -2 -3
right_child=2 4 -4 -5 -6
leaf_value=0.013914292109823796 0 -0.0049564699871648505 0 -0.01373540418762494 0
leaf_weight=10.73159115016461 1.2497718110680551 3.8535537868738174 1.8498153090476979 10.158388826996088 1.8320784494280804
leaf_count=65 10 29 9 109 12
internal_value=0 0.0076004 -0.00794629 -0.011079 -0.00176493
internal_weight=29.6752 16.4172 13.258 11.4082 5.68563
internal_count=234 106 128 119 41
is_linear=0
shrinkage=0.03


Tree=128
num_leaves=7
num_cat=0
split_feature=68 60 47 4 0 19
split_gain=1.76098 1.33975 0.898173 0.933209 0.842124 0.803401
threshold=697.16046142578136 0.31399999558925634 0.073408186435699477 0.0050959466025233277 3.1666666269302373 0.57748931646347057
decision_type=8 2 2 8 2 2
left_child=1 5 -2 -4 -5 -1
right_child=2 -3 3 4 -6 -7
leaf_value=0.011794357121521071 0 -0.00041566887468101133 0 -0.012458947181528013 0 0
leaf_weight=10.878217808902269 1.7088727205991734 3.1970408409833899 1.2647033073008032 9.4123902358114702 1.4486335664987571 2.9833446592092505
leaf_count=64 8 23 11 102 7 21
internal_value=0 0.00601119 -0.00504708 -0.00799844 -0.0103978 0.00956098
internal_weight=30.8932 17.0586 13.8346 12.1257 10.861 13.8616
internal_count=236 108 128 120 109 85
is_linear=0
shrinkage=0.03


Tree=129
num_leaves=7
num_cat=0
split_feature=58 1 62 68 54 48
split_gain=2.36135 1.88886 0.889405 0.359934 0.346704 0.555535
threshold=0.005799999926239253 0.83333334326744091 0.55140000581741344 128.25518417358401 0.069159060716629042 -0.18684633076190946
decision_type=2 2 2 8 2 2
left_child=1 4 3 -2 -1 -6
right_child=2 -3 -4 -5 5 -7
leaf_value=0.0029603128270123957 0 0.013095674915498073 0 -0.010266563687001651 0 -0.0065860470037173548
leaf_weight=2.8354454338550594 1.6430453136563272 8.8051102459430677 1.6325798556208599 6.8435857705771932 4.1551433019340012 6.1271735057234773
leaf_count=13 11 52 11 81 28 50
internal_value=0.00109898 0.00691178 -0.00568811 -0.00886067 0 -0.00313666
internal_weight=32.0421 21.9229 10.1192 8.48663 13.1178 10.2823
internal_count=246 143 103 92 91 78
is_linear=0
shrinkage=0.03


Tree=130
num_leaves=7
num_cat=0
split_feature=0 58 54 54 30 56
split_gain=2.26245 2.37736 0.90133 0.816664 0.406476 0.195112
threshold=0.83333334326744091 0.009599999990314247 0.069159060716629042 0.66878628730773937 0.84942904114723217 -0.52962470054626454
decision_type=2 2 2 2 2 2
left_child=2 5 -1 4 -4 -2
right_child=1 -3 3 -5 -6 -7
leaf_value=0 0 -0.0020303498493011796 -0.011634713595817817 0 0 0.013991169643849818
leaf_weight=2.2932161837816301 1.860653094947337 3.2844212166964999 9.8810750320553762 3.9586409479379645 1.509737655520438 7.9689044728875151
leaf_count=11 13 37 85 30 17 48
internal_value=0 0.00737446 -0.0053093 -0.00792081 -0.0104264 0.0129819
internal_weight=30.7566 13.114 17.6427 15.3495 11.3908 9.82956
internal_count=241 98 143 132 102 61
is_linear=0
shrinkage=0.03


Tree=131
num_leaves=7
num_cat=0
split_feature=58 17 47 50 68 51
split_gain=1.97416 1.541 0.620358 0.319572 0.236785 0.185251
threshold=1.0000000180025095e-35 0.51415646076202404 0.13558906316757205 0.25274411588907247 505.51928710937506 -0.40721872448921198
decision_type=2 2 2 2 10 2
left_child=1 4 -2 5 -1 -4
right_child=2 -3 3 -5 -6 -7
leaf_value=0.012311099652124199 0 0 -0.0092035975020913693 0 0 0
leaf_weight=9.5531529337167793 1.5266426503658284 6.6654043346643439 7.2699739411473248 1.4977514445781697 1.9101230464875687 0.90551076084375459
leaf_count=60 9 49 79 13 12 6
internal_value=0.00096996 0.00696238 -0.00460831 -0.00715991 0.0113202 -0.0084447
internal_weight=29.3286 18.1287 11.1999 9.67324 11.4633 8.17548
internal_count=228 121 107 98 72 85
is_linear=0
shrinkage=0.03


Tree=132
num_leaves=7
num_cat=0
split_feature=58 34 34 62 17 50
split_gain=2.4189 1.3205 1.52657 1.07625 0.662902 0.384213
threshold=1.0000000180025095e-35 0.77916738390922557 0.06248129345476628 0.55140000581741344 0.80976635217666637 0.25274411588907247
decision_type=2 2 2 2 2 2
left_child=1 2 -1 5 -4 -2
right_child=3 -3 4 -5 -6 -7
leaf_value=0 -0.010257956304329127 0 0.015004816572262497 0.00012629465513675821 0 0
leaf_weight=1.812506228685385 8.0140444524586183 3.043308336287736 11.312343325465916 2.2452412508428088 1.8582885339856137 1.5602932572364796
leaf_count=10 87 26 72 15 13 14
internal_value=0.0010472 0.00764816 0.0106391 -0.00516159 0.0134662 -0.00889789
internal_weight=29.846 18.0264 14.9831 11.8196 13.1706 9.57434
internal_count=237 121 95 116 85 101
is_linear=0
shrinkage=0.03


Tree=133
num_leaves=7
num_cat=0
split_feature=68 60 9 43 26 4
split_gain=2.00124 2.10323 0.9911 1.01623 0.503052 0.293226
threshold=752.01473999023449 0.0061999999452382335 5.1666667461395273 0.14653412997722629 0.75611990690231334 0.012527989223599436
decision_type=8 2 2 2 2 10
left_child=1 4 3 -2 -1 -3
right_child=2 5 -4 -5 -6 -7
leaf_value=0.014109983694964684 0 -0.0041147530636948459 0.00073221071869136679 -0.01046825799362104 0 0.00014682385417258024
leaf_weight=8.62566632777453 1.7204684317111958 5.5912452563643447 1.5976050496101368 10.620699215680359 1.6521639004349697 1.8951394855976103
leaf_count=51 10 40 8 112 12 13
internal_value=0.000711297 0.00700628 -0.00438037 -0.00775933 0.0126706 -0.000137686
internal_weight=31.703 17.7642 13.9388 12.3412 10.2778 7.48638
internal_count=246 116 130 122 63 53
is_linear=0
shrinkage=0.03


Tree=134
num_leaves=7
num_cat=0
split_feature=0 58 47 47 55 45
split_gain=1.64284 1.2493 1.07003 0.626791 0.585083 0.0187422
threshold=0.83333334326744091 0.009599999990314247 0.096516769379377379 0.83475172519683849 0.14269554615020755 0.1478146091103554
decision_type=2 2 2 2 2 2
left_child=2 4 -1 -4 -2 -3
right_child=1 5 3 -5 -6 -7
leaf_value=0 0.011321202843288438 0 -0.011280111724224664 0 0 -0.0014657738054124174
leaf_weight=3.6697422936558786 6.160213351249693 0.77129763364791903 10.272975433617829 2.5707425810396662 1.7508010789752004 2.3441247753798962
leaf_count=21 41 6 101 18 9 31
internal_value=-0.000318635 0.00452198 -0.00630029 -0.00939294 0.00928663 -0.000857919
internal_weight=27.5399 11.0264 16.5135 12.8437 7.91101 3.11542
internal_count=227 87 140 119 50 37
is_linear=0
shrinkage=0.03


Tree=135
num_leaves=6
num_cat=0
split_feature=54 0 68 55 32
split_gain=1.54901 2.30147 1.21064 0.127856 0.0971133
threshold=0.069159060716629042 3.5000000000000004 376.21420288085943 -0.031893096864223473 0.8667925000190736
decision_type=2 2 8 2 2
left_child=-1 2 3 -2 -4
right_child=1 -3 4 -5 -6
leaf_value=0.008113409366883392 0.0024914725408970964 0.0051798453729795454 -0.012472051713747052 -0.0014464134352393271 0
leaf_weight=4.7900064140558269 3.4750807210803032 4.1620105728507033 11.143058884888884 5.0206849798560196 0.9825014993548401
leaf_count=25 19 27 112 33 14
internal_value=0 -0.00347702 -0.00830465 0 -0.0120289
internal_weight=29.5733 24.7833 20.6213 8.49577 12.1256
internal_count=230 205 178 52 126
is_linear=0
shrinkage=0.03


Tree=136
num_leaves=7
num_cat=0
split_feature=68 60 11 7 54 4
split_gain=2.43712 1.81402 1.24236 0.820331 0.755902 0.251562
threshold=697.16046142578136 0.0030000000260770325 5.6070852279663095 371.50000000000006 0.069159060716629042 0.012527989223599436
decision_type=8 2 2 2 2 10
left_child=1 3 4 -1 -2 -3
right_child=2 5 -4 -5 -6 -7
leaf_value=0.014354997015007488 0 -0.0037827104211947196 0.00055961431705345559 0 -0.011298754372420946 0.00072208190638957945
leaf_weight=8.6048578172922188 1.3144303858280171 5.3910960704088202 2.1840325370430937 1.574582777917384 9.7974611334502679 1.8446144610643385
leaf_count=52 6 37 15 10 108 12
internal_value=0.000236087 0.0073049 -0.00560843 0.0123855 -0.00935358 0
internal_weight=30.7111 17.4152 13.2959 10.1794 11.1119 7.23571
internal_count=240 111 129 62 114 49
is_linear=0
shrinkage=0.03


Tree=137
num_leaves=7
num_cat=0
split_feature=1 58 54 68 46 2
split_gain=2.42458 1.37617 1.33777 1.25367 0.324383 0.0674684
threshold=0.83333334326744091 0.009599999990314247 0.069159060716629042 313.60475158691412 0.20967218279838565 1.4670542478561404
decision_type=2 2 2 8 2 2
left_child=2 5 -1 4 -4 -2
right_child=1 -3 3 -5 -6 -7
leaf_value=0.0020178705144643016 0.013120970495872294 0 -0.0023445617842208855 -0.011908207608410446 0.0040159605995167321 0
leaf_weight=2.3564159274101319 6.7528892755508405 2.3811310082674018 2.966871082782748 10.303879670798777 3.6822326928377151 1.7575798854231832
leaf_count=11 41 28 19 111 20 12
internal_value=0 0.00870995 -0.00451403 -0.00805985 0 0.0123504
internal_weight=30.201 10.8916 19.3094 16.953 6.6491 8.51047
internal_count=242 81 161 150 39 53
is_linear=0
shrinkage=0.03


Tree=138
num_leaves=7
num_cat=0
split_feature=33 47 58 0 57 49
split_gain=2.35274 1.28696 1.24785 1.06512 0.771125 0.0258109
threshold=0.63803189992904674 0.087287481874227538 0.011799999978393318 0.83333334326744091 0.69639998674392711 0.13421279937028888
decision_type=2 2 2 2 2 2
left_child=1 -1 3 -2 -3 -4
right_child=2 4 5 -5 -6 -7
leaf_value=0 0 -0.012758330522135434 -0.0013781047098624245 0.012893787326465844 0 0
leaf_weight=2.9275403916835812 2.7756396122276774 8.2738952450454217 2.2315314896404739 8.5075808018445951 3.6248938776552668 0.75674469396471966
leaf_count=14 20 86 24 53 30 9
internal_value=0 -0.00672342 0.00640337 0.00997636 -0.0102049 0
internal_weight=29.0978 14.8263 14.2715 11.2832 11.8988 2.98828
internal_count=236 130 106 73 116 33
is_linear=0
shrinkage=0.03


Tree=139
num_leaves=7
num_cat=0
split_feature=58 26 2 51 56 17
split_gain=2.3404 1.44096 1.09291 0.776162 0.262351 0.210523
threshold=0.005799999926239253 0.81814831495285045 1.4670542478561404 -0.41610644757747645 -0.55636668205261219 0.8604593575000764
decision_type=2 2 2 2 2 2
left_child=1 2 4 5 -1 -2
right_child=3 -3 -4 -5 -6 -7
leaf_value=0 -0.0097126299635179759 -0.0006645528591666237 0 0 0.013479689196700027 0
leaf_weight=1.5501158572733444 6.4151296876370907 1.9191454462707032 4.37854916229844 1.6776055619120578 11.998152211308483 0.67012202739715565
leaf_count=11 77 19 33 11 74 8
internal_value=0.00101679 0.00705559 0.00997255 -0.00593321 0.0126378 -0.00891882
internal_weight=28.6088 19.846 17.9268 8.76286 13.5483 7.08525
internal_count=233 137 118 96 85 85
is_linear=0
shrinkage=0.03


Tree=140
num_leaves=7
num_cat=0
split_feature=68 60 0 54 11 60
split_gain=1.87335 1.50081 1.4189 1.43845 0.0469342 0.0136477
threshold=385.15440368652349 0.21280000358819964 1.8333333134651186 0.069159060716629042 6.5000000000000009 0.93880000710487377
decision_type=8 2 2 2 2 2
left_child=1 -1 3 -2 -4 -5
right_child=2 -3 4 5 -6 -7
leaf_value=0.011601271934107446 0 0 0 -0.012563448112045839 0.0027523134412159255 0
leaf_weight=9.7108455523848551 1.9164092689752568 2.1948298737406722 1.7607695832848538 8.4970859698951227 2.2722851857542992 1.0033482201397408
leaf_count=59 9 15 13 100 12 9
internal_value=0.000260347 0.00770994 -0.00389652 -0.00867757 0.00190122 -0.0122102
internal_weight=27.3556 11.9057 15.4499 11.4168 4.03305 9.50043
internal_count=217 74 143 118 25 109
is_linear=0
shrinkage=0.03


Tree=141
num_leaves=7
num_cat=0
split_feature=58 0 47 17 54 57
split_gain=1.9729 1.86429 1.04805 0.790999 0.349048 0.38936
threshold=0.005799999926239253 0.83333334326744091 0.16693903505802157 0.76204764842987072 0.069159060716629042 0.17520000040531161
decision_type=2 2 2 2 2 2
left_child=1 4 -2 -3 -1 -6
right_child=2 3 -4 -5 5 -7
leaf_value=0.0013820542092750499 0 0.013420595116023174 -0.010326925773253483 0 -0.0063384601809656181 0
leaf_weight=2.3904100358486238 1.0454279407858829 7.9689937308430654 7.5552507601678371 1.53838774561882 5.9522909037768823 3.710279431194067
leaf_count=11 6 51 88 10 50 27
internal_value=0 0.00517949 -0.0070669 0.0113761 0 -0.00384358
internal_weight=30.161 21.5604 8.60068 9.50738 12.053 9.66257
internal_count=243 149 94 61 88 77
is_linear=0
shrinkage=0.03


Tree=142
num_leaves=7
num_cat=0
split_feature=68 60 0 4 54 4
split_gain=1.52624 2.68947 0.811849 0.758462 0.81484 0.347099
threshold=752.01473999023449 0.0030000000260770325 3.1666666269302373 0.0050959466025233277 0.069159060716629042 0.012527989223599436
decision_type=8 2 2 8 2 10
left_child=1 -1 3 -2 -5 -3
right_child=2 5 -4 4 -6 -7
leaf_value=0.013747743143479868 0 -0.0046338135483638678 0.00084550856791986426 0 -0.011228427313303599 0
leaf_weight=9.2264889851212555 1.2876775301992864 5.8498269543051711 2.3382664322853079 1.1105421781539924 8.5698458775877935 1.6677853986620901
leaf_count=57 12 42 12 5 102 12
internal_value=0.00133185 0.0068126 -0.00295438 -0.00664286 -0.0090388 -0.00126296
internal_weight=30.0504 16.7441 13.3063 10.9681 9.68039 7.51761
internal_count=242 111 131 119 107 54
is_linear=0
shrinkage=0.03


Tree=143
num_leaves=7
num_cat=0
split_feature=12 60 48 53 54 31
split_gain=1.66674 1.29705 1.32125 0.857645 0.305031 0.419999
threshold=0.30952382087707525 0.31399999558925634 0.13498388230800631 -0.49311269819736475 0.082879345864057555 0.073563203215599074
decision_type=2 2 2 2 2 2
left_child=4 2 3 -2 -1 -6
right_child=1 -3 -4 -5 5 -7
leaf_value=0 0 -0.00098593330269399447 0 0.013660218278294575 0 -0.0085356272836551988
leaf_weight=0.96139585226774471 2.0093553625047198 2.5152352154254904 2.3423824310302725 11.181692361831667 0.7476070448756208 8.0661751702427846
leaf_count=6 15 17 14 65 5 103
internal_value=0 0.00546057 0.00883159 0.0117111 -0.00579338 -0.00706188
internal_weight=27.8238 18.0487 15.5334 13.191 9.77518 8.81378
internal_count=225 111 94 80 114 108
is_linear=0
shrinkage=0.03


Tree=144
num_leaves=7
num_cat=0
split_feature=32 58 51 24 2 31
split_gain=2.26538 1.2782 1.25472 0.59787 0.33448 0.0874496
threshold=0.27426053583621984 0.029799999669194225 -0.41610644757747645 0.40350414812564855 1.4670542478561404 0.58823850750923168
decision_type=2 2 2 2 2 2
left_child=1 3 -2 4 -1 -4
right_child=2 -3 5 -5 -6 -7
leaf_value=0.012029683168654612 -0.011048658211413711 -0.0008386328929998638 0 0 0 0.0025040444099648086
leaf_weight=9.2173495739698428 9.3994695991277677 1.9859212711453427 2.0667306482791892 2.3066758029162875 1.5272288471460331 2.5520945116877556
leaf_count=54 113 19 12 14 10 19
internal_value=0 0.00565243 -0.00718203 0.00917836 0.0109338 0
internal_weight=29.0555 15.0372 14.0183 13.0513 10.7446 4.61883
internal_count=241 97 144 78 64 31
is_linear=0
shrinkage=0.03


Tree=145
num_leaves=7
num_cat=0
split_feature=32 58 23 60 38 62
split_gain=2.3683 1.22769 1.16555 0.424899 0.318104 0.294055
threshold=0.27426053583621984 0.045199999585747726 0.70635014772415172 0.19040000438690188 0.15038478374481204 0.0010000000183936211
decision_type=2 2 2 2 2 2
left_child=1 3 4 -1 -2 -4
right_child=2 -3 5 -5 -6 -7
leaf_value=0.011845990658459912 0 0 -0.00046530179848795083 0 -0.010941271618049904 0.0045386173288312747
leaf_weight=10.791114252060654 1.3815123587846736 1.5518559329211701 1.9794878810644139 1.5958306938409794 7.0119319260120392 2.721740435808897
leaf_count=64 14 16 28 10 71 21
internal_value=0 0.00772953 -0.00551029 0.0106416 -0.00975474 0
internal_weight=27.0335 13.9388 13.0947 12.3869 8.39344 4.70123
internal_count=224 90 134 74 85 49
is_linear=0
shrinkage=0.03


Tree=146
num_leaves=7
num_cat=0
split_feature=51 17 68 0 50 48
split_gain=2.45416 1.12849 1.1106 0.896159 0.610141 0.322623
threshold=-0.51844158768653859 0.89189520478248607 313.60475158691412 2.1666666269302373 0.17917380481958392 -0.18684633076190946
decision_type=2 2 8 2 2 2
left_child=2 4 5 -4 -2 -1
right_child=1 -3 3 -5 -6 -7
leaf_value=0.0047931333298592239 0.012992944757410918 0 -0.010823894501911615 0 0 0
leaf_weight=3.0034338682889938 11.539413787424563 1.7862980365753163 7.9183046221733093 1.6093036532402036 2.0109932944178572 2.7879549488425264
leaf_count=17 76 12 99 9 17 20
internal_value=0.00200994 0.00904194 -0.00345106 -0.00813627 0.0114492 0.000728533
internal_weight=30.6557 15.3367 15.319 9.52761 13.5504 5.79139
internal_count=250 105 145 108 93 37
is_linear=0
shrinkage=0.03


Tree=147
num_leaves=7
num_cat=0
split_feature=58 0 55 62 40 54
split_gain=1.39335 2.11456 0.642929 0.636241 0.44646 0.823443
threshold=0.005799999926239253 0.83333334326744091 0.14269554615020755 0.55140000581741344 0.059048738330602653 0.069159060716629042
decision_type=2 2 2 2 2 2
left_child=1 4 -3 -2 -1 -6
right_child=3 2 -4 -5 5 -7
leaf_value=0.00036674492045711256 -0.0085596594351867363 0.013357615817110589 0 0 0 -0.0085641565381807134
leaf_weight=3.40582854300738 6.8612289242446405 7.0901602990925294 1.9257703498005865 1.2984731011092661 2.1686292737722379 5.8807314783334732
leaf_count=19 84 48 11 9 10 52
internal_value=0 0.00440496 0.0113986 -0.00604124 -0.00105012 -0.00484488
internal_weight=28.6308 20.4711 9.01593 8.1597 11.4552 8.04936
internal_count=233 140 59 93 81 62
is_linear=0
shrinkage=0.03


Tree=148
num_leaves=7
num_cat=0
split_feature=4 28 56 54 20 49
split_gain=1.34897 1.04108 0.96189 1.3637 0.338855 0.238393
threshold=0.0079052620567381399 0.55973106622695934 -0.38683703541755671 0.66878628730773937 0.87582468986511242 0.094472233206033721
decision_type=10 2 2 2 2 2
left_child=2 4 3 -1 -2 -4
right_child=1 -3 5 -5 -6 -7
leaf_value=-0.01163900734118741 0.010826722556608744 0 0 0 0 0.0041313953922859211
leaf_weight=7.4077300801873225 8.6418367736041528 2.0032609254121772 2.6624613702297237 3.6773842573165894 1.3812219165265549 2.9060555845499039
leaf_count=81 59 21 18 31 9 17
internal_value=0 0.00654386 -0.00318784 -0.00732337 0.00969026 0.000606775
internal_weight=28.68 12.0263 16.6536 11.0851 10.0231 5.56852
internal_count=236 89 147 112 68 35
is_linear=0
shrinkage=0.03


Tree=149
num_leaves=7
num_cat=0
split_feature=68 60 54 26 0 6
split_gain=1.61956 1.39544 0.999671 0.823801 0.80162 0.918353
threshold=667.86233520507824 0.34340000152587896 0.069159060716629042 0.63109806180000316 3.1666666269302373 264.00000762939459
decision_type=8 2 2 2 2 2
left_child=1 3 -2 -1 5 -4
right_child=2 -3 4 -5 -6 -7
leaf_value=0.012575359656796526 0.00077103528286772479 -0.00013323127138409739 -0.012489552446187956 0 0 0
leaf_weight=9.1542520970106143 1.7815121412277211 3.2089228965342036 8.3751337528228742 2.1739879846572867 1.6971379369497288 1.5816663242876519
leaf_count=59 8 25 105 17 9 16
internal_value=0 0.00648515 -0.00426172 0.0103565 -0.00780271 -0.0101099
internal_weight=27.9726 14.5372 13.4355 11.3282 11.6539 9.9568
internal_count=239 101 138 76 130 121
is_linear=0
shrinkage=0.03


Tree=150
num_leaves=7
num_cat=0
split_feature=12 30 4 47 19 60
split_gain=1.50381 1.00435 0.826113 0.345846 0.148306 0.0852666
threshold=0.50757575035095226 0.13510000705718997 0.0079052620567381399 0.090125467628240599 0.23182993382215503 0.00059999998484272521
decision_type=2 2 10 2 2 2
left_child=1 -1 5 -3 -5 -2
right_child=2 3 -4 4 -6 -7
leaf_value=0.00074297367663658711 0.00077520481820570733 0 0.0099585260155950744 0 -0.0095732940323847229 -0.0022815494244012263
leaf_weight=2.8052996546030053 3.5064482167363167 1.1301213428378094 7.2606361731886864 1.6611943617463101 8.8409576565027219 3.1829327866435051
leaf_count=17 18 8 50 20 104 21
internal_value=0 -0.00396999 0.00635838 -0.00769826 -0.00881543 0
internal_weight=28.3876 14.4376 13.95 11.6323 10.5022 6.68938
internal_count=238 149 89 132 124 39
is_linear=0
shrinkage=0.03


Tree=151
num_leaves=7
num_cat=0
split_feature=51 50 61 35 11 55
split_gain=1.25365 1.33196 1.04886 0.937066 0.560422 0.331452
threshold=-0.51844158768653859 0.15375538915395739 0.0014000000082887711 0.1045847423374653 6.5000000000000009 0.07656854018568994
decision_type=2 2 2 2 2 2
left_child=2 3 4 -2 -1 -4
right_child=1 -3 5 -5 -6 -7
leaf_value=-0.0093200399823392503 0 0 0.0051760260745488786 0.012906061512572007 0 0
leaf_weight=7.2393739148974436 1.3639786988496769 4.3581294901669017 3.109591230750083 8.9472298435866815 1.3610277213156221 1.2228413075208662
leaf_count=86 8 35 18 60 10 9
internal_value=0.00152633 0.00671947 -0.00210928 0.0106705 -0.00730689 0.00192147
internal_weight=27.6022 14.6693 12.9328 10.3112 8.6004 4.33243
internal_count=226 103 123 68 96 27
is_linear=0
shrinkage=0.03


Tree=152
num_leaves=7
num_cat=0
split_feature=0 54 47 33 68 42
split_gain=2.91866 1.98206 1.82696 0.277823 0.204044 0.0225659
threshold=1.8333333134651186 0.069159060716629042 0.79380273818969738 0.23355001211166385 313.60475158691412 0.21630340814590457
decision_type=2 2 2 2 8 2
left_child=1 -1 3 -3 -4 -2
right_child=5 2 4 -5 -6 -7
leaf_value=0.0021340528291525691 0 0 0.0036926701306424104 -0.015127352272681444 -0.00087599683990936101 0.0087148360504786093
leaf_weight=2.7867079079151216 1.6352606751024712 1.3413486219942594 2.7915936335921279 12.19982063770294 2.0094161555171013 5.6685901507735252
leaf_count=13 12 15 15 120 22 39
internal_value=-0.000284465 -0.00684897 -0.0106022 -0.014324 0 0.00822176
internal_weight=28.4327 21.1289 18.3422 13.5412 4.80101 7.30385
internal_count=236 185 172 135 37 51
is_linear=0
shrinkage=0.03


Tree=153
num_leaves=7
num_cat=0
split_feature=12 30 54 68 7 33
split_gain=2.57274 1.30821 0.991384 0.41909 0.215869 0.111746
threshold=0.50757575035095226 0.13510000705718997 0.079683117568492903 1.0000000180025095e-35 361.50000000000006 0.23355001211166385
decision_type=2 2 2 10 2 2
left_child=1 -1 -3 -2 -5 -4
right_child=3 2 5 4 -6 -7
leaf_value=0.0006790759936476428 0 0 0 0.010883331563086119 0 -0.012423764737734443
leaf_weight=2.6042053624987611 3.811973713338376 1.3618653565645207 0.81847750023007293 8.2556522414088231 1.4193762987852085 8.7185048982501012
leaf_count=15 22 9 12 55 9 107
internal_value=7.51551e-05 -0.00555329 -0.00952581 0.00823005 0.0100014 -0.0119472
internal_weight=26.9901 13.5031 10.8988 13.487 9.67503 9.53698
internal_count=229 143 128 86 64 119
is_linear=0
shrinkage=0.03


Tree=154
num_leaves=7
num_cat=0
split_feature=58 0 19 68 54 55
split_gain=1.98666 1.4588 0.68801 0.231819 0.212766 0.380401
threshold=0.011799999978393318 0.83333334326744091 0.81449943780899059 125.49837112426759 0.069159060716629042 -0.054966825991868966
decision_type=2 2 2 8 2 2
left_child=1 4 -3 -2 -1 -6
right_child=3 2 -4 -5 5 -7
leaf_value=0.0013674474269290381 0 0.012753764913030903 0 -0.0079113996349739948 0 -0.0057114693805687374
leaf_weight=2.1750801652669969 1.2450691014528263 7.998894624412058 1.5286707133054731 5.9942853525280952 2.7631784826517123 5.6673980429768527
leaf_count=10 8 56 10 82 20 51
internal_value=0 0.00574787 0.0108727 -0.00677993 0 -0.00302564
internal_weight=27.3726 20.1332 9.52757 7.23935 10.6057 8.43058
internal_count=237 147 66 90 81 71
is_linear=0
shrinkage=0.03


Tree=155
num_leaves=7
num_cat=0
split_feature=0 58 52 68 49 18
split_gain=1.20335 1.62008 0.956573 0.740126 0.440123 0.141493
threshold=0.83333334326744091 0.009599999990314247 -0.38562110066413874 262.56336975097662 0.14659953117370608 0.44213744997978216
decision_type=2 2 2 8 2 2
left_child=2 4 3 -1 -2 -4
right_child=1 -3 5 -5 -6 -7
leaf_value=0 0.012533152910898753 -0.0010150551929302175 0.0029849397292876106 -0.010563326041532808 0 0
leaf_weight=3.526593275368211 6.3706590570509416 3.0886754877865314 4.3131072707474258 6.8398779965937146 1.4527927339076994 1.20469319447875
leaf_count=22 43 39 24 82 8 13
internal_value=0 0.00591154 -0.0036888 -0.00771725 0.0110477 0.000108988
internal_weight=26.7964 10.9121 15.8843 10.3665 7.82345 5.5178
internal_count=231 90 141 104 51 37
is_linear=0
shrinkage=0.03


Tree=156
num_leaves=7
num_cat=0
split_feature=28 51 11 28 39 11
split_gain=1.12391 1.68864 0.588172 0.81206 0.265362 0.25631
threshold=0.25222551822662359 -0.4306392222642898 1.5505093336105349 0.013348476495593788 0.18138737231492999 7.5000000000000009
decision_type=2 2 2 2 2 2
left_child=2 5 -1 -4 -5 -2
right_child=1 -3 3 4 -6 -7
leaf_value=0 -0.0099258701381469503 0.0030668055537536897 0 0.011082949141281264 0 0
leaf_weight=2.6338332444429424 9.523377772420643 3.6722478792071334 1.4016529545187939 7.9832405038177949 1.3451259806752203 1.34996186941862
leaf_count=20 116 26 9 52 7 9
internal_value=0 -0.00350554 0.00551214 0.00773173 0.0100959 -0.00900554
internal_weight=27.9094 14.5456 13.3639 10.73 9.32837 10.8733
internal_count=239 151 88 68 59 125
is_linear=0
shrinkage=0.03


Tree=157
num_leaves=7
num_cat=0
split_feature=58 19 39 0 51 39
split_gain=1.18587 1.45565 0.561272 0.425698 0.223267 0.14411
threshold=1.0000000180025095e-35 0.47075448930263525 0.18763877451419833 4.1666667461395273 -0.6166270077228545 0.16563768684864047
decision_type=2 2 2 2 2 2
left_child=1 2 -1 4 -2 -3
right_child=3 5 -4 -5 -6 -7
leaf_value=0.011871315687130832 0 -0.0031208502339463407 0 0 -0.0066273196561146023 0
leaf_weight=9.0285280309617573 1.0812059901654709 3.3391993232071391 1.7975013144314278 1.1461766138672818 8.2356857694685441 2.1630793139338493
leaf_count=62 14 32 12 9 84 14
internal_value=0.000664225 0.00573733 0.010223 -0.00325545 -0.00557321 -0.000119309
internal_weight=26.7914 16.3283 10.826 10.4631 9.31689 5.50228
internal_count=227 120 74 107 98 46
is_linear=0
shrinkage=0.03


Tree=158
num_leaves=7
num_cat=0
split_feature=58 2 62 32 0 68
split_gain=2.27387 0.944285 0.636918 0.472882 0.256353 0.0251976
threshold=1.0000000180025095e-35 1.4670542478561404 0.83859997987747203 0.63724035024642955 2.1666666269302373 353.45547485351568
decision_type=2 2 2 2 2 8
left_child=1 3 4 -1 -2 -3
right_child=2 5 -4 -5 -6 -7
leaf_value=0.010633166990027879 -0.0099404073167546486 0 0 0 0 -0.0013489547339506074
leaf_weight=10.652490172535183 8.1235082969069463 1.2743840888142579 1.0238296575844277 1.3388826772570599 1.4634229913353909 2.4625646322965622
leaf_count=67 97 11 8 17 10 20
internal_value=0 0.00641752 -0.00691964 0.00931815 -0.00892468 0
internal_weight=26.3391 15.7283 10.6108 11.9914 9.58693 3.73695
internal_count=230 115 115 84 107 31
is_linear=0
shrinkage=0.03


Tree=159
num_leaves=6
num_cat=0
split_feature=0 54 31 41 56
split_gain=0.998233 0.851642 1.03715 0.255503 0.209413
threshold=3.5000000000000004 0.069159060716629042 0.15461797267198565 0.10425410792231561 -0.37773197889327997
decision_type=2 2 2 2 2
left_child=1 -1 3 -3 -4
right_child=-2 2 4 -5 -6
leaf_value=0.0011559770781910607 0.0060599148156140021 0.0039172454063217113 -0.010422884624205955 -0.001253670123176745 0
leaf_weight=2.711494639515883 4.8724579066038123 3.6844213120639351 10.468756705522543 2.7048385590314865 3.3115625493228356
leaf_count=13 38 21 123 18 26
internal_value=0 -0.00327307 -0.00604305 0 -0.00925109
internal_weight=27.7535 22.8811 20.1696 6.38926 13.7803
internal_count=239 201 188 39 149
is_linear=0
shrinkage=0.03


Tree=160
num_leaves=7
num_cat=0
split_feature=0 58 53 47 44 51
split_gain=1.76585 1.47055 0.625883 0.603173 0.459207 0.414657
threshold=0.83333334326744091 0.009599999990314247 -0.22608545422554013 0.79380273818969738 0.65173587203025829 -0.56707820296287526
decision_type=2 2 2 2 2 2
left_child=2 5 3 4 -1 -2
right_child=1 -3 -4 -5 -6 -7
leaf_value=-0.010048937477018004 0 0 0 0 0 0.012886805258882472
leaf_weight=8.8900834098458272 1.7846373543143261 2.2345428615808478 1.6531648822128797 3.2870358452200881 1.5185900628566731 7.4498520344495764
leaf_count=91 15 31 9 28 9 49
internal_value=3.80824e-05 0.00748003 -0.00391287 -0.00633646 -0.00855668 0.0114568
internal_weight=26.8179 11.469 15.3489 13.6957 10.4087 9.23449
internal_count=232 95 137 128 100 64
is_linear=0
shrinkage=0.03


Tree=161
num_leaves=7
num_cat=0
split_feature=1 47 54 58 17 56
split_gain=1.83816 1.26425 1.04146 0.985929 0.587611 0.353668
threshold=0.83333334326744091 0.096516769379377379 0.72662216424942028 0.009599999990314247 0.79209938645362865 -0.3232800811529159
decision_type=2 2 2 2 2 2
left_child=1 -1 5 4 -2 -3
right_child=3 2 -4 -5 -6 -7
leaf_value=0.00062402955615861006 0.011628391310963828 -0.012789141666855842 0 0 0 0
leaf_weight=3.4882554486393991 6.9434435740113241 9.3665380477905291 3.9015579372644416 2.2823173739016047 1.3344735801219938 1.0530800595879508
leaf_count=21 47 97 32 31 8 7
internal_value=0 -0.00529416 -0.00886654 0.00652326 0.00981903 -0.0118127
internal_weight=28.3697 17.8094 14.3212 10.5602 8.27792 10.4196
internal_count=243 157 136 86 55 104
is_linear=0
shrinkage=0.03


Tree=162
num_leaves=7
num_cat=0
split_feature=1 58 54 48 30 17
split_gain=0.812105 0.890821 0.726053 0.620351 0.404439 0.231659
threshold=0.83333334326744091 0.009599999990314247 0.069159060716629042 -0.23816646635532376 0.84942904114723217 0.68966230750083934
decision_type=2 2 2 2 2 2
left_child=2 5 -1 -4 -5 -2
right_child=1 -3 3 4 -6 -7
leaf_value=0.00044275329341695978 0.0097629693467696493 0 0 -0.010094146266080947 0 0
leaf_weight=2.1036494970321682 5.6033804416656476 1.6103970184922216 4.2943760864436618 7.9334040619432908 1.3724563084542749 1.3921831399202345
leaf_count=10 39 24 35 81 16 9
internal_value=0 0.00506336 -0.00314279 -0.00619235 -0.00870598 0.00867412
internal_weight=24.3098 8.60596 15.7039 13.6002 9.30586 6.99556
internal_count=214 72 142 132 97 48
is_linear=0
shrinkage=0.03


Tree=163
num_leaves=7
num_cat=0
split_feature=32 54 58 60 3 54
split_gain=1.45803 1.83963 0.705206 0.47931 0.411377 0.467138
threshold=0.19966991245746615 0.069159060716629042 0.029799999669194225 0.31399999558925634 4.1666667461395273 0.76592186093330394
decision_type=2 2 2 2 2 2
left_child=2 -2 3 -1 5 -3
right_child=1 4 -4 -5 -6 -7
leaf_value=0.010816742737298237 0.0044762522604328515 -0.011079325048525414 0 0 0 0
leaf_weight=8.8606318384408969 2.9809375777840605 9.3830711022019333 1.6124836578965176 1.4066573530435551 0.97573138028383333 1.8533404096961028
leaf_count=55 16 109 13 9 8 18
internal_value=0.000761662 -0.00276832 0.00722034 0.00935932 -0.00845701 -0.00960424
internal_weight=27.0729 15.1931 11.8798 10.2673 12.2121 11.2364
internal_count=228 151 77 64 135 127
is_linear=0
shrinkage=0.03


Tree=164
num_leaves=7
num_cat=0
split_feature=68 60 0 47 53 6
split_gain=1.32217 1.4604 0.698501 0.667108 0.613093 0.437375
threshold=697.16046142578136 0.077600002288818373 3.1666666269302373 0.073408186435699477 -0.44541835784912104 264.00000762939459
decision_type=8 2 2 2 2 2
left_child=1 4 3 -2 -1 -5
right_child=2 -3 -4 5 -6 -7
leaf_value=0 0 -0.0009082184299215772 0 -0.01125591184078298 0.011869409119155684 0
leaf_weight=2.702368486672639 1.2379890903830517 4.6152013354003421 1.9745351970195759 7.3324074633419496 7.5378487296402481 1.3313223384320734
leaf_count=20 6 34 11 94 50 16
internal_value=0 0.0049811 -0.00511902 -0.00777123 0.0097371 -0.00982685
internal_weight=26.7317 14.8554 11.8763 9.90172 10.2402 8.66373
internal_count=231 104 127 116 70 110
is_linear=0
shrinkage=0.03


Tree=165
num_leaves=7
num_cat=0
split_feature=54 32 6 23 56 53
split_gain=1.14353 1.4147 0.536231 0.461668 0.491135 0.235847
threshold=0.069159060716629042 0.15498365461826327 3.4312956333160405 0.92635458707809459 -0.36945162713527674 -0.46945028007030482
decision_type=2 2 2 2 2 2
left_child=-1 2 -2 4 -3 -4
right_child=1 3 5 -5 -6 -7
leaf_value=0.0068596729993332245 -0.00053720525572367836 -0.011513803165791637 0 0 0 0.0070829989808692175
leaf_weight=3.5537181571126011 3.3123233467340487 8.8262522406876087 1.6232897117733953 1.3278848715126503 3.1513167060911629 4.3004058972001076
leaf_count=21 22 112 12 16 24 27
internal_value=0 -0.00346813 0.00117166 -0.00838414 -0.00966678 0.00563246
internal_weight=26.0952 22.5415 9.23602 13.3055 11.9776 5.9237
internal_count=234 213 61 152 136 39
is_linear=0
shrinkage=0.03


Tree=166
num_leaves=7
num_cat=0
split_feature=47 28 33 55 48 25
split_gain=0.7923 1.25803 0.416685 0.302174 0.253127 0.195574
threshold=0.096516769379377379 0.25222551822662359 0.23355001211166385 0.028647314757108692 0.13498388230800631 0.8993315100669862
decision_type=2 2 2 2 2 2
left_child=4 3 -3 -2 -1 -4
right_child=1 2 5 -5 -6 -7
leaf_value=0.006690420711569188 0.0044403117951923969 0 -0.010154872549096156 0 0 0
leaf_weight=5.7323936372995403 5.2626670077443141 0.982591912150382 8.3373327478766406 2.8559544794261456 1.4708148911595342 0.97826352342963296
leaf_count=37 34 12 102 25 9 12
internal_value=0 -0.00288595 -0.00812482 0.00126443 0.00526234 -0.00942264
internal_weight=25.62 18.4168 10.2982 8.11862 7.20321 9.3156
internal_count=231 185 126 59 46 114
is_linear=0
shrinkage=0.03


Tree=167
num_leaves=7
num_cat=0
split_feature=58 3 56 62 48 44
split_gain=1.72839 0.992006 0.897047 0.641056 0.27877 0.100083
threshold=0.011799999978393318 0.83333334326744091 -0.54589617252349842 0.65939998626708995 0.13498388230800631 0.29836738109588629
decision_type=2 2 2 2 2 2
left_child=1 5 -3 -2 -4 -1
right_child=3 2 4 -5 -6 -7
leaf_value=0.00088420757632657612 -0.0086808924263696314 0 0.012746935675490382 0 0 -0.0022030133786273597
leaf_weight=4.8238250687718445 5.862781159579753 1.6794030480086792 7.7957279458641988 0.87529147416353215 1.4106516391038892 6.1716446354985237
leaf_count=37 81 14 57 5 8 43
internal_value=0.000295622 0.00543136 0.00936894 -0.00607847 0.0117255 0
internal_weight=28.6193 21.8813 10.8858 6.73807 9.20638 10.9955
internal_count=245 159 79 86 65 80
is_linear=0
shrinkage=0.03


Tree=168
num_leaves=7
num_cat=0
split_feature=68 60 47 4 55 6
split_gain=1.46373 1.95182 0.633884 0.477392 0.376565 0.340022
threshold=752.01473999023449 0.0030000000260770325 0.073408186435699477 0.0049020785372704276 0.16169135272502902 174.37500000000003
decision_type=8 2 2 8 2 2
left_child=1 5 -2 -4 -5 -1
right_child=2 -3 3 4 -6 -7
leaf_value=0.013634501863342053 0 0 0 -0.0094323706952318884 0 0
leaf_weight=7.4975163228809851 2.0591438114643088 7.0677139051258555 0.73569785803556165 7.2764954529702663 0.77676733583211888 1.2202978208661077
leaf_count=51 10 53 6 89 10 9
internal_value=0.00139017 0.00679374 -0.00308196 -0.00639553 -0.00814671 0.0125471
internal_weight=26.6336 15.7855 10.8481 8.78896 8.05326 8.71781
internal_count=228 113 115 105 99 60
is_linear=0
shrinkage=0.03


Tree=169
num_leaves=7
num_cat=0
split_feature=30 44 58 31 60 62
split_gain=0.788127 1.02631 0.765258 0.585553 0.447537 0.404985
threshold=0.26237995922565466 0.65886381268501293 0.045199999585747726 0.69415679574012767 0.21280000358819964 0.99939998984336864
decision_type=2 2 2 2 2 2
left_child=2 3 4 -2 5 -1
right_child=1 -3 -4 -5 -6 -7
leaf_value=0.0097651745807827064 -0.010209869315272572 0.0010344738270288375 -5.5121069505963969e-05 0 0 0
leaf_weight=8.812310092151165 7.3583243079483491 1.7628408968448628 1.772837858647107 3.6424840278923512 1.5652891099452961 1.6188682764768607
leaf_count=56 87 10 20 41 10 10
internal_value=0 -0.00403905 0.00377067 -0.00781455 0.00683178 0.0083644
internal_weight=26.533 12.7636 13.7693 11.0008 11.9965 10.4312
internal_count=234 138 96 128 76 66
is_linear=0
shrinkage=0.03


Tree=170
num_leaves=7
num_cat=0
split_feature=60 68 1 56 11 26
split_gain=1.10866 2.24359 0.707636 0.861057 0.351873 0.326544
threshold=0.0030000000260770325 752.01473999023449 0.83333334326744091 -0.29210740327835077 5.6070852279663095 0.14372427761554721
decision_type=2 8 2 2 2 2
left_child=1 -1 3 -2 5 -3
right_child=2 4 -4 -5 -6 -7
leaf_value=0.012113901284458819 -0.010236323058656483 0 0 0 0 -0.006419474746722117
leaf_weight=8.223428808152681 6.4838295578956604 1.9318656474351863 2.0919325202703476 0.99392277747392466 2.1169407069683075 5.4814419001340866
leaf_count=56 71 12 18 6 16 67
internal_value=0 0.00495862 -0.0040145 -0.00738134 -0.00118467 -0.00444528
internal_weight=27.3234 17.7537 9.56968 7.47775 9.53025 7.41331
internal_count=246 151 95 77 95 79
is_linear=0
shrinkage=0.03


Tree=171
num_leaves=7
num_cat=0
split_feature=58 2 26 62 47 35
split_gain=1.39439 1.03946 0.683329 0.367551 0.241294 0.222165
threshold=1.0000000180025095e-35 1.4670542478561404 0.79841089248657238 0.83859997987747203 0.8404977321624757 0.11878597363829614
decision_type=2 2 2 2 2 2
left_child=1 2 -1 4 5 -2
right_child=3 -3 -4 -5 -6 -7
leaf_value=0.01109174477479411 0 0 0 0 0 -0.0078006602978844359
leaf_weight=10.636762835085394 1.1079763993620817 3.1532875411212435 1.3481714129447926 0.95904816687107164 1.0616522543132312 6.9100083485245705
leaf_count=72 11 28 13 8 8 86
internal_value=0.000641811 0.00627035 0.00935462 -0.00374518 -0.00566296 -0.00678316
internal_weight=25.1769 15.1382 11.9849 10.0387 9.07964 8.01798
internal_count=226 113 85 113 105 97
is_linear=0
shrinkage=0.03


Tree=172
num_leaves=7
num_cat=0
split_feature=58 19 62 35 50 54
split_gain=1.77863 1.02351 0.742344 0.426278 0.370746 0.0168016
threshold=1.0000000180025095e-35 0.44250741600990301 0.89659997820854198 0.36522072553634649 0.25274411588907247 0.079683117568492903
decision_type=2 2 2 2 2 2
left_child=1 3 4 -1 -2 -3
right_child=2 5 -4 -5 -6 -7
leaf_value=0 -0.0094355278199676953 0 0 0.011732409506977589 0 -0.0010428130836390868
leaf_weight=5.269468937069183 8.2352249249815888 1.8303443863987912 0.9943968206644066 6.592115331441164 1.3863390646874911 3.9052678607404232
leaf_count=35 100 12 7 47 14 38
internal_value=0 0.00595631 -0.00549141 0.00932318 -0.00810762 0
internal_weight=28.2132 17.5972 10.616 11.8616 9.62156 5.73561
internal_count=253 132 121 82 114 50
is_linear=0
shrinkage=0.03


Tree=173
num_leaves=7
num_cat=0
split_feature=58 19 62 7 14 68
split_gain=1.00328 1.14131 0.675597 0.606755 0.432331 0.149597
threshold=1.0000000180025095e-35 0.47075448930263525 0.92620000243186962 383.50000000000006 1.3885855674743655 171.88907623291018
decision_type=2 2 2 2 2 10
left_child=1 3 4 -1 -2 -3
right_child=2 5 -4 -5 -6 -7
leaf_value=0.010486393711961344 0 -0.0031742644302844201 0 0 -0.0082970909899092969 0
leaf_weight=9.5829306878149563 0.77141883969306846 3.3643863685429087 1.0114944800734509 1.3558494672179211 9.1728592682629806 1.7212036326527593
leaf_count=68 6 30 6 8 109 13
internal_value=0 0.00472167 -0.00392451 0.00876151 -0.00683153 -3.82473e-05
internal_weight=26.9801 16.0244 10.9558 10.9388 9.94428 5.08559
internal_count=240 119 121 76 115 43
is_linear=0
shrinkage=0.03


Tree=174
num_leaves=7
num_cat=0
split_feature=68 60 11 52 6 4
split_gain=1.09733 1.74861 0.665881 0.708452 0.496031 0.180959
threshold=667.86233520507824 0.0030000000260770325 5.6070852279663095 -0.38562110066413874 185.75000000000003 0.016200970858335498
decision_type=8 2 2 2 2 10
left_child=1 4 3 -2 -1 -3
right_child=2 5 -4 -5 -6 -7
leaf_value=0.013024110791134564 -0.0089389241520770359 -0.0032744770771744565 0.00032480544214482607 0 0 0
leaf_weight=6.9534607976675051 7.3587243426591149 5.308355249464511 2.3883117251098147 2.5417555011808863 1.2735067903995512 1.2820860520005224
leaf_count=47 97 42 18 19 9 9
internal_value=0.000747239 0.00587597 -0.00260666 -0.00613669 0.0115448 -0.000277312
internal_weight=27.1062 14.8174 12.2888 9.90048 8.22697 6.59044
internal_count=241 107 134 116 56 51
is_linear=0
shrinkage=0.03


Tree=175
num_leaves=7
num_cat=0
split_feature=68 11 6 60 44 30
split_gain=1.41924 1.0263 0.829855 0.672392 0.413541 0.298891
threshold=667.86233520507824 5.6070852279663095 195.87500000000003 0.34340000152587896 0.65886381268501293 0.04593904688954354
decision_type=8 2 2 2 2 2
left_child=2 4 3 -1 5 -2
right_child=1 -3 -4 -5 -6 -7
leaf_value=0.010655950780747383 0 0.00057354285549993556 0 0 0 -0.010661757498351626
leaf_weight=9.5614987909793872 0.97323583066463282 2.3856182023882857 1.5574173480272282 2.0884510576724997 1.5682421624660481 7.3209754582494497
leaf_count=70 7 17 12 17 10 98
internal_value=0 -0.00428313 0.00611984 0.00863968 -0.00817598 -0.00963958
internal_weight=25.4554 12.2481 13.2074 11.6499 9.86245 8.29421
internal_count=231 132 99 87 115 105
is_linear=0
shrinkage=0.03


Tree=176
num_leaves=7
num_cat=0
split_feature=51 4 34 34 17 21
split_gain=1.24221 1.0048 0.712165 0.719664 0.532888 0.324493
threshold=-0.50530260801315297 0.014416149351745846 0.79708495736122142 0.088966429233551039 0.021675205789506439 0.15470241755247119
decision_type=2 10 2 2 2 2
left_child=1 4 3 -2 -1 -6
right_child=2 -3 -4 -5 5 -7
leaf_value=0 0 0 0 0.0097276866206715187 0 -0.011061019566568811
leaf_weight=1.1832731366157556 1.4598821029067028 3.1385156586766234 2.1234216280281535 9.6735211871564371 1.1743892617523659 8.1528378855437023
leaf_count=7 9 27 20 70 15 97
internal_value=0 -0.00480042 0.00496374 0.00757912 -0.008406 -0.00999007
internal_weight=26.9058 13.649 13.2568 11.1334 10.5105 9.32723
internal_count=245 146 99 79 119 112
is_linear=0
shrinkage=0.03


Tree=177
num_leaves=7
num_cat=0
split_feature=68 60 68 43 42 0
split_gain=1.09137 1.41889 0.503753 0.433362 0.355265 0.196894
threshold=697.16046142578136 0.31399999558925634 36.717102050781257 0.14653412997722629 0.55946046113967907 3.1666666269302373
decision_type=8 2 10 2 2 2
left_child=1 2 -1 -2 5 -5
right_child=3 -3 -4 4 -6 -7
leaf_value=0 0 -0.00050452229392621462 0.011623017165417963 -0.0076268284036758007 0 0
leaf_weight=1.9679896086454416 1.2723539099097241 3.2073341719806185 9.5372655428946 7.2439774926751834 1.4863083586096753 1.087180823087692
leaf_count=13 7 25 69 99 9 6
internal_value=0.00113611 0.00607608 0.0100821 -0.00234616 -0.00505359 -0.00671206
internal_weight=25.8024 14.7126 11.5053 11.0898 9.81747 8.33116
internal_count=228 107 82 121 114 105
is_linear=0
shrinkage=0.03


Tree=178
num_leaves=7
num_cat=0
split_feature=32 54 60 53 23 0
split_gain=0.88488 1.21395 0.623602 0.808231 0.354035 0.00142844
threshold=0.27426053583621984 0.070939652621746077 0.077600002288818373 -0.49601510167121882 0.92635458707809459 0.5000000149011613
decision_type=2 2 2 2 2 2
left_child=2 -2 3 -1 -3 -4
right_child=1 4 5 -5 -6 -7
leaf_value=0 0.00066801353100743774 -0.010390655446868617 -0.00033113186011112281 0.009401533899706058 0 0
leaf_weight=3.4066337235271922 2.8682661503553382 7.7229203246533853 1.7247595712542527 7.8418386839330223 1.2419316060841081 1.2444773390889166
leaf_count=28 16 99 12 52 16 8
internal_value=0 -0.00482373 0.00345071 0.00632334 -0.0091703 0
internal_weight=26.0508 11.8331 14.2177 11.2485 8.96485 2.96924
internal_count=231 131 100 80 115 20
is_linear=0
shrinkage=0.03


Tree=179
num_leaves=7
num_cat=0
split_feature=47 33 29 56 49 7
split_gain=0.80373 0.965233 0.743436 0.644354 0.439587 0.392402
threshold=0.096516769379377379 0.63803189992904674 0.2463038116693497 -0.60224470496177662 0.14333777129650119 373.50000000000006
decision_type=2 2 2 2 2 2
left_child=4 2 -2 -4 -1 -3
right_child=1 5 3 -5 -6 -7
leaf_value=0.0079878281254820716 0 0.0047826323505764648 0 -0.011225108614520626 0 -3.1034409276788954e-05
leaf_weight=5.1224987059831646 1.365096684545281 6.0787156596779806 1.1139342375099666 7.9136968646198484 2.2011597007513046 2.5537398420274258
leaf_count=32 11 55 8 89 15 25
internal_value=0 -0.00230408 -0.0070312 -0.00938876 0.00573243 0.000886034
internal_weight=26.3488 19.0252 10.3927 9.02763 7.32366 8.63246
internal_count=235 188 108 97 47 80
is_linear=0
shrinkage=0.03


Tree=180
num_leaves=7
num_cat=0
split_feature=58 0 19 62 23 44
split_gain=0.861444 0.92423 0.68189 0.63342 0.183865 0.0947443
threshold=0.011799999978393318 0.83333334326744091 0.69315171241760265 0.55140000581741344 0.89744064211845409 0.29836738109588629
decision_type=2 2 2 2 2 2
left_child=1 5 -3 4 -2 -1
right_child=3 2 -4 -5 -6 -7
leaf_value=0.00067099335286944313 -0.0076804833763120034 0.011365621396776732 0 0 0 -0.0022126527493427986
leaf_weight=6.0313068702817016 5.2326326519250861 6.0537378676235667 1.7804785594344137 1.126312870532274 0.61414242163300503 5.942553598433733
leaf_count=47 73 45 12 8 8 43
internal_value=0.000659246 0.00459099 0.00904818 -0.00309907 -0.00680156 0
internal_weight=26.7812 19.8081 7.83422 6.97309 5.84678 11.9739
internal_count=236 147 57 89 81 90
is_linear=0
shrinkage=0.03


Tree=181
num_leaves=7
num_cat=0
split_feature=68 60 51 11 7 4
split_gain=0.845933 1.87337 0.783919 0.550769 0.357518 0.263446
threshold=752.01473999023449 0.026600000448524955 -0.40207976102828974 5.6070852279663095 388.00000000000006 0.012527989223599436
decision_type=8 2 2 2 2 10
left_child=1 4 3 -2 -1 -3
right_child=2 5 -4 -5 -6 -7
leaf_value=0.010878504813583144 -0.0099549550614433293 -0.0048685233868510187 0 0 0 0
leaf_weight=8.3376559428870696 6.9384243637323362 5.134604822844266 2.8439327105879775 1.3942325003445146 1.1843887642025936 1.1006579101085661
leaf_count=61 100 40 19 13 9 9
internal_value=0 0.00332021 -0.00474801 -0.00803278 0.00973036 -0.00273707
internal_weight=26.9339 15.7573 11.1766 8.33266 9.52204 6.23526
internal_count=251 119 132 113 70 49
is_linear=0
shrinkage=0.03


Tree=182
num_leaves=7
num_cat=0
split_feature=68 6 11 55 48 4
split_gain=0.851028 0.666265 0.640178 0.46016 0.58867 0.367164
threshold=697.16046142578136 192.00000000000003 5.6070852279663095 0.14269554615020755 -0.32985320687294001 0.005215203622356058
decision_type=8 2 2 2 2 8
left_child=1 3 5 4 -1 -2
right_child=2 -3 -4 -5 -6 -7
leaf_value=0 0 0 5.4227196034086358e-05 0 0.010525666533004911 -0.0075943278441703774
leaf_weight=1.9169375672936411 1.0643460340797872 1.5425243228673924 2.06384602934122 1.7928932793438423 9.3366120420396363 8.6187691800296307
leaf_count=14 12 12 15 14 68 103
internal_value=2.82154e-05 0.00493445 -0.00277316 0.00721091 0.0087103 -0.00614547
internal_weight=26.3359 14.589 11.747 13.0464 11.2535 9.68312
internal_count=238 108 130 96 82 115
is_linear=0
shrinkage=0.03


Tree=183
num_leaves=7
num_cat=0
split_feature=32 54 60 38 3 53
split_gain=1.3967 1.32331 0.588792 0.536779 0.275396 0.201358
threshold=0.19966991245746615 0.069159060716629042 0.026600000448524955 0.11142597720026971 4.1666667461395273 -0.49311269819736475
decision_type=2 2 2 2 2 2
left_child=2 -2 5 -3 -5 -1
right_child=1 3 -4 4 -6 -7
leaf_value=0 0.0015411122262031795 0 0 -0.011077163424138664 0 0.0095905904662266506
leaf_weight=2.00286915153265 2.545236960053443 1.462133903056382 2.7927711009979248 9.6723323911428416 0.90451314300298769 5.725732587277891
leaf_count=16 14 12 19 124 8 37
internal_value=0 -0.00460673 0.00598593 -0.00873845 -0.0102598 0.00844785
internal_weight=25.1056 14.5842 10.5214 12.039 10.5768 7.7286
internal_count=230 158 72 144 132 53
is_linear=0
shrinkage=0.03


Tree=184
num_leaves=7
num_cat=0
split_feature=0 68 58 20 22 55
split_gain=1.16605 0.925726 0.413959 0.222386 0.208292 0.130249
threshold=1.8333333134651186 752.01473999023449 1.0000000180025095e-35 0.41178958117961889 0.87604647874832164 0.14269554615020755
decision_type=2 8 2 2 2 2
left_child=1 2 3 -1 -3 -2
right_child=5 4 -4 -5 -6 -7
leaf_value=0.0062460035354388608 0.0082924366311580393 -0.0082438328739302437 -0.0004052929366711048 0 0 0
leaf_weight=4.8400303348898941 5.6098873838782302 6.3283873945474616 5.2325354777276516 2.0940748229622841 1.4470664449036119 1.2731264866888521
leaf_count=26 46 83 41 16 22 10
internal_value=0.000351354 -0.0018074 0.000627871 0.00472959 -0.00720292 0.00752567
internal_weight=26.8251 19.9421 12.1666 6.93411 7.77545 6.88301
internal_count=244 188 83 42 105 56
is_linear=0
shrinkage=0.03


Tree=185
num_leaves=7
num_cat=0
split_feature=1 47 58 54 56 68
split_gain=1.45535 1.1567 0.968132 0.771436 0.263607 0.0915103
threshold=0.83333334326744091 0.085297085344791426 0.009599999990314247 0.56555533409118663 -0.29210740327835077 313.60475158691412
decision_type=2 2 2 2 2 8
left_child=1 -1 -2 4 -3 -5
right_child=2 3 -4 5 -6 -7
leaf_value=0.0013757425173859992 0.010138870243093618 -0.011628773374443218 0 0.0022202123442339548 0 -0.0012344140917863143
leaf_weight=3.3743043392896714 7.0431338474154455 7.5733021032065171 1.5999141819775102 2.6848542243242255 1.0284229069948159 3.0145325250923634
leaf_count=18 52 88 27 14 6 38
internal_value=0 -0.00393787 0.00687298 -0.00771084 -0.0107237 0
internal_weight=26.3185 17.6754 8.64305 14.3011 8.60173 5.69939
internal_count=243 164 79 146 94 52
is_linear=0
shrinkage=0.03


Tree=186
num_leaves=7
num_cat=0
split_feature=33 54 33 6 18 53
split_gain=1.04808 0.912405 0.757039 0.614229 0.575122 0.227083
threshold=0.63803189992904674 0.069159060716629042 0.23355001211166385 327.00000000000006 0.94038009643554699 -0.23700707405805585
decision_type=2 2 2 2 2 2
left_child=1 -1 -3 4 -2 -4
right_child=3 2 5 -5 -6 -7
leaf_value=0.0021274587605512366 0.010020677314827153 0 -0.0097310149535424668 0 0 0
leaf_weight=1.9602676033973718 8.9997668229043466 1.9136384762823571 8.7220101226121152 1.5892190076410759 1.4542581848800171 1.0662046968936927
leaf_count=9 72 19 94 14 14 7
internal_value=0.000631796 -0.00225287 -0.00639358 0.00616362 0.00824431 -0.00890294
internal_weight=25.7054 13.6621 11.7019 12.0432 10.454 9.78821
internal_count=229 129 120 100 86 101
is_linear=0
shrinkage=0.03


Tree=187
num_leaves=7
num_cat=0
split_feature=51 50 68 0 55 34
split_gain=0.889753 0.900925 0.658977 0.345091 0.264723 0.146124
threshold=-0.51844158768653859 0.15126202255487445 313.60475158691412 2.1666666269302373 -0.031893096864223473 0.79708495736122142
decision_type=2 2 8 2 2 2
left_child=2 5 4 -4 -1 -2
right_child=1 -3 3 -5 -6 -7
leaf_value=0.0042824610395727665 0.0097062395721213227 0 -0.0083042469284036659 0 -0.00031812954905721631 0
leaf_weight=2.9221296980977058 6.6222583837807161 5.0554226711392394 5.6724684797227392 1.3098619580268858 2.5097261667251596 1.3834885805845258
leaf_count=18 43 42 88 8 21 10
internal_value=0 0.00520035 -0.00281108 -0.00673446 0 0.00892572
internal_weight=25.4754 13.0612 12.4142 6.98233 5.43186 8.00575
internal_count=230 95 135 96 39 53
is_linear=0
shrinkage=0.03


Tree=188
num_leaves=7
num_cat=0
split_feature=0 58 56 55 22 54
split_gain=0.911474 0.942786 0.938185 0.702198 0.452442 0.0643923
threshold=0.83333334326744091 0.01480000000447035 -0.38683703541755671 0.14269554615020755 0.019397587515413765 0.069159060716629042
decision_type=2 2 2 2 2 2
left_child=2 3 4 -2 -1 -4
right_child=1 -3 5 -5 -6 -7
leaf_value=0 0.010442579149895952 -0.00039627136667117309 0.0022359326925695932 0 -0.0098172380947322609 0
leaf_weight=1.2862099744379509 6.3502551913261396 2.3559511192142963 1.592024609446528 1.4943481981754301 8.3390249554067832 4.6052054241299629
leaf_count=8 50 35 7 9 96 38
internal_value=0 0.00388192 -0.00446983 0.00803118 -0.00832544 0
internal_weight=26.023 10.2006 15.8225 7.8446 9.62523 6.19723
internal_count=243 94 149 59 104 45
is_linear=0
shrinkage=0.03


Tree=189
num_leaves=7
num_cat=0
split_feature=30 47 58 48 60 50
split_gain=0.882573 0.754162 0.704415 0.517924 0.475064 0.110148
threshold=0.35304744541645056 0.096516769379377379 0.016199999488890175 0.12663277238607409 0.10199999809265138 0.2339349910616875
decision_type=2 2 2 2 2 2
left_child=2 -2 3 4 -1 -3
right_child=1 5 -4 -5 -6 -7
leaf_value=0.01079928158840996 0.00050427795526335802 -0.0074382834164355384 0 0 0 0
leaf_weight=8.8339694738388079 2.6032168753445131 6.4533483628183603 3.1198295503854743 1.4862374141812313 2.1653633266687384 0.77743202075362194
leaf_count=60 18 90 33 9 14 13
internal_value=0.000535973 -0.00261527 0.00511087 0.00761183 0.00917813 -0.00686138
internal_weight=25.4394 9.834 15.6054 12.4856 10.9993 7.23078
internal_count=237 121 116 83 74 103
is_linear=0
shrinkage=0.03


Tree=190
num_leaves=7
num_cat=0
split_feature=68 60 6 0 52 52
split_gain=1.00453 1.46042 0.538297 0.478584 0.525854 0.144464
threshold=697.16046142578136 0.0030000000260770325 185.75000000000003 3.1666666269302373 -0.38562110066413874 -0.35618743300437922
decision_type=8 2 2 2 2 2
left_child=1 2 -1 4 -2 -3
right_child=3 5 -4 -5 -6 -7
leaf_value=0.011975790492087364 -0.0082216411022855151 -0.0029571131645864646 0 0 0 0
leaf_weight=7.4059210158884543 6.4513800106942645 4.8761247135698795 1.3213365674018858 1.782492235302924 2.4441666342318049 1.7739423215389241
leaf_count=53 92 41 9 10 20 13
internal_value=0.000206954 0.00524291 0.0103649 -0.00317192 -0.00581423 -6.33498e-05
internal_weight=26.0554 15.3773 8.72726 10.678 8.89555 6.65007
internal_count=238 116 62 122 112 54
is_linear=0
shrinkage=0.03


Tree=191
num_leaves=7
num_cat=0
split_feature=19 51 14 50 0 20
split_gain=1.28825 0.614836 0.606121 0.458759 0.264461 0.0886568
threshold=0.44250741600990301 -0.51844158768653859 14.235917091369631 0.15126202255487445 2.5000000000000004 0.081036541610956206
decision_type=2 2 2 2 2 2
left_child=1 -1 4 5 -2 -3
right_child=2 3 -4 -5 -6 -7
leaf_value=0 -0.0086117318857984442 0 0 0 0 0.011282491174100956
leaf_weight=7.1825478933751574 6.6336090080440027 1.456441611051561 2.1699898764491081 2.8075297884643078 1.1590905487537382 3.7899944745004177
leaf_count=65 88 9 11 21 10 27
internal_value=0 0.00530176 -0.00474815 0.00836309 -0.00748021 0.0104834
internal_weight=25.1992 15.2365 9.96269 8.05397 7.7927 5.24644
internal_count=231 122 109 57 98 36
is_linear=0
shrinkage=0.03


Tree=192
num_leaves=7
num_cat=0
split_feature=58 28 60 3 50 39
split_gain=1.17489 0.886668 0.625708 0.412604 0.345585 0.298503
threshold=0.00059999998484272521 0.520310938358307 0.0030000000260770325 6.0000000000000009 0.25274411588907247 0.20223893225193026
decision_type=2 2 2 2 2 2
left_child=1 2 5 4 -2 -1
right_child=3 -3 -4 -5 -6 -7
leaf_value=0.011626071847689436 -0.0075476103591141453 0 0 0 0 0
leaf_weight=7.7320520691573673 7.1183412317186576 4.0371612049639216 3.2604846172034732 0.99363423883914936 0.83019186556339253 1.891576826572418
leaf_count=49 93 44 25 9 10 12
internal_value=0.000257096 0.00533755 0.00826964 -0.00393162 -0.00608299 0.0104138
internal_weight=25.8634 16.9213 12.8841 8.94217 7.94853 9.62363
internal_count=242 130 86 112 103 61
is_linear=0
shrinkage=0.03


Tree=193
num_leaves=7
num_cat=0
split_feature=68 11 55 42 6 55
split_gain=1.24404 0.658187 0.482935 0.400026 0.303456 0.148131
threshold=529.38558959960949 6.5000000000000009 0.16169135272502902 0.18874773383140567 174.37500000000003 0.15665522217750552
decision_type=8 2 2 2 2 2
left_child=2 3 4 -2 -1 -5
right_child=1 -3 -4 5 -6 -7
leaf_value=0.0079405749589370744 0 0 0 -0.0098271755251957468 0 0
leaf_weight=9.9002551995217818 1.5258326716721038 1.6531966775655735 1.4874381460249413 7.1717391759157181 1.3008427694439877 0.80276869609951962
leaf_count=77 20 11 11 87 8 12
internal_value=0 -0.00520287 0.00491016 -0.0077293 0.00680456 -0.00921104
internal_weight=23.8421 11.1535 12.6885 9.50034 11.2011 7.97451
internal_count=226 130 96 119 85 99
is_linear=0
shrinkage=0.03


Tree=194
num_leaves=7
num_cat=0
split_feature=51 68 28 59 35 0
split_gain=1.17668 0.947023 0.539421 0.799771 0.64175 0.539312
threshold=-0.51844158768653859 313.60475158691412 0.81790655851364147 0.19579999893903735 0.1045847423374653 3.1666666269302373
decision_type=2 8 2 2 2 2
left_child=1 -1 3 4 -2 -3
right_child=2 5 -4 -5 -6 -7
leaf_value=0.0012518025646986964 0 -0.0091860111700897591 0 0 0.011945901350239615 0
leaf_weight=5.7425685748457918 1.2303225547075261 6.7267415318638095 1.6286884918808926 1.402400717139243 9.6692952923476678 0.8616487756371497
leaf_count=40 9 100 19 12 66 5
internal_value=0.00130501 -0.00205384 0.00654159 0.00822714 0.010328 -0.00725619
internal_weight=27.2617 13.331 13.9307 12.302 10.8996 7.58839
internal_count=251 145 106 87 75 105
is_linear=0
shrinkage=0.03


Tree=195
num_leaves=6
num_cat=0
split_feature=54 9 54 37 48
split_gain=1.23135 0.925721 0.714087 0.565804 0.0257431
threshold=0.070939652621746077 4.6666667461395273 0.70216986536979686 0.81200975179672252 -0.3183924257755279
decision_type=2 2 2 2 2
left_child=-1 2 3 -2 -4
right_child=1 -3 4 -5 -6
leaf_value=0.0063756323918369171 -0.010635513543281164 0.00072257652577791237 0 0 0.0013910599541628636
leaf_weight=4.4997795596718815 12.078839201480156 2.3274807184934607 1.8333184495568278 2.2896977644413701 1.9732166454195965
leaf_count=29 132 20 17 24 16
internal_value=0 -0.00412419 -0.00691057 -0.00903267 0
internal_weight=25.0023 20.5026 18.1751 14.3685 3.80654
internal_count=238 209 189 156 33
is_linear=0
shrinkage=0.03


Tree=196
num_leaves=7
num_cat=0
split_feature=68 60 51 11 6 15
split_gain=1.04147 0.98234 0.763229 0.979465 0.443193 0.311543
threshold=385.15440368652349 0.34340000152587896 -0.40207976102828974 5.6070852279663095 174.37500000000003 5.6700842380523691
decision_type=8 2 2 2 2 2
left_child=1 4 3 5 -1 -2
right_child=2 -3 -4 -5 -6 -7
leaf_value=0.011002431486466766 -0.010676417637934432 0 0.0011959947277179546 0 0 0
leaf_weight=7.8927753716707247 6.7771074101328832 1.8533955514430989 4.0236958116292945 2.1062277182936668 1.276722766458988 0.68555579707026471
leaf_count=59 99 14 27 18 8 5
internal_value=0.000919706 0.0064809 -0.00188242 -0.00619265 0.00960122 -0.00966719
internal_weight=24.6155 11.0229 13.5926 9.56889 9.1695 7.46266
internal_count=230 81 149 122 67 104
is_linear=0
shrinkage=0.03


Tree=197
num_leaves=7
num_cat=0
split_feature=47 30 38 21 38 38
split_gain=1.4521 1.25332 0.403919 0.494551 0.260595 0.0573724
threshold=0.16693903505802157 0.14627855271101001 0.23701349645853045 0.91669908165931713 0.11142597720026971 0.20235908776521686
decision_type=2 2 2 2 2 2
left_child=2 5 -1 -4 -3 -2
right_child=1 4 3 -5 -6 -7
leaf_value=0 0 0 0.010344347071621005 0 -0.010211836129852709 0.0019609260041629855
leaf_weight=2.7911217138171214 1.787948042154311 0.99496991559862902 5.7569663003087044 1.1568765491247175 7.1590990759432316 4.0990310609340668
leaf_count=16 12 11 43 9 104 32
internal_value=0 -0.00422641 0.00667307 0.00856569 -0.00925457 0.000402895
internal_weight=23.746 14.041 9.70496 6.91384 8.15407 5.88698
internal_count=227 159 68 52 115 44
is_linear=0
shrinkage=0.03


Tree=198
num_leaves=7
num_cat=0
split_feature=58 62 35 34 50 20
split_gain=1.10891 0.743905 0.708649 0.726395 0.373037 0.193941
threshold=1.0000000180025095e-35 0.83859997987747203 0.32889331877231603 0.77916738390922557 0.25274411588907247 0.74733975529670726
decision_type=2 2 2 2 2 2
left_child=2 4 -1 5 -2 -4
right_child=1 -3 3 -5 -6 -7
leaf_value=0 -0.0092693226646390608 0 0.011165278012935907 0 0 0
leaf_weight=5.2126090861856964 6.8146472778171283 1.1860465332865704 6.2408047243952733 2.533947329968214 1.2808143049478529 1.5751794725656507
leaf_count=37 91 8 48 25 13 14
internal_value=0 -0.00477415 0.00467443 0.00766733 -0.0078285 0.0101904
internal_weight=24.844 9.28151 15.5625 10.3499 8.09546 7.81598
internal_count=236 112 124 87 104 62
is_linear=0
shrinkage=0.03


Tree=199
num_leaves=7
num_cat=0
split_feature=46 1 42 58 56 55
split_gain=0.705534 0.854733 0.777152 0.47212 0.250136 0.220879
threshold=0.081586226820945754 0.83333334326744091 0.23753813654184344 0.009599999990314247 -0.60224470496177662 0.14431183785200122
decision_type=2 2 2 2 2 2
left_child=5 2 -2 -3 -4 -1
right_child=1 3 4 -5 -6 -7
leaf_value=0.0073630966057099921 0 0.0061459464372070616 0 0 -0.0094764482243127699 0
leaf_weight=5.1596248373389271 3.8810759335756329 3.9191588461399069 0.5693634450435664 1.8004703409969804 7.9771943800151304 1.8304223418235777
leaf_count=34 41 29 3 31 90 13
internal_value=0.000521438 -0.000872838 -0.00554607 0.00253296 -0.00865494 0.0060559
internal_weight=25.1373 18.1473 12.4276 5.71963 8.54656 6.99005
internal_count=241 194 134 60 93 47
is_linear=0
shrinkage=0.03


Tree=200
num_leaves=7
num_cat=0
split_feature=0 58 54 48 53 49
split_gain=0.918958 1.11096 0.522696 0.624512 0.207404 0.180737
threshold=0.83333334326744091 0.01480000000447035 0.069159060716629042 -0.23816646635532376 -0.22608545422554013 0.14997395873069766
decision_type=2 2 2 2 2 2
left_child=2 5 -1 -4 -5 -2
right_child=1 -3 3 4 -6 -7
leaf_value=0 0.010424095214362767 0 0 -0.0089140381242850068 0 0
leaf_weight=1.6948671638965631 6.5974884405732137 1.8334809318184841 4.6826647724956265 7.6847566571086627 0.92100648209452618 1.6423089094460008
leaf_count=8 53 34 43 87 6 11
internal_value=0 0.00565085 -0.00272914 -0.00530945 -0.00809285 0.00948471
internal_weight=25.0566 10.0733 14.9833 13.2884 8.60576 8.2398
internal_count=242 98 144 136 93 64
is_linear=0
shrinkage=0.03


Tree=201
num_leaves=7
num_cat=0
split_feature=58 17 34 62 34 47
split_gain=0.86123 0.619623 0.977268 0.569992 0.349863 0.257674
threshold=1.0000000180025095e-35 0.89189520478248607 0.79708495736122142 0.83859997987747203 0.078262127935886397 0.8404977321624757
decision_type=2 2 2 2 2 2
left_child=1 2 4 5 -1 -2
right_child=3 -3 -4 -5 -6 -7
leaf_value=0 -0.0072723469100882494 0 0 0 0.010866980857379348 0
leaf_weight=1.9406337589025522 6.7102768514305335 1.5784694999456395 2.1522595062851897 1.3777929991483686 10.302160430699585 1.0325800254940984
leaf_count=11 90 13 19 10 82 9
internal_value=0.000511448 0.00498493 0.0070226 -0.00269485 0.00967635 -0.00606125
internal_weight=25.0942 15.9735 14.3951 9.12065 12.2428 7.74286
internal_count=234 125 112 109 93 99
is_linear=0
shrinkage=0.03


Tree=202
num_leaves=7
num_cat=0
split_feature=19 68 2 47 31 59
split_gain=1.02375 0.81531 0.386923 0.283054 0.281176 0.196904
threshold=0.24221903830766681 102.1502151489258 1.313725531101227 0.1530069634318352 0.75880935788154613 0.16600000113248828
decision_type=2 10 2 2 2 2
left_child=2 4 5 -3 -2 -1
right_child=1 3 -4 -5 -6 -7
leaf_value=0.0093759077369838465 -0.007994994824736994 0.0047549130991031202 0 0 0 0
leaf_weight=7.3313280269503611 5.2137604933232051 2.8958805203437805 1.6155836582183827 5.0867055505514145 1.3644855562597511 1.3283472396433351
leaf_count=53 62 23 15 50 16 12
internal_value=0.0016873 -0.000955902 0.00701627 0.00143086 -0.00658745 0.00849426
internal_weight=24.8361 14.5608 10.2753 7.98259 6.57825 8.65968
internal_count=231 151 80 73 78 65
is_linear=0
shrinkage=0.03


Tree=203
num_leaves=7
num_cat=0
split_feature=47 30 61 36 36 58
split_gain=0.664437 0.579253 0.715355 0.295714 0.340847 0.24934
threshold=0.13558906316757205 0.13510000705718997 0.0014000000082887711 0.79395568370819103 0.13231173157691958 0.018600000068545345
decision_type=2 2 2 2 2 2
left_child=3 5 -3 4 -1 -2
right_child=1 2 -4 -5 -6 -7
leaf_value=0 0.0039489623436446478 -0.0087483724571540047 0 0 0.0081707570182553979 0
leaf_weight=1.4258783012628571 4.4110786914825431 6.3203961811959726 3.1519576534628868 1.3057235702872274 6.2767335809767246 1.5468726195394991
leaf_count=9 30 108 23 9 45 14
internal_value=0 -0.00182009 -0.00557515 0.00519881 0.00663741 0.000142626
internal_weight=24.4386 15.4303 9.47235 9.00834 7.70261 5.95795
internal_count=238 175 131 63 54 44
is_linear=0
shrinkage=0.03


Tree=204
num_leaves=7
num_cat=0
split_feature=68 60 11 14 55 7
split_gain=0.746878 0.507814 0.447633 0.380266 0.28595 0.25733
threshold=529.38558959960949 0.31399999558925634 5.6070852279663095 14.235917091369631 0.16169135272502902 321.00000000000006
decision_type=8 2 2 2 2 2
left_child=1 5 3 4 -2 -1
right_child=2 -3 -4 -5 -6 -7
leaf_value=0.0082112287506770423 -0.0080868496355805675 0 0 0 0 0
leaf_weight=8.6113925501704234 6.9554738216102105 2.3191911317408076 2.2754615843296042 1.8678736500442026 0.9284399989992379 1.2936327606439579
leaf_count=63 88 21 19 11 12 11
internal_value=0.00011014 0.00504758 -0.00219755 -0.00507762 -0.00690013 0.00716989
internal_weight=24.2515 12.2242 12.0272 9.75179 7.88391 9.90503
internal_count=225 95 130 111 100 74
is_linear=0
shrinkage=0.03


Tree=205
num_leaves=7
num_cat=0
split_feature=51 28 59 68 50 5
split_gain=0.774029 0.675844 0.504891 0.44399 0.260485 0.198124
threshold=-0.51844158768653859 0.81790655851364147 0.19579999893903735 313.60475158691412 0.15126202255487445 0.69680365920066845
decision_type=2 2 2 8 2 2
left_child=3 2 4 -1 -2 -5
right_child=1 -3 -4 5 -6 -7
leaf_value=0 0.010090015472763187 0 0 -0.0079233464084160661 0 0
leaf_weight=4.7429464608430871 5.7621773071587068 1.5761537589132775 1.4053469784557808 5.4016074184328327 3.579353665933013 0.8022877238690852
leaf_count=35 38 18 13 84 29 8
internal_value=0 0.00371222 0.00664422 -0.0043094 0.00841706 -0.00697616
internal_weight=23.2699 12.323 10.7469 10.9468 9.34153 6.2039
internal_count=225 98 80 127 67 92
is_linear=0
shrinkage=0.03


Tree=206
num_leaves=7
num_cat=0
split_feature=58 0 19 17 47 54
split_gain=0.749669 1.11142 0.503609 0.401227 0.240112 0.117103
threshold=0.005799999926239253 0.83333334326744091 0.69315171241760265 0.11143004521727563 0.12863736599683764 0.069159060716629042
decision_type=2 2 2 2 2 2
left_child=1 5 -3 -2 -5 -1
right_child=3 2 -4 4 -6 -7
leaf_value=0.00038213411988589235 0 0.011268593256691379 0 0 -0.006898943776136794 -0.0023681479319708496
leaf_weight=2.3298676609993043 1.4781122319400299 5.7898388318717471 1.3822295293211935 0.6185045838356017 4.8888673335313797 8.4718719534575921
leaf_count=11 12 48 10 5 81 72
internal_value=0.000485054 0.0044401 0.00950608 -0.00278176 -0.00563575 0
internal_weight=24.9593 17.9738 7.17207 6.98548 5.50737 10.8017
internal_count=239 141 58 98 86 83
is_linear=0
shrinkage=0.03


Tree=207
num_leaves=7
num_cat=0
split_feature=54 32 3 54 4 68
split_gain=1.05824 1.4945 0.486681 0.441016 0.353832 0.0946641
threshold=0.070939652621746077 0.19966991245746615 4.5000000000000009 0.76592186093330394 0.0055944493506103763 865.87020874023449
decision_type=2 2 2 2 10 8
left_child=-1 4 3 -3 -2 -6
right_child=1 2 -4 -5 5 -7
leaf_value=0.0059372435876574314 0 -0.011832213774215452 0 0 0.0055807556238243062 0
leaf_weight=4.283926427364352 4.0559178479015845 8.6553801484405941 0.76477475464344102 1.9197306390851743 3.5090910345315933 1.4359780251979826
leaf_count=26 28 116 8 21 26 10
internal_value=0 -0.00384642 -0.00912493 -0.0103753 0.000948431 0.00473831
internal_weight=24.6248 20.3409 11.3399 10.5751 9.00099 4.94507
internal_count=235 209 145 137 64 36
is_linear=0
shrinkage=0.03


Tree=208
num_leaves=7
num_cat=0
split_feature=1 47 48 58 55 55
split_gain=0.654327 0.806796 0.632601 0.597538 0.358593 0.129392
threshold=0.83333334326744091 0.096516769379377379 -0.2499921843409538 0.009599999990314247 0.14797452092170718 -0.15479367971420285
decision_type=2 2 2 2 2 2
left_child=1 -1 -3 4 -2 -4
right_child=3 2 5 -5 -6 -7
leaf_value=0.002083672258110431 0.0095548560042426501 0 0 0 0 -0.0089791877640193005
leaf_weight=3.8664132505655351 5.2713663727045041 4.3429976888000992 0.55103238672018218 1.6307107452303169 1.346476227045059 7.4500691145658422
leaf_count=23 43 43 5 27 8 90
internal_value=1.86346e-05 -0.00145149 -0.00568102 0.0054079 0.00802976 -0.00846691
internal_weight=24.4591 16.2105 12.3441 8.24855 6.61784 8.0011
internal_count=239 161 138 78 51 95
is_linear=0
shrinkage=0.03


Tree=209
num_leaves=7
num_cat=0
split_feature=32 52 43 60 2 45
split_gain=0.463978 1.17978 0.694204 0.497922 0.540503 0.169241
threshold=0.27426053583621984 -0.38562110066413874 0.70417925715446483 0.0022000001044943933 1.4670542478561404 0.060852045193314559
decision_type=2 2 2 2 2 2
left_child=3 2 -2 4 -1 -3
right_child=1 5 -4 -5 -6 -7
leaf_value=0.0087242412467865987 -0.010137139556344514 0 0 0 0 0.0041075511777141751
leaf_weight=6.1366752907633799 7.0378137249499559 1.6532551050186137 0.69398169964551915 3.8569256849586955 2.1384110450744629 2.5668319836258888
leaf_count=45 108 11 4 29 15 22
internal_value=0 -0.00237633 -0.00796897 0.00364235 0.00637087 0.00204916
internal_weight=24.0839 11.9519 7.7318 12.132 8.27509 4.22009
internal_count=234 145 112 89 60 33
is_linear=0
shrinkage=0.03


Tree=210
num_leaves=7
num_cat=0
split_feature=14 60 33 53 15 68
split_gain=0.859718 1.1402 0.525675 0.523222 0.237861 0.0907028
threshold=13.058030128479006 0.31399999558925634 0.25491730868816381 -0.49311269819736475 5.6700842380523691 11.441227912902834
decision_type=2 2 2 2 2 10
left_child=1 3 -2 -1 -4 -3
right_child=2 5 4 -5 -6 -7
leaf_value=0 0 0 -0.0078365474080150967 0.0097499246912773323 0 -0.0026718129550399247
leaf_weight=1.4250834733247746 1.5550256539136151 1.1707889288663857 5.74723169952631 10.862214479595425 0.88727967813611019 2.5233255587518215
leaf_count=14 15 12 81 86 7 23
internal_value=0 0.00435988 -0.0039226 0.00823736 -0.00672804 -0.000753078
internal_weight=24.1709 15.9814 8.18954 12.2873 6.63451 3.69411
internal_count=238 135 103 100 88 35
is_linear=0
shrinkage=0.03


Tree=211
num_leaves=7
num_cat=0
split_feature=60 68 4 56 4 26
split_gain=0.919674 1.27828 0.614695 0.533533 0.495305 0.105496
threshold=0.0030000000260770325 752.01473999023449 0.0080972984433174151 -0.31618131697177881 0.011484991759061815 0.16030008345842364
decision_type=2 8 8 2 10 2
left_child=1 2 -1 4 -2 -3
right_child=3 5 -4 -5 -6 -7
leaf_value=0 -0.0082365946637050023 0 0.01204718418241618 0 0 -0.0024754004866819408
leaf_weight=1.1521154940128369 5.1535410415381193 2.8421755880117399 7.0837926622480163 1.0273667965084303 1.304332388564944 5.4948326610028744
leaf_count=8 60 19 52 8 13 67
internal_value=0.00121348 0.00540316 0.0102776 -0.00241626 -0.00594803 0
internal_weight=24.0582 16.5729 8.23591 7.48524 6.45787 8.33701
internal_count=227 146 60 81 73 86
is_linear=0
shrinkage=0.03


Tree=212
num_leaves=7
num_cat=0
split_feature=0 58 47 54 56 51
split_gain=0.857638 1.03982 0.761278 0.608576 0.286562 0.0537822
threshold=0.83333334326744091 0.009599999990314247 0.085297085344791426 0.66878628730773937 -0.3232800811529159 -0.56707820296287526
decision_type=2 2 2 2 2 2
left_child=2 5 -1 4 -4 -2
right_child=1 -3 3 -5 -6 -7
leaf_value=0 0 -0.00019413439893605419 -0.010525467102226854 0 0 0.0095723852255837332
leaf_weight=2.9621962904930141 1.6917366459965704 2.2656753044575453 6.7956278081983319 3.0820062775164843 0.9616010095924129 5.1228450052440149
leaf_count=15 15 38 83 27 7 41
internal_value=0 0.00458973 -0.00394242 -0.00711547 -0.00950064 0.00891812
internal_weight=22.8817 9.08026 13.8014 10.8392 7.75723 6.81458
internal_count=226 94 132 117 90 56
is_linear=0
shrinkage=0.03


Tree=213
num_leaves=7
num_cat=0
split_feature=58 28 60 48 62 24
split_gain=0.873352 0.823178 0.61874 0.751858 0.391566 0.14906
threshold=0.011799999978393318 0.520310938358307 0.31399999558925634 0.12663277238607409 0.55140000581741344 0.86818572878837597
decision_type=2 2 2 2 2 2
left_child=1 2 3 -1 5 -2
right_child=4 -3 -4 -5 -6 -7
leaf_value=0.012080188729843759 -0.0061919321828846343 0 0 0 0 0
leaf_weight=9.1600936241447979 4.4678122121840707 5.2575031444430342 2.2495645992457858 1.7251459509134282 0.92098610848188389 0.60064097866415966
leaf_count=66 73 54 17 11 7 10
internal_value=0.00173728 0.00537952 0.00821824 0.0100736 -0.00206425 -0.00528288
internal_weight=24.3817 18.3923 13.1348 10.8852 5.98944 5.06845
internal_count=238 148 94 77 90 83
is_linear=0
shrinkage=0.03


Tree=214
num_leaves=7
num_cat=0
split_feature=51 34 36 30 61 36
split_gain=0.94016 0.663906 0.603765 0.392879 0.17379 0.158845
threshold=-0.51844158768653859 0.79708495736122142 0.097918644547462477 0.098100043833255782 0.01060000015422702 0.73881620168685924
decision_type=2 2 2 2 2 2
left_child=3 2 -2 -1 -4 -5
right_child=1 -3 4 5 -6 -7
leaf_value=0 0 0 0.011049143121709949 -0.005779508880710332 0 0
leaf_weight=3.054671812802555 1.3406763449311245 2.2251552529633036 7.9475037194788438 6.0451124906539917 1.4083894379436968 1.9227231647819278
leaf_count=24 9 20 60 80 12 25
internal_value=0.00160126 0.00624441 0.00848853 -0.00136898 0.0102528 -0.00467673
internal_weight=23.9442 12.9217 10.6966 11.0225 9.35589 7.96784
internal_count=230 101 81 129 72 105
is_linear=0
shrinkage=0.03


Tree=215
num_leaves=7
num_cat=0
split_feature=68 60 48 26 9 55
split_gain=0.683035 1.07415 0.329414 0.32154 0.191171 0.180956
threshold=752.01473999023449 0.0030000000260770325 -0.3183924257755279 0.16030008345842364 4.6666667461395273 0.15665522217750552
decision_type=8 2 2 2 2 2
left_child=1 2 -1 -2 5 -5
right_child=3 -3 -4 4 -6 -7
leaf_value=0 0 0 0.010517631452291204 -0.006694339766233127 0 0
leaf_weight=1.1794712543487538 3.4268067367374879 6.1060289032757273 7.1159190535545376 4.6207627579569817 0.71897856891155232 0.57594754733145226
leaf_count=8 24 50 54 72 4 12
internal_value=0.00117203 0.00508183 0.00934261 -0.00126431 -0.0044861 -0.00569201
internal_weight=23.7439 14.4014 8.29539 9.3425 5.91569 5.19671
internal_count=224 112 62 112 88 84
is_linear=0
shrinkage=0.03


Tree=216
num_leaves=7
num_cat=0
split_feature=58 2 62 34 11 47
split_gain=0.783516 0.727218 0.630631 0.460535 0.31861 0.273822
threshold=1.0000000180025095e-35 1.4670542478561404 0.55140000581741344 0.77916738390922557 0.58333334326744091 0.8404977321624757
decision_type=2 2 2 2 2 2
left_child=1 3 5 4 -1 -2
right_child=2 -3 -4 -5 -6 -7
leaf_value=0 -0.0077622181015278109 0 0 0 0.0099581045792030125 0
leaf_weight=1.1084411032497907 5.8230343703180534 3.1524062044918528 1.6537672802805898 1.7261152267456044 9.4050409942865354 0.84110635519027699
leaf_count=8 89 30 12 17 66 7
internal_value=0.00028559 0.00473191 -0.00275825 0.0074158 0.0089346 -0.00651323
internal_weight=23.7099 15.392 8.31791 12.2396 10.5135 6.66414
internal_count=229 121 108 91 74 96
is_linear=0
shrinkage=0.03


Tree=217
num_leaves=7
num_cat=0
split_feature=68 60 9 47 4 53
split_gain=0.584163 1.81608 0.419335 0.518829 0.563701 0.275478
threshold=752.01473999023449 0.0030000000260770325 5.1666667461395273 0.067132897675037398 0.0050959466025233277 -0.22608545422554013
decision_type=8 2 2 2 8 2
left_child=1 -1 3 -2 -5 -3
right_child=2 5 -4 4 -6 -7
leaf_value=0.010323557267370432 0 -0.0045961529840435429 0 0 -0.0093503040967820306 0
leaf_weight=8.0510220676660555 0.63611000776290794 4.9577561020851135 1.1270388960838307 0.87155784294008931 7.386198941618205 1.2602336853742588
leaf_count=60 3 45 7 9 98 8
internal_value=0 0.00383743 -0.00289991 -0.00537456 -0.00744765 -0.00204836
internal_weight=24.2899 14.269 10.0209 8.89387 8.25776 6.21799
internal_count=230 113 117 110 107 53
is_linear=0
shrinkage=0.03


Tree=218
num_leaves=7
num_cat=0
split_feature=68 6 11 34 20 68
split_gain=1.03907 1.0489 0.782595 0.343502 0.337152 0.20135
threshold=50.487812042236335 181.37500000000003 3.8500000238418584 0.078262127935886397 0.021686196327209476 752.01473999023449
decision_type=10 2 2 2 2 10
left_child=2 3 4 -2 -1 -5
right_child=1 -3 -4 5 -6 -7
leaf_value=0 0 -4.7456618606248921e-06 0 0.010713546191926746 -0.0086000351049135403 0
leaf_weight=0.85237005352974105 1.1971423476934422 1.7265987917780865 3.7683989368379116 8.4840055890381318 6.9782181605696678 1.2856346741318692
leaf_count=6 8 18 33 71 83 18
internal_value=0 0.00550298 -0.00338815 0.00882047 -0.00730803 0.00990704
internal_weight=24.2924 12.6934 11.599 10.9668 7.83059 9.76964
internal_count=237 115 122 97 89 89
is_linear=0
shrinkage=0.03


Tree=219
num_leaves=7
num_cat=0
split_feature=68 60 26 31 68 48
split_gain=0.560725 0.86987 0.6268 0.43952 0.224979 0.117591
threshold=50.487812042236335 0.31399999558925634 0.14372427761554721 0.75880935788154613 697.16046142578136 -0.30998553335666651
decision_type=10 2 2 2 10 2
left_child=2 4 -1 -4 5 -2
right_child=1 -3 3 -5 -6 -7
leaf_value=0.0005783129536338224 0 0 -0.0081138656456902995 0 0 0.0095164150613447716
leaf_weight=3.6772723123431224 1.2757868617773036 2.439043875783681 5.4092611875385046 1.761124452576041 1.641946293413638 6.973273754119873
leaf_count=24 10 25 68 22 21 55
internal_value=0.000139039 0.00446883 -0.0016873 -0.00600371 0.00785989 0.00885617
internal_weight=23.1777 12.3301 10.8477 7.17039 9.89101 8.24906
internal_count=225 111 114 90 86 65
is_linear=0
shrinkage=0.03


Tree=220
num_leaves=7
num_cat=0
split_feature=33 54 52 68 53 23
split_gain=0.530889 0.7254 0.61444 0.480172 0.260304 0.00772774
threshold=0.63803189992904674 0.069159060716629042 -0.52589276432991017 313.60475158691412 -0.24728346616029737 0.4992902278900147
decision_type=2 2 2 8 2 2
left_child=1 -1 -2 5 -4 -3
right_child=2 3 4 -5 -6 -7
leaf_value=0.0016259129595992408 0 0.00072767350357432706 0.0086738428276322329 -0.0083202147137372007 0 0
leaf_weight=2.324319779872897 2.3510907646268606 3.1347536593675587 5.8994344770908356 6.1976953037083158 1.424250390380619 1.5762004330754278
leaf_count=11 28 19 50 86 12 15
internal_value=0 -0.00172168 0.00455902 -0.00574107 0.00745163 0
internal_weight=22.9077 13.233 9.67478 10.9086 7.32368 4.71095
internal_count=221 131 90 120 62 34
is_linear=0
shrinkage=0.03


Tree=221
num_leaves=7
num_cat=0
split_feature=1 42 54 14 14 31
split_gain=0.918936 0.535951 0.716035 0.501333 0.170527 0.0282474
threshold=0.83333334326744091 0.23753813654184344 0.069159060716629042 13.560840129852297 13.928503513336183 0.15461797267198565
decision_type=2 2 2 2 2 2
left_child=1 5 -3 -2 -4 -1
right_child=3 2 4 -5 -6 -7
leaf_value=0.001453627778820872 0.008172508917899602 0 -0.009003145390854719 0 0 0
leaf_weight=2.0313714705407651 5.7214116752147666 2.1652197986841193 8.6100980509072507 2.0014970805495977 0.82799106091260988 1.763806791976094
leaf_count=14 57 11 92 18 10 28
internal_value=0 -0.00299753 -0.00573512 0.00581279 -0.00834915 0
internal_weight=23.1214 15.3985 11.6033 7.72291 9.43809 3.79518
internal_count=230 155 113 75 102 42
is_linear=0
shrinkage=0.03


Tree=222
num_leaves=7
num_cat=0
split_feature=53 55 28 60 61 14
split_gain=0.629422 0.635229 0.43451 0.255383 0.193022 0.118862
threshold=-0.46945028007030482 0.14269554615020755 0.83481431007385265 0.077600002288818373 0.0018000000272877517 1.6680999398231509
decision_type=2 2 2 2 2 2
left_child=4 2 3 -2 5 -1
right_child=1 -3 -4 -5 -6 -7
leaf_value=0 0.0094811567721576288 0 0 0 0 -0.0050271444072495005
leaf_weight=0.63090112805366771 8.8324947990477103 3.9021293502300969 1.4732587598264206 3.6753961164504281 0.9912448301911353 4.3046043738722801
leaf_count=5 71 33 17 33 6 72
internal_value=0.000657574 0.00423582 0.00668592 0.00806237 -0.00225256 -0.00412821
internal_weight=23.81 17.8833 13.9811 12.5079 5.92675 4.93551
internal_count=237 154 121 104 83 77
is_linear=0
shrinkage=0.03


Tree=223
num_leaves=7
num_cat=0
split_feature=60 68 1 48 11 46
split_gain=0.621058 0.993879 0.484155 0.355516 0.225575 0.315269
threshold=0.0030000000260770325 11.441227912902834 0.83333334326744091 -0.3183924257755279 3.8500000238418584 0.061190232634544379
decision_type=2 10 2 2 2 2
left_child=1 4 -2 -3 5 -1
right_child=2 3 -4 -5 -6 -7
leaf_value=0 -0.0068165264424867632 0 0 0.0092579882052498362 0 -0.0057129954368882671
leaf_weight=0.49462267756462619 6.1126019656658164 1.1873352937400339 1.4270954634994266 7.032316951081155 2.8405455891042948 4.9329793341457844
leaf_count=2 70 10 14 57 25 55
internal_value=0 0.00304762 -0.00422391 0.0079097 -0.000185414 -0.00363319
internal_weight=24.0275 16.4878 7.5397 8.21965 8.26815 5.4276
internal_count=233 149 84 67 82 57
is_linear=0
shrinkage=0.03


Tree=224
num_leaves=7
num_cat=0
split_feature=68 60 6 11 43 41
split_gain=0.773322 0.926809 0.856007 0.648075 0.507218 0.300068
threshold=752.01473999023449 0.31399999558925634 192.00000000000003 7.5000000000000009 0.14653412997722629 0.49817629158496862
decision_type=8 2 2 2 2 2
left_child=1 2 -1 4 -2 -6
right_child=3 -3 -4 -5 5 -7
leaf_value=0.010106295521541077 0 -9.0141078944646857e-05 0 0 -0.0096330632237652276 0
leaf_weight=10.021502071991565 0.62336446344852259 3.0632514320313922 1.283781100064515 1.8857214264571656 6.8682286068797112 0.76447085291147221
leaf_count=79 4 27 10 14 102 5
internal_value=0 0.00425172 0.0077345 -0.00356146 -0.00677815 -0.00857069
internal_weight=24.5103 14.3685 11.3053 10.1418 8.25606 7.6327
internal_count=241 116 89 125 111 107
is_linear=0
shrinkage=0.03


Tree=225
num_leaves=7
num_cat=0
split_feature=47 0 57 22 43 31
split_gain=0.538114 0.774414 0.606043 0.217232 0.128828 0.00855663
threshold=0.096516769379377379 3.5000000000000004 0.69639998674392711 0.019397587515413765 0.71325507760047924 0.19510143250226977
decision_type=2 2 2 2 2 2
left_child=4 2 3 -2 -1 -4
right_child=1 -3 5 -5 -6 -7
leaf_value=0.0049940893359733292 0 0.00093014043942177217 0.00079391553854131285 -0.0094580262747904226 0 0
leaf_weight=4.8737691380083588 0.77244229242205875 2.0209424383938304 2.217905953526496 8.5212125685065967 1.4990723207592962 2.5905697420239449
leaf_count=36 5 21 15 113 9 29
internal_value=0 -0.0029626 -0.00616432 -0.00870285 0.00394662 0
internal_weight=22.4959 16.1231 14.1021 9.29365 6.37284 4.80848
internal_count=228 183 162 118 45 44
is_linear=0
shrinkage=0.03


Tree=226
num_leaves=7
num_cat=0
split_feature=51 35 28 59 68 5
split_gain=0.710939 0.503729 0.508805 0.490901 0.385849 0.332629
threshold=-0.51844158768653859 0.1045847423374653 0.81790655851364147 0.21559999883174899 313.60475158691412 0.68173515796661388
decision_type=2 2 2 2 8 2
left_child=4 -2 3 -3 -1 -6
right_child=1 2 -4 -5 5 -7
leaf_value=0 0 0.010146433516035183 0 0 -0.0075211591089949202 0
leaf_weight=4.1625205650925645 1.6009892374277104 7.0697604455053789 1.5577317122369994 1.1824724301695821 5.5960214007645854 1.005581011995673
leaf_count=30 11 53 19 12 88 10
internal_value=0 0.00434513 0.00657961 0.00848968 -0.00336848 -0.00592529
internal_weight=22.1751 11.411 9.80996 8.25223 10.7641 6.6016
internal_count=223 95 84 65 128 98
is_linear=0
shrinkage=0.03


Tree=227
num_leaves=7
num_cat=0
split_feature=68 60 9 42 50 68
split_gain=0.623093 0.607967 0.403166 0.443691 0.0925054 0.0185232
threshold=529.38558959960949 0.0061999999452382335 5.1666667461395273 0.18874773383140567 0.17416565120220187 257.19635009765631
decision_type=8 2 2 2 2 10
left_child=1 -1 3 -2 -5 -3
right_child=2 5 -4 4 -6 -7
leaf_value=0.0072965583158776139 0 -0.0011151803443852422 0 -0.0079266415003884372 0 0
leaf_weight=6.4435516148805636 1.3569278959184874 3.4050580486655235 1.0539684295654286 7.1558320391923171 1.4677593819797037 1.8435072004795072
leaf_count=51 17 28 7 89 25 15
internal_value=0 0.0038902 -0.00332467 -0.00545863 -0.00730817 0
internal_weight=22.7266 11.6921 11.0345 9.98052 8.62359 5.24857
internal_count=232 94 138 131 114 43
is_linear=0
shrinkage=0.03


Tree=228
num_leaves=7
num_cat=0
split_feature=58 35 28 34 41 42
split_gain=0.989939 1.01159 0.913743 0.601709 0.415351 0.145776
threshold=0.011799999978393318 0.32889331877231603 0.88604554533958446 0.80959230661392223 0.38890534639358526 0.24304043501615527
decision_type=2 2 2 2 2 2
left_child=1 5 3 -3 -2 -1
right_child=4 2 -4 -5 -6 -7
leaf_value=0 -0.0064894657657644517 0.012684234009220086 0 0 0 -0.0029436211947434644
leaf_weight=1.6810268126428187 4.7096875309944144 8.1802274957299215 1.0520170517265786 1.9841057136654843 0.75620120763778675 5.1414018496870995
leaf_count=10 83 68 13 17 4 39
internal_value=0.000400912 0.00481728 0.0085779 0.0108721 -0.00398544 0
internal_weight=23.5047 18.0388 11.2164 10.1643 5.46589 6.82243
internal_count=234 147 98 85 87 49
is_linear=0
shrinkage=0.03


Tree=229
num_leaves=7
num_cat=0
split_feature=68 6 60 19 51 58
split_gain=0.788503 0.931616 1.0945 0.465311 0.34768 0.0404961
threshold=752.01473999023449 192.00000000000003 0.31399999558925634 0.23182993382215503 -0.38627026975154871 0.011799999978393318
decision_type=8 2 2 2 2 2
left_child=1 2 5 -2 -5 -1
right_child=3 -3 -4 4 -6 -7
leaf_value=0.011558149906381982 0 -0.00022322476196443518 0 -0.0077745628233181485 0 0
leaf_weight=7.9561604410409945 2.976257309317587 1.6465881168842305 2.6184351928532115 4.921901248395443 1.1837003380060194 2.3732738923281431
leaf_count=62 29 13 24 81 9 21
internal_value=0 0.00468317 0.00774712 -0.00298694 -0.00604753 0.0107797
internal_weight=23.6763 14.5945 12.9479 9.08186 6.1056 10.3294
internal_count=239 120 107 119 90 83
is_linear=0
shrinkage=0.03


Tree=230
num_leaves=7
num_cat=0
split_feature=51 50 24 25 18 58
split_gain=1.00407 0.812406 0.457085 0.231085 0.187883 0.00965979
threshold=-0.51844158768653859 0.15126202255487445 0.15194876492023471 0.95008096098899852 0.060621360316872604 1.0000000180025095e-35
decision_type=2 2 2 2 2 2
left_child=2 4 5 -4 -2 -1
right_child=1 -3 3 -5 -6 -7
leaf_value=0.00081096225342463591 0 0 -0.0068416738458468556 0 0.010107972589192406 0
leaf_weight=3.219310790300371 1.4984665438532809 3.7521480936557046 5.5407056733965874 0.64995973370969284 6.8038026094436646 1.7198864407837389
leaf_count=22 10 36 90 7 52 17
internal_value=0.000795892 0.00608496 -0.00226169 -0.00566427 0.00919603 0
internal_weight=23.1843 12.0544 11.1299 6.19067 8.30227 4.9392
internal_count=234 98 136 97 62 39
is_linear=0
shrinkage=0.03


Tree=231
num_leaves=7
num_cat=0
split_feature=58 17 62 35 17 49
split_gain=0.555697 0.707441 0.459831 0.375417 0.187075 0.157824
threshold=1.0000000180025095e-35 0.51415646076202404 0.83859997987747203 0.36522072553634649 0.11143004521727563 0.13890706002712253
decision_type=2 2 2 2 2 2
left_child=1 3 4 -1 -2 -5
right_child=2 -3 -4 5 -6 -7
leaf_value=0 0 -3.697515366088023e-06 0 0.0096544041753540109 -0.0076147727595003599 0
leaf_weight=4.0450408197939414 1.9208302348852138 5.4383851513266555 0.83626364916563023 3.7780921570956707 5.7754294686019421 1.403044421225786
leaf_count=31 17 51 7 32 92 10
internal_value=0 0.00260682 -0.00423586 0.00646791 -0.00649435 0.00867391
internal_weight=23.1971 14.6646 8.53252 9.22618 7.69626 5.18114
internal_count=240 124 116 73 109 42
is_linear=0
shrinkage=0.03


Tree=232
num_leaves=7
num_cat=0
split_feature=68 60 6 11 55 24
split_gain=0.528451 0.958234 0.857511 0.524082 0.131971 0.119337
threshold=697.16046142578136 0.31399999558925634 192.00000000000003 5.6070852279663095 0.16589002311229709 0.12352829426527025
decision_type=8 2 2 2 2 2
left_child=1 2 -1 4 5 -2
right_child=3 -3 -4 -5 -6 -7
leaf_value=0.0097662086375355124 0 -0.001298193550582573 0 0 0 -0.0079435381181260506
leaf_weight=9.0975141301751155 1.5931197330355624 2.8626405857503405 1.3450721167027939 1.660664891824126 0.71524672769010056 5.2845376301556826
leaf_count=75 13 25 10 16 13 80
internal_value=0 0.00299469 0.00716593 -0.00372113 -0.00647799 -0.00712601
internal_weight=22.5588 13.3052 10.4426 9.25357 7.5929 6.87766
internal_count=232 110 85 122 106 93
is_linear=0
shrinkage=0.03


Tree=233
num_leaves=7
num_cat=0
split_feature=60 68 26 31 62 54
split_gain=0.618075 1.23248 0.169483 0.17201 0.146001 0.0561296
threshold=0.31399999558925634 752.01473999023449 0.14372427761554721 0.75880935788154613 0.0010000000183936211 0.098428115248680129
decision_type=2 8 2 2 2 2
left_child=1 4 -3 -4 -1 -2
right_child=5 2 3 -5 -6 -7
leaf_value=0 0 0 -0.0046882091095145498 0 0.0098245638997725183 -0.0038118338563058723
leaf_weight=2.9964563958346897 0.64076280966401045 3.1272377017885429 4.0602564122527838 1.5342120900750158 7.1402533203363419 3.2233961708843708
leaf_count=24 6 22 59 20 56 40
internal_value=0.000158517 0.00379431 -0.000300516 -0.0031448 0.00869676 -0.00319607
internal_weight=22.7226 18.8584 8.72171 5.59447 10.1367 3.86416
internal_count=227 181 101 79 80 46
is_linear=0
shrinkage=0.03


Tree=234
num_leaves=7
num_cat=0
split_feature=68 60 9 54 56 32
split_gain=0.565061 0.772896 0.526056 0.402297 0.248117 0.176843
threshold=752.01473999023449 0.0061999999452382335 5.1666667461395273 0.06128505431115628 -0.57330232858657826 0.8667925000190736
decision_type=8 2 2 2 2 2
left_child=1 4 3 -2 -1 -5
right_child=2 -3 -4 5 -6 -7
leaf_value=0 0 0 0 -0.0087012772731988788 0.0082129492358316587 0
leaf_weight=1.3447313979268072 0.66745786368846705 5.6083355322480202 1.110040396451949 7.2313482668250799 6.567501204088332 0.66550985909998406
leaf_count=10 3 50 7 100 53 12
internal_value=0 0.00290586 -0.00396911 -0.00649608 0.00706555 -0.00800023
internal_weight=23.1949 13.5206 9.67436 8.56432 7.91223 7.89686
internal_count=235 113 122 115 63 112
is_linear=0
shrinkage=0.03


Tree=235
num_leaves=6
num_cat=0
split_feature=32 47 38 58 55
split_gain=0.876822 1.1183 0.472554 0.388875 0.317351
threshold=0.19966991245746615 0.090125467628240599 0.11142597720026971 0.018600000068545345 0.14269554615020755
decision_type=2 2 2 2 2
left_child=3 -2 -3 4 -1
right_child=1 2 -4 -5 -6
leaf_value=0.0083267170650657869 0.0013638557868389922 0 -0.0094324618594012581 0 0
leaf_weight=6.449212137609722 3.4377558194100848 1.3731482066214074 9.0063366256654245 1.7125510312616814 1.5882223509252069
leaf_count=49 23 13 131 16 11
internal_value=0 -0.00345465 -0.00788084 0.0050561 0.00688438
internal_weight=23.5672 13.8172 10.3795 9.74999 8.03743
internal_count=243 167 144 76 60
is_linear=0
shrinkage=0.03


Tree=236
num_leaves=7
num_cat=0
split_feature=30 58 54 23 26 28
split_gain=1.55387 0.935722 0.733458 0.366013 0.221664 0.149068
threshold=0.3257004469633103 0.020399999804794792 0.069159060716629042 0.92635458707809459 0.35454562306404119 0.01563517423346639
decision_type=2 2 2 2 2 2
left_child=1 4 -2 -4 5 -1
right_child=2 -3 3 -5 -6 -7
leaf_value=0 0 -0.00060867132032383124 -0.01094283957239478 0 0 0.009273695140321038
leaf_weight=1.6602565273642556 2.1863695830106717 2.3490583617240182 7.0479112584143877 0.83793943189084519 1.5714565664529789 7.6488938070833683
leaf_count=11 12 30 103 14 14 54
internal_value=0 0.0038627 -0.00723915 -0.00978357 0.00753071 0.00846515
internal_weight=23.3019 13.2297 10.0722 7.88585 10.8806 9.30915
internal_count=238 109 129 117 79 65
is_linear=0
shrinkage=0.03


Tree=237
num_leaves=7
num_cat=0
split_feature=58 50 62 18 50 35
split_gain=0.417891 0.51292 0.465724 0.319282 0.193973 0.101265
threshold=1.0000000180025095e-35 0.14968683570623401 0.89659997820854198 0.16668607294559482 0.25274411588907247 0.11878597363829614
decision_type=2 2 2 2 2 2
left_child=1 3 4 -1 5 -2
right_child=2 -3 -4 -5 -6 -7
leaf_value=0 0 0 0 0.0077229315028236357 0 -0.0071730668354779278
leaf_weight=2.7715510912239569 0.73394698835909178 5.0646336022764435 1.070838078856468 6.7656633742153645 1.1436679754406212 5.7422384023666382
leaf_count=21 10 49 8 58 13 84
internal_value=0 0.00319403 -0.00258731 0.00603942 -0.00555784 -0.00660525
internal_weight=23.2925 14.6018 8.69069 9.53721 7.61985 6.47619
internal_count=243 128 115 79 107 94
is_linear=0
shrinkage=0.03


Tree=238
num_leaves=7
num_cat=0
split_feature=51 4 36 14 21 33
split_gain=0.788326 0.719025 0.310314 0.127191 0.114978 0.0612203
threshold=-0.45407037436962122 0.0079052620567381399 0.84326621890068065 1.0628347396850588 0.77292999625206005 0.88930007815361034
decision_type=2 10 2 2 2 2
left_child=1 3 -2 -1 5 -3
right_child=2 4 -4 -5 -6 -7
leaf_value=0 0.0070481110474275551 0.0034627020416720007 0 -0.0073164038213811688 0 0
leaf_weight=0.51449880003929305 6.6112821456044895 3.225572170689702 1.704650269821286 7.2836657240986824 1.3397470731288192 1.196261942386627
leaf_count=3 53 27 13 99 16 12
internal_value=0 -0.00263512 0.00545935 -0.00674912 0 0.00267867
internal_weight=21.8757 13.5597 8.31593 7.79816 5.76158 4.42183
internal_count=223 157 66 102 55 39
is_linear=0
shrinkage=0.03


Tree=239
num_leaves=7
num_cat=0
split_feature=60 28 45 4 56 4
split_gain=0.485422 0.624159 0.566619 0.750244 0.308013 0.219563
threshold=0.0030000000260770325 0.82930251955986034 0.53441932797431957 0.0079052620567381399 -0.31618131697177881 0.012527989223599436
decision_type=2 2 2 8 2 10
left_child=1 2 3 -1 5 -2
right_child=4 -3 -4 -5 -6 -7
leaf_value=0 -0.006320884058167657 0 0 0.010409291561216547 0 0
leaf_weight=1.3941048998385674 5.206853274255991 1.591649718582629 2.2228599786758414 8.9292629826813936 0.94353642873465915 1.0229875463992355
leaf_count=18 65 23 26 74 7 13
internal_value=0 0.0035496 0.00619712 0.00822781 -0.00278029 -0.00502591
internal_weight=21.3113 14.1379 12.5462 10.3234 7.17338 6.22984
internal_count=226 141 118 92 85 78
is_linear=0
shrinkage=0.03


Tree=240
num_leaves=7
num_cat=0
split_feature=33 54 14 54 21 45
split_gain=0.787209 0.950384 0.566362 0.532569 0.374738 0.311395
threshold=0.63803189992904674 0.069159060716629042 13.089718341827394 0.79003721475601207 0.15470241755247119 0.44942884147167211
decision_type=2 2 2 2 2 2
left_child=1 -1 5 4 -3 -2
right_child=2 3 -4 -5 -6 -7
leaf_value=0.0027914793068329067 0.0094993824988926952 0 0 0 -0.0097550683344991163 0
leaf_weight=2.3633082062006023 6.2102368418127281 1.2180202566087226 3.5126924980431795 2.2244332358241072 7.1060751229524612 1.0522394515573976
leaf_count=11 58 16 37 17 90 11
internal_value=0.000701326 -0.00151019 0.00569078 -0.00628333 -0.00839228 0.00827664
internal_weight=23.687 12.9118 10.7752 10.5485 8.3241 7.26248
internal_count=240 134 106 123 106 69
is_linear=0
shrinkage=0.03


Tree=241
num_leaves=7
num_cat=0
split_feature=51 32 20 5 22 36
split_gain=0.4426 0.967467 0.270898 0.270461 0.220982 0.21673
threshold=-0.43886667490005488 0.17417489737272265 0.1329416707158089 0.12922374531626704 0.92299482226371776 0.84326621890068065
decision_type=2 2 2 2 2 2
left_child=1 3 -3 -1 -4 -2
right_child=5 2 4 -5 -6 -7
leaf_value=0 0.0055008456782538791 0 -0.0090096289958421748 0.0044822677176443162 0 0
leaf_weight=1.8380698263645197 6.6766774058341962 1.1276108734309653 6.8128021955490112 3.9788988940417767 0.63215109333395947 1.6734966896474359
leaf_count=16 50 13 102 33 11 11
internal_value=0 -0.00190781 -0.00704602 0.00153835 -0.00817504 0.00410731
internal_weight=22.7397 14.3895 8.57256 5.81697 7.44495 8.35017
internal_count=236 175 126 49 113 61
is_linear=0
shrinkage=0.03


Tree=242
num_leaves=7
num_cat=0
split_feature=19 58 28 39 30 68
split_gain=0.689687 0.67527 0.38447 0.18448 0.194979 0.169434
threshold=0.44250741600990301 1.0000000180025095e-35 0.01563517423346639 0.16563768684864047 0.0243340227752924 118.10935974121095
decision_type=2 2 2 2 2 8
left_child=1 2 -1 4 -2 -6
right_child=3 -3 -4 -5 5 -7
leaf_value=0 0 0 0.0090740427034273468 0 0 -0.0061156373966740505
leaf_weight=1.2234563231468225 0.5787559673190098 4.2355113998055449 9.0315136127173883 2.3928448334336281 0.89147356152534474 4.3728396184742451
leaf_count=8 4 45 72 18 7 74
internal_value=0.00105018 0.00500405 0.00776411 -0.00154547 -0.00363717 -0.00502262
internal_weight=22.7264 14.4905 10.255 8.23591 5.84307 5.26431
internal_count=228 125 80 103 85 81
is_linear=0
shrinkage=0.03


Tree=243
num_leaves=7
num_cat=0
split_feature=68 26 6 35 4 9
split_gain=0.702278 0.65698 0.603024 0.432762 0.257944 0.261199
threshold=50.487812042236335 0.10526142641901971 192.00000000000003 0.36522072553634649 0.0050959466025233277 4.1666667461395273
decision_type=10 2 2 2 8 2
left_child=1 -1 3 -2 -3 -6
right_child=2 4 -4 -5 5 -7
leaf_value=0 0 0 0 0.0088775760302619751 -0.0089868739048817332 0
leaf_weight=2.7158671002835062 4.2690482549369317 0.99169296212494096 1.6710270456969727 6.57237065769732 6.302801452577115 0.81983414292335499
leaf_count=20 38 8 17 60 85 6
internal_value=0 -0.0035205 0.00407527 0.00663174 -0.0068479 -0.00794781
internal_weight=23.3426 10.8302 12.5124 10.8414 8.11433 7.12264
internal_count=234 119 115 98 99 91
is_linear=0
shrinkage=0.03


Tree=244
num_leaves=7
num_cat=0
split_feature=62 50 30 59 53 4
split_gain=0.497955 0.613645 0.386651 0.169098 0.0911511 0.0654994
threshold=0.0010000000183936211 0.15126202255487445 0.13510000705718997 0.19579999893903735 -0.42852076888084406 0.039344685152173049
decision_type=2 2 2 2 2 10
left_child=2 3 -1 -2 -3 -6
right_child=1 4 -4 -5 5 -7
leaf_value=0 0.0074618330468132314 0 -0.0063119243809491654 0 -0.0033220741827129233 0
leaf_weight=2.8845722787082222 6.2935701627284271 1.3810408692806957 4.894537003710866 1.6448301896452902 2.7748451288789515 1.2163907289505003
leaf_count=23 49 12 86 16 23 13
internal_value=0 0.00294913 -0.00371534 0.00648765 0 -0.00242144
internal_weight=21.0898 13.3107 7.77911 7.9384 5.37228 3.99124
internal_count=222 113 109 65 48 36
is_linear=0
shrinkage=0.03


Tree=245
num_leaves=7
num_cat=0
split_feature=58 34 35 62 51 29
split_gain=0.626093 0.609656 0.753965 0.276733 0.15567 0.123706
threshold=0.011799999978393318 0.80959230661392223 0.32889331877231603 0.55140000581741344 -0.65429282188415516 0.8965841829776765
decision_type=2 2 2 2 2 2
left_child=1 2 -1 4 -2 -4
right_child=3 -3 5 -5 -6 -7
leaf_value=0 0 0 0.010603194816541001 0 -0.0054433624357890188 0
leaf_weight=6.6112283803522649 0.49503700621426094 2.4469286091625682 7.2789718247950059 0.96833859756588925 4.0932771340012541 1.099065415561199
leaf_count=46 7 26 65 7 71 11
internal_value=0.00144596 0.00469214 0.00679184 -0.00135171 -0.0043613 0.00998229
internal_weight=22.9928 17.4362 14.9893 5.55665 4.58831 8.37804
internal_count=233 148 122 85 78 76
is_linear=0
shrinkage=0.03


Tree=246
num_leaves=7
num_cat=0
split_feature=0 54 47 19 53 68
split_gain=0.366441 0.55979 0.927834 0.349026 0.189037 0.0305618
threshold=0.83333334326744091 0.069159060716629042 0.74526971578598034 0.41361200809478765 -0.46945028007030482 313.60475158691412
decision_type=2 2 2 2 2 8
left_child=1 -1 -3 4 -2 -4
right_child=3 2 5 -5 -6 -7
leaf_value=0 0 -0.0093951595759573063 0.0015066483010360769 0 0.0067112912375293108 0
leaf_weight=2.2075824886560467 1.2302953340113161 7.4362782463431341 2.1170692071318626 3.4231635015457869 3.6281562373042089 1.893129104748368
leaf_count=11 20 85 13 38 33 29
internal_value=0 -0.0029094 -0.00572952 0.00266228 0.00546458 0
internal_weight=21.9357 13.6541 11.4465 8.28162 4.85845 4.0102
internal_count=229 138 127 91 53 42
is_linear=0
shrinkage=0.03


Tree=247
num_leaves=7
num_cat=0
split_feature=19 58 38 32 51 25
split_gain=0.562447 0.657531 0.387148 0.154834 0.290036 0.139853
threshold=0.44250741600990301 0.035399999469518668 0.23701349645853045 0.15498365461826327 -0.3978706151247024 0.91219913959503185
decision_type=2 2 2 2 2 2
left_child=1 2 -1 -2 5 -5
right_child=3 -3 -4 4 -6 -7
leaf_value=0 0 0 0.009684158622759724 -0.0060639029324938802 0 0
leaf_weight=5.8436193801462668 1.3058719523251037 2.1293351352214804 5.9010115992277861 4.5641627646982661 1.7472939193248755 0.61574464105069626
leaf_count=41 9 32 56 70 14 11
internal_value=0.00129828 0.00480426 0.00724955 -0.000713697 -0.00296327 -0.00519497
internal_weight=22.107 13.874 11.7446 8.23307 6.9272 5.17991
internal_count=233 129 97 104 95 81
is_linear=0
shrinkage=0.03


Tree=248
num_leaves=7
num_cat=0
split_feature=28 46 1 43 68 45
split_gain=0.443818 0.653426 0.451914 0.152821 0.130624 0.0206238
threshold=0.21729622781276706 0.081586226820945754 0.83333334326744091 0.35628303885459905 275.40853881835943 0.055835651233792312
decision_type=2 2 2 2 10 2
left_child=3 5 -3 4 -1 -2
right_child=1 2 -4 -5 -6 -7
leaf_value=0.0057458272571923553 0 -0.00840371914864327 0 0 0 0.0012103189760206108
leaf_weight=4.3290511835366505 1.2801295258104795 6.6558174137026054 2.5830360166728497 3.4811112955212593 1.0153234135359523 2.6709907818585634
leaf_count=36 11 99 32 27 11 19
internal_value=0 -0.00279738 -0.00632455 0.00340269 0.00481336 0
internal_weight=22.0155 13.19 9.23885 8.82549 5.34437 3.95112
internal_count=235 161 131 74 47 30
is_linear=0
shrinkage=0.03


Tree=249
num_leaves=7
num_cat=0
split_feature=51 4 47 2 39 61
split_gain=0.452448 0.716861 0.648889 0.296312 0.242883 0.0316932
threshold=-0.4306392222642898 0.0079052620567381399 0.79380273818969738 1.1376050710678103 0.20223893225193026 0.0014000000082887711
decision_type=2 10 2 2 2 2
left_child=1 2 -1 -3 -2 -4
right_child=4 3 5 -5 -6 -7
leaf_value=-0.0088961408892372779 0.0060443107548056284 0.0045082020716646458 0 0 0 0.0015847704089615282
leaf_weight=6.3042894490063208 5.1606426872313014 3.650686861947178 1.4252279568463566 2.7622912861406803 2.7366692535579205 1.3573379814624784
leaf_count=97 39 28 19 33 20 7
internal_value=0 -0.00167945 -0.00608332 0.000809474 0.00432822 0
internal_weight=23.3971 15.4998 9.08686 6.41298 7.89731 2.78257
internal_count=243 184 123 61 59 26
is_linear=0
shrinkage=0.03


Tree=250
num_leaves=7
num_cat=0
split_feature=68 60 4 19 51 53
split_gain=0.566868 0.614155 0.684216 0.265521 0.143178 0.0937513
threshold=752.01473999023449 0.31399999558925634 0.0075805915985256442 0.2999271303415299 -0.38627026975154871 -0.44541835784912104
decision_type=8 2 8 2 2 2
left_child=1 2 -1 -2 -5 -4
right_child=3 -3 5 4 -6 -7
leaf_value=0 0 0 0 -0.0054289690319918871 0 0.010041251913482303
leaf_weight=1.1465603038668639 4.8477111253887397 2.4840108267962924 2.1681091301143143 4.2877185959368944 1.3562400527298448 6.983489781618121
leaf_count=9 46 23 18 73 10 59
internal_value=0.000278586 0.00449093 0.0070617 -0.00161253 -0.0043222 0.00921991
internal_weight=23.2738 12.7822 10.2982 10.4917 5.64396 9.1516
internal_count=238 109 86 129 83 77
is_linear=0
shrinkage=0.03


Tree=251
num_leaves=7
num_cat=0
split_feature=58 17 36 0 48 33
split_gain=0.299461 0.52628 0.341259 0.244241 0.214213 0.0929821
threshold=1.0000000180025095e-35 0.51415646076202404 0.055899698287248618 4.1666667461395273 0.12237955629825593 0.23355001211166385
decision_type=2 2 2 2 2 2
left_child=1 2 -1 5 -4 -2
right_child=3 -3 4 -5 -6 -7
leaf_value=0 0 0 0.0082639068448430615 0 0 -0.0050222286265776883
leaf_weight=1.1335738375782991 0.92060221917927076 5.5319317150861016 6.5577020514756423 0.90613459795713414 1.5044717192649839 6.4863577838987112
leaf_count=7 14 53 57 10 11 85
internal_value=0 0.00252123 0.00573265 -0.00247668 0.00720625 -0.00436822
internal_weight=23.0408 14.7277 9.19575 8.31309 8.06217 7.40696
internal_count=237 128 75 109 68 99
is_linear=0
shrinkage=0.03


Tree=252
num_leaves=7
num_cat=0
split_feature=33 47 14 45 53 57
split_gain=0.669439 0.695531 0.591791 0.419874 0.388386 0.282656
threshold=0.63803189992904674 0.087287481874227538 13.089718341827394 0.46331016719341284 -0.22608545422554013 0.72819998860359203
decision_type=2 2 2 2 2 2
left_child=1 -1 3 -2 5 -3
right_child=2 4 -4 -5 -6 -7
leaf_value=0.00053461059594672787 0.0091468930164650755 -0.009271243884099346 0 0 0 0
leaf_weight=2.1323058828711536 6.3655149973928911 5.9408479239791614 3.714928861707449 1.0807996708899734 0.89814639836549659 2.6685327477753162
leaf_count=11 61 81 40 12 7 28
internal_value=0 -0.00257749 0.00465596 0.00753808 -0.00626745 -0.00774339
internal_weight=22.8011 11.6398 11.1612 7.44631 9.50753 8.60938
internal_count=240 127 113 73 116 109
is_linear=0
shrinkage=0.03


Tree=253
num_leaves=7
num_cat=0
split_feature=9 26 51 29 15 28
split_gain=0.349536 0.700283 0.805597 0.316841 0.0719896 0.0504996
threshold=5.1666667461395273 0.10526142641901971 -0.4306392222642898 0.2463038116693497 0.00017710646352497863 0.01563517423346639
decision_type=2 2 2 2 2 2
left_child=1 5 3 -3 -4 -1
right_child=-2 2 4 -5 -6 -7
leaf_value=0 0.0023287706280042146 0 0.002230629879014226 -0.010156081479670946 0 0.0018407782623735239
leaf_weight=1.4950067922473014 2.5674011893570414 0.76164245046675461 3.021388720721002 8.29302044585347 1.8975574821233747 3.4200977105647326
leaf_count=10 29 12 20 121 15 25
internal_value=0 -0.00292065 -0.00604712 -0.00916831 0 4.00435e-05
internal_weight=21.4561 18.8887 13.9736 9.05466 4.91895 4.9151
internal_count=232 203 168 133 35 35
is_linear=0
shrinkage=0.03


Tree=254
num_leaves=7
num_cat=0
split_feature=62 14 60 31 61 44
split_gain=0.352024 0.610369 0.600303 0.440632 0.0838248 0.0666623
threshold=0.0010000000183936211 13.058030128479006 0.31399999558925634 0.15461797267198565 0.003400000045076013 0.66384327411651622
decision_type=2 2 2 2 2 2
left_child=3 2 5 -1 -5 -2
right_child=1 -3 -4 4 -6 -7
leaf_value=0 0.0093595389515224291 0 0 -0.0059038087435553136 0 0
leaf_weight=2.6442419923841971 6.1059780269861204 3.1568441558629265 2.4038632661104202 5.1351428590714931 0.78779120370745648 1.1681228429079054
leaf_count=20 57 26 22 89 7 7
internal_value=0 0.00338275 0.00641832 -0.00172928 -0.00532846 0.0088433
internal_weight=21.402 12.8348 9.67796 8.56718 5.92293 7.2741
internal_count=228 112 86 116 96 64
is_linear=0
shrinkage=0.03


Tree=255
num_leaves=7
num_cat=0
split_feature=51 24 34 34 25 59
split_gain=0.426337 0.470657 0.316601 0.384866 0.219797 0.185282
threshold=-0.51844158768653859 0.15194876492023471 0.088966429233551039 0.79708495736122142 0.95008096098899852 0.19579999893903735
decision_type=2 2 2 2 2 2
left_child=1 -1 -2 5 -3 -4
right_child=2 4 3 -5 -6 -7
leaf_value=0 0 -0.0069640368335924675 0.0077495227101166443 0 0 0
leaf_weight=4.681005749851467 1.3985758945345867 5.6274865660816431 7.4054863676428777 1.4689081162214268 0.6685233674943446 1.4063191898167131
leaf_count=37 9 91 63 18 8 12
internal_value=0 -0.00255081 0.00337687 0.00512245 -0.00586253 0.00683383
internal_weight=22.6563 10.977 11.6793 10.2807 6.29601 8.81181
internal_count=238 136 102 93 99 75
is_linear=0
shrinkage=0.03


Tree=256
num_leaves=7
num_cat=0
split_feature=51 61 28 23 61 11
split_gain=0.780063 0.587685 0.575709 0.405544 0.387864 0.276773
threshold=-0.51844158768653859 0.01060000015422702 0.81790655851364147 0.064208354800939574 1.0000000180025095e-35 6.5000000000000009
decision_type=2 2 2 2 2 2
left_child=4 2 3 -2 5 -1
right_child=1 -3 -4 -5 -6 -7
leaf_value=-0.006386613611643787 0 0 0 0.011196921936569805 0 0
leaf_weight=5.1166071258485335 0.99852263182401468 2.3000760190188876 1.4772792551666487 7.3368794489651918 4.2964132912456989 1.0422748401761053
leaf_count=96 8 21 17 55 32 9
internal_value=0.00154617 0.00586831 0.00807037 0.00993163 -0.000948841 -0.00476891
internal_weight=22.5681 12.1128 9.81268 8.3354 10.4553 6.15888
internal_count=238 101 80 63 137 105
is_linear=0
shrinkage=0.03


Tree=257
num_leaves=7
num_cat=0
split_feature=68 54 60 68 42 0
split_gain=0.735137 0.786423 0.501665 0.394208 0.13014 0.0233278
threshold=529.38558959960949 0.074491981416940703 0.31399999558925634 50.487812042236335 0.18874773383140567 3.1666666269302373
decision_type=8 2 2 10 2 2
left_child=2 -2 3 -1 -3 -6
right_child=1 4 -4 -5 5 -7
leaf_value=0 0 0 0 0.0080755438262077716 -0.0087049892048711667 0
leaf_weight=1.8520783260464684 3.137653172016142 0.90837392210960377 2.4205075912177554 7.056382454931736 5.8556289356201887 0.6483251005411147
leaf_count=15 18 16 23 59 99 4
internal_value=0 -0.00415975 0.00378792 0.00632955 -0.00781472 -0.00845742
internal_weight=21.8789 10.55 11.329 8.90846 7.41233 6.50395
internal_count=234 137 97 74 119 103
is_linear=0
shrinkage=0.03


Tree=258
num_leaves=7
num_cat=0
split_feature=58 0 17 62 50 29
split_gain=0.358293 0.497258 0.489767 0.190922 0.171521 0.0413116
threshold=0.005799999926239253 0.83333334326744091 0.78189149498939525 0.55140000581741344 0.24409358203411105 0.2798540741205216
decision_type=2 2 2 2 2 2
left_child=1 5 -3 4 -2 -1
right_child=3 2 -4 -5 -6 -7
leaf_value=0 -0.0053645665240301807 0.008536951070719485 0 0 0 -0.0015980125151798764
leaf_weight=5.7564035300165468 4.2079270910471669 5.4789706617593756 1.2272334620356558 0.92727514728903759 0.65664709731936444 4.5597516521811485
leaf_count=44 70 45 10 8 11 42
internal_value=0 0.00297881 0.00641412 -0.00228823 -0.00413791 0
internal_weight=22.8142 17.0224 6.7062 5.79185 4.86457 10.3162
internal_count=230 141 55 89 81 86
is_linear=0
shrinkage=0.03


Tree=259
num_leaves=7
num_cat=0
split_feature=32 52 60 55 58 42
split_gain=0.352267 0.55472 0.515887 0.373989 0.326569 0.153825
threshold=0.27426053583621984 -0.38562110066413874 0.16399999707937243 0.14797452092170718 0.01480000000447035 0.46639330685138708
decision_type=2 2 2 2 2 2
left_child=2 5 3 4 -1 -2
right_child=1 -3 -4 -5 -6 -7
leaf_value=0.0084016741898520469 -0.0072506679133754453 0 0 0 0 0
leaf_weight=7.1537080332636851 5.9530068468302488 4.0331679265946132 2.0599268339574328 1.7046114243566979 1.4046746138483284 0.72429476678371418
leaf_count=55 103 33 17 13 18 6
internal_value=0 -0.00311528 0.00228003 0.0053517 0.00702909 -0.0064798
internal_weight=23.0334 10.7105 12.3229 10.263 8.55838 6.6773
internal_count=245 142 103 86 73 109
is_linear=0
shrinkage=0.03


Tree=260
num_leaves=7
num_cat=0
split_feature=68 4 55 4 9 48
split_gain=0.670827 0.463399 0.498945 0.431527 0.590777 0.313194
threshold=752.01473999023449 0.0068080618511885413 0.14269554615020755 0.0050959466025233277 5.1666667461395273 -0.34321959316730494
decision_type=8 8 2 8 2 2
left_child=1 -1 5 -2 -5 -3
right_child=3 2 -4 4 -6 -7
leaf_value=0 0 0 0 -0.0083016089425161557 0 0.0086869993146248582
leaf_weight=1.372187331318856 1.1893632393330307 1.2265697009861458 2.0678470358252534 7.4069076776504517 0.90149671584367741 9.508317379280923
leaf_count=11 13 9 18 105 6 80
internal_value=0 0.003662 0.0057015 -0.00378651 -0.00604003 0.00757665
internal_weight=23.6727 14.1749 12.8027 9.49777 8.3084 10.7349
internal_count=242 118 107 124 111 89
is_linear=0
shrinkage=0.03


Tree=261
num_leaves=7
num_cat=0
split_feature=58 19 38 62 14 54
split_gain=0.909282 0.452282 0.709335 0.442972 0.362125 0.00330376
threshold=1.0000000180025095e-35 0.44250741600990301 0.26062692701816564 0.83859997987747203 1.3885855674743655 0.070939652621746077
decision_type=2 2 2 2 2 2
left_child=1 2 -1 4 -2 -3
right_child=3 5 -4 -5 -6 -7
leaf_value=0 0 0 0.0093504109368018114 0 -0.008816319040666586 -0.0004687714050214936
leaf_weight=3.9507234934717435 0.61438528448343088 0.84364379942417045 4.6562100984156132 0.90962315350770939 6.8151776008307934 3.5309629272669554
leaf_count=28 6 6 40 9 102 40
internal_value=0 0.00320413 0.00587849 -0.00563542 -0.00750258 0
internal_weight=21.3207 12.9815 8.60693 8.33919 7.42956 4.37461
internal_count=231 114 68 117 108 46
is_linear=0
shrinkage=0.03


Tree=262
num_leaves=7
num_cat=0
split_feature=0 42 44 14 52 15
split_gain=0.421185 0.480716 0.480999 0.240025 0.234326 0.0170364
threshold=1.5000000000000002 0.23753813654184344 0.65886381268501293 13.560840129852297 -0.35618743300437922 5.3150601387023935
decision_type=2 2 2 2 2 2
left_child=1 -1 4 5 -3 -2
right_child=3 2 -4 -5 -6 -7
leaf_value=0 0.0049714523558261735 -0.0085945347778326742 0 0 0 0
leaf_weight=3.6916385143995312 3.7383020967245093 8.2399436011910421 1.274481926113366 0.97809719294309605 2.5071808714419594 0.92319406569004048
leaf_count=45 40 100 8 11 19 10
internal_value=0 -0.00324569 -0.00565215 0.00263016 -0.007401 0.00470248
internal_weight=21.3528 15.7132 12.0216 5.63959 10.7471 4.6615
internal_count=233 172 127 61 119 50
is_linear=0
shrinkage=0.03


Tree=263
num_leaves=7
num_cat=0
split_feature=58 19 62 35 0 31
split_gain=0.598045 0.868317 0.491021 0.383084 0.126971 0.0544132
threshold=1.0000000180025095e-35 0.44250741600990301 0.92620000243186962 0.36522072553634649 2.1666666269302373 0.27553521096706396
decision_type=2 2 2 2 2 2
left_child=1 3 4 -1 -2 -3
right_child=2 5 -4 -5 -6 -7
leaf_value=0 -0.0073518471925421852 0 0 0.0095122763957150875 0 -0.0019241038561222871
leaf_weight=4.4848080519586819 5.6970796901732674 1.3259805142879475 0.79962637275457371 5.1523808166384697 1.07184362411499 3.5612602904438972
leaf_count=35 95 9 5 44 9 40
internal_value=0 0.00316722 -0.00407844 0.00722919 -0.00661667 -0.000287944
internal_weight=22.093 14.5244 7.56855 9.63719 6.76892 4.88724
internal_count=237 128 109 79 104 49
is_linear=0
shrinkage=0.03


Tree=264
num_leaves=7
num_cat=0
split_feature=33 15 34 47 57 53
split_gain=0.47469 0.451309 0.581742 0.330729 0.345337 0.255684
threshold=0.63803189992904674 7.8795716762542733 0.76888278126716625 0.087287481874227538 0.65219998359680187 -0.48418669402599329
decision_type=2 2 2 2 2 2
left_child=3 2 5 -1 -5 -2
right_child=1 -3 -4 4 -6 -7
leaf_value=7.0744066986714799e-05 0 0 0 -0.0061508171940925591 0 0.0097386601496400275
leaf_weight=2.8402300179004696 1.7394542898982734 0.8987506106495865 1.358415516093374 6.4298274982720596 3.2100046221166849 6.6782784722745392
leaf_count=15 21 9 21 84 31 63
internal_value=0.000488061 0.00451751 0.00647103 -0.0007659 -0.00397793 0.0085668
internal_weight=23.155 10.6749 9.77615 12.4801 9.63983 8.41773
internal_count=244 114 105 130 115 84
is_linear=0
shrinkage=0.03


Tree=265
num_leaves=7
num_cat=0
split_feature=68 60 47 9 37 7
split_gain=0.565053 0.969272 0.365824 0.328523 0.302373 0.247471
threshold=697.16046142578136 0.31399999558925634 0.073408186435699477 5.1666667461395273 0.86705854535102855 388.00000000000006
decision_type=8 2 2 2 2 2
left_child=1 5 -2 4 -4 -1
right_child=2 -3 3 -5 -6 -7
leaf_value=0.0087352990670836409 0 -0.00053895883405131204 -0.0082468585067150824 0 0 0
leaf_weight=8.539845362305643 1.7620387896895398 3.1920467820018521 5.9113466832786781 0.63814736157655705 1.8050566203892229 1.1213757805526245
leaf_count=74 9 29 99 5 21 10
internal_value=0 0.00376212 -0.00303332 -0.0052936 -0.0067617 0.00778623
internal_weight=22.9699 12.8533 10.1166 8.35455 7.7164 9.66122
internal_count=247 113 134 125 120 84
is_linear=0
shrinkage=0.03


Tree=266
num_leaves=7
num_cat=0
split_feature=54 32 14 5 52 53
split_gain=0.238664 0.52074 0.348393 0.157543 0.0159397 0.010133
threshold=0.070939652621746077 0.15498365461826327 12.928368091583254 0.0013698629918508234 -0.37571489810943598 -0.49311269819736475
decision_type=2 2 2 2 2 2
left_child=4 3 -3 -2 -1 -5
right_child=1 2 -4 5 -6 -7
leaf_value=0 0 0 -0.0077752416121071987 0 0.0028653761694134531 0.0033979284294281646
leaf_weight=1.2699022144079211 2.3990052714943912 4.9812993016093952 5.0434129517525434 1.5621506273746488 2.4139247797429588 3.0702447593212128
leaf_count=7 19 55 88 14 19 26
internal_value=0 -0.00216843 -0.00545505 0 0.00252983 0.00311288
internal_weight=20.7399 17.0561 10.0247 7.0314 3.68383 4.6324
internal_count=228 202 143 59 26 40
is_linear=0
shrinkage=0.03


Tree=267
num_leaves=7
num_cat=0
split_feature=7 60 45 34 11 4
split_gain=0.425657 0.59353 0.722827 0.580544 0.0956193 0.0141245
threshold=272.50000000000006 0.31399999558925634 0.53441932797431957 0.77916738390922557 7.5000000000000009 0.016200970858335498
decision_type=2 2 2 2 2 10
left_child=1 2 3 -1 -2 -3
right_child=4 5 -4 -5 -6 -7
leaf_value=0.0094708982015532777 -0.0050562378784154791 -0.0012647396281681271 0 0 0 0
leaf_weight=10.139864103868609 4.2010556850582352 2.1966242585331197 1.6610647253692139 1.8873712234199036 1.0840584374964235 0.72051072306931008
leaf_count=88 60 28 19 23 11 9
internal_value=0 0.00199689 0.00517126 0.00763493 -0.00425702 -0.000725411
internal_weight=21.8905 16.6054 13.6883 12.0272 5.28511 2.91713
internal_count=238 167 130 111 71 37
is_linear=0
shrinkage=0.03


Tree=268
num_leaves=7
num_cat=0
split_feature=58 17 68 49 31 4
split_gain=0.515078 0.573273 0.373717 0.370588 0.218208 0.117867
threshold=1.0000000180025095e-35 0.51415646076202404 505.51928710937506 0.13157444447278979 0.69415679574012767 0.014416149351745846
decision_type=2 2 10 2 2 10
left_child=1 2 3 -1 5 -2
right_child=4 -3 -4 -5 -6 -7
leaf_value=0.010077219355234236 -0.004799508834414809 0 0 0 0 0
leaf_weight=5.8597586620599049 5.0933931134641162 5.2141373343765727 1.6856352388858793 2.0733674354851246 1.7971422113478182 0.80749345384538163
leaf_count=49 77 48 15 15 24 10
internal_value=0.000443083 0.0041357 0.00692448 0.00843866 -0.00159835 -0.00389797
internal_weight=22.5309 14.8329 9.61876 7.93313 7.69803 5.90089
internal_count=238 127 79 64 111 87
is_linear=0
shrinkage=0.03


Tree=269
num_leaves=7
num_cat=0
split_feature=32 54 60 37 54 53
split_gain=0.591912 1.20376 0.336915 0.329609 0.220196 0.203549
threshold=0.19966991245746615 0.069159060716629042 0.21280000358819964 0.86705854535102855 0.79003721475601207 -0.49601510167121882
decision_type=2 2 2 2 2 2
left_child=2 -2 5 4 -3 -1
right_child=1 3 -4 -5 -6 -7
leaf_value=0 0.0022182234737052674 -0.0098263030264071939 0 0 0 0.007104397011310752
leaf_weight=1.6002306230366219 2.7727205231785765 7.7032255157828295 1.5806382521986959 0.84867604076862413 1.0174949690699575 6.3483931496739414
leaf_count=14 16 118 12 16 9 47
internal_value=0 -0.00294667 0.00416468 -0.007878 -0.00898456 0.00598046
internal_weight=21.8714 12.3421 9.52926 9.5694 8.72072 7.94862
internal_count=232 159 73 143 127 61
is_linear=0
shrinkage=0.03


Tree=270
num_leaves=7
num_cat=0
split_feature=68 54 4 11 7 11
split_gain=0.348177 0.362293 0.359877 0.422849 0.244741 0.228829
threshold=529.38558959960949 0.069159060716629042 0.0050959466025233277 6.5000000000000009 357.50000000000006 1.4166666865348818
decision_type=8 2 8 2 2 2
left_child=4 -2 -3 -4 5 -1
right_child=1 2 3 -5 -6 -7
leaf_value=0 0 0 -0.0080945145138537726 0 0 0.006090917547417459
leaf_weight=1.4562183357775227 2.3117578849196425 0.86059726774692258 7.0436857175081968 1.2373799066990612 1.2065864428877819 7.6112868003547192
leaf_count=12 12 11 110 10 11 64
internal_value=0 -0.00200456 -0.00464088 -0.00634578 0.00334726 0.00484407
internal_weight=21.7275 11.4534 9.14166 8.28107 10.2741 9.06751
internal_count=230 143 131 120 87 76
is_linear=0
shrinkage=0.03


Tree=271
num_leaves=7
num_cat=0
split_feature=58 35 62 26 14 14
split_gain=0.54512 0.755046 0.383886 0.300272 0.161728 0.136522
threshold=1.0000000180025095e-35 0.32889331877231603 0.55140000581741344 0.81814831495285045 1.3885855674743655 13.928503513336183
decision_type=2 2 2 2 2 2
left_child=1 -1 4 -3 -2 -6
right_child=2 3 -4 -5 5 -7
leaf_value=0 0 0.0087836111158237432 0 0 -0.0070220185016729945 0
leaf_weight=5.3716292511671808 0.42747710645198722 7.1034661624580604 1.8345759492367504 1.1648003235459325 4.9010661616921425 0.77821843326091755
leaf_count=41 4 65 15 14 83 13
internal_value=0 0.00395501 -0.00259514 0.00757888 -0.00538074 -0.006247
internal_weight=21.5812 13.6399 7.94134 8.26827 6.10676 5.67928
internal_count=235 120 115 79 100 96
is_linear=0
shrinkage=0.03


Tree=272
num_leaves=7
num_cat=0
split_feature=1 54 21 56 58 55
split_gain=0.518567 0.668353 0.479503 0.412984 0.292242 0.383822
threshold=0.83333334326744091 0.069159060716629042 0.15470241755247119 -0.60224470496177662 0.009599999990314247 0.14269554615020755
decision_type=2 2 2 2 2 2
left_child=1 -1 -3 -4 5 -2
right_child=4 2 3 -5 -6 -7
leaf_value=0 0.0073840248122747877 0 0 -0.009222008548939644 0 0
leaf_weight=2.5649629384279278 4.2004199363291255 1.3243932165205468 0.8845515139400949 10.055885745212434 1.3779966738075016 1.5694276280701158
leaf_count=13 42 16 7 116 28 11
internal_value=0 -0.0034812 -0.00636642 -0.00798144 0.00310951 0.00521464
internal_weight=21.9776 14.8298 12.2648 10.9404 7.14784 5.76985
internal_count=233 152 139 123 81 53
is_linear=0
shrinkage=0.03


Tree=273
num_leaves=7
num_cat=0
split_feature=58 35 34 62 20 50
split_gain=0.346667 0.465747 0.731421 0.373168 0.234 0.173953
threshold=1.0000000180025095e-35 0.32889331877231603 0.80959230661392223 0.89659997820854198 0.74733975529670726 0.25274411588907247
decision_type=2 2 2 2 2 2
left_child=1 -1 4 5 -3 -2
right_child=3 2 -4 -5 -6 -7
leaf_value=0 -0.0061035373209127651 0.0097956934235477015 0 0 0 0
leaf_weight=5.3152444958686855 5.9689856795594087 5.6068535000085813 2.129409771412611 0.93896585702896107 1.1323174238204954 1.0719470418989656
leaf_count=42 91 48 22 7 12 13
internal_value=0 0.00294336 0.00577228 -0.00238748 0.00876832 -0.00507175
internal_weight=22.1637 14.1838 8.86858 7.9799 6.73917 7.04093
internal_count=235 124 82 111 60 104
is_linear=0
shrinkage=0.03


Tree=274
num_leaves=7
num_cat=0
split_feature=58 19 39 36 62 50
split_gain=0.367039 0.581806 0.46899 0.243628 0.208199 0.227347
threshold=1.0000000180025095e-35 0.44250741600990301 0.20223893225193026 0.055899698287248618 0.55140000581741344 0.25274411588907247
decision_type=2 2 2 2 2 2
left_child=1 2 3 -1 5 -2
right_child=4 -3 -4 -5 -6 -7
leaf_value=0 -0.0057456263997457905 0 0 0.0091223252519254394 0 0
leaf_weight=0.90870632231235671 4.7317930264398447 4.3066050782799712 1.4403688572347162 6.8352904841303825 1.4691208768635986 1.0528584402054546
leaf_count=6 89 43 11 60 12 11
internal_value=0 0.00316959 0.00629253 0.00816076 -0.0023383 -0.00422463
internal_weight=20.7447 13.491 9.18437 7.744 7.25377 5.78465
internal_count=232 120 77 66 112 100
is_linear=0
shrinkage=0.03


Tree=275
num_leaves=7
num_cat=0
split_feature=58 17 7 36 31 4
split_gain=0.498193 0.71085 0.361118 0.415771 0.230863 0.182983
threshold=1.0000000180025095e-35 0.8604593575000764 376.00000000000006 0.79395568370819103 0.69415679574012767 0.014416149351745846
decision_type=2 2 2 2 2 10
left_child=1 2 3 -1 5 -2
right_child=4 -3 -4 -5 -6 -7
leaf_value=0.0094204358980082923 -0.0055251380833855846 0 0 0 0 0
leaf_weight=9.3633541874587554 4.4595082812011233 1.4161049239337433 1.2066297754645336 1.1144571304321278 1.7186957858502863 0.81546065397560585
leaf_count=79 70 15 8 13 25 11
internal_value=0 0.00405278 0.00685574 0.00810196 -0.00201425 -0.0042563
internal_weight=20.0942 13.1005 11.6844 10.4778 6.99366 5.27497
internal_count=221 115 100 92 106 81
is_linear=0
shrinkage=0.03


Tree=276
num_leaves=7
num_cat=0
split_feature=34 60 34 44 22 17
split_gain=0.468773 0.595567 0.361056 0.268567 0.0236697 0.00517091
threshold=0.76888278126716625 0.31399999558925634 0.078262127935886397 0.66384327411651622 0.36635583639144903 0.89189520478248607
decision_type=2 2 2 2 2 2
left_child=1 2 -1 -4 -2 -6
right_child=4 -3 3 -5 5 -7
leaf_value=0 0 0 0.0088911645853754079 0 -0.0014881420692482656 0
leaf_weight=2.5066540054977002 0.47862861305475179 3.0311837941408148 10.492113506421443 0.9753090441226967 2.2712551876902585 0.60432302765548218
leaf_count=17 3 36 113 6 38 9
internal_value=0.00178389 0.00437665 0.00662834 0.00801261 -0.000302129 -0.00132257
internal_weight=20.3595 17.0053 13.9741 11.4674 3.35421 2.87558
internal_count=222 172 136 119 50 47
is_linear=0
shrinkage=0.03


Tree=277
num_leaves=7
num_cat=0
split_feature=54 33 33 35 34 48
split_gain=0.235019 0.554647 0.517772 0.223371 0.267735 0.11341
threshold=0.069159060716629042 0.63803189992904674 0.23355001211166385 0.49016706645488745 0.76888278126716625 0.13852430880069735
decision_type=2 2 2 2 2 2
left_child=-1 2 -2 -3 -5 -4
right_child=1 3 5 4 -6 -7
leaf_value=0.003624763326215415 0 0 -0.0076974034444619328 0.0055955976110330019 0 0
leaf_weight=3.8700270503759411 1.6750312279909874 2.8210538197308761 8.3191850082948768 4.4714033473283052 1.1459375396370886 0.72563217394054014
leaf_count=24 21 26 99 50 16 10
internal_value=0 -0.00100209 -0.00499687 0.000776384 0.00368567 -0.00718562
internal_weight=23.0283 19.1582 10.7198 8.43839 5.61734 9.04482
internal_count=246 222 130 92 66 109
is_linear=0
shrinkage=0.03


Tree=278
num_leaves=7
num_cat=0
split_feature=54 1 61 32 14 46
split_gain=0.38557 0.802253 0.690527 0.209216 0.128481 0.041438
threshold=0.069159060716629042 0.83333334326744091 1.0000000180025095e-35 0.17417489737272265 14.164558887481691 0.20967218279838565
decision_type=2 2 2 2 2 2
left_child=-1 2 4 -3 -2 -4
right_child=1 3 5 -5 -6 -7
leaf_value=0.0041737728652018009 -0.0096421314228459128 0.0039319185538529335 0 0 0 0.0017102141644543055
leaf_weight=3.3976773247122791 6.7061108304187673 3.4456771649420253 2.1076381355524063 2.8336401414126158 0.70304387062787999 2.7508858144283295
leaf_count=24 98 33 17 40 9 17
internal_value=0 -0.00199503 -0.00605378 0.00109659 -0.00908703 0
internal_weight=21.9447 18.547 12.2677 6.27932 7.40915 4.85852
internal_count=238 214 141 73 107 34
is_linear=0
shrinkage=0.03


Tree=279
num_leaves=7
num_cat=0
split_feature=0 58 17 68 48 24
split_gain=0.277906 0.401082 0.362742 0.343799 0.143712 0.065303
threshold=0.83333334326744091 0.01480000000447035 0.82969683408737194 71.733028411865249 -0.25831684470176691 0.80802294611930858
decision_type=2 2 2 10 2 2
left_child=3 2 -2 4 -1 -6
right_child=1 -3 -4 -5 5 -7
leaf_value=0 0.0073783162779859669 0 0 0 -0.0064953037666234479 0
leaf_weight=1.2844784762710331 5.5561867356300336 1.5216322634369133 1.0681193619966505 8.1244840687140805 3.9424657896161106 0.85748800262808789
leaf_count=18 55 30 8 75 39 17
internal_value=0 0.00296412 0.00559498 -0.00193544 -0.00498751 -0.00598109
internal_weight=22.3549 8.14594 6.62431 14.2089 6.08443 4.79995
internal_count=242 93 63 149 74 56
is_linear=0
shrinkage=0.03


Tree=280
num_leaves=7
num_cat=0
split_feature=19 50 7 68 68 68
split_gain=0.604313 0.488932 0.617323 0.309305 0.235537 0.0837635
threshold=0.44250741600990301 0.16421373933553698 376.00000000000006 317.87802124023443 505.51928710937506 726.24243164062511
decision_type=2 2 2 8 10 10
left_child=1 2 4 -2 -1 -5
right_child=3 -3 -4 5 -6 -7
leaf_value=0.0097967221998179893 0 0 0 -0.0060132789450465319 0 0
leaf_weight=6.495541565120222 1.7259744517505158 3.5721558835357419 1.3691103868186463 4.4383557997643948 1.7325238287448881 0.71313320472836483
leaf_count=55 18 38 11 68 16 12
internal_value=0 0.00402608 0.00645121 -0.00315804 0.00867318 -0.00542974
internal_weight=20.0468 13.1693 9.59718 6.87746 8.22807 5.15149
internal_count=218 120 82 98 71 80
is_linear=0
shrinkage=0.03


Tree=281
num_leaves=7
num_cat=0
split_feature=68 54 6 60 42 55
split_gain=0.799608 0.478478 0.418766 0.454422 0.381814 0.341197
threshold=529.38558959960949 0.069159060716629042 185.75000000000003 0.31399999558925634 0.18874773383140567 0.16589002311229709
decision_type=8 2 2 2 2 2
left_child=2 -2 3 -1 -3 -6
right_child=1 4 -4 -5 5 -7
leaf_value=0.0084544873778699074 0 0 0 0 -0.0088408908868115154 0
leaf_weight=7.5900062657892722 2.2852924019098273 1.1027854029089192 1.2802706621587265 1.9619708396494386 7.0103532848879695 0.68132021278142918
leaf_count=67 12 17 10 20 102 11
internal_value=0 -0.00343146 0.00475711 0.00658697 -0.00600993 -0.00760224
internal_weight=21.912 11.0798 10.8322 9.55198 8.79446 7.69167
internal_count=239 142 97 87 130 113
is_linear=0
shrinkage=0.03


Tree=282
num_leaves=7
num_cat=0
split_feature=31 22 62 47 17 28
split_gain=0.30098 0.588422 0.350098 0.331295 0.110518 0.147621
threshold=0.69415679574012767 0.32294894754886633 0.0010000000183936211 0.080323282629251494 0.51415646076202404 0.013348476495593788
decision_type=2 2 2 2 2 2
left_child=1 4 -2 -3 5 -1
right_child=2 3 -4 -5 -6 -7
leaf_value=0 0 0 0.0063639710282954176 -0.0072855032860957847 0 0.0038510568635605306
leaf_weight=0.89749514311552214 0.88268104195594688 1.4570325501263131 3.5509461835026741 6.2171146329492331 1.4238689038902519 5.9429833497852087
leaf_count=7 21 9 37 85 15 51
internal_value=0 -0.00119685 0.00402408 -0.00564205 0.000474915 0.00248012
internal_weight=20.3721 15.9385 4.43363 7.67415 8.26435 6.84048
internal_count=225 167 58 94 73 58
is_linear=0
shrinkage=0.03


Tree=283
num_leaves=6
num_cat=0
split_feature=58 19 39 49 55
split_gain=0.5524 0.326298 0.372412 0.224346 0.0180078
threshold=1.0000000180025095e-35 0.44250741600990301 0.20223893225193026 0.12677183747291568 0.13327334821224215
decision_type=2 2 2 2 2
left_child=1 2 4 -2 -1
right_child=3 -3 -4 -5 -6
leaf_value=0.0079704778735841478 -0.0045960150777966495 0 0 0 0
leaf_weight=6.3709846213459986 4.3960426207631818 4.541424259543418 1.2371712289750574 2.6766169471666217 1.3013803064823148
leaf_count=56 72 46 9 37 12
internal_value=0 0.00410399 0.00603473 -0.00244644 0.00761139
internal_weight=20.5236 13.451 8.90954 7.07266 7.67236
internal_count=232 123 77 109 68
is_linear=0
shrinkage=0.03


Tree=284
num_leaves=7
num_cat=0
split_feature=19 56 26 54 68 22
split_gain=0.232634 0.297758 0.523617 0.451226 0.275468 0.151683
threshold=0.23182993382215503 -0.32746349275112147 0.14372427761554721 0.76592186093330394 414.06513977050787 0.36635583639144903
decision_type=2 2 2 2 10 2
left_child=4 2 -2 -4 5 -1
right_child=1 -3 3 -5 -6 -7
leaf_value=0.0056791044983482029 0 0 -0.0082845930206561398 0 0 0
leaf_weight=5.5002602878958005 2.1458505932241669 1.4740932583808888 8.0554914521053416 1.5447230432182539 1.6656101644039152 1.1367680002003906
leaf_count=45 18 16 112 16 17 14
internal_value=0 -0.00201083 -0.00407931 -0.00651966 0.00251189 0.00467365
internal_weight=21.5228 13.2202 11.7461 9.60021 8.30264 6.63703
internal_count=238 162 146 128 76 59
is_linear=0
shrinkage=0.03


Tree=285
num_leaves=7
num_cat=0
split_feature=19 68 6 28 22 11
split_gain=0.319573 0.452484 0.338114 0.282293 0.285371 0.0921343
threshold=0.24221903830766681 102.1502151489258 327.00000000000006 0.013348476495593788 0.36635583639144903 7.5000000000000009
decision_type=2 10 2 2 2 2
left_child=2 5 3 -1 -5 -2
right_child=1 -3 -4 4 -6 -7
leaf_value=0 -0.0065146434831891602 0 0 0.007739514741414104 0 0
leaf_weight=0.89800830930471409 4.7399523034691793 5.9249609475955367 0.9268541447818287 6.1502297855913639 1.2295056264847515 0.76822223514318455
leaf_count=7 75 68 9 54 13 4
internal_value=0 -0.00251357 0.00281517 0.00499759 0.00639412 -0.00591534
internal_weight=20.6377 11.4331 9.2046 8.27774 7.37974 5.50817
internal_count=230 147 83 74 67 79
is_linear=0
shrinkage=0.03


Tree=286
num_leaves=6
num_cat=0
split_feature=60 4 55 45 46
split_gain=0.266758 0.292023 0.357046 0.53626 0.110053
threshold=0.16399999707937243 0.0079052620567381399 0.14269554615020755 0.53441932797431957 0.086855374276638045
decision_type=2 8 2 2 2
left_child=1 -1 3 -3 -2
right_child=4 2 -4 -5 -6
leaf_value=0 0 0.0072978561038376313 0 0 -0.0046867896642534155
leaf_weight=1.7926035970449508 0.48451615869998832 10.761725263670085 2.6442501498386255 1.8998632710427035 3.6657793968915939
leaf_count=29 5 102 24 24 50
internal_value=0 0.00119885 0.00345323 0.00524369 -0.00377017
internal_weight=21.2487 17.0984 15.3058 12.6616 4.1503
internal_count=234 179 150 126 55
is_linear=0
shrinkage=0.03


Tree=287
num_leaves=7
num_cat=0
split_feature=51 18 34 23 29 26
split_gain=0.640328 0.492068 0.465347 0.264078 0.189812 0.168217
threshold=-0.51844158768653859 0.30347275733947759 0.16196272522211078 0.92635458707809459 0.2463038116693497 0.81814831495285045
decision_type=2 2 2 2 2 2
left_child=2 -2 -1 4 -4 -3
right_child=1 5 3 -5 -6 -7
leaf_value=0 0 0.0084929412054237877 0 0 -0.0076851070481073081 0
leaf_weight=3.6822068765759486 4.3108345754444581 4.994575709104538 0.8074246197938918 0.68382493034005154 5.5146011868491769 1.0383318513631818
leaf_count=29 31 46 14 11 83 15
internal_value=0 0.00489423 -0.00207404 -0.00546448 -0.00675817 0.00761682
internal_weight=21.0318 10.3437 10.6881 7.00585 6.32203 6.03291
internal_count=229 92 137 108 97 61
is_linear=0
shrinkage=0.03


Tree=288
num_leaves=7
num_cat=0
split_feature=19 68 35 50 31 14
split_gain=0.268953 0.408674 0.191431 0.180823 0.132666 0.112015
threshold=0.23182993382215503 102.1502151489258 0.1045847423374653 -0.16265875846147534 0.087492756545543685 13.377236843109133
decision_type=2 10 2 2 2 2
left_child=2 3 -1 -2 -4 -6
right_child=1 -3 4 -5 5 -7
leaf_value=0 0 0 0 -0.0069711228090079229 0.0055804069920063161 0
leaf_weight=1.7207320407032982 0.46194178797304619 6.6045962506905198 1.7109604254364965 4.9448495712131244 4.0919757708907127 0.90183998271822918
leaf_count=12 5 74 12 69 40 14
internal_value=0 -0.00298191 0.00158582 -0.00604786 0.00361767 0.00474808
internal_weight=20.4369 12.0114 8.42551 5.40679 6.70478 4.99382
internal_count=226 148 78 74 66 54
is_linear=0
shrinkage=0.03


Tree=289
num_leaves=7
num_cat=0
split_feature=54 68 5 3 46 47
split_gain=0.548217 0.692903 0.6331 0.174117 0.162361 0.0222512
threshold=0.069159060716629042 292.94918823242193 0.52374428510665905 3.5000000000000004 0.20967218279838565 0.13558906316757205
decision_type=2 8 2 2 2 2
left_child=-1 4 3 -3 5 -2
right_child=1 2 -4 -5 -6 -7
leaf_value=0.0032501556237970099 0 -0.010026316347519893 0 0 0.003251735271228184 -0.001286919511818206
leaf_weight=3.7400061488151577 1.0864263623952894 6.8945686137303692 2.9388856440782547 0.75758827105164517 3.8010581322014332 2.2097003795206547
leaf_count=23 10 104 39 7 29 20
internal_value=0 -0.0035465 -0.00687011 -0.00934533 0 -0.000121152
internal_weight=21.4282 17.6882 10.591 7.65216 7.09718 3.29613
internal_count=232 209 150 111 59 30
is_linear=0
shrinkage=0.03


Tree=290
num_leaves=7
num_cat=0
split_feature=51 32 57 58 53 25
split_gain=0.506998 0.755342 0.290286 0.12655 0.127845 0.116096
threshold=-0.4306392222642898 0.17417489737272265 0.0028000000165775423 0.01060000015422702 -0.49601510167121882 0.26126803457736975
decision_type=2 2 2 2 2 2
left_child=1 3 -2 4 -1 -3
right_child=2 5 -4 -5 -6 -7
leaf_value=0 0.0058613438696087459 0 0 0 0.0039808739617526586 -0.0075149528678407143
leaf_weight=0.90595099329948325 5.4767632596194735 0.54199709929525841 1.3116765990853307 1.6492009796202181 4.4475272744894054 7.1783755403012037
leaf_count=7 44 12 10 19 36 111
internal_value=0 -0.00274174 0.00401365 0 0.00272364 -0.00698933
internal_weight=21.5115 14.7231 6.78844 7.00268 5.35348 7.72037
internal_count=239 185 54 62 43 123
is_linear=0
shrinkage=0.03


Tree=291
num_leaves=7
num_cat=0
split_feature=54 1 42 22 14 68
split_gain=0.48878 1.15954 0.966698 0.281537 0.130214 0.00179036
threshold=0.069159060716629042 0.83333334326744091 0.23005670309066775 0.32294894754886633 13.928503513336183 150.08340454101565
decision_type=2 2 2 2 2 10
left_child=-1 2 -2 -3 -4 -5
right_child=1 3 4 5 -6 -7
leaf_value=0.0040686225945522425 0 0.0047112371542880147 -0.010880246194765133 -0.0003685395054682562 0 0
leaf_weight=3.2540528587996986 2.6962805874645737 3.2153375167399636 8.6802350291982258 1.8635211326181891 0.85821650363504964 1.2871152050793169
leaf_count=20 34 32 102 25 12 19
internal_value=0 -0.00277661 -0.00741993 0.00156222 -0.0103529 0
internal_weight=21.8548 18.6007 12.2347 6.36597 9.53845 3.15064
internal_count=244 224 148 76 114 44
is_linear=0
shrinkage=0.03


Tree=292
num_leaves=7
num_cat=0
split_feature=1 51 61 19 48 51
split_gain=0.202292 0.432439 0.634748 0.290898 0.0404106 0.0382002
threshold=0.83333334326744091 -0.3978706151247024 1.0000000180025095e-35 0.33858311176300054 -0.18684633076190946 -0.36981226503849024
decision_type=2 2 2 2 2 2
left_child=1 2 -1 -2 -4 -3
right_child=3 5 4 -5 -6 -7
leaf_value=-0.008280996332287436 0.0047179338643341361 0.0016892754645017498 0.0017242131586706151 0 0 0
leaf_weight=6.0464722644537687 3.6553599722683421 2.0477856397628784 2.2336498722434044 2.7922208309173584 2.206153180450201 2.0164717249572286
leaf_count=105 40 12 13 34 20 14
internal_value=0 -0.00238729 -0.00508209 0.00160075 0 0
internal_weight=20.9981 14.5505 10.4863 6.44758 4.4398 4.06426
internal_count=238 164 138 74 33 26
is_linear=0
shrinkage=0.03


Tree=293
num_leaves=7
num_cat=0
split_feature=68 60 5 19 7 68
split_gain=0.486023 0.637733 0.369938 0.397095 0.160019 0.101391
threshold=385.15440368652349 0.34340000152587896 0.36712329089641577 0.80731388926506054 357.50000000000006 50.487812042236335
decision_type=8 2 2 2 2 10
left_child=1 4 3 -2 5 -1
right_child=2 -3 -4 -5 -6 -7
leaf_value=0 -0.0071758877747188764 0 0 0 0 0.0087607272627050429
leaf_weight=1.2910896576941029 5.7688116952776891 1.7977523766458032 4.0611591637134552 1.4847968630492685 1.0811220481991766 4.657792754471302
leaf_count=13 86 16 47 19 11 40
internal_value=0 0.00409525 -0.00238909 -0.00513306 0.00722802 0.00805082
internal_weight=20.1425 8.82776 11.3148 7.25361 7.03 5.94888
internal_count=232 80 152 105 64 53
is_linear=0
shrinkage=0.03


Tree=294
num_leaves=7
num_cat=0
split_feature=51 28 51 32 38 50
split_gain=0.556492 0.343234 0.311224 0.318674 0.235063 0.219534
threshold=-0.51844158768653859 0.066283084452152266 -0.35621370375156397 0.033457165583968169 0.86325907707214367 0.17917380481958392
decision_type=2 2 2 2 2 2
left_child=1 -1 3 -2 -3 -5
right_child=2 4 -4 5 -6 -7
leaf_value=0 0 -0.0058393339862042358 0 0.0085510860414206354 0 0
leaf_weight=2.3778107129037398 1.137698397040366 6.0403519365936518 1.8758201710879792 7.0895360205322486 1.3257659412920473 0.94777684099972237
leaf_count=21 9 93 16 61 22 14
internal_value=0.000590767 -0.00115795 0.00480052 0.0063172 -0.0043946 0.00763708
internal_weight=20.7948 9.74393 11.0508 9.17501 7.36612 8.03731
internal_count=236 136 100 84 115 75
is_linear=0
shrinkage=0.03


Tree=295
num_leaves=7
num_cat=0
split_feature=46 1 21 31 32 35
split_gain=0.778178 0.918356 0.313254 0.182692 0.0693497 0.0452801
threshold=0.081586226820945754 0.83333334326744091 0.88802599906921398 0.010223230347037317 0.23332680016756061 0.1045847423374653
decision_type=2 2 2 2 2 2
left_child=5 2 3 -2 -3 -1
right_child=1 4 -4 -5 -6 -7
leaf_value=0 0 0.0022173279134961254 0 -0.0093852678320723998 0 0.0050608747484877509
leaf_weight=0.70893157273531215 0.62593226134776792 2.7334934286773196 0.85246157646179277 8.2805839804932457 1.5063006877899168 5.7572225835174322
leaf_count=4 4 29 14 112 26 47
internal_value=0 -0.00375027 -0.00767482 -0.00874474 0.000115511 0.00469413
internal_weight=20.4649 13.9988 9.75898 8.90652 4.23979 6.46615
internal_count=236 185 130 116 55 51
is_linear=0
shrinkage=0.03


Tree=296
num_leaves=7
num_cat=0
split_feature=68 26 62 31 19 42
split_gain=0.493695 0.452814 0.270235 0.26511 0.198953 0.0612392
threshold=50.487812042236335 0.14372427761554721 0.0010000000183936211 0.75880935788154613 0.23182993382215503 0.29700577259063726
decision_type=10 2 2 2 2 2
left_child=1 5 -2 4 -3 -1
right_child=2 3 -4 -5 -6 -7
leaf_value=0.0023202084931178133 0 0 0.0064598142695527373 0 -0.0075162652749831364 0
leaf_weight=2.3574941977858566 3.9503014804795367 0.79311205074191082 7.0000063348561525 1.6763213491067288 4.4855991043150425 1.6368377357721327
leaf_count=18 49 9 66 25 62 11
internal_value=0.000910297 -0.000467248 0.0047172 -0.00486137 -0.00646856 0.000902942
internal_weight=21.8997 10.9494 10.9503 6.95503 5.27871 3.99433
internal_count=240 125 115 96 71 29
is_linear=0
shrinkage=0.03


Tree=297
num_leaves=7
num_cat=0
split_feature=37 54 22 55 34 53
split_gain=0.426459 0.63509 0.67755 0.422961 0.45314 0.312278
threshold=0.667617827653885 0.069159060716629042 0.019397587515413765 0.14797452092170718 0.76888278126716625 -0.47694244980812067
decision_type=2 2 2 2 2 2
left_child=1 -1 -3 4 5 -2
right_child=3 2 -4 -5 -6 -7
leaf_value=0 0 0 -0.0089463736831008438 0 0 0.0087621619805748618
leaf_weight=1.9662810117006326 1.4139762893319119 1.1310429722070683 8.2092839134857041 1.6199963986873624 1.0287461308762429 5.3343521468341342
leaf_count=10 19 8 114 14 21 53
internal_value=0 -0.00359946 -0.00662021 0.00235702 0.00524167 0.00731525
internal_weight=20.7037 11.3066 9.34033 9.39707 7.77707 6.74833
internal_count=239 132 122 107 93 72
is_linear=0
shrinkage=0.03


Tree=298
num_leaves=7
num_cat=0
split_feature=58 19 48 36 38 17
split_gain=0.262892 0.36897 0.371886 0.373102 0.149245 0.208099
threshold=1.0000000180025095e-35 0.47075448930263525 0.12663277238607409 0.055899698287248618 0.86325907707214367 0.11143004521727563
decision_type=2 2 2 2 2 2
left_child=1 2 3 -1 5 -2
right_child=4 -3 -4 -5 -6 -7
leaf_value=0 0 0 0 0.0084576226792349544 0 -0.0050434680394941169
leaf_weight=1.3104729652404801 1.8715740293264378 4.6627144590020171 1.2643335759639729 6.7003214936703444 1.1862490447238085 4.395693076774478
leaf_count=8 16 46 11 61 21 74
internal_value=0 0.00283236 0.00521449 0.00690528 -0.00159797 -0.00331614
internal_weight=21.3914 13.9378 9.27513 8.01079 7.45352 6.26727
internal_count=237 126 80 69 111 90
is_linear=0
shrinkage=0.03


Tree=299
num_leaves=7
num_cat=0
split_feature=19 51 31 26 31 26
split_gain=0.295713 0.273306 0.246797 0.437936 0.246009 0.234415
threshold=0.24221903830766681 -0.39158758521080012 0.69415679574012767 0.14372427761554721 0.11264374479651452 0.012223247904330494
decision_type=2 2 2 2 2 2
left_child=1 5 3 -2 -5 -1
right_child=2 -3 -4 4 -6 -7
leaf_value=0 0 0 0 0 -0.0076091428309978913 0.0062791621339712434
leaf_weight=0.97181280702352513 1.4756283722817878 1.7728793844580666 3.1748505700379601 1.3851196356117723 5.9436893286183476 6.1721806954592466
leaf_count=8 11 13 46 10 84 60
internal_value=0 0.00309056 -0.00197181 -0.00404431 -0.00636351 0.00498868
internal_weight=20.8962 8.91687 11.9793 8.80444 7.32881 7.14399
internal_count=232 81 151 105 94 68
is_linear=0
shrinkage=0.03


end of trees

feature_importances:
Column_68=153
Column_58=122
Column_60=122
Column_0=102
Column_54=95
Column_51=68
Column_47=67
Column_4=55
Column_14=48
Column_30=46
Column_32=39
Column_62=39
Column_11=38
Column_12=35
Column_19=35
Column_31=33
Column_48=33
Column_55=33
Column_26=32
Column_53=30
Column_34=27
Column_50=26
Column_17=24
Column_28=24
Column_61=24
Column_1=23
Column_56=23
Column_33=21
Column_35=21
Column_6=20
Column_43=20
Column_52=17
Column_57=17
Column_7=16
Column_42=16
Column_44=16
Column_9=15
Column_38=15
Column_46=15
Column_22=14
Column_24=12
Column_59=12
Column_2=11
Column_36=11
Column_45=11
Column_23=10
Column_39=10
Column_49=10
Column_3=9
Column_5=9
Column_20=7
Column_29=7
Column_18=6
Column_21=6
Column_25=6
Column_15=5
Column_37=5
Column_41=5
Column_40=3

parameters:
[boosting: gbdt]
[objective: binary]
[metric: binary_logloss]
[tree_learner: serial]
[device_type: cpu]
[data_sample_strategy: bagging]
[data: ]
[valid: ]
[num_iterations: 300]
[learning_rate: 0.03]
[num_leaves: 7]
[num_threads: -1]
[seed: 50373]
[deterministic: 0]
[force_col_wise: 1]
[force_row_wise: 0]
[histogram_pool_size: -1]
[max_depth: 4]
[min_data_in_leaf: 10]
[min_sum_hessian_in_leaf: 0.001]
[bagging_fraction: 0.8]
[pos_bagging_fraction: 1]
[neg_bagging_fraction: 1]
[bagging_freq: 1]
[bagging_seed: 50373]
[bagging_by_query: 0]
[feature_fraction: 0.8]
[feature_fraction_bynode: 1]
[feature_fraction_seed: 50373]
[extra_trees: 0]
[extra_seed: 25313]
[early_stopping_round: 0]
[early_stopping_min_delta: 0]
[first_metric_only: 0]
[max_delta_step: 0]
[lambda_l1: 2]
[lambda_l2: 10]
[linear_lambda: 0]
[min_gain_to_split: 0]
[drop_rate: 0.1]
[max_drop: 50]
[skip_drop: 0.5]
[xgboost_dart_mode: 0]
[uniform_drop: 0]
[drop_seed: 18331]
[top_rate: 0.2]
[other_rate: 0.1]
[min_data_per_group: 100]
[max_cat_threshold: 32]
[cat_l2: 10]
[cat_smooth: 10]
[max_cat_to_onehot: 4]
[top_k: 20]
[monotone_constraints: ]
[monotone_constraints_method: basic]
[monotone_penalty: 0]
[feature_contri: ]
[forcedsplits_filename: ]
[refit_decay_rate: 0.9]
[cegb_tradeoff: 1]
[cegb_penalty_split: 0]
[cegb_penalty_feature_lazy: ]
[cegb_penalty_feature_coupled: ]
[path_smooth: 0]
[interaction_constraints: ]
[verbosity: -1]
[saved_feature_importance_type: 0]
[use_quantized_grad: 0]
[num_grad_quant_bins: 4]
[quant_train_renew_leaf: 0]
[stochastic_rounding: 1]
[linear_tree: 0]
[max_bin: 63]
[max_bin_by_feature: ]
[min_data_in_bin: 3]
[bin_construct_sample_cnt: 200000]
[data_random_seed: 50373]
[is_enable_sparse: 1]
[enable_bundle: 1]
[use_missing: 1]
[zero_as_missing: 0]
[feature_pre_filter: 1]
[pre_partition: 0]
[two_round: 0]
[header: 0]
[label_column: ]
[weight_column: ]
[group_column: ]
[ignore_column: ]
[categorical_feature: ]
[forcedbins_filename: ]
[precise_float_parser: 0]
[parser_config_file: ]
[objective_seed: 15504]
[num_class: 1]
[is_unbalance: 0]
[scale_pos_weight: 1]
[sigmoid: 1]
[boost_from_average: 1]
[reg_sqrt: 0]
[alpha: 0.9]
[fair_c: 1]
[poisson_max_delta_step: 0.7]
[tweedie_variance_power: 1.5]
[lambdarank_truncation_level: 30]
[lambdarank_norm: 1]
[label_gain: ]
[lambdarank_position_bias_regularization: 0]
[eval_at: ]
[multi_error_top_k: 1]
[auc_mu_weights: ]
[num_machines: 1]
[local_listen_port: 12400]
[time_out: 120]
[machine_list_filename: ]
[machines: ]
[gpu_platform_id: -1]
[gpu_device_id: -1]
[gpu_use_dp: 0]
[num_gpu: 1]

end of parameters

pandas_categorical:null
