tree
version=v4
num_class=1
num_tree_per_iteration=1
label_index=0
max_feature_idx=68
objective=binary sigmoid:1
feature_names=Column_0 Column_1 Column_2 Column_3 Column_4 Column_5 Column_6 Column_7 Column_8 Column_9 Column_10 Column_11 Column_12 Column_13 Column_14 Column_15 Column_16 Column_17 Column_18 Column_19 Column_20 Column_21 Column_22 Column_23 Column_24 Column_25 Column_26 Column_27 Column_28 Column_29 Column_30 Column_31 Column_32 Column_33 Column_34 Column_35 Column_36 Column_37 Column_38 Column_39 Column_40 Column_41 Column_42 Column_43 Column_44 Column_45 Column_46 Column_47 Column_48 Column_49 Column_50 Column_51 Column_52 Column_53 Column_54 Column_55 Column_56 Column_57 Column_58 Column_59 Column_60 Column_61 Column_62 Column_63 Column_64 Column_65 Column_66 Column_67 Column_68
feature_infos=[0.3333333432674408:336] [0.3333333432674408:12] [1:5] [0.3333333432674408:1285.6666259765625] [0.0027173913549631834:2] [0:1] [0:736] [0:813] [0:206.66667175292969] [0:1079] [1:2] [0.20689655840396881:230] [0:1] [0:1] [0.10853985697031021:23.409765243530273] [0:9.559722900390625] [0:2.2245702743530273] [0.00086893513798713684:0.99371588230133057] [0.00085803942056372762:0.99902480840682983] [0.0009152420680038631:0.99332702159881592] [0.00085803942056372762:0.99905753135681152] [0.069869920611381531:0.99943888187408447] [0.0008778013288974762:0.99582791328430176] [0.00084575643995776772:0.99472630023956299] [0.00092586869141086936:0.99597734212875366] [0.069715835154056549:0.9963722825050354] [1.9455832443782128e-05:0.99557089805603027] [8.0112249634112231e-06:0.99911469221115112] [1.4877989087835886e-05:0.99486535787582397] [0.06536749005317688:0.99881237745285034] [0.00081704684998840094:0.99729245901107788] [0.00068631937028840184:0.99277728796005249] [0.00081704684998840094:0.99767279624938965] [0.064658395946025848:0.99326097965240479] [0.0013728630729019642:0.99855345487594604] [0.0011603961465880275:0.99900662899017334] [0.0012911449884995818:0.99849265813827515] [0.064545534551143646:0.99937349557876587] [0.0008308000979013741:0.99996340274810791] [-0.016299232840538025:0.27312231063842773] [0.021422695368528366:0.39662343263626099] [0.014004096388816833:0.52571952342987061] [0.012244179844856262:0.61878496408462524] [0.011788684874773026:0.76856034994125366] [0.010643605142831802:0.72686493396759033] [-0.35783752799034119:0.82238095998764038] [-0.13986162841320038:0.90728151798248291] [-0.045592710375785828:0.94214212894439697] [-0.54495495557785034:0.24392011761665344] [-0.46942317485809326:0.29012987017631531] [-0.30070480704307556:0.34854093194007874] [-0.8218265175819397:0.35784703493118286] [-0.79348605871200562:0.5239940881729126] [-0.76840311288833618:0.5740964412689209] [-0.15482039749622345:0.91189897060394287] [-0.46882593631744385:0.27871313691139221] [-0.78299355506896973:0.5548558235168457] [0:1] [0:0.9660000205039978] [0:1] [0:1] [0:0.98040002584457397] [0:1] none [0:1] [0:0.87120002508163452] none none [7.0710678100585938:1337.1051025390625]
tree_sizes=867 808 804 809 656 654 758 826 756 827 807 835 816 815 823 852 840 817 823 742 826 812 832 676 811 856 837 822 734 724 863 719 826 725 753 733 818 822 748 820 834 752 833 822 840 806 742 833 809 816 798 815 802 822 840 814 842 830 797 814 838 836 751 800 816 780 806 835 815 810 808 818 857 728 857 852 812 755 819 799 824 801 810 720 836 830 814 827 805 808 798 824 817 848 824 783 801 817 819 825 798 843 826 809 744 839 817 822 744 832 814 838 810 809 806 832 809 722 824 805 832 799 822 819 820 817 801 836 807 807 825 797 799 752 808 820 795 828 807 799 818 798 803 829 833 787 811 782 803 802 816 788 836 819 808 815 824 799 796 802 809 809 815 793 804 804 806 795 799 808 804 805 848 798 807 778 750 814 801 804 829 794 785 786 806 812 785 788 726 778 780 698 809 827 806 798 781 796 782 799 821 784 781 816 825 797 796 841 784 800 778 792 805 727 818 785 814 784 833 790 792 797 789 813 828 801 801 812 785 801 814 787 786 782 813 802 806 787 802 781 845 795 801 800 739 808 795 790 805 793 804 785 803 790 822 782 732 805 786 791 790 783 794 808 804 801 786 785 797 782 783 789 813 785 795 778 793 781 785 815 779 782 789 814 782 797 795 796 784 800 789 785 786 781 798 795 815 798 780 798

Tree=0
num_leaves=7
num_cat=0
split_feature=0 26 47 58 36 33
split_gain=47.1432 7.73238 2.97975 1.63251 0.472726 0.432999
threshold=2.1666666269302373 0.14372427761554721 0.085297085344791426 0.003199999919161201 0.077054243534803404 0.23355001211166385
decision_type=2 2 2 2 2 2
left_child=1 3 -3 4 -1 -4
right_child=-2 2 5 -5 -6 -7
leaf_value=-0.86681067461078543 -0.82747212250846824 -0.86681067461078543 -0.86681067461078543 -0.87009923932546063 -0.8549639820328504 -0.89202907782208651
leaf_weight=2.291857570409773 10.20918372273445 2.9169096350669887 2.7085589468479183 3.1252603232860565 3.333611011505127 23.126926392316818
leaf_count=11 49 14 13 15 16 111
internal_value=-0.866689 -0.882135 -0.88836 -0.864296 -0.857191 -0.890832
internal_weight=47.7123 37.5031 28.7524 8.75073 5.62547 25.8355
internal_count=229 180 138 42 27 124
is_linear=0
shrinkage=1


Tree=1
num_leaves=7
num_cat=0
split_feature=0 31 14 58 54 40
split_gain=43.2023 9.28721 5.99978 1.57392 1.39371 0.849478
threshold=1.8333333134651186 0.15461797267198565 13.221588611602785 0.045199999585747726 0.073367144912481322 0.13418209552764895
decision_type=2 2 2 2 2 2
left_child=1 3 -2 5 -3 -1
right_child=2 4 -4 -5 -6 -7
leaf_value=0.013980135907588868 0.0410384980032426 0 0 -0.0023229088260669824 -0.024451709344150276 0
leaf_weight=2.2976001650094977 8.6722294390201551 2.0770243853330639 2.107496351003646 2.0734638124704361 27.064062684774399 3.1222329586744308
leaf_count=11 41 10 10 10 131 15
internal_value=0 -0.0165898 0.0354047 0.00405458 -0.0231109 0.0103097
internal_weight=47.4141 36.6344 10.7797 7.4933 29.1411 5.41983
internal_count=228 177 51 36 141 26
is_linear=0
shrinkage=0.03


Tree=2
num_leaves=7
num_cat=0
split_feature=12 9 53 32 60 26
split_gain=40.283 12.9337 1.9928 1.17597 0.578435 0.257489
threshold=0.30952382087707525 0.83333334326744091 -0.49311269819736475 0.15498365461826327 0.00059999998484272521 0.1115269958972931
decision_type=2 2 2 2 2 2
left_child=3 4 -3 -1 5 -2
right_child=1 2 -4 -5 -6 -7
leaf_value=0 0.0050530483523766583 0 0.04105617087311611 -0.022464433169014895 -0.0054856565085645882 0
leaf_weight=2.0767901837825802 2.0855007767677325 2.2903789430856696 10.048651337623594 23.593061000108719 4.7461791187524796 2.0738446116447449
leaf_count=10 10 11 47 115 23 10
internal_value=0 0.0255273 0.0378484 -0.0211092 0 0.00232959
internal_weight=46.9144 21.2446 12.339 25.6699 8.90552 4.15935
internal_count=226 101 58 125 43 20
is_linear=0
shrinkage=0.03


Tree=3
num_leaves=7
num_cat=0
split_feature=0 30 51 58 14 57
split_gain=37.3887 8.0133 5.97442 3.07012 1.89794 1.81426
threshold=2.1666666269302373 0.14627855271101001 -0.4306392222642898 0.018600000068545345 8.2942690849304217 0.009000000078231098
decision_type=2 2 2 2 2 2
left_child=1 3 -3 5 -2 -1
right_child=4 2 -4 -5 -6 -7
leaf_value=0 0.037721078414334884 -0.025429338735987721 0 -0.006036447732063641 0 0.017377922748484365
leaf_weight=2.9155846536159498 7.8474423140287382 24.580275163054466 5.9410740882158306 3.3102927058935165 2.3440086394548416 3.5821344256401062
leaf_count=14 36 121 29 16 11 17
internal_value=0 -0.0140698 -0.0204731 0.00310337 0.0342506 0.0122331
internal_weight=50.5208 40.3294 30.5213 9.80801 10.1915 6.49772
internal_count=244 197 150 47 47 31
is_linear=0
shrinkage=0.03


Tree=4
num_leaves=5
num_cat=0
split_feature=12 58 30 51
split_gain=39.7155 9.25965 3.68299 3.14857
threshold=0.50757575035095226 0.022200000472366813 0.13510000705718997 -0.4306392222642898
decision_type=2 2 2 2
left_child=2 -2 -1 -4
right_child=1 -3 3 -5
leaf_value=4.0290958529419705e-05 0.033896974960546319 -0.0024063232660490042 -0.024839679944332095 0
leaf_weight=2.0925316512584713 16.512529253959659 2.8705437034368506 21.936189740896232 3.8942923992872194
leaf_count=10 77 14 109 19
internal_value=0.000535938 0.0274894 -0.018907 -0.0216994
internal_weight=47.3061 19.3831 27.923 25.8305
internal_count=229 91 138 128
is_linear=0
shrinkage=0.03


Tree=5
num_leaves=5
num_cat=0
split_feature=0 54 68 30
split_gain=41.034 9.16934 7.77116 2.04855
threshold=3.5000000000000004 0.069159060716629042 376.21420288085943 0.30031621456146246
decision_type=2 2 8 2
left_child=1 -1 3 -3
right_child=-2 2 -4 -5
leaf_value=0.010133681333447848 0.038054027147987488 0.0089223946732348413 -0.025258461057693523 -0.0061260167787217769
leaf_weight=3.1670956015586844 9.1312138140201551 5.2336987257003766 26.240097224712372 6.8127210438251495
leaf_count=15 41 25 130 34
internal_value=0 -0.0133909 -0.0182751 0
internal_weight=50.5848 41.4536 38.2865 12.0464
internal_count=245 204 189 59
is_linear=0
shrinkage=0.03


Tree=6
num_leaves=6
num_cat=0
split_feature=12 4 30 47 60
split_gain=39.1265 8.78764 4.00874 1.29112 0.739608
threshold=0.50757575035095226 0.0055944493506103763 0.13510000705718997 0.093058824539184584 0.00059999998484272521
decision_type=2 10 2 2 2
left_child=2 4 -1 -4 -2
right_child=1 -3 3 -5 -6
leaf_value=0.00036461561923730964 0.0049507232341889995 0.037756849110314933 0 -0.022767793241560995 -0.0048539247696908205
leaf_weight=2.7059880793094662 3.9849182814359692 11.358034357428549 2.0468524396419552 23.732431560754776 3.7043180018663406
leaf_count=13 19 51 10 120 18
internal_value=0.00086078 0.0278556 -0.0181785 -0.0213598 0
internal_weight=47.5325 19.0473 28.4853 25.7793 7.68924
internal_count=231 88 143 130 37
is_linear=0
shrinkage=0.03


Tree=7
num_leaves=7
num_cat=0
split_feature=0 26 47 53 39 14
split_gain=39.9791 7.82967 3.22584 0.931983 0.756928 0.553055
threshold=2.1666666269302373 0.14372427761554721 0.085297085344791426 -0.49311269819736475 0.081958215683698668 12.842658996582033
decision_type=2 2 2 2 2 2
left_child=1 3 -3 -1 -5 -2
right_child=5 2 -4 4 -6 -7
leaf_value=-0.0021020252802940445 0.034858919797428993 0 -0.025605442704284293 0.010577745835189618 0 0
leaf_weight=2.0341368317604065 8.6501289457082731 2.9378671795129803 26.313341498374939 3.6049547046422941 2.7250529825687408 2.1182134598493567
leaf_count=10 38 14 134 17 13 10
internal_value=-0.00129275 -0.0170943 -0.0230781 0.00173678 0.00717639 0.0326687
internal_weight=48.3837 37.6154 29.2512 8.36414 6.33001 10.7683
internal_count=236 188 148 40 30 48
is_linear=0
shrinkage=0.03


Tree=8
num_leaves=6
num_cat=0
split_feature=0 68 47 4 47
split_gain=30.441 8.66419 1.80523 1.7945 1.19579
threshold=3.5000000000000004 697.16046142578136 0.085297085344791426 0.0055944493506103763 0.1530069634318352
decision_type=2 8 2 10 2
left_child=1 3 -3 4 -1
right_child=-2 2 -4 -5 -6
leaf_value=0.0029420539032319185 0.032317331814537054 0 -0.024000736148346871 0.010825087364299581 -0.0072147133783201783
leaf_weight=2.6676636040210751 8.048174783587454 2.7124243229627636 21.15350653231144 2.9755248725414267 10.908432275056837
leaf_count=13 35 13 108 14 55
internal_value=-0.00022749 -0.0130226 -0.0219528 0.00101244 -0.00227262
internal_weight=48.4657 40.4176 23.8659 16.5516 13.5761
internal_count=238 203 121 82 68
is_linear=0
shrinkage=0.03


Tree=9
num_leaves=7
num_cat=0
split_feature=0 30 51 58 39 51
split_gain=35.9901 5.90798 5.58525 1.819 1.24225 0.213372
threshold=2.1666666269302373 0.14627855271101001 -0.40721872448921198 0.018600000068545345 0.081958215683698668 -0.38059848546981806
decision_type=2 2 2 2 2 2
left_child=1 3 -3 4 -1 -4
right_child=-2 2 5 -5 -6 -7
leaf_value=0.013143281045226832 0.032724059550755406 -0.024555479405467283 0.0039319609605399332 -0.0051632611618589929 0 0
leaf_weight=4.0421756058931333 11.385412842035292 22.863593980669975 2.4211263060569763 3.0430438965559006 2.3003713935613632 2.6378202736377743
leaf_count=19 50 119 12 15 11 13
internal_value=0 -0.0141635 -0.0197479 0.000972063 0.00894528 0
internal_weight=48.6935 37.3081 27.9225 9.38559 6.34255 5.05895
internal_count=239 189 144 45 30 25
is_linear=0
shrinkage=0.03


Tree=10
num_leaves=7
num_cat=0
split_feature=12 0 51 4 31 53
split_gain=28.2742 8.31906 2.46172 0.988489 0.817103 0.672345
threshold=0.36666667461395269 0.83333334326744091 -0.41610644757747645 0.011484991759061815 0.15461797267198565 -0.34682121872901911
decision_type=2 2 2 10 2 2
left_child=2 5 4 -3 -1 -2
right_child=1 3 -4 -5 -6 -7
leaf_value=0 -0.0052247715642273632 0 0 0.033619588067444264 -0.022578762619008388 0.003689579681048479
leaf_weight=2.3938493281602922 4.679086297750473 2.2736983448266974 2.9812349230051032 9.9317915290594083 17.944436684250832 5.0148327648639697
leaf_count=12 23 11 15 43 95 24
internal_value=0 0.0210626 -0.0184118 0.0312167 -0.021103 0
internal_weight=45.2189 21.8994 23.3195 12.2055 20.3383 9.69392
internal_count=223 101 122 54 107 47
is_linear=0
shrinkage=0.03


Tree=11
num_leaves=7
num_cat=0
split_feature=0 61 54 14 43 30
split_gain=28.2551 5.84139 5.43443 2.19039 1.55209 1.26056
threshold=1.8333333134651186 1.0000000180025095e-35 0.069159060716629042 13.221588611602785 0.15180068463087085 0.30031621456146246
decision_type=2 2 2 2 2 2
left_child=1 2 -1 -2 -4 -3
right_child=3 5 4 -5 -6 -7
leaf_value=0.0025634857953026257 0.031645150449842722 0.0092979143939865803 0 0 -0.024710060965699037 -0.0020389377061422512
leaf_weight=2.0846680402755764 8.4370427876710874 3.3732241839170447 2.0261768400669125 2.1050432324409476 23.287827402353287 3.646184429526329
leaf_count=10 36 16 10 10 122 19
internal_value=0 -0.0141852 -0.0194284 0.0283342 -0.0231516 0.00214575
internal_weight=44.9602 34.4181 27.3987 10.5421 25.314 7.01941
internal_count=223 177 142 46 132 35
is_linear=0
shrinkage=0.03


Tree=12
num_leaves=7
num_cat=0
split_feature=12 0 60 68 46 30
split_gain=28.7198 9.68242 1.13278 1.23679 1.10813 1.13344
threshold=0.30952382087707525 1.1666666865348818 0.0030000000260770325 11.441227912902834 0.081586226820945754 0.14627855271101001
decision_type=2 2 2 10 2 2
left_child=4 2 3 -2 -1 -6
right_child=1 -3 -4 -5 5 -7
leaf_value=0 0 0.033169055846456748 -0.0063446685009257509 0.011092531360414977 0 -0.020742271749886836
leaf_weight=1.9763472229242349 3.4774492383003253 11.422811403870581 5.204744353890419 2.3577374666929245 2.0247428864240673 20.256804227828979
leaf_count=10 17 49 26 11 10 109
internal_value=0.000362284 0.0213916 0 0.00507245 -0.0179194 -0.0192784
internal_weight=46.7206 22.4627 11.0399 5.83519 24.2579 22.2815
internal_count=232 103 54 28 129 119
is_linear=0
shrinkage=0.03


Tree=13
num_leaves=7
num_cat=0
split_feature=12 1 47 60 68 29
split_gain=30.0953 7.76229 1.65931 0.834088 1.19345 0.602781
threshold=0.36666667461395269 0.83333334326744091 0.16693903505802157 0.0030000000260770325 697.16046142578136 0.2463038116693497
decision_type=2 2 2 2 8 2
left_child=2 3 -1 4 -2 -4
right_child=1 -3 5 -5 -6 -7
leaf_value=0 0.01087814440457212 0.031442617934975048 0 -0.0049548081284681049 0 -0.022862894622633433
leaf_weight=3.6774251461029079 2.3878736644983309 12.178957894444464 2.6512181758880642 4.6181278377771378 4.1132775098085403 17.131300672888756
leaf_count=19 11 52 14 23 20 93
internal_value=0.000138184 0.0211825 -0.0190526 0 0.00487277 -0.0214001
internal_weight=46.7582 23.2982 23.4599 11.1193 6.50115 19.7825
internal_count=232 106 126 54 31 107
is_linear=0
shrinkage=0.03


Tree=14
num_leaves=7
num_cat=0
split_feature=0 68 60 30 47 52
split_gain=31.8312 7.80766 4.06747 2.07281 1.76401 0.270338
threshold=2.1666666269302373 697.16046142578136 0.0030000000260770325 0.35304744541645056 0.085297085344791426 -0.35618743300437922
decision_type=2 8 2 2 2 2
left_child=1 2 3 -1 -3 -4
right_child=-2 4 5 -5 -6 -7
leaf_value=0.018538541043482851 0.03271722901556301 0 -0.00813731963064423 0 -0.021912926193242012 0
leaf_weight=4.2575859129428846 12.074995636940001 2.5156402289867428 5.2246830016374588 3.7495419383049011 18.988109469413757 1.9663570225238789
leaf_count=20 51 12 27 20 103 10
internal_value=0.00268863 -0.0107962 0.00234512 0.0129814 -0.0197848 -0.00667001
internal_weight=48.7769 36.7019 15.1982 8.00713 21.5037 7.19104
internal_count=243 192 77 40 115 37
is_linear=0
shrinkage=0.03


Tree=15
num_leaves=7
num_cat=0
split_feature=0 61 54 28 42 61
split_gain=32.6647 6.69535 3.75672 1.62571 0.496588 0.0944929
threshold=1.8333333134651186 1.0000000180025095e-35 0.069159060716629042 0.25222551822662359 0.18874773383140567 0.007400000002235175
decision_type=2 2 2 2 2 2
left_child=1 2 -1 -3 -4 -5
right_child=-2 3 4 5 -6 -7
leaf_value=5.3582164412676083e-05 0.030822072890062648 0.010885417947785508 0 0 -0.02323076872909647 -0.0033614276552856232
leaf_weight=2.0887586623430279 12.545121863484381 3.4705749154090872 2.7798970639705685 1.8939313143491743 22.728081822395325 2.5072848051786423
leaf_count=10 53 16 15 10 122 13
internal_value=0.000549055 -0.0132627 -0.0191825 0.00325451 -0.0220189 -0.00197684
internal_weight=48.0137 35.4685 27.5967 7.87179 25.508 4.40122
internal_count=239 186 147 39 137 23
is_linear=0
shrinkage=0.03


Tree=16
num_leaves=7
num_cat=0
split_feature=0 68 14 54 60 43
split_gain=24.9767 7.50865 5.04944 4.87196 3.44128 1.19048
threshold=1.8333333134651186 376.21420288085943 8.2942690849304217 0.069159060716629042 0.0061999999452382335 0.15714317560195926
decision_type=2 8 2 2 2 2
left_child=1 4 -2 -3 -1 -5
right_child=2 3 -4 5 -6 -7
leaf_value=0.014584936248014494 0.033272474654307924 0.0024275336436490203 0 0 -0.0043729560006581202 -0.023030145529496313
leaf_weight=5.3196638077497465 10.213265657424925 2.1067406684160259 2.294587865471839 2.1736822128295925 5.271667554974556 21.136372312903404
leaf_count=26 42 10 11 11 27 116
internal_value=0.00174938 -0.0102412 0.0281476 -0.0177269 0.00469392 -0.0215316
internal_weight=48.516 36.0081 12.5079 25.4168 10.5913 23.3101
internal_count=243 190 53 137 53 127
is_linear=0
shrinkage=0.03


Tree=17
num_leaves=7
num_cat=0
split_feature=0 68 60 22 43 14
split_gain=22.7191 7.43265 5.96513 1.21395 0.754936 0.547899
threshold=2.1666666269302373 697.16046142578136 0.0061999999452382335 0.61340612173080455 0.16046787053346637 12.842658996582033
decision_type=2 8 2 2 2 2
left_child=1 2 3 -1 -3 -2
right_child=5 4 -4 -5 -6 -7
leaf_value=0.018838400683480892 0.029740513325751384 0 -0.0079766791363743254 0 -0.019919765839162037 0
leaf_weight=5.6503935009241086 9.5314123034477216 2.31295117735863 7.9027767330408096 1.8737063556909559 17.863564804196358 2.1755581498146048
leaf_count=27 39 12 41 10 99 10
internal_value=0.00210773 -0.00927066 0.00302083 0.015956 -0.0185437 0.0278053
internal_weight=47.3104 35.6034 15.4269 7.5241 20.1765 11.707
internal_count=238 189 78 37 111 49
is_linear=0
shrinkage=0.03


Tree=18
num_leaves=7
num_cat=0
split_feature=58 30 60 68 54 68
split_gain=22.2902 13.7149 3.91857 2.63081 1.39471 0.293294
threshold=0.011799999978393318 0.31507937610149389 0.57420000433921825 1.0000000180025095e-35 0.08475163578987123 150.08340454101565
decision_type=2 2 2 10 2 8
left_child=1 2 3 -1 -3 -2
right_child=5 4 -4 -5 -6 -7
leaf_value=0 0 0.0017956579988683927 0 0.036228408952090604 -0.0089705303734880747 -0.02057364726489162
leaf_weight=4.4237515628337922 1.7374490201473207 4.1941224485635749 2.0462324917316428 11.479288458824156 8.7085448652505857 14.076369151473045
leaf_count=21 9 20 10 49 48 78
internal_value=0.00142714 0.0158397 0.0282448 0.0315744 -0.00359512 -0.0196102
internal_weight=46.6658 30.8519 17.9493 15.903 12.9027 15.8138
internal_count=235 148 80 70 68 87
is_linear=0
shrinkage=0.03


Tree=19
num_leaves=6
num_cat=0
split_feature=12 60 58 48 54
split_gain=24.9622 7.13799 6.37734 2.36071 2.30364
threshold=0.36666667461395269 0.31399999558925634 0.045199999585747726 0.13498388230800631 0.079683117568492903
decision_type=2 2 2 2 2
left_child=4 2 3 -2 -1
right_child=1 -3 -4 -5 -6
leaf_value=0 0.032197229438988895 -0.0035894630943352976 -0.00095245998489258807 0 -0.019441645386141203
leaf_weight=1.9670304656028772 15.603895172476777 3.2319219559431067 2.5060801655054084 2.4507936388254157 22.022059112787247
leaf_count=10 68 16 13 11 124
internal_value=7.57601e-05 0.0191835 0.0247297 0.029502 -0.0171786
internal_weight=47.7818 23.7927 20.5608 18.0547 23.9891
internal_count=242 108 92 79 134
is_linear=0
shrinkage=0.03


Tree=20
num_leaves=7
num_cat=0
split_feature=12 0 47 60 68 68
split_gain=16.47 5.323 2.14453 1.358 1.40708 0.288425
threshold=0.30952382087707525 1.1666666865348818 0.10037372633814813 0.00059999998484272521 697.16046142578136 292.94918823242193
decision_type=2 2 2 2 8 8
left_child=2 3 -1 4 -2 -4
right_child=1 -3 5 -5 -6 -7
leaf_value=0 0.0115136498616932 0.023588389416597595 0 -0.0073539444960742254 -0.00024486712181185841 -0.019890967935567914
leaf_weight=1.960530743002894 2.7032621949911135 10.029654964804648 3.7213715761899975 4.8620848506689072 3.7207570225000381 16.958054557442665
leaf_count=10 12 42 20 25 19 98
internal_value=-0.000369142 0.0142444 -0.0161149 0 0.00504756 -0.0184173
internal_weight=43.9557 21.3158 22.64 11.2861 6.42402 20.6794
internal_count=226 98 128 56 31 118
is_linear=0
shrinkage=0.03


Tree=21
num_leaves=7
num_cat=0
split_feature=12 0 30 47 60 68
split_gain=19.3255 4.7021 2.18113 1.21917 0.958597 1.34614
threshold=0.50757575035095226 0.83333334326744091 0.13510000705718997 0.13558906316757205 0.00059999998484272521 752.01473999023449
decision_type=2 2 2 2 2 8
left_child=2 4 -1 -4 5 -2
right_child=1 -3 3 -5 -6 -7
leaf_value=0 0.011602179881048391 0.027440426252956118 0 -0.01813036719712709 -0.005124307036874191 0
leaf_weight=2.4295434504747417 2.6923833936452883 10.275624185800551 2.7149310410022762 18.776586756110191 3.9282307624816895 2.8431085199117661
leaf_count=12 12 42 14 108 20 14
internal_value=0.000875425 0.019263 -0.0137346 -0.0162951 0 0.0056561
internal_weight=43.6604 19.7393 23.9211 21.4915 9.46372 5.53549
internal_count=222 88 134 122 46 26
is_linear=0
shrinkage=0.03


Tree=22
num_leaves=7
num_cat=0
split_feature=0 26 51 58 14 24
split_gain=20.7295 6.12882 3.43246 1.91972 1.31411 0.0149972
threshold=2.1666666269302373 0.14372427761554721 -0.41610644757747645 0.003199999919161201 8.2942690849304217 0.53175202012062084
decision_type=2 2 2 2 2 2
left_child=1 3 -3 -1 -2 -4
right_child=4 2 5 -5 -6 -7
leaf_value=0.011063595884647861 0.027967525731706064 -0.02091073838670731 0.0010363863541361289 -0.0029328019163740726 0 0
leaf_weight=5.5804622471332532 9.192801356315611 20.079408764839172 2.5663595497608211 3.1162224560976028 2.4160244017839423 2.4446890652179718
leaf_count=26 37 116 13 16 11 13
internal_value=0.000475283 -0.010513 -0.0169346 0.00395304 0.0252982 0
internal_weight=45.396 33.7871 25.0905 8.69668 11.6088 5.01105
internal_count=232 184 142 42 48 26
is_linear=0
shrinkage=0.03


Tree=23
num_leaves=5
num_cat=0
split_feature=0 54 68 54
split_gain=17.5121 6.205 6.00902 1.58395
threshold=3.5000000000000004 0.069159060716629042 376.21420288085943 0.56555533409118663
decision_type=2 2 8 2
left_child=1 -1 3 -3
right_child=-2 2 -4 -5
leaf_value=0.0093289116668885067 0.026127837050207405 -0.0035061159813906412 -0.020566290370983863 0.0094127395296419135
leaf_weight=3.2551210671663275 8.4600578695535642 6.5359366238117236 20.802456706762314 3.8849170655012131
leaf_count=15 34 34 119 19
internal_value=0.000853881 -0.00847868 -0.0136033 0.000622804
internal_weight=42.9385 34.4784 31.2233 10.4209
internal_count=221 187 172 53
is_linear=0
shrinkage=0.03


Tree=24
num_leaves=7
num_cat=0
split_feature=12 58 32 47 55 36
split_gain=20.4323 5.3238 3.79939 1.37558 1.0347 0.456532
threshold=0.50757575035095226 0.018600000068545345 0.15498365461826327 0.13558906316757205 0.14797452092170718 0.077054243534803404
decision_type=2 2 2 2 2 2
left_child=2 4 -1 -4 5 -2
right_child=1 -3 3 -5 -6 -7
leaf_value=0.0011223191982493396 0 -0.0011531290368237009 0 -0.020750938232035797 0 0.028426938318156403
leaf_weight=3.1891845017671612 2.743050739169127 3.3033139407634726 2.9501734822988537 18.634803041815758 2.8303097337484351 10.808969944715498
leaf_count=16 13 17 16 111 13 45
internal_value=0 0.0189851 -0.0148702 -0.0187399 0.0242179 0.0263918
internal_weight=44.4598 19.6856 24.7742 21.585 16.3823 13.552
internal_count=231 88 143 127 71 58
is_linear=0
shrinkage=0.03


Tree=25
num_leaves=7
num_cat=0
split_feature=12 0 30 54 68 60
split_gain=21.4519 6.27267 2.97786 2.20316 0.565081 1.42186
threshold=0.50757575035095226 0.83333334326744091 0.12004877626895906 0.079683117568492903 752.01473999023449 0.036400001496076591
decision_type=2 2 2 2 8 2
left_child=2 4 -1 -4 5 -2
right_child=1 -3 3 -5 -6 -7
leaf_value=0.00080691533852859834 0.010623127515468157 0.029306958904156535 0 -0.019126155537699321 -0.0046395950117447656 -0.0017398146806507778
leaf_weight=2.4970160126686123 2.9062579721212396 12.331242755055426 1.9791006892919565 19.382935136556625 3.7295966297388086 1.9656921476125715
leaf_count=12 13 50 10 116 19 10
internal_value=0.00242394 0.0209179 -0.0134155 -0.0167183 0 0.00378476
internal_weight=44.7918 20.9328 23.8591 21.362 8.60155 4.87195
internal_count=230 92 138 126 42 23
is_linear=0
shrinkage=0.03


Tree=26
num_leaves=7
num_cat=0
split_feature=12 4 30 60 52 52
split_gain=23.0863 5.34933 2.67673 0.889497 0.70553 0.000836866
threshold=0.50757575035095226 0.0055944493506103763 0.13510000705718997 0.00059999998484272521 -0.38562110066413874 -0.3386028110980987
decision_type=2 10 2 2 2 2
left_child=2 3 -1 -2 -4 -6
right_child=1 -3 4 -5 5 -7
leaf_value=0 0.0051253765873857243 0.027636472000689461 -0.0200583288224097 -0.0055658860227706152 0 -0.00024692221306560423
leaf_weight=2.2471689432859447 3.8378940671682384 12.887287914752958 17.784975379705436 4.1073668748140335 1.9985025376081464 2.3531661480665163
leaf_count=11 18 53 108 21 11 13
internal_value=0.00065296 0.0202685 -0.0153815 0 -0.0181134 0
internal_weight=45.2164 20.8325 24.3838 7.94526 22.1366 4.35167
internal_count=235 92 143 39 132 24
is_linear=0
shrinkage=0.03


Tree=27
num_leaves=7
num_cat=0
split_feature=1 47 14 61 42 51
split_gain=19.3625 5.51259 5.28487 2.10037 1.42331 0.146851
threshold=1.1666666865348818 0.085297085344791426 13.221588611602785 0.0022000001044943933 0.18874773383140567 -0.58422663807868946
decision_type=2 2 2 2 2 2
left_child=1 -1 -2 4 -3 -5
right_child=2 3 -4 5 -6 -7
leaf_value=0.0043763770383966069 0.027250496123318303 0 0 0.0020854668876831451 -0.022517575773452054 -0.0024036982512893753
leaf_weight=4.0269027203321484 10.157806545495985 2.093505308032042 3.4995133727788916 2.1970597505569458 19.73646605014801 3.6937362700700751
leaf_count=19 41 12 19 11 117 19
internal_value=0 -0.013145 0.0207771 -0.0177664 -0.0208194 0
internal_weight=45.405 31.7477 13.6573 27.7208 21.83 5.8908
internal_count=238 178 60 159 129 30
is_linear=0
shrinkage=0.03


Tree=28
num_leaves=6
num_cat=0
split_feature=0 32 47 60 53
split_gain=18.1648 4.74835 3.16805 1.40208 1.52463
threshold=2.1666666269302373 0.19966991245746615 0.085297085344791426 0.00059999998484272521 -0.49601510167121882
decision_type=2 2 2 2 2
left_child=1 3 -3 4 -1
right_child=-2 2 -4 -5 -6
leaf_value=0 0.024129771624760148 0 -0.019554702173997754 -0.0029122801639968774 0.013793535620842028
leaf_weight=1.9369273036718366 10.247903630137442 2.9131096154451397 20.317675456404686 3.1159792095422745 3.7365401834249479
leaf_count=10 42 14 124 16 17
internal_value=0 -0.0104161 -0.0162192 0.00219747 0.00889953
internal_weight=42.2681 32.0202 23.2308 8.78945 5.67347
internal_count=223 181 138 43 27
is_linear=0
shrinkage=0.03


Tree=29
num_leaves=6
num_cat=0
split_feature=32 47 58 0 2
split_gain=19.594 8.14714 5.42494 0.104374 0.0577723
threshold=0.19966991245746615 0.090125467628240599 0.018600000068545345 0.83333334326744091 1.4670542478561404
decision_type=2 2 2 2 2
left_child=2 3 4 -2 -1
right_child=1 -3 -4 -5 -6
leaf_value=0.025792248925494355 0 -0.021599115829389951 -0.00134542361003466 0.00678726244763785 0
leaf_weight=11.869832068681719 2.1830736994743374 21.805770725011826 3.2867413014173499 2.688944935798645 2.4293446391820899
leaf_count=51 11 133 17 11 11
internal_value=0 -0.0147653 0.018692 0.00574355 0.0244252
internal_weight=44.2637 26.6778 17.5859 4.87202 14.2992
internal_count=234 155 79 22 62
is_linear=0
shrinkage=0.03


Tree=30
num_leaves=7
num_cat=0
split_feature=12 4 32 58 68 58
split_gain=17.8451 5.49121 3.29433 0.481767 0.162768 0.417024
threshold=0.50757575035095226 0.0055944493506103763 0.19966991245746615 0.005799999926239253 752.01473999023449 1.0000000180025095e-35
decision_type=2 10 2 2 8 2
left_child=2 4 3 -1 5 -2
right_child=1 -3 -4 -5 -6 -7
leaf_value=0.0057519222145340334 0.0054959925856762435 0.026012020837940738 -0.016821162488409636 -0.00074307349463642038 -0.0031938299542477256 0
leaf_weight=2.9811295866966274 3.0642788410186776 12.627172276377676 20.774547681212425 1.764119356870651 2.469346061348916 2.7627412974834442
leaf_count=14 14 52 129 10 13 14
internal_value=0.00096541 0.0183106 -0.0127179 0.000401814 0 0.00110421
internal_weight=46.4433 20.9235 25.5198 4.74525 8.29637 5.82702
internal_count=246 93 153 24 41 28
is_linear=0
shrinkage=0.03


Tree=31
num_leaves=6
num_cat=0
split_feature=0 54 22 15 58
split_gain=22.7097 6.5613 2.14194 1.1517 0.547969
threshold=1.8333333134651186 0.069159060716629042 0.030558655038475994 5.6700842380523691 0.005799999926239253
decision_type=2 2 2 2 2
left_child=1 -1 -3 -4 -2
right_child=4 2 3 -5 -6
leaf_value=0.0083914573625052946 0.026769450976502265 0 -0.019909512343599511 0 0
leaf_weight=2.3774133026599911 11.829058662056921 2.6900047808885601 23.764547631144527 1.9310909807682026 2.0394033938646308
leaf_count=11 48 13 144 10 10
internal_value=0.00133198 -0.0114948 -0.0164756 -0.0185986 0.0251935
internal_weight=44.6315 30.7631 28.3856 25.6956 13.8685
internal_count=236 178 167 154 58
is_linear=0
shrinkage=0.03


Tree=32
num_leaves=7
num_cat=0
split_feature=0 61 54 43 17 46
split_gain=16.9123 6.13042 5.38134 2.28247 1.46058 1.27027
threshold=2.1666666269302373 1.0000000180025095e-35 0.069159060716629042 0.15714317560195926 0.68966230750083934 0.20967218279838565
decision_type=2 2 2 2 2 2
left_child=1 2 -1 -4 -2 -3
right_child=4 5 3 -5 -6 -7
leaf_value=0.0039260010343066237 0.025667246263502745 0 0 -0.022532358736594049 0 0.011060503364049326
leaf_weight=2.3298071175813702 9.4087827056646329 4.1959428191184989 2.3054836243391064 20.523520842194557 2.2520393133163443 3.4431087076663971
leaf_count=11 38 22 12 128 10 17
internal_value=0.000672471 -0.00938999 -0.0158113 -0.0202356 0.0230136 0.00533112
internal_weight=44.4587 32.7979 25.1588 22.829 11.6608 7.63905
internal_count=238 190 151 140 48 39
is_linear=0
shrinkage=0.03


Tree=33
num_leaves=6
num_cat=0
split_feature=3 54 17 15 14
split_gain=15.6895 4.71074 3.29593 1.96747 0.935602
threshold=3.1666666269302373 0.069159060716629042 0.021675205789506439 5.6700842380523691 3.333457469940186
decision_type=2 2 2 2 2
left_child=1 -1 -3 -4 -2
right_child=4 2 3 -5 -6
leaf_value=0.0060333955673803662 0.023797479192709168 0.001208893131085041 -0.019218581176012845 0 0
leaf_weight=2.8640879839658764 8.9567664265632612 2.3293074667453793 24.431628301739696 2.12987196445465 2.2979987114667884
leaf_count=13 36 11 151 11 11
internal_value=0 -0.0100615 -0.014341 -0.0173034 0.0215749
internal_weight=43.0097 31.7549 28.8908 26.5615 11.2548
internal_count=233 186 173 162 47
is_linear=0
shrinkage=0.03


Tree=34
num_leaves=6
num_cat=0
split_feature=0 54 68 47 57
split_gain=19.4145 5.28293 3.28936 0.580015 0.371452
threshold=2.1666666269302373 0.069159060716629042 292.94918823242193 0.73610010743141185 0.99900001287460338
decision_type=2 2 8 2 2
left_child=1 -1 3 -3 -4
right_child=-2 2 4 -5 -6
leaf_value=0.0064694984928639829 0.024222797306302387 -0.0027490367047092305 -0.020224748713668708 0.0058969245894624203 0
leaf_weight=2.8348224759101894 11.505223110318182 4.7275409996509579 20.242128461599354 1.8110674023628233 1.7386677563190449
leaf_count=13 47 26 129 9 10
internal_value=0.000240173 -0.0108386 -0.0153496 0 -0.0193997
internal_weight=42.8595 31.3542 28.5194 6.53861 21.9808
internal_count=234 187 174 35 139
is_linear=0
shrinkage=0.03


Tree=35
num_leaves=6
num_cat=0
split_feature=0 32 47 60 53
split_gain=15.6933 4.87505 2.1643 1.66043 0.683867
threshold=2.1666666269302373 0.19966991245746615 0.085297085344791426 0.00059999998484272521 -0.46945028007030482
decision_type=2 2 2 2 2
left_child=1 3 -3 4 -1
right_child=-2 2 -4 -5 -6
leaf_value=0 0.021398702525707282 0 -0.019448479181176089 -0.0039429337264499384 0.012002864108395702
leaf_weight=2.492739737033844 10.288784861564634 2.8482062965631512 19.373426482081413 3.4738914519548416 3.5990217477083224
leaf_count=13 42 14 127 18 16
internal_value=0 -0.0107552 -0.0168629 0.00173365 0.00913801
internal_weight=42.0761 31.7873 22.2216 9.56565 6.09176
internal_count=230 188 141 47 29
is_linear=0
shrinkage=0.03


Tree=36
num_leaves=7
num_cat=0
split_feature=12 60 58 47 31 55
split_gain=16.3141 5.44316 5.32103 1.6763 1.45117 0.635086
threshold=0.30952382087707525 0.1418000012636185 0.053400000557303436 0.13558906316757205 0.15461797267198565 0.14797452092170718
decision_type=2 2 2 2 2 2
left_child=3 2 5 -1 -5 -2
right_child=1 -3 -4 4 -6 -7
leaf_value=0 0.027966062240784295 -0.0015145480251026304 -0.0013468517601612081 0 -0.018144740001909857 0
leaf_weight=2.1040247231721905 15.436961412429818 4.6308014541864386 1.93761447072029 2.6220859140157726 14.620888933539389 2.8694414794445029
leaf_count=12 66 24 11 15 100 13
internal_value=0.00234718 0.016669 0.0219378 -0.0134276 -0.0157988 0.0261271
internal_weight=44.2218 24.8748 20.244 19.347 17.243 18.3064
internal_count=241 114 90 127 115 79
is_linear=0
shrinkage=0.03


Tree=37
num_leaves=7
num_cat=0
split_feature=68 60 58 11 52 30
split_gain=13.1193 7.18659 3.54926 3.32908 0.87135 0.611807
threshold=697.16046142578136 0.077600002288818373 0.011799999978393318 5.6070852279663095 -0.38562110066413874 0.35304744541645056
decision_type=8 2 2 2 2 2
left_child=1 2 5 4 -2 -1
right_child=3 -3 -4 -5 -6 -7
leaf_value=0.029103643963199671 -0.018897886934333672 -0.0030791458116173052 0 0.0013823239339240451 0 0
leaf_weight=10.00210100412369 14.307308569550518 6.3368791192769995 2.9049997180700293 3.2391968965530387 3.8598597198724756 2.1848635375499716
leaf_count=42 92 35 17 17 21 12
internal_value=0.000223873 0.0148001 0.0229337 -0.0125236 -0.0167436 0.0271808
internal_weight=42.8352 21.4288 15.092 21.4064 18.1672 12.187
internal_count=236 106 71 130 113 54
is_linear=0
shrinkage=0.03


Tree=38
num_leaves=6
num_cat=0
split_feature=0 47 68 55 43
split_gain=14.2038 4.8745 3.76484 1.20081 0.26446
threshold=3.5000000000000004 0.085297085344791426 505.51928710937506 0.071368448436260237 0.15714317560195926
decision_type=2 2 8 2 2
left_child=1 -1 3 -3 -4
right_child=-2 2 4 -5 -6
leaf_value=0.006215042289854332 0.022175166522098815 0.0058546043631496738 0 -0.0059075993583567578 -0.0204126919828817
leaf_weight=4.5061841607093802 9.6091937273740751 6.7956882566213626 1.7148378491401697 4.4709135293960571 15.427346169948576
leaf_count=21 39 36 9 26 101
internal_value=0.000145415 -0.00855644 -0.0134697 0 -0.0195342
internal_weight=42.5242 32.915 28.4088 11.2666 17.1422
internal_count=232 193 172 62 110
is_linear=0
shrinkage=0.03


Tree=39
num_leaves=7
num_cat=0
split_feature=0 68 60 4 30 56
split_gain=12.8266 6.5891 2.8958 0.975139 0.961501 0.53256
threshold=2.1666666269302373 697.16046142578136 0.0030000000260770325 0.0050959466025233277 0.34000758826732641 -0.33964037895202631
decision_type=2 8 2 8 2 2
left_child=1 2 4 -3 -1 -5
right_child=-2 3 -4 5 -6 -7
leaf_value=0.015859146719552773 0.020360720556886962 0 -0.0038999295099506706 -0.019696013830258614 0 0
leaf_weight=4.0830900520086271 11.77842655777931 2.216149345040324 6.9795748591423035 14.55367211997509 3.3013137876987457 1.4494904726743705
leaf_count=18 49 14 40 97 20 8
internal_value=0.000971535 -0.00776385 0.00367331 -0.0170134 0.0124086 -0.0186514
internal_weight=44.3617 32.5833 14.364 18.2193 7.3844 16.0032
internal_count=246 197 78 119 38 105
is_linear=0
shrinkage=0.03


Tree=40
num_leaves=7
num_cat=0
split_feature=12 68 60 31 0 39
split_gain=15.6766 4.45266 4.62006 1.15591 0.709624 0.422556
threshold=0.36666667461395269 752.01473999023449 0.34340000152587896 0.15461797267198565 1.8333333134651186 0.15392476320266726
decision_type=2 8 2 2 2 2
left_child=3 2 -2 -1 -3 -5
right_child=1 4 -4 5 -6 -7
leaf_value=0 0.026229101644331215 -0.0056410450151692581 -0.00012352601215124664 -0.017961216242816835 0.0035438513089149789 0
leaf_weight=2.770389378070834 12.933426752686502 5.052588313817977 2.1641334891319266 14.544931903481485 2.7134725302457809 1.5731795728206623
leaf_count=16 55 27 11 102 11 9
internal_value=0.000133501 0.0152193 0.0215169 -0.0149975 0 -0.0169886
internal_weight=41.7521 22.8636 15.0976 18.8885 7.76606 16.1181
internal_count=231 104 66 127 38 111
is_linear=0
shrinkage=0.03


Tree=41
num_leaves=6
num_cat=0
split_feature=58 0 68 60 56
split_gain=11.7801 6.37075 0.698611 1.1246 0.123921
threshold=0.011799999978393318 1.1666666865348818 752.01473999023449 1.0000000180025095e-35 -0.37773197889327997
decision_type=2 2 8 2 2
left_child=1 2 3 -1 -4
right_child=-2 -3 4 -5 -6
leaf_value=0.0091635632955186057 -0.015101546223597948 0.022805272583541574 -0.0060732238192485778 -0.00091157867962549924 0
leaf_weight=3.8416456133127221 11.947308003902434 11.99103197455406 5.6809040158987028 4.1370055377483368 2.1391597688198116
leaf_count=19 79 51 37 24 12
internal_value=0.001464 0.0122852 0 0.00300088 -0.00511838
internal_weight=39.7371 27.7897 15.7987 7.97865 7.82006
internal_count=222 143 92 43 49
is_linear=0
shrinkage=0.03


Tree=42
num_leaves=7
num_cat=0
split_feature=12 58 60 18 48 68
split_gain=13.3835 6.32996 4.10302 1.59646 1.09786 0.519121
threshold=0.30952382087707525 0.016199999488890175 0.31399999558925634 0.35518549382686621 0.13498388230800631 606.43356323242199
decision_type=2 2 2 2 2 8
left_child=3 2 4 5 -2 -1
right_child=1 -3 -4 -5 -6 -7
leaf_value=0.0048784354677018655 0.026146439712141884 -0.003825392822752014 0 -0.016245813772584605 0 -0.0036685115273875817
leaf_weight=2.2630384713411358 16.497839078307162 4.4328752458095542 2.5461664199829093 12.088992729783056 2.1506273150444022 3.0301309376955032
leaf_count=13 71 25 13 82 10 23
internal_value=0.00236401 0.0149364 0.0207522 -0.0126663 0.0244505 0
internal_weight=43.0097 25.6275 21.1946 17.3822 18.6485 5.29317
internal_count=237 119 94 118 81 36
is_linear=0
shrinkage=0.03


Tree=43
num_leaves=7
num_cat=0
split_feature=0 68 47 60 57 30
split_gain=12.8907 6.31223 2.9386 1.45313 0.609472 0.393851
threshold=2.1666666269302373 376.21420288085943 0.085297085344791426 0.0061999999452382335 0.99900001287460338 0.34000758826732641
decision_type=2 8 2 2 2 2
left_child=1 3 -3 5 -4 -1
right_child=-2 2 4 -5 -6 -7
leaf_value=0.01319217413380757 0.02086486108180792 0 -0.020161808251372221 -6.8602138142380921e-05 0 0
leaf_weight=3.197525694966318 11.929994061589239 3.7417182475328472 15.745949417352676 4.4852040857076645 1.5338425636291511 2.3379357010126114
leaf_count=14 50 18 109 25 9 14
internal_value=0.0017992 -0.00736459 -0.0153112 0.00563001 -0.0190666 0.0111815
internal_weight=42.9722 31.0422 21.0215 10.0207 17.2798 5.53546
internal_count=239 189 136 53 118 28
is_linear=0
shrinkage=0.03


Tree=44
num_leaves=7
num_cat=0
split_feature=12 0 51 31 60 68
split_gain=11.2207 4.58749 0.753755 1.05049 0.697889 1.19526
threshold=0.30952382087707525 1.1666666865348818 -0.39158758521080012 0.15461797267198565 0.00059999998484272521 752.01473999023449
decision_type=2 2 2 2 2 8
left_child=2 4 3 -1 5 -2
right_child=1 -3 -4 -5 -6 -7
leaf_value=0 0.0098745043019270694 0.02103909762742211 0 -0.015826721274905756 -0.0054178041897542766 -0.00078738646996126635
leaf_weight=2.7381500303745332 2.8560440838336962 12.630462959408758 2.0006073117256156 13.441411182284353 5.0463522672653198 3.9440475553274155
leaf_count=16 12 53 12 96 28 21
internal_value=0.000846753 0.0130689 -0.0122777 -0.0137176 0 0.00333139
internal_weight=42.6571 24.4769 18.1802 16.1796 11.8464 6.80009
internal_count=238 114 124 112 61 33
is_linear=0
shrinkage=0.03


Tree=45
num_leaves=7
num_cat=0
split_feature=58 28 60 68 51 53
split_gain=12.7613 7.20844 2.28492 1.43803 1.26773 0.408709
threshold=0.005799999926239253 0.53557017445564281 0.31399999558925634 1.0000000180025095e-35 -0.41610644757747645 -0.32660371065139765
decision_type=2 2 2 10 2 2
left_child=1 2 3 -1 -2 -3
right_child=4 5 -4 -5 -6 -7
leaf_value=0 -0.0162670450057491 -0.0064055735343522833 0 0.026586928119524754 0 0
leaf_weight=3.7428071573376753 13.276179097592829 4.9736671149730682 2.4918623566627494 12.864901103079317 1.6173920929431904 1.8894626274704922
leaf_count=18 91 34 14 56 9 11
internal_value=0.00142876 0.013517 0.0209827 0.0236388 -0.0141983 -0.00382371
internal_weight=40.8563 25.9627 19.0996 16.6077 14.8936 6.86313
internal_count=233 133 88 74 100 45
is_linear=0
shrinkage=0.03


Tree=46
num_leaves=6
num_cat=0
split_feature=0 54 68 42 55
split_gain=12.2306 4.73085 3.2575 1.67426 1.28918
threshold=3.5000000000000004 0.069159060716629042 313.60475158691412 0.18874773383140567 -0.031893096864223473
decision_type=2 2 8 2 2
left_child=1 -1 4 -4 -3
right_child=-2 2 3 -5 -6
leaf_value=0.0065995237370624913 0.020021098166597855 0.0081598554943289187 0 -0.01971378002662183 -0.004507160539933895
leaf_weight=3.5952530354261389 9.3707350641489011 2.7092739194631577 2.6515709385275867 19.197546310722828 5.4587785899639147
leaf_count=16 39 12 17 128 31
internal_value=0 -0.00862307 -0.0131392 -0.0175774 0
internal_weight=42.9832 33.6124 30.0172 21.8491 8.16805
internal_count=243 204 188 145 43
is_linear=0
shrinkage=0.03


Tree=47
num_leaves=7
num_cat=0
split_feature=58 1 62 68 60 56
split_gain=9.73074 5.76573 1.1927 0.914845 1.23137 0.324297
threshold=0.011799999978393318 0.83333334326744091 0.55140000581741344 752.01473999023449 0.10199999809265138 -0.37773197889327997
decision_type=2 2 2 8 2 2
left_child=1 3 -2 4 -1 -5
right_child=2 -3 -4 5 -6 -7
leaf_value=0.0096761534188255019 -0.01478132433833405 0.021665253557410943 0 -0.0075591635634620607 -0.00098809587869365867 0
leaf_weight=4.1456553190946588 10.71287966519594 13.027464933693407 1.3669091835618008 5.5034806877374631 3.4716240167617798 1.7207107394933725
leaf_count=20 74 57 8 37 21 9
internal_value=0.00250713 0.0121817 -0.0125038 0 0.00360806 -0.00587259
internal_weight=39.9487 27.8689 12.0798 14.8415 7.61728 7.22419
internal_count=226 144 82 87 41 46
is_linear=0
shrinkage=0.03


Tree=48
num_leaves=7
num_cat=0
split_feature=12 9 47 60 29 38
split_gain=8.87392 4.39219 1.38988 0.959187 0.843498 0.839367
threshold=0.30952382087707525 1.1666666865348818 0.16693903505802157 0.00059999998484272521 0.2463038116693497 0.15038478374481204
decision_type=2 2 2 2 2 2
left_child=2 3 -1 5 -4 -2
right_child=1 -3 4 -5 -6 -7
leaf_value=0 0.0087453765999247583 0.019526572854427899 0 -0.0064945618876059456 -0.015691607930634399 0
leaf_weight=3.0990806594491032 2.5866167098283785 11.373891741037367 2.0781113207340232 5.5539314746856689 13.555348902940748 3.9840205013751984
leaf_count=19 11 49 14 31 100 20
internal_value=0 0.0111928 -0.0114849 0 -0.0140232 0.00353623
internal_weight=42.231 23.4985 18.7325 12.1246 15.6335 6.57064
internal_count=244 111 133 62 114 31
is_linear=0
shrinkage=0.03


Tree=49
num_leaves=7
num_cat=0
split_feature=3 61 46 60 14 5
split_gain=10.5005 3.43505 2.33468 1.53633 1.34762 1.06829
threshold=3.1666666269302373 1.0000000180025095e-35 0.067703194916248335 0.00059999998484272521 8.2942690849304217 0.68173515796661388
decision_type=2 2 2 2 2 2
left_child=1 2 -1 -3 -2 -4
right_child=4 3 5 -5 -6 -7
leaf_value=0 0.020267686291727684 0.0098458044267317069 -0.017569413705533318 -0.0027787591711450907 0 0
leaf_weight=1.9466580003500045 9.4135027378797513 4.0264153778552991 18.371249742805961 4.0047922283411026 2.0756715759634963 1.8218797221779812
leaf_count=9 40 19 128 23 10 11
internal_value=0 -0.00818115 -0.0133115 0.0021732 0.0177387 -0.016069
internal_weight=41.6602 30.171 22.1398 8.03121 11.4892 20.1931
internal_count=240 190 148 42 50 139
is_linear=0
shrinkage=0.03


Tree=50
num_leaves=7
num_cat=0
split_feature=58 28 60 62 11 51
split_gain=9.22969 6.62754 3.61927 2.01812 0.671748 0.522204
threshold=0.01480000000447035 0.520310938358307 0.31399999558925634 0.55140000581741344 0.91111111640930187 -0.40076288580894465
decision_type=2 2 2 2 2 2
left_child=1 2 4 -2 -1 -3
right_child=3 5 -4 -5 -6 -7
leaf_value=0 -0.015387474985886199 -0.0067634866310608832 0 0 0.024334950470028986 0
leaf_weight=1.9268625974655247 11.482409656047819 5.8514513075351715 2.7007321715354911 1.4128028750419606 15.07884571701288 1.8172445148229588
leaf_count=9 82 40 16 8 68 10
internal_value=0.00220008 0.0118856 0.0192338 -0.0119512 0.0229685 -0.00380001
internal_weight=40.2703 27.3751 19.7064 12.8952 17.0057 7.6687
internal_count=233 143 93 90 77 50
is_linear=0
shrinkage=0.03


Tree=51
num_leaves=7
num_cat=0
split_feature=58 1 62 26 68 48
split_gain=8.50166 5.65138 1.68805 0.352396 0.649759 0.123782
threshold=0.011799999978393318 0.83333334326744091 0.55140000581741344 0.14372427761554721 247.4860534667969 -0.0097141764126718027
decision_type=2 2 2 2 10 2
left_child=1 3 -2 5 -5 -1
right_child=2 -3 -4 4 -6 -7
leaf_value=0.003875294720111595 -0.014124954709262163 0.021847317469382788 0 -0.0071478781753054966 0 0
leaf_weight=2.7917322069406509 10.344429738819597 12.494214564561842 1.5612694919109333 6.0736668184399587 3.4457271993160248 2.4027010500431087
leaf_count=13 75 54 9 39 22 12
internal_value=0.00331164 0.0123231 -0.0107676 0 -0.0034805 0.00230461
internal_weight=39.1137 27.208 11.9057 14.7138 9.51939 5.19443
internal_count=224 140 84 86 61 25
is_linear=0
shrinkage=0.03


Tree=52
num_leaves=7
num_cat=0
split_feature=12 58 47 32 34 32
split_gain=10.8464 4.53681 1.03038 1.04569 0.967786 0.837947
threshold=0.30952382087707525 0.045199999585747726 0.13558906316757205 0.15498365461826327 0.078262127935886397 0.49043737351894384
decision_type=2 2 2 2 2 2
left_child=2 4 -1 -4 -2 -6
right_child=1 -3 3 -5 5 -7
leaf_value=0 0 -0.0029927899647056531 0 -0.014401538356201511 0.022102844322993778 0
leaf_weight=2.4197441041469601 3.0794424861669603 2.57174228131771 1.6077831238508213 13.763960488140581 15.88552236557007 1.8652974367141713
leaf_count=15 15 16 9 106 70 10
internal_value=0.00261058 0.0145284 -0.0104936 -0.0125367 0.0189068 0.0207008
internal_weight=41.1935 23.402 17.7915 15.3717 20.8303 17.7508
internal_count=241 111 130 115 95 80
is_linear=0
shrinkage=0.03


Tree=53
num_leaves=7
num_cat=0
split_feature=68 60 0 58 42 30
split_gain=10.4501 5.05666 3.65894 1.89343 1.16281 0.944973
threshold=697.16046142578136 0.077600002288818373 3.1666666269302373 0.011799999978393318 0.55946046113967907 0.37630313634872442
decision_type=8 2 2 2 2 2
left_child=1 3 4 5 -2 -1
right_child=2 -3 -4 -5 -6 -7
leaf_value=0.026126923814963676 -0.016061163932082324 -0.00076299309228701549 0.0045092842787280577 0 0 0
leaf_weight=11.622656598687174 14.815060608088976 5.4417875930666915 2.5851960331201544 2.4253714308142653 1.5657155364751805 1.7279601991176594
leaf_count=50 107 33 11 15 8 10
internal_value=0.00338787 0.0156679 -0.00894498 0.0217605 -0.0142471 0.0244066
internal_weight=40.1837 21.2178 18.966 15.776 16.3808 13.3506
internal_count=234 108 126 75 115 60
is_linear=0
shrinkage=0.03


Tree=54
num_leaves=7
num_cat=0
split_feature=58 28 60 62 30 47
split_gain=8.70188 5.87573 4.38634 1.42287 1.24381 0.9762
threshold=0.011799999978393318 0.46735799312591558 0.31399999558925634 0.61460000276565563 0.35304744541645056 0.13558906316757205
decision_type=2 2 2 2 2 2
left_child=1 2 4 -2 -1 -3
right_child=3 5 -4 -5 -6 -7
leaf_value=0.023305010256995155 -0.016001166928686451 6.7866481841338737e-05 -0.0013130211490107709 0 0 -0.008696627061498638
leaf_weight=15.412201240658769 10.961507081985472 3.2407160699367505 2.7008470371365538 1.2201736718416203 2.2529056295752516 5.3959338217973709
leaf_count=68 83 18 16 7 12 41
internal_value=0.000421983 0.00981132 0.0169816 -0.0135728 0.021411 -0.0039167
internal_weight=41.1843 29.0026 20.366 12.1817 17.6651 8.63665
internal_count=245 155 96 90 80 59
is_linear=0
shrinkage=0.03


Tree=55
num_leaves=7
num_cat=0
split_feature=68 60 11 30 51 52
split_gain=7.4737 5.93181 2.61458 2.1431 1.53983 0.257922
threshold=667.86233520507824 0.026600000448524955 5.6070852279663095 0.34000758826732641 -0.40207976102828974 -0.35618743300437922
decision_type=8 2 2 2 2 2
left_child=1 3 4 -1 -2 -3
right_child=2 5 -4 -5 -6 -7
leaf_value=0.023361663577589186 -0.017090719770337603 -0.0054426195693692732 0.0015663969993555344 0 0 0
leaf_weight=9.8529637604951876 12.801744528114799 4.7920421361923218 2.7808731570839873 4.0067082569003096 3.7931755334138879 2.2821745425462714
leaf_count=43 94 29 15 24 20 13
internal_value=0 0.011045 -0.0100256 0.0193204 -0.0140827 -0.00347382
internal_weight=40.3097 20.9339 19.3758 13.8597 16.5949 7.07422
internal_count=238 109 129 67 114 42
is_linear=0
shrinkage=0.03


Tree=56
num_leaves=7
num_cat=0
split_feature=12 4 68 60 20 18
split_gain=9.08204 3.08397 1.39037 0.409674 0.0783629 0.0501304
threshold=0.50757575035095226 0.0079052620567381399 606.43356323242199 0.00059999998484272521 0.34330293536186224 0.58042928576469432
decision_type=2 10 8 2 2 2
left_child=2 3 4 -2 -1 -6
right_child=1 -3 -4 -5 5 -7
leaf_value=0.0018444727982636416 0.002255317293214485 0.018617241982755668 -0.014710954166057546 -0.0046548370700175146 -0.0024358595860022913 0
leaf_weight=2.4071267321705845 3.1310208588838604 11.15753850340843 12.491825632750986 3.9340391010046005 2.376356415450573 2.5790140554308891
leaf_count=14 14 49 97 22 16 16
internal_value=0 0.0127079 -0.0110058 0 0 -0.00137601
internal_weight=38.0769 18.2226 19.8543 7.06506 7.3625 4.95537
internal_count=228 85 143 36 46 32
is_linear=0
shrinkage=0.03


Tree=57
num_leaves=7
num_cat=0
split_feature=58 68 60 0 51 4
split_gain=9.59451 4.53121 5.11635 0.75906 0.305956 0.0804995
threshold=0.011799999978393318 752.01473999023449 0.31399999558925634 1.8333333134651186 -0.40721872448921198 0.039344685152173049
decision_type=2 8 2 2 2 8
left_child=1 2 -1 5 -2 -3
right_child=4 3 -4 -5 -6 -7
leaf_value=0.02448971035263247 -0.01336396771240209 0 -0.00085139049112269041 0.0032166632821608115 0 -0.0062665141536277311
leaf_weight=13.56210539489985 10.786955066025255 1.4853930622339229 3.2592637985944739 3.0165347307920456 1.507066249847411 5.8119557425379753
leaf_count=62 81 9 19 13 9 40
internal_value=0.00229404 0.0121235 0.0188559 0 -0.0124166 -0.00563103
internal_weight=39.4293 27.1353 16.8214 10.3139 12.294 7.29735
internal_count=233 143 81 62 90 49
is_linear=0
shrinkage=0.03


Tree=58
num_leaves=7
num_cat=0
split_feature=12 60 58 48 19 47
split_gain=9.44826 4.34642 3.537 2.26681 1.15066 0.480685
threshold=0.30952382087707525 0.31399999558925634 0.045199999585747726 0.13498388230800631 0.2999271303415299 0.8206942379474641
decision_type=2 2 2 2 2 2
left_child=4 2 3 -2 -1 -6
right_child=1 -3 -4 -5 5 -7
leaf_value=0 0.023981337319990453 -0.0030347091685546195 0 0 -0.014746197193860576 0
leaf_weight=3.3353904485702541 15.20808058977128 3.1909887194633475 2.3527681902050963 2.0975086390972129 11.146711230278013 2.4469093009829512
leaf_count=24 67 18 15 10 86 17
internal_value=0.00148836 0.0129202 0.017683 0.0213591 -0.0107813 -0.0132877
internal_weight=39.7784 22.8493 19.6584 17.3056 16.929 13.5936
internal_count=237 110 92 77 127 103
is_linear=0
shrinkage=0.03


Tree=59
num_leaves=7
num_cat=0
split_feature=0 68 60 43 44 52
split_gain=7.22158 2.97901 2.19687 1.05743 1.16535 0.354976
threshold=3.5000000000000004 667.86233520507824 0.0030000000260770325 0.15714317560195926 0.65886381268501293 -0.35618743300437922
decision_type=2 8 2 2 2 2
left_child=1 2 -1 -3 -5 -4
right_child=-2 3 5 4 -6 -7
leaf_value=0.010212464201727799 0.016300263288077477 0 -0.0067366557178000133 -0.01630022875154712 0 0
leaf_weight=5.8842858225107211 8.3556548058986646 1.5870919227600122 4.7752072811126709 13.611200869083403 1.5477654635906208 1.7156766206026075
leaf_count=30 37 9 29 103 8 10
internal_value=0 -0.0064397 0.00116784 -0.0126396 -0.0144106 -0.00461389
internal_weight=37.4769 29.1212 12.3752 16.7461 15.159 6.49088
internal_count=226 189 69 120 111 39
is_linear=0
shrinkage=0.03


Tree=60
num_leaves=7
num_cat=0
split_feature=68 32 11 51 58 62
split_gain=7.48594 2.95543 1.91207 1.36016 0.366562 0.116154
threshold=697.16046142578136 0.31250016391277319 5.6070852279663095 -0.40207976102828974 0.01060000015422702 0.55140000581741344
decision_type=8 2 2 2 2 2
left_child=1 4 3 -2 -1 -3
right_child=2 5 -4 -5 -6 -7
leaf_value=0.018903623067342529 -0.015845133910161756 -0.0026247587611126881 0.00019693432827658759 0 0 0.00010047942009785697
leaf_weight=10.040231272578241 11.988512918353081 5.1560708209872237 2.4980366155505171 3.5260481983423242 2.1420698612928382 2.1477167904376984
leaf_count=45 93 35 14 19 11 11
internal_value=0.000464953 0.0118943 -0.00958967 -0.0129766 0.017549 0
internal_weight=37.4987 19.4861 18.0126 15.5146 12.1823 7.30379
internal_count=228 102 126 112 56 46
is_linear=0
shrinkage=0.03


Tree=61
num_leaves=7
num_cat=0
split_feature=0 54 48 17 61 11
split_gain=7.10418 2.79359 2.84526 1.28479 1.08195 0.614483
threshold=1.8333333134651186 0.069159060716629042 -0.19895818084478376 0.68966230750083934 1.0000000180025095e-35 1.5505093336105349
decision_type=2 2 2 2 2 2
left_child=1 -1 4 -2 -3 -4
right_child=3 2 5 -5 -6 -7
leaf_value=0.0047254516209584646 0.017747579445033017 -0.0033676287332014077 0 0 0.0079110725332371176 -0.016494419124511883
leaf_weight=3.0834867358207729 9.3280847370624524 5.3499230593442935 1.4655290469527269 2.2415412962436667 2.7773876786231995 15.053016707301138
leaf_count=14 42 39 11 11 13 106
internal_value=0.000605 -0.00626361 -0.0103374 0.0151207 0 -0.015368
internal_weight=39.299 27.7293 24.6459 11.5696 8.12731 16.5185
internal_count=236 183 169 53 52 117
is_linear=0
shrinkage=0.03


Tree=62
num_leaves=6
num_cat=0
split_feature=0 54 68 5 55
split_gain=9.2477 4.50387 2.49156 0.614648 0.443097
threshold=2.1666666269302373 0.069159060716629042 262.56336975097662 0.68173515796661388 0.036864625290036208
decision_type=2 2 8 2 2
left_child=1 -1 4 -4 -3
right_child=-2 2 3 -5 -6
leaf_value=0.0071068287219397692 0.017666115222207061 0.0050078978961403944 -0.017103832275225543 0 -0.0023118312857575134
leaf_weight=3.563058719038966 10.268962427973745 3.1240146607160595 17.922661319375042 1.2181900516152371 3.0318486094474792
leaf_count=16 46 16 134 8 18
internal_value=0.000386315 -0.0071821 -0.0123378 -0.0161657 0
internal_weight=39.1287 28.8598 25.2967 19.1409 6.15586
internal_count=238 192 176 142 34
is_linear=0
shrinkage=0.03


Tree=63
num_leaves=7
num_cat=0
split_feature=32 46 60 53 0 26
split_gain=6.50213 3.07726 1.93607 1.88784 0.206055 0.142276
threshold=0.27426053583621984 0.081586226820945754 0.16399999707937243 -0.49601510167121882 1.8333333134651186 0.37598863244056707
decision_type=2 2 2 2 2 2
left_child=2 4 3 -1 -2 -5
right_child=1 -3 -4 5 -6 -7
leaf_value=0 0 -0.013818468537532644 0 0.019036816149106944 0.0045906564009614795 0
leaf_weight=3.6193161755800292 3.4312240332365063 14.44214668124914 2.5098294317722312 10.616475626826285 2.2816035151481628 2.1723588183522233
leaf_count=21 18 117 14 47 10 13
internal_value=0.000654308 -0.00808485 0.0116159 0.0146196 0.00216095 0.0179509
internal_weight=39.073 20.155 18.918 16.4082 5.71283 12.7888
internal_count=240 145 95 81 28 60
is_linear=0
shrinkage=0.03


Tree=64
num_leaves=7
num_cat=0
split_feature=12 58 55 19 30 39
split_gain=8.44636 3.30507 3.1424 1.08942 0.204665 0.00646545
threshold=0.30952382087707525 0.016199999488890175 0.14269554615020755 0.2999271303415299 0.14627855271101001 0.071128528565168395
decision_type=2 2 2 2 2 2
left_child=3 2 -2 5 -5 -1
right_child=1 -3 -4 4 -6 -7
leaf_value=0 0.020373035396224454 -0.0013443744714948368 0 0 -0.013197728565948559 0.0007202036020858149
leaf_weight=2.0302950441837342 16.628064952790744 3.417627975344657 3.9425985515117636 1.5498256385326374 11.322675198316572 1.2183867543935774
leaf_count=17 77 21 19 9 92 7
internal_value=0.00210187 0.0124565 0.0164018 -0.00987904 -0.0124227 0
internal_weight=40.1095 23.9883 20.5707 16.1212 12.8725 3.24868
internal_count=242 117 96 125 101 24
is_linear=0
shrinkage=0.03


Tree=65
num_leaves=7
num_cat=0
split_feature=12 60 48 31 47 25
split_gain=8.9186 2.0601 1.24917 1.2083 1.49933 0.582603
threshold=0.50757575035095226 0.31399999558925634 0.13498388230800631 0.14182729274034503 0.16693903505802157 0.92418843507766735
decision_type=2 2 2 2 2 2
left_child=3 2 -2 -1 -5 -6
right_child=1 -3 -4 4 5 -7
leaf_value=0 0.019095628835307462 0 0 0 -0.015409023036871096 0
leaf_weight=2.4326737076044109 14.289694368839269 2.2500566691160193 2.2039955258369437 3.8374477177858379 12.209971591830252 1.1828632131218899
leaf_count=14 67 12 10 24 101 9
internal_value=0.00184215 0.0143011 0.0170843 -0.00882903 -0.0111737 -0.0142484
internal_weight=38.4067 18.7437 16.4937 19.663 17.2303 13.3928
internal_count=237 89 77 148 134 110
is_linear=0
shrinkage=0.03


Tree=66
num_leaves=7
num_cat=0
split_feature=12 60 30 58 47 51
split_gain=7.09698 2.36267 2.23283 1.23312 0.961971 0.0576981
threshold=0.50757575035095226 0.31399999558925634 0.13510000705718997 0.025799999944865707 0.087287481874227538 -0.4306392222642898
decision_type=2 2 2 2 2 2
left_child=2 3 -1 -2 -4 -6
right_child=1 -3 4 -5 5 -7
leaf_value=0.001891160670340455 0.018367165513469143 0 0 0 -0.014723508250092408 0
leaf_weight=2.1377457827329662 12.509941637516024 2.589623048901557 1.6659187823534036 1.7663116306066502 12.832982286810877 1.6438707113265945
leaf_count=11 57 14 9 10 107 11
internal_value=0.000895784 0.0127357 -0.00854701 0.0163429 -0.012419 -0.0141457
internal_weight=35.1464 16.8659 18.2805 14.2763 16.1428 14.4769
internal_count=219 81 138 67 127 118
is_linear=0
shrinkage=0.03


Tree=67
num_leaves=7
num_cat=0
split_feature=12 0 51 61 38 60
split_gain=6.13635 4.01238 0.836157 1.14248 0.492505 0.189735
threshold=0.36666667461395269 0.83333334326744091 -0.41610644757747645 0.0014000000082887711 0.092824693769216551 0.026600000448524955
decision_type=2 2 2 2 2 2
left_child=2 4 3 -1 5 -2
right_child=1 -3 -4 -5 -6 -7
leaf_value=-0.013537998261243361 0.0038895320905955005 0.018010264102820184 0 0 -0.0053577640043134213 0
leaf_weight=11.701612666249277 2.3531194329261798 11.406752496957777 2.5115735679864875 2.4438197314739218 4.9174735546112061 2.2217474430799484
leaf_count=101 10 52 16 16 27 12
internal_value=0.000398745 0.0103869 -0.00907766 -0.0110518 -0.000235743 0.00105175
internal_weight=37.5561 20.8991 16.657 14.1454 9.49234 4.57487
internal_count=234 101 133 117 49 22
is_linear=0
shrinkage=0.03


Tree=68
num_leaves=7
num_cat=0
split_feature=58 30 55 62 44 37
split_gain=7.63889 3.32765 1.23507 0.482314 0.447272 0.163585
threshold=0.011799999978393318 0.3257004469633103 0.14269554615020755 0.37680000066757208 0.61688560247421276 0.68031767010688793
decision_type=2 2 2 2 2 2
left_child=1 2 -1 -2 5 -3
right_child=3 4 -4 -5 -6 -7
leaf_value=0.017613560031222667 -0.014141804095585473 -0.0057108821061634318 0 0 0.0017685528742761405 0
leaf_weight=14.386940300464635 9.3443412259221059 5.6255550533533079 2.1107023805379859 1.375064656138419 2.8386057764291763 1.8248561322689054
leaf_count=69 76 41 10 9 14 13
internal_value=0.000630778 0.00969726 0.0156069 -0.0128751 0 -0.00455705
internal_weight=37.5061 26.7867 16.4976 10.7194 10.289 7.45041
internal_count=232 147 79 85 68 54
is_linear=0
shrinkage=0.03


Tree=69
num_leaves=7
num_cat=0
split_feature=68 60 54 0 58 5
split_gain=5.49951 3.47332 2.71177 2.01852 0.594188 0.5241
threshold=529.38558959960949 0.21280000358819964 0.069159060716629042 3.1666666269302373 0.029799999669194225 0.68173515796661388
decision_type=8 2 2 2 2 2
left_child=1 4 -2 5 -1 -4
right_child=2 -3 3 -5 -6 -7
leaf_value=0.017340537477366517 0.0029966506897041983 -0.0023225268824366265 -0.016564069388380093 0 0 0
leaf_weight=11.363494262099268 2.5039101839065578 3.8186298832297316 14.523829445242884 1.6467067897319783 1.6105224639177311 1.2175490930676449
leaf_count=56 11 24 117 7 10 8
internal_value=0 0.0102914 -0.00840541 -0.0127327 0.0160106 -0.0155906
internal_weight=36.6846 16.7926 19.892 17.3881 12.974 15.7414
internal_count=233 90 143 132 66 125
is_linear=0
shrinkage=0.03


Tree=70
num_leaves=7
num_cat=0
split_feature=0 68 58 44 19 4
split_gain=6.89771 2.46224 1.03882 0.685667 0.569442 0.406373
threshold=2.1666666269302373 752.01473999023449 0.00059999998484272521 0.65886381268501293 0.57748931646347057 0.005215203622356058
decision_type=2 8 2 2 2 8
left_child=1 2 -1 5 -2 -3
right_child=4 3 -4 -5 -6 -7
leaf_value=0.006512928230189655 0.016286829172308996 0 -0.0036098874828076276 0 0 -0.015503587852700741
leaf_weight=7.0711189210414904 8.6689967662096006 1.560047820210454 6.1773595809936523 1.8407518342137326 2.1121256649494162 10.665288038551807
leaf_count=37 40 12 41 10 10 90
internal_value=0 -0.00688393 0 -0.0128669 0.0146164 -0.0143887
internal_weight=38.0957 27.3146 13.2485 14.0661 10.7811 12.2253
internal_count=240 190 78 112 50 102
is_linear=0
shrinkage=0.03


Tree=71
num_leaves=7
num_cat=0
split_feature=0 61 42 58 60 54
split_gain=6.67955 3.58199 2.0395 1.15542 0.906172 0.798877
threshold=1.8333333134651186 1.0000000180025095e-35 0.18874773383140567 0.005799999926239253 0.0061999999452382335 0.070939652621746077
decision_type=2 2 2 2 2 2
left_child=1 2 -1 -2 -3 -4
right_child=3 4 5 -5 -6 -7
leaf_value=0 0.016400028555265376 0.0084742593644538296 0 0 -1.969220905321747e-05 -0.017087674466614456
leaf_weight=2.4742874354124131 9.5934750437736493 4.1243583261966696 1.9992380887269998 1.5081335902214039 3.6419999152421951 15.21044486761093
leaf_count=17 44 20 10 10 21 120
internal_value=0 -0.00689726 -0.012725 0.0141583 0.0033448 -0.015624
internal_weight=38.5519 27.4503 19.684 11.1016 7.76636 17.2097
internal_count=242 188 147 54 41 130
is_linear=0
shrinkage=0.03


Tree=72
num_leaves=7
num_cat=0
split_feature=1 54 14 47 22 68
split_gain=5.33757 3.93574 3.2482 1.75604 0.541158 0.341193
threshold=0.83333334326744091 0.069159060716629042 12.59736490249634 0.79380273818969738 0.019397587515413765 313.60475158691412
decision_type=2 2 2 2 2 8
left_child=1 -1 -2 4 -3 -5
right_child=2 3 -4 5 -6 -7
leaf_value=0.0065863816838610881 0.018346538791615182 0 -2.6785582226664909e-05 0.0044233734990399044 -0.01600440959497991 -0.0022685737493367383
leaf_weight=3.5838508456945446 9.0398654490709287 1.1115277409553552 4.9096103459596625 2.4172767624258986 14.767376087605951 2.4580324739217758
leaf_count=16 43 6 34 12 109 20
internal_value=0.000325733 -0.00620849 0.0120636 -0.0117921 -0.0150439 0
internal_weight=38.2875 24.3381 13.9495 20.7542 15.8789 4.87531
internal_count=240 163 77 147 115 32
is_linear=0
shrinkage=0.03


Tree=73
num_leaves=6
num_cat=0
split_feature=0 54 14 43 19
split_gain=5.70993 2.7528 1.86346 1.61507 0.015988
threshold=2.1666666269302373 0.069159060716629042 1.3474708795547488 0.15180068463087085 0.57748931646347057
decision_type=2 2 2 2 2
left_child=1 -1 -3 -4 -2
right_child=4 2 3 -5 -6
leaf_value=0.004995781865814332 0.01523545158454386 6.5616088566447609e-05 0 -0.014889887057611333 0
leaf_weight=2.9040374755859402 6.8559630215167982 2.2297000437974956 1.6856569871306444 19.438765317201614 2.0989894717931747
leaf_count=13 32 10 9 154 10
internal_value=0 -0.00584975 -0.0100907 -0.0127671 0.0143407
internal_weight=35.2131 26.2582 23.3541 21.1244 8.95495
internal_count=228 186 173 163 42
is_linear=0
shrinkage=0.03


Tree=74
num_leaves=7
num_cat=0
split_feature=68 6 11 30 40 26
split_gain=5.33188 2.14198 1.90811 1.30834 0.674303 0.00232387
threshold=752.01473999023449 192.00000000000003 7.5000000000000009 0.37630313634872442 0.042804293334484107 0.76621076464653026
decision_type=8 2 2 2 2 2
left_child=1 3 4 -1 -2 -5
right_child=2 -3 -4 5 -6 -7
leaf_value=0.01667735984686531 0 -0.00076518284190312848 0.0013023646532348463 -0.00024784954383575889 -0.013217176052786698 0.00032449685950789527
leaf_weight=12.835766635835176 1.6827126890420938 1.876160331070422 2.3432810455560675 3.0643587484955779 12.311416141688822 2.2409207075834274
leaf_count=62 10 13 12 22 98 15
internal_value=0.00102611 0.0104103 -0.00778065 0.0135594 -0.0117111 0
internal_weight=36.3546 20.0172 16.3374 18.141 13.9941 5.30528
internal_count=232 112 120 99 108 37
is_linear=0
shrinkage=0.03


Tree=75
num_leaves=7
num_cat=0
split_feature=9 54 61 19 22 32
split_gain=4.89878 1.73084 2.62367 0.735733 0.513054 0.393117
threshold=2.1666666269302373 0.069159060716629042 1.0000000180025095e-35 0.56475511193275463 0.34840983152389532 0.82274550199508678
decision_type=2 2 2 2 2 2
left_child=1 -1 5 -2 -4 -3
right_child=3 2 4 -5 -6 -7
leaf_value=0.0026392885875019321 0.014814368624413373 -0.014828766395102479 0.0057085010150138855 0 -0.00090827167877994023 0
leaf_weight=2.8421991914510754 8.500162258744238 13.627894572913648 3.970983460545539 1.9830056577920903 2.7259065955877304 1.7318429574370373
leaf_count=13 42 109 18 11 18 16
internal_value=0.000341571 -0.00539617 -0.00880361 0.0128799 0.000490798 -0.0138175
internal_weight=35.382 24.8988 22.0566 10.4832 6.69689 15.3597
internal_count=227 174 161 53 36 125
is_linear=0
shrinkage=0.03


Tree=76
num_leaves=7
num_cat=0
split_feature=68 54 60 3 7 43
split_gain=4.89145 3.0249 2.24482 2.12136 0.586521 0.564521
threshold=385.15440368652349 0.069159060716629042 0.34340000152587896 3.5000000000000004 388.00000000000006 0.16046787053346637
decision_type=8 2 2 2 2 2
left_child=2 -2 4 5 -1 -3
right_child=1 3 -4 -5 -6 -7
leaf_value=0.015574708769795461 0.0039507688139070732 0 -0.00075424595158917298 0 0 -0.016989322255944659
leaf_weight=10.65851293504238 2.8520675003528622 2.0457366034388569 2.4366962015628806 2.9148029237985602 1.8202383667230595 13.806272491812704
leaf_count=55 13 12 15 14 10 118
internal_value=0 -0.00781737 0.00995674 -0.0124432 0.0141225 -0.015689
internal_weight=36.5343 21.6189 14.9154 18.7668 12.4788 15.852
internal_count=237 157 80 144 65 130
is_linear=0
shrinkage=0.03


Tree=77
num_leaves=6
num_cat=0
split_feature=0 54 30 57 47
split_gain=6.32475 2.99077 2.65982 0.638622 0.185962
threshold=3.5000000000000004 0.069159060716629042 0.14627855271101001 0.1564000025391579 0.085297085344791426
decision_type=2 2 2 2 2
left_child=1 -1 3 -3 -4
right_child=-2 2 4 -5 -6
leaf_value=0.0059250646284752717 0.016107917455044241 -0.0025830433767459983 0 0.005696107000273792 -0.01501189665598502
leaf_weight=3.3473792672157314 8.2321856915950757 2.9953618720173854 0.80030958354473369 5.0421996563673019 15.648242786526678
leaf_count=15 40 17 5 24 131
internal_value=0.000859504 -0.00513008 -0.00966108 0 -0.0145674
internal_weight=36.0657 27.8335 24.4861 8.03756 16.4486
internal_count=232 192 177 41 136
is_linear=0
shrinkage=0.03


Tree=78
num_leaves=7
num_cat=0
split_feature=68 60 11 4 52 30
split_gain=6.72132 3.75821 2.47288 1.8474 0.857412 0.621413
threshold=752.01473999023449 0.31399999558925634 5.6070852279663095 0.0075805915985256442 -0.3264156281948089 0.6851727068424226
decision_type=8 2 2 8 2 2
left_child=1 3 4 -1 -2 -5
right_child=2 -3 -4 5 -6 -7
leaf_value=0 -0.014024452565620443 -0.0019943297829350076 0.0025724808706746307 0.020603767353669887 0 0
leaf_weight=1.3880823776125968 13.628331139683723 3.6865184754133216 2.5618268623948088 13.648798316717146 1.1972276270389564 1.5744213089346875
leaf_count=8 111 23 14 69 7 11
internal_value=0.001907 0.0121727 -0.00795518 0.0171394 -0.0124947 0.0193867
internal_weight=37.6852 20.2978 17.3874 16.6113 14.8256 15.2232
internal_count=243 111 132 88 118 80
is_linear=0
shrinkage=0.03


Tree=79
num_leaves=7
num_cat=0
split_feature=58 28 0 60 17 62
split_gain=7.65792 3.14713 1.6393 1.3789 0.971908 0.302978
threshold=1.0000000180025095e-35 0.520310938358307 4.5000000000000009 0.36660000681877142 0.80976635217666637 0.55140000581741344
decision_type=2 2 2 2 2 2
left_child=1 3 5 4 -1 -2
right_child=2 -3 -4 -5 -6 -7
leaf_value=0.019770723353410086 -0.014952424638561303 -0.00091268408090756275 0 0 0 0
leaf_weight=12.611511155962949 11.250300750136374 4.8935023024678221 1.2113451957702626 2.4538213387131682 2.0847694948315612 1.5722764953970898
leaf_count=61 95 38 6 16 10 10
internal_value=0.000542153 0.011036 -0.011178 0.0157357 0.0179573 -0.014008
internal_weight=36.0775 22.0436 14.0339 17.1501 14.6963 12.8226
internal_count=236 125 111 87 71 105
is_linear=0
shrinkage=0.03


Tree=80
num_leaves=7
num_cat=0
split_feature=32 58 47 62 60 54
split_gain=5.64022 3.56949 3.35429 0.723902 0.38774 0.0941402
threshold=0.27426053583621984 0.01480000000447035 0.090125467628240599 0.99939998984336864 0.11800000071525575 0.76592186093330394
decision_type=2 2 2 2 2 2
left_child=1 3 -2 4 -1 -4
right_child=2 -3 5 -5 -6 -7
leaf_value=0.019975841963126986 0.0044137774330491953 -0.0018976890535618415 -0.013241821156714744 0 0 0
leaf_weight=11.389212436974047 5.1277544200420406 3.0428524836897841 11.81183275580406 1.9999443441629416 1.9273984283208854 1.9401566460728634
leaf_count=54 26 21 101 10 10 16
internal_value=0.00255559 0.012412 -0.00593055 0.0172515 0.0187372 -0.0125481
internal_weight=37.2392 18.3594 18.8797 15.3166 13.3166 13.752
internal_count=238 95 143 74 64 117
is_linear=0
shrinkage=0.03


Tree=81
num_leaves=7
num_cat=0
split_feature=58 30 60 2 68 56
split_gain=5.20911 4.24912 0.921145 0.875085 0.478874 0.475688
threshold=0.011799999978393318 0.3257004469633103 0.19040000438690188 1.4670542478561404 262.56336975097662 -0.37773197889327997
decision_type=2 2 2 2 8 2
left_child=1 2 3 -1 -2 -3
right_child=4 5 -4 -5 -6 -7
leaf_value=0.019182152688792108 0 -0.0055462965515342029 0 0 -0.011767207927438485 0
leaf_weight=11.970537699759012 2.1008916571736309 6.6068220287561417 1.8457584232091893 3.3088383525609961 7.7847745418548593 3.4010766595602018
leaf_count=57 13 52 10 17 74 20
internal_value=0.0012158 0.0085682 0.0154413 0.0169894 -0.0101077 -0.00203343
internal_weight=37.0187 27.133 17.1251 15.2794 9.88567 10.0079
internal_count=243 156 84 74 87 72
is_linear=0
shrinkage=0.03


Tree=82
num_leaves=7
num_cat=0
split_feature=68 60 0 30 6 43
split_gain=5.42491 3.83126 2.05551 1.19681 0.741184 0.466863
threshold=697.16046142578136 0.31399999558925634 2.5000000000000004 0.35304744541645056 264.00000762939459 0.70417925715446483
decision_type=8 2 2 2 2 2
left_child=1 3 4 -1 5 -2
right_child=2 -3 -4 -5 -6 -7
leaf_value=0.017861104314441836 -0.015954392324601441 -0.0039137963474450846 0.0009768820365916185 0 0 0
leaf_weight=11.096693933010103 11.186962418258192 3.7503167763352385 1.5581602454185475 4.3872042894363394 2.146178573369979 1.1860433593392361
leaf_count=54 100 25 7 28 17 6
internal_value=0 0.00909006 -0.00972605 0.014894 -0.0132517 -0.0149087
internal_weight=35.3116 19.2342 16.0773 15.4839 14.5192 12.373
internal_count=237 107 130 82 123 106
is_linear=0
shrinkage=0.03


Tree=83
num_leaves=6
num_cat=0
split_feature=0 54 17 14 14
split_gain=5.48487 1.56984 1.45454 0.834262 0.830483
threshold=1.8333333134651186 0.069159060716629042 0.021675205789506439 13.221588611602785 15.311172962188722
decision_type=2 2 2 2 2
left_child=1 -1 -3 -2 -4
right_child=3 2 4 -5 -6
leaf_value=0.0020601178954125564 0.015478372992636756 0 -0.012599089673487629 0 0
leaf_weight=2.2969975769519833 8.9321544915437681 2.2858747318387058 18.838515184819702 1.9948365166783322 1.4016884267330159
leaf_count=10 44 11 152 11 8
internal_value=0.000446011 -0.00577297 -0.0088042 0.0134486 -0.0112545
internal_weight=35.7501 24.8231 22.5261 10.927 20.2402
internal_count=236 181 171 55 160
is_linear=0
shrinkage=0.03


Tree=84
num_leaves=7
num_cat=0
split_feature=0 54 68 42 14 29
split_gain=5.69048 2.66897 2.69885 0.931961 0.736995 0.42838
threshold=1.8333333134651186 0.069159060716629042 376.21420288085943 0.18874773383140567 13.221588611602785 0.25961717963218695
decision_type=2 2 8 2 2 2
left_child=1 -1 5 -4 -2 -3
right_child=4 2 3 -5 -6 -7
leaf_value=0.0056775622165806004 0.016414961486314758 -0.0015517485034450354 0 -0.016277843354168989 0 0.0047288749670441202
leaf_weight=2.6768249571323421 8.6210303455591184 2.0661778673529643 1.9439954981207836 13.086456745862959 1.8977365717291821 5.9414827600121498
leaf_count=12 43 14 16 114 11 33
internal_value=0.00138539 -0.0048957 -0.00928694 -0.0145217 0.0145672 0
internal_weight=36.2337 25.7149 23.0381 15.0305 10.5188 8.00766
internal_count=243 189 177 130 54 47
is_linear=0
shrinkage=0.03


Tree=85
num_leaves=7
num_cat=0
split_feature=0 58 0 14 51 32
split_gain=4.97647 2.08517 0.472343 0.593672 0.434802 0.179205
threshold=3.5000000000000004 0.00059999998484272521 0.83333334326744091 13.604084968566896 -0.40721872448921198 0.27426053583621984
decision_type=2 2 2 2 2 2
left_child=1 2 3 -1 -3 -4
right_child=-2 4 5 -5 -6 -7
leaf_value=-0.0054900541441138678 0.013525933234898344 -0.013121716052560508 0.0065423862412275682 0.0011572024257517802 0 0
leaf_weight=8.4372543320059794 7.9928521215915671 10.066245980560778 2.8288766890764228 1.8540006354451168 1.3350394815206517 1.9108876213431356
leaf_count=54 41 92 12 12 8 12
internal_value=0 -0.00570802 0 -0.00135546 -0.0119647 0.00512949
internal_weight=34.4252 26.4323 15.031 10.2913 11.4013 4.73976
internal_count=231 190 90 66 100 24
is_linear=0
shrinkage=0.03


Tree=86
num_leaves=7
num_cat=0
split_feature=58 0 62 54 42 17
split_gain=3.41705 3.046 1.15989 0.642096 0.931773 0.374984
threshold=0.011799999978393318 1.1666666865348818 0.55140000581741344 0.069159060716629042 0.26790553331375128 0.68966230750083934
decision_type=2 2 2 2 2 2
left_child=1 3 -2 -1 -5 -3
right_child=2 5 -4 4 -6 -7
leaf_value=0.0031889281765292207 -0.011601681224367884 0.016136536953956494 0 0 -0.0084724111342638006 0
leaf_weight=2.6971115171909359 8.6936718448996526 7.983834080398081 1.0943782255053509 4.1542067229747754 7.9343897178769112 2.1366489008069038
leaf_count=12 77 40 7 26 59 11
internal_value=0.000132655 0.00677852 -0.00862559 0 -0.0045074 0.0146957
internal_weight=34.6942 24.9062 9.78805 14.7857 12.0886 10.1205
internal_count=232 148 84 97 85 51
is_linear=0
shrinkage=0.03


Tree=87
num_leaves=7
num_cat=0
split_feature=58 0 56 54 55 51
split_gain=4.76278 3.70839 0.711877 0.681926 0.925285 0.286597
threshold=0.011799999978393318 0.83333334326744091 -0.55636668205261219 0.069159060716629042 -0.18485359847545621 -0.40721872448921198
decision_type=2 2 2 2 2 2
left_child=1 3 -3 -1 -5 -2
right_child=5 2 -4 4 -6 -7
leaf_value=0.0031158132157300881 -0.010175807921736687 0 0.017681066200621095 0 -0.0086468993339620399 0
leaf_weight=2.2232373952865627 8.5024420246481878 1.7273786067962635 11.493635378777979 2.6084353104233715 7.7623430117964753 1.3780223429203022
leaf_count=10 79 10 59 16 54 9
internal_value=0.00157103 0.00874882 0.0161794 -0.0001046 -0.00493102 -0.0091321
internal_weight=35.6955 25.815 13.221 12.594 10.3708 9.88046
internal_count=237 149 69 80 70 88
is_linear=0
shrinkage=0.03


Tree=88
num_leaves=7
num_cat=0
split_feature=58 30 62 50 2 56
split_gain=4.5866 3.15753 0.708424 0.52017 0.342299 0.179047
threshold=0.00059999998484272521 0.3257004469633103 0.55140000581741344 0.25274411588907247 1.4670542478561404 -0.37773197889327997
decision_type=2 2 2 2 2 2
left_child=1 4 3 -2 -1 -3
right_child=2 5 -4 -5 -6 -7
leaf_value=0.016382414100854711 -0.011856929085721307 -0.0032642200275963501 0 0 0 0
leaf_weight=11.623003281652929 8.7577633634209615 5.5146785378456116 1.783477097749709 1.0905480086803425 2.3143002688884726 3.0476683601737005
leaf_count=57 78 44 11 9 13 18
internal_value=0.00117564 0.00904281 -0.0084138 -0.0104535 0.0151514 -0.000473875
internal_weight=34.1314 22.4997 11.6318 9.84831 13.9373 8.56235
internal_count=230 132 98 87 70 62
is_linear=0
shrinkage=0.03


Tree=89
num_leaves=7
num_cat=0
split_feature=0 68 60 26 17 30
split_gain=5.24542 1.87915 2.07964 0.753424 0.579877 0.297079
threshold=2.1666666269302373 752.01473999023449 1.0000000180025095e-35 0.63109806180000316 0.68966230750083934 0.80071818828582775
decision_type=2 8 2 2 2 2
left_child=1 2 3 -1 -2 -4
right_child=4 -3 5 -5 -6 -7
leaf_value=0.01109238637099952 0.014498631289047072 -0.012362745324072581 -0.0081469451710591573 0 0 0
leaf_weight=4.9682426825165766 7.1779553443193418 11.742194443941115 4.6960563659667969 1.5692306905984876 2.0261127054691315 1.2959564626216886
leaf_count=23 37 107 30 12 10 10
internal_value=0 -0.00690023 0 0.00838827 0.0126829 -0.00665395
internal_weight=33.4757 24.2717 12.5295 6.53747 9.20407 5.99201
internal_count=229 182 75 35 47 40
is_linear=0
shrinkage=0.03


Tree=90
num_leaves=7
num_cat=0
split_feature=12 60 68 32 47 54
split_gain=4.72697 2.34216 2.36506 0.898383 0.355364 0.180937
threshold=0.30952382087707525 0.077600002288818373 984.45333862304699 0.14763428270816806 0.10037372633814813 0.76592186093330394
decision_type=2 2 8 2 2 2
left_child=3 2 -2 -1 -5 -6
right_child=1 -3 -4 4 5 -7
leaf_value=0 0.017372769201480533 -0.00079689869322692084 0 0 -0.013089747100298442 0
leaf_weight=1.2492887601256359 11.576083973050117 4.6090371236205092 3.7389512509107599 1.3277643397450436 9.0307785719633085 1.8129219114780415
leaf_count=7 57 26 22 8 91 15
internal_value=0 0.00873789 0.0131588 -0.00917028 -0.0111938 -0.0121912
internal_weight=33.3448 19.9241 15.315 13.4208 12.1715 10.8437
internal_count=226 105 79 121 114 106
is_linear=0
shrinkage=0.03


Tree=91
num_leaves=7
num_cat=0
split_feature=58 30 62 60 47 2
split_gain=5.33618 3.27936 1.19378 0.971234 0.556827 0.553563
threshold=0.011799999978393318 0.3257004469633103 0.55140000581741344 0.19040000438690188 0.16693903505802157 1.4670542478561404
decision_type=2 2 2 2 2 2
left_child=1 3 -2 5 -3 -1
right_child=2 4 -4 -5 -6 -7
leaf_value=0.018443434855435582 -0.013104686865214359 0.00084249403864834489 0 0 -0.005920522822735929 0
leaf_weight=10.653159804642202 8.7075474634766561 5.7093461379408819 1.0405074208974827 1.8750069513916958 4.1360438987612724 3.0087554007768622
leaf_count=52 81 33 7 11 39 16
internal_value=0.000974941 0.00874709 -0.0104057 0.0148785 -0.000526961 0.0166088
internal_weight=35.1304 25.3823 9.74805 15.5369 9.84539 13.6619
internal_count=239 151 88 79 72 68
is_linear=0
shrinkage=0.03


Tree=92
num_leaves=7
num_cat=0
split_feature=58 3 62 56 54 40
split_gain=4.41684 3.14003 1.46992 1.1736 0.584608 0.839329
threshold=0.011799999978393318 0.83333334326744091 0.55140000581741344 -0.52962470054626454 0.069159060716629042 0.062682796269655242
decision_type=2 2 2 2 2 2
left_child=1 4 -2 -3 -1 -6
right_child=2 3 -4 -5 5 -7
leaf_value=0.0025715776943338142 -0.012596080298583532 0 0 0.017280782860305252 0 -0.0083732362180190378
leaf_weight=2.8852334618568447 8.3834236636757833 2.9634303078055373 1.3987177684903134 11.249172441661356 2.1324060857295972 7.0634015575051308
leaf_count=13 81 18 9 60 14 52
internal_value=0.00133338 0.00823836 -0.00897596 0.0147801 0 -0.00479275
internal_weight=36.0758 26.2936 9.78214 14.2126 12.081 9.19581
internal_count=247 157 90 78 79 66
is_linear=0
shrinkage=0.03


Tree=93
num_leaves=7
num_cat=0
split_feature=0 68 54 4 60 19
split_gain=3.90962 2.21326 2.01572 1.61869 0.887999 0.529516
threshold=2.1666666269302373 376.21420288085943 0.069159060716629042 0.0050959466025233277 0.0061999999452382335 0.57748931646347057
decision_type=2 8 2 8 2 2
left_child=1 4 -3 -4 -1 -2
right_child=5 2 3 -5 -6 -7
leaf_value=0.0073858272225716757 0.013435262750835859 0.00036734219879381181 0 -0.016549101247677753 -0.0013445458110016553 0
leaf_weight=5.236150689423086 7.4801580160856229 1.6118641942739476 1.3721248731017084 12.067537657916546 4.1914374604821205 2.3176152408123016
leaf_count=27 39 7 11 113 27 12
internal_value=2.47713e-06 -0.00493569 -0.0105235 -0.0139889 0.00172181 0.011632
internal_weight=34.2769 24.4791 15.0515 13.4397 9.42759 9.79777
internal_count=236 185 131 124 54 51
is_linear=0
shrinkage=0.03


Tree=94
num_leaves=7
num_cat=0
split_feature=32 58 47 60 2 38
split_gain=4.95277 2.70507 2.67197 1.14549 0.250399 0.0778025
threshold=0.27426053583621984 0.018600000068545345 0.090125467628240599 0.19040000438690188 1.4670542478561404 0.65529352426528942
decision_type=2 2 2 2 2 2
left_child=1 3 5 4 -1 -2
right_child=2 -3 -4 -5 -6 -7
leaf_value=0.018437397333424137 0 -0.00083494007621536784 -0.012334404558314126 0 0 0.0037921270011856459
leaf_weight=11.04290445148945 1.6863232329487825 3.2123480364680281 12.402283288538454 1.9229384809732426 2.0484641492366782 3.0807958245277405
leaf_count=55 10 23 116 11 11 15
internal_value=0.00172871 0.0110901 -0.0064249 0.015354 0.0173211 0.00282778
internal_weight=35.3961 18.2267 17.1694 15.0143 13.0914 4.76712
internal_count=241 100 141 77 66 25
is_linear=0
shrinkage=0.03


Tree=95
num_leaves=7
num_cat=0
split_feature=58 19 62 36 4 14
split_gain=4.35973 2.0103 1.05978 0.598445 0.274777 0.422453
threshold=1.0000000180025095e-35 0.44250741600990301 0.55140000581741344 0.055899698287248618 0.016200970858335498 13.928503513336183
decision_type=2 2 2 2 10 2
left_child=1 3 4 -1 5 -2
right_child=2 -3 -4 -5 -6 -7
leaf_value=0 -0.013210783662361086 0 0 0.014550724879598142 0 0
leaf_weight=1.8344506323337579 8.4951986744999868 6.974700190126895 2.011780656874179 11.855930246412752 1.2817236557602871 1.1313210725784291
leaf_count=9 79 50 12 66 9 9
internal_value=0.000232289 0.00862187 -0.00847583 0.0131375 -0.0111521 -0.0120454
internal_weight=33.5851 20.6651 12.92 13.6904 10.9082 9.62652
internal_count=234 125 109 75 97 88
is_linear=0
shrinkage=0.03


Tree=96
num_leaves=7
num_cat=0
split_feature=68 0 43 7 49 11
split_gain=4.56685 2.31327 0.952409 0.831182 0.776342 0.675641
threshold=529.38558959960949 1.8333333134651186 0.15180068463087085 383.50000000000006 0.15371701866388324 1.1666666865348818
decision_type=8 2 2 2 2 2
left_child=3 2 -2 4 5 -1
right_child=1 -3 -4 -5 -6 -7
leaf_value=0 0 0.0017877037940372612 -0.014411844680157587 0 0 0.014975879917465247
leaf_weight=1.9172205999493623 1.4824722185730959 3.6855248510837546 11.114147327840326 2.1119595170021048 2.0149657055735579 10.850545257329939
leaf_count=12 8 21 106 13 12 62
internal_value=0.000176721 -0.00752959 -0.0124957 0.00987273 0.0116603 0.0133672
internal_weight=33.1768 16.2821 12.5966 16.8947 14.7827 12.7678
internal_count=234 135 114 99 86 74
is_linear=0
shrinkage=0.03


Tree=97
num_leaves=7
num_cat=0
split_feature=1 54 58 17 25 14
split_gain=3.02048 2.42389 1.99255 1.27013 0.710427 0.192831
threshold=0.83333334326744091 0.069159060716629042 0.01480000000447035 0.021675205789506439 0.92418843507766735 13.837133407592775
decision_type=2 2 2 2 2 2
left_child=1 -1 5 -3 -5 -2
right_child=2 3 -4 4 -6 -7
leaf_value=0.00415998943053234 0.014477362052232157 0 -0.00056498570167096151 -0.013691045349271357 0 0
leaf_weight=2.8957788497209576 7.6832121908664686 1.9675485193729425 2.4905160889029494 15.158536903560163 1.1421421021223057 1.9904092997312544
leaf_count=13 41 10 25 126 10 10
internal_value=0 -0.00559338 0.00886907 -0.0101866 -0.0124497 0.0134003
internal_weight=33.3281 21.164 12.1641 18.2682 16.3007 9.67362
internal_count=235 159 76 146 136 51
is_linear=0
shrinkage=0.03


Tree=98
num_leaves=7
num_cat=0
split_feature=68 60 54 7 9 7
split_gain=4.06486 4.77428 1.34066 0.959199 0.79733 0.627722
threshold=752.01473999023449 0.0030000000260770325 0.069159060716629042 388.00000000000006 4.6666667461395273 431.00000000000006
decision_type=8 2 2 2 2 2
left_child=1 3 -2 -1 5 -4
right_child=2 -3 4 -5 -6 -7
leaf_value=0.019551203405014126 6.1822697840042498e-05 -0.0030649061400589836 -0.013659791782622355 0 0 0
leaf_weight=9.3436802774667793 1.6081391572952259 6.9137509763240805 10.191373512148855 1.6442958116531361 1.0161310881376255 1.1795939877629269
leaf_count=49 7 47 96 10 5 10
internal_value=0.000554802 0.00926069 -0.00729914 0.01764 -0.0105356 -0.0122415
internal_weight=31.897 17.9017 13.9952 10.988 12.3871 11.371
internal_count=224 106 118 59 111 106
is_linear=0
shrinkage=0.03


Tree=99
num_leaves=7
num_cat=0
split_feature=58 30 51 62 11 2
split_gain=3.63978 2.61804 0.751246 0.642062 0.602781 0.502723
threshold=0.011799999978393318 0.31507937610149389 -0.40207976102828974 0.23179999738931659 7.5000000000000009 1.8764880895614626
decision_type=2 2 2 2 2 2
left_child=1 5 4 -2 -3 -1
right_child=3 2 -4 -5 -6 -7
leaf_value=0.014673340345005026 -0.010255922313334167 -0.0085586778065780428 0.0026418817046827345 0 0 0
leaf_weight=12.37204969674349 7.9711765423417074 5.3932984173297882 3.154026582837103 0.87643747031688679 1.2318523377180097 1.881340667605399
leaf_count=62 82 48 17 7 6 11
internal_value=0.00103073 0.00768308 -0.000195845 -0.00834466 -0.00593228 0.0134146
internal_weight=32.8802 24.0326 9.77918 8.84761 6.62515 14.2534
internal_count=233 144 71 89 54 73
is_linear=0
shrinkage=0.03


Tree=100
num_leaves=7
num_cat=0
split_feature=68 60 9 43 58 28
split_gain=4.78304 2.82996 1.26944 1.33822 0.444588 0.110443
threshold=697.16046142578136 0.10199999809265138 5.1666667461395273 0.14653412997722629 0.011799999978393318 0.520310938358307
decision_type=8 2 2 2 2 2
left_child=1 4 3 -2 5 -1
right_child=2 -3 -4 -5 -6 -7
leaf_value=0.019427786087439208 0 0 0.0013479076549931528 -0.011799291354236251 0 0
leaf_weight=9.4251892417669314 1.653800569474696 4.1767899319529525 1.6990803033113469 11.221743896603583 2.5754402726888648 1.5940384715795506
leaf_count=48 9 29 8 106 18 10
internal_value=0.00379391 0.012422 -0.0050589 -0.00874689 0.0170167 0.0185496
internal_weight=32.3461 17.7715 14.5746 12.8755 13.5947 11.0192
internal_count=228 105 123 115 76 58
is_linear=0
shrinkage=0.03


Tree=101
num_leaves=7
num_cat=0
split_feature=58 60 68 54 26 26
split_gain=4.21874 3.2529 2.34893 0.808318 0.295285 0.292625
threshold=0.011799999978393318 0.25939999520778662 1.0000000180025095e-35 0.079683117568492903 0.16030008345842364 0.52387118339538585
decision_type=2 2 10 2 2 2
left_child=1 2 4 -2 -1 -4
right_child=3 -3 5 -5 -6 -7
leaf_value=0.0027611510170738739 0 -0.0036220140249587809 0.018503390971777983 -0.011138413174700015 -0.0033901739033111921 0
leaf_weight=2.5186089128255906 0.63776949048042197 4.1151534095406523 11.570234343409536 8.6006150394678098 4.8187092840671539 1.7344918400049198
leaf_count=12 4 31 59 87 35 11
internal_value=0.00105103 0.00807307 0.0127838 -0.00906295 0 0.0174812
internal_weight=33.9956 24.7572 20.642 9.23838 7.33732 13.3047
internal_count=239 148 117 91 47 70
is_linear=0
shrinkage=0.03


Tree=102
num_leaves=7
num_cat=0
split_feature=68 60 54 0 55 6
split_gain=4.18974 2.67029 1.41805 1.06108 0.445915 0.390915
threshold=667.86233520507824 0.34340000152587896 0.069159060716629042 3.1666666269302373 0.14431183785200122 264.00000762939459
decision_type=8 2 2 2 2 2
left_child=1 4 -2 5 -1 -4
right_child=2 -3 3 -5 -6 -7
leaf_value=0.015708524669438347 0.00081062205407540409 -0.0012122756798413155 -0.013268790182752231 0 0 0
leaf_weight=13.025137379765512 2.4570649266242972 3.4263007640838614 10.181731432676314 1.6647042185068119 1.9321709200739849 1.4858359470963467
leaf_count=73 11 23 102 8 11 14
internal_value=0.00153711 0.0101024 -0.00615926 -0.00981221 0.0145456 -0.0121553
internal_weight=34.1729 18.3836 15.7893 13.3323 14.9573 11.6676
internal_count=242 107 135 124 84 116
is_linear=0
shrinkage=0.03


Tree=103
num_leaves=7
num_cat=0
split_feature=58 60 68 62 23 37
split_gain=4.80841 2.5824 2.22992 0.824261 0.142955 0.0496913
threshold=0.011799999978393318 0.16399999707937243 1.0000000180025095e-35 0.37680000066757208 0.89744064211845409 0.76700007915496837
decision_type=2 2 10 2 2 2
left_child=1 2 -1 4 -2 -3
right_child=3 5 -4 -5 -6 -7
leaf_value=0 -0.011377983968411437 -0.0021164693285334255 0.018110027109556087 0 0 0
leaf_weight=6.9722627699375215 7.5134225524961931 3.250698894262313 12.86192713677883 1.2134914994239796 0.84582813084125508 1.1877060532569883
leaf_count=46 77 26 70 8 9 8
internal_value=0.00239188 0.00963501 0.0135667 -0.00844766 -0.0107929 -0.00100674
internal_weight=33.8453 24.2726 19.8342 9.57274 8.35925 4.4384
internal_count=244 150 116 94 86 34
is_linear=0
shrinkage=0.03


Tree=104
num_leaves=6
num_cat=0
split_feature=3 54 31 25 40
split_gain=2.88424 2.36326 1.91512 0.845268 0.337919
threshold=4.1666667461395273 0.069159060716629042 0.15461797267198565 0.95008096098899852 0.086727835237979903
decision_type=2 2 2 2 2
left_child=1 -1 4 -4 -3
right_child=-2 2 3 -5 -6
leaf_value=0.004875360395947043 0.010369877446789915 0.0045072687024878769 -0.014416657715391122 0 -0.0014184907025770915
leaf_weight=2.8440078645944658 6.6750933974981299 3.7116758748888996 14.57977084442973 1.0328597426414479 2.707029901444912
leaf_count=13 37 20 136 9 16
internal_value=0 -0.00479744 -0.0090515 -0.0130291 0
internal_weight=31.5504 24.8753 22.0313 15.6126 6.41871
internal_count=231 194 181 145 36
is_linear=0
shrinkage=0.03


Tree=105
num_leaves=7
num_cat=0
split_feature=58 62 0 19 68 60
split_gain=3.60799 1.76335 1.67361 0.296657 0.207869 0.366485
threshold=0.00059999998484272521 0.55140000581741344 0.83333334326744091 0.53518071770668041 752.01473999023449 0.31399999558925634
decision_type=2 2 2 2 8 2
left_child=2 -2 4 -4 5 -1
right_child=1 -3 3 -5 -6 -7
leaf_value=0.0051774365329301146 -0.012327629589645636 0.00057714390566629523 0.01483060410077678 0 -0.0028435026938413901 0
leaf_weight=4.7050658464431772 8.8305234275758249 2.4464092552661887 7.0672096312046033 2.0378040298819542 5.1798268780112275 1.9916722178459165
leaf_count=24 92 15 39 10 43 14
internal_value=0.000538683 -0.00775264 0.0079956 0.0135097 0 0.0019631
internal_weight=32.2585 11.2769 20.9816 9.10501 11.8766 6.69674
internal_count=237 107 130 49 81 38
is_linear=0
shrinkage=0.03


Tree=106
num_leaves=7
num_cat=0
split_feature=68 60 11 56 52 68
split_gain=2.79068 3.03892 1.91789 0.623612 0.386854 0.320738
threshold=697.16046142578136 0.31399999558925634 5.6070852279663095 -0.57330232858657826 -0.38562110066413874 36.717102050781257
decision_type=8 2 2 2 2 10
left_child=1 3 4 -1 -2 -5
right_child=2 -3 -4 5 -6 -7
leaf_value=0 -0.012797568369765304 -0.0031861535436646543 0.0017161606573687959 0 0 0.015772743624949195
leaf_weight=1.4214552491903312 8.8874674104154074 4.2432907596230498 3.2047438174486151 1.7062561511993415 3.2006340250372896 9.6720170155167562
leaf_count=9 89 30 21 10 23 56
internal_value=0 0.00733164 -0.00646752 0.0133182 -0.0111482 0.0146772
internal_weight=32.3359 17.043 15.2928 12.7997 12.0881 11.3783
internal_count=238 105 133 75 112 66
is_linear=0
shrinkage=0.03


Tree=107
num_leaves=7
num_cat=0
split_feature=68 60 54 0 4 7
split_gain=3.09775 3.37512 1.33292 1.13753 0.7259 0.41788
threshold=697.16046142578136 0.0030000000260770325 0.069159060716629042 3.1666666269302373 0.005215203622356058 371.50000000000006
decision_type=8 2 2 2 8 2
left_child=1 5 -2 4 -4 -1
right_child=2 -3 3 -5 -6 -7
leaf_value=0.017202734444253489 0.0012922217991628653 -0.0013459847792243981 0 0 -0.01318262837688324 0
leaf_weight=8.9330521076917666 2.6316096484661093 6.7221267744898787 1.1019900292158098 1.8348506093025196 10.15288907289505 1.8493238016962994
leaf_count=49 12 44 10 9 104 11
internal_value=0.00134448 0.00898315 -0.00501378 -0.0088907 -0.0115773 0.0158589
internal_weight=33.2258 17.5045 15.7213 13.0897 11.2549 10.7824
internal_count=239 104 135 123 114 60
is_linear=0
shrinkage=0.03


Tree=108
num_leaves=6
num_cat=0
split_feature=9 54 54 68 30
split_gain=2.79804 1.86258 1.3054 1.03717 0.677813
threshold=4.1666667461395273 0.069159060716629042 0.56555533409118663 313.60475158691412 0.84942904114723217
decision_type=2 2 2 8 2
left_child=1 -1 4 -4 -3
right_child=-2 2 3 -5 -6
leaf_value=0.0031679581885396151 0.0093838059413297887 -0.013715844571166926 0.0065467254143444266 -0.0048833204747949647 0
leaf_weight=2.4365131109952953 6.160767897963523 13.556677099317314 3.1509209722280476 5.5077523551881322 1.296266235411166
leaf_count=11 37 113 15 50 12
internal_value=0 -0.00551958 -0.00888698 0 -0.0124003
internal_weight=32.1089 25.9481 23.5116 8.65867 14.8529
internal_count=238 201 190 65 125
is_linear=0
shrinkage=0.03


Tree=109
num_leaves=7
num_cat=0
split_feature=58 60 30 62 55 49
split_gain=2.85459 2.71991 1.34128 1.21943 0.155089 0.0450108
threshold=0.011799999978393318 0.25939999520778662 0.3257004469633103 0.55140000581741344 0.14797452092170718 0.094472233206033721
decision_type=2 2 2 2 2 2
left_child=1 2 4 -2 -1 -4
right_child=3 -3 5 -5 -6 -7
leaf_value=0.015909962679631226 -0.010737708970159526 -0.0031942286990162732 -0.0012482912491954745 0 0 0.0011988211699366128
leaf_weight=11.458312548697 7.11626413092017 4.0782696455717078 2.8738505169749251 1.2885443195700643 1.9995857775211323 4.2288075163960457
leaf_count=61 77 32 25 8 10 25
internal_value=0.00142603 0.00716986 0.0115615 -0.00689896 0.01502 0
internal_weight=33.0436 24.6388 20.5606 8.40481 13.4579 7.10266
internal_count=238 153 121 85 71 50
is_linear=0
shrinkage=0.03


Tree=110
num_leaves=7
num_cat=0
split_feature=58 0 62 17 47 54
split_gain=2.88431 1.94717 1.02015 0.681825 0.378317 0.314781
threshold=0.005799999926239253 0.83333334326744091 0.55140000581741344 0.76204764842987072 0.8206942379474641 0.069159060716629042
decision_type=2 2 2 2 2 2
left_child=1 5 4 -3 -2 -1
right_child=2 3 -4 -5 -6 -7
leaf_value=0.0031967106029681378 -0.010479233402431815 0.015641897224543979 0 0 0 -0.00282690680728868
leaf_weight=2.0371520221233395 7.503615301102398 8.2804057970643026 1.6268810555338848 1.8697206377983082 0.77810736000537861 10.058578968048094
leaf_count=9 84 46 10 11 6 74
internal_value=0.00203287 0.00808257 -0.00577311 0.0138388 -0.0093014 0
internal_weight=32.1545 22.2459 9.9086 10.1501 8.28172 12.0957
internal_count=240 140 100 57 90 83
is_linear=0
shrinkage=0.03


Tree=111
num_leaves=7
num_cat=0
split_feature=58 0 62 56 60 33
split_gain=2.93911 1.87575 1.12211 0.867506 0.255971 0.525213
threshold=0.01480000000447035 0.83333334326744091 0.55140000581741344 -0.54589617252349842 0.0030000000260770325 0.50689494609832775
decision_type=2 2 2 2 2 2
left_child=1 4 -2 -3 5 -1
right_child=2 3 -4 -5 -6 -7
leaf_value=0.0058029190973899912 -0.0096250225919171043 0 0.00013341532769379531 0.015455280194613353 -0.003282743489738474 0
leaf_weight=6.2205790579319018 7.6066247113049013 1.6462618336081494 1.1556068882346151 10.129869997501372 4.555533029139041 2.2121665552258492
leaf_count=35 84 11 7 57 36 14
internal_value=0.00269271 0.00820323 -0.00575496 0.0135998 0 0.0019971
internal_weight=33.5266 24.7644 8.76223 11.7761 12.9883 8.43275
internal_count=244 153 91 68 85 49
is_linear=0
shrinkage=0.03


Tree=112
num_leaves=7
num_cat=0
split_feature=0 58 18 44 55 60
split_gain=3.21927 3.11474 1.15772 0.941721 0.186871 0.164568
threshold=0.83333334326744091 0.009599999990314247 0.095338229089975371 0.61688560247421276 0.14269554615020755 0.0030000000260770325
decision_type=2 2 2 2 2 2
left_child=2 4 5 -4 -2 -1
right_child=1 -3 3 -5 -6 -7
leaf_value=0.0034396395038458704 0.015998778293683853 -0.0026861897314862234 -0.011850162367897207 0 0 0
leaf_weight=2.518744155764586 8.8897007852792722 3.1371598951518527 10.142075181007383 2.1580106168985358 1.9914463907480229 2.7806292027235031
leaf_count=12 51 35 97 13 10 18
internal_value=0 0.00902975 -0.0058328 -0.009425 0.0149498 0
internal_weight=31.6178 14.0183 17.5995 12.3001 10.8811 5.29937
internal_count=236 96 140 110 61 30
is_linear=0
shrinkage=0.03


Tree=113
num_leaves=7
num_cat=0
split_feature=0 62 43 68 60 61
split_gain=3.89056 1.26588 0.768985 0.267108 0.635675 0.081123
threshold=1.8333333134651186 0.0010000000183936211 0.15180068463087085 752.01473999023449 0.0061999999452382335 0.0022000001044943933
decision_type=2 2 2 8 2 2
left_child=1 2 -1 4 -3 -4
right_child=-2 3 5 -5 -6 -7
leaf_value=0 0.012972623963551432 0.0076735126063082392 -0.011350793585235273 0 0 0
leaf_weight=1.7962532639503539 9.6580798029899579 3.8267503380775425 7.6462020389735681 4.0018552318215379 3.9053847044706345 0.85449986159801472
leaf_count=10 58 18 86 32 25 6
internal_value=0.0020637 -0.00340244 -0.00862084 0.000275766 0.00369464 -0.0109061
internal_weight=31.689 22.0309 10.297 11.734 7.73214 8.5007
internal_count=235 177 102 75 43 92
is_linear=0
shrinkage=0.03


Tree=114
num_leaves=7
num_cat=0
split_feature=68 11 6 56 55 58
split_gain=2.50996 1.31054 1.13829 0.63543 0.613848 0.374214
threshold=667.86233520507824 5.6070852279663095 195.87500000000003 -0.36945162713527674 0.16169135272502902 0.045199999585747726
decision_type=8 2 2 2 2 2
left_child=2 3 4 -2 5 -1
right_child=1 -3 -4 -5 -6 -7
leaf_value=0.013370241203641591 -0.010323661878365521 0.0018030233826179206 0 0 0 0
leaf_weight=11.405671194195749 10.093731399625536 2.9933778904378405 1.6362569779157627 2.6395428590476522 1.9459633082151402 1.7078271284699429
leaf_count=68 100 19 11 19 11 13
internal_value=0.00142615 -0.00409978 0.00846482 -0.00830945 0.0108265 0.0122875
internal_weight=32.4224 15.7267 16.6957 12.7333 15.0595 13.1135
internal_count=241 138 103 119 92 81
is_linear=0
shrinkage=0.03


Tree=115
num_leaves=7
num_cat=0
split_feature=68 60 47 11 52 55
split_gain=2.92337 2.73448 1.38483 0.90667 0.184973 0.152505
threshold=667.86233520507824 0.077600002288818373 0.077529683709144606 5.6070852279663095 -0.35618743300437922 0.14431183785200122
decision_type=8 2 2 2 2 2
left_child=1 5 -2 -4 -3 -1
right_child=2 4 3 -5 -6 -7
leaf_value=0.014554546188756982 0.00095276732758157686 -0.0039839915966681889 -0.012024119628331888 0 0 0
leaf_weight=10.8554307371378 2.3592592328786841 3.0061519667506218 9.6563588231801969 2.0622550956904879 1.9766814932227124 1.7131149619817723
leaf_count=63 11 24 101 16 13 10
internal_value=0.000681343 0.00821554 -0.00573081 -0.00965813 -0.00163313 0.0137722
internal_weight=31.6293 17.5514 14.0779 11.7186 4.98283 12.5685
internal_count=238 110 128 117 37 73
is_linear=0
shrinkage=0.03


Tree=116
num_leaves=7
num_cat=0
split_feature=68 4 55 11 51 31
split_gain=2.74126 1.46491 1.01572 0.971848 0.848715 0.365902
threshold=667.86233520507824 0.0075805915985256442 0.16589002311229709 5.6070852279663095 -0.40207976102828974 0.073563203215599074
decision_type=8 8 2 2 2 2
left_child=1 -1 -3 4 5 -2
right_child=3 2 -4 -5 -6 -7
leaf_value=0 0 0.013372266053598411 0 0.00035767665557163037 0 -0.011512712540814492
leaf_weight=1.9077859967947031 1.0774733424186678 14.640143766999246 1.4876790717244137 2.8141475431621066 2.4894028455019006 8.2285115979611856
leaf_count=13 8 90 9 19 15 90
internal_value=0.00191423 0.00880495 0.0115606 -0.00427557 -0.00779078 -0.0103965
internal_weight=32.6451 18.0356 16.1278 14.6095 11.7954 9.30598
internal_count=244 112 99 132 113 98
is_linear=0
shrinkage=0.03


Tree=117
num_leaves=6
num_cat=0
split_feature=28 58 32 47 50
split_gain=2.79571 2.67497 0.850737 0.782242 0.112532
threshold=0.520310938358307 0.01480000000447035 0.27426053583621984 0.085297085344791426 0.2339349910616875
decision_type=2 2 2 2 2
left_child=1 2 -1 -2 -5
right_child=3 -3 -4 4 -6
leaf_value=0.014753615576776289 0 -0.0027863835630886056 0 -0.010219307194376911 0
leaf_weight=11.313782185316095 1.9505787342786769 4.1888370700180522 4.8178042322397223 6.824988879263401 0.85285049304366101
leaf_count=60 10 39 32 78 9
internal_value=0.000549212 0.00721046 0.0121753 -0.00696357 -0.00967816
internal_weight=29.9488 20.3204 16.1316 9.62842 7.67784
internal_count=228 131 92 97 87
is_linear=0
shrinkage=0.03


Tree=118
num_leaves=7
num_cat=0
split_feature=0 68 51 57 60 43
split_gain=2.11805 1.21531 1.31371 0.691016 0.448261 0.0639234
threshold=2.1666666269302373 376.21420288085943 -0.40207976102828974 0.99900001287460338 0.0061999999452382335 0.34567125141620642
decision_type=2 8 2 2 2 2
left_child=1 4 3 -3 -1 -6
right_child=-2 2 -4 -5 5 -7
leaf_value=0.005370404875857996 0.0094977209235326022 -0.012799438061711617 0 0 0 -0.002166587296053814
leaf_weight=4.7411664724350029 7.7825138419866553 9.4140521362423897 3.2081983089446977 0.95320142805576402 2.1321322396397591 2.2560337856411934
leaf_count=25 45 103 20 6 14 15
internal_value=0.000225957 -0.00304986 -0.00764048 -0.0112082 0.00106553 0
internal_weight=30.4873 22.7048 13.5755 10.3673 9.12933 4.38817
internal_count=228 183 129 109 54 29
is_linear=0
shrinkage=0.03


Tree=119
num_leaves=7
num_cat=0
split_feature=12 60 58 47 33 48
split_gain=2.43213 2.01193 1.28661 0.62574 0.586063 0.464332
threshold=0.30952382087707525 0.31399999558925634 0.045199999585747726 0.16693903505802157 0.23355001211166385 0.13498388230800631
decision_type=2 2 2 2 2 2
left_child=3 2 5 -1 -5 -2
right_child=1 -3 -4 4 -6 -7
leaf_value=0 0.01507911023299937 -0.00139671907237592 0 0 -0.0090906970893455796 0
leaf_weight=2.049336455762389 13.202941134572034 2.6222268640995017 1.7836836799979199 1.4402399361133564 8.4096993543207628 1.8310122117400158
leaf_count=16 73 17 15 13 95 10
internal_value=0.00194115 0.00806294 0.0117461 -0.00443514 -0.00707619 0.0139304
internal_weight=31.3391 19.4399 16.8176 11.8993 9.84994 15.034
internal_count=239 115 98 124 108 83
is_linear=0
shrinkage=0.03


Tree=120
num_leaves=7
num_cat=0
split_feature=32 54 58 60 62 56
split_gain=2.37278 1.74466 1.32214 1.23415 0.604506 0.200955
threshold=0.27426053583621984 0.069159060716629042 0.045199999585747726 0.21280000358819964 0.99939998984336864 -0.29210740327835077
decision_type=2 2 2 2 2 2
left_child=2 -2 3 4 -1 -3
right_child=1 5 -4 -5 -6 -7
leaf_value=0.013055991746486957 0.00052850761273953533 -0.012420942377459486 -0.0016183331921594787 0 0 0
leaf_weight=10.004293896257881 2.754641279578208 11.316759537905455 2.2767353951930991 2.2241556569933882 1.7261261120438582 0.97795236855745038
leaf_count=55 13 118 21 13 10 6
internal_value=-0.000274009 -0.00784403 0.00477203 0.00855972 0.011484 -0.0118068
internal_weight=31.2807 15.0494 16.2313 13.9546 11.7304 12.2947
internal_count=236 137 99 78 65 124
is_linear=0
shrinkage=0.03


Tree=121
num_leaves=7
num_cat=0
split_feature=68 54 5 6 11 68
split_gain=2.63225 1.66539 1.00766 0.78219 0.544545 0.163538
threshold=385.15440368652349 0.079683117568492903 0.73926940560340892 185.75000000000003 7.5000000000000009 50.487812042236335
decision_type=8 2 2 2 2 10
left_child=3 -2 4 5 -3 -1
right_child=1 2 -4 -5 -6 -7
leaf_value=0 0.0019471785366126867 -0.013136337590780152 0 0 0 0.012108460819757572
leaf_weight=3.38975612074137 4.121197745203971 9.838255878537888 0.95699839293956834 1.4136367291212071 1.0232233330607421 8.0709334090352041
leaf_count=20 23 109 6 9 7 49
internal_value=0.000516491 -0.00473294 -0.00963713 0.00886662 -0.0118578 0.0107981
internal_weight=28.814 15.9397 11.8185 12.8743 10.8615 11.4607
internal_count=223 145 122 78 116 69
is_linear=0
shrinkage=0.03


Tree=122
num_leaves=7
num_cat=0
split_feature=58 1 20 54 48 17
split_gain=2.38673 1.73818 0.691711 0.469345 0.66144 0.0812581
threshold=0.005799999926239253 0.83333334326744091 0.11665430292487146 0.069159060716629042 -0.18684633076190946 0.67644217610359203
decision_type=2 2 2 2 2 2
left_child=1 3 -2 -1 -5 -3
right_child=2 5 -4 4 -6 -7
leaf_value=0.0034487791416397289 0 0.013036763641831131 -0.0096969946322634625 0 -0.0072468614185416027 0
leaf_weight=2.9136013239622178 1.319358978420494 6.6139475479722005 6.8516746126115322 4.2347912825644025 6.4539261832833263 1.7555672377347944
leaf_count=13 9 38 78 30 51 10
internal_value=6.28553e-05 0.00609101 -0.00727628 0 -0.00360462 0.0122366
internal_weight=30.1429 21.9718 8.17103 13.6023 10.6887 8.36951
internal_count=229 142 87 94 81 48
is_linear=0
shrinkage=0.03


Tree=123
num_leaves=7
num_cat=0
split_feature=30 58 60 22 54 37
split_gain=1.68241 1.6015 1.09538 1.06649 1.02902 0.394086
threshold=0.3257004469633103 0.016199999488890175 0.31399999558925634 0.47176286578178411 0.069159060716629042 0.86705854535102855
decision_type=2 2 2 2 2 2
left_child=1 2 3 -1 -2 -6
right_child=4 -3 -4 -5 5 -7
leaf_value=0.014618200732924694 0.00018149461382467502 -0.001345015852792086 0 0 -0.0095965746598644062 0
leaf_weight=10.143214687705045 2.2977637350559226 3.4280652403831473 1.9649753496050824 2.3113814890384665 10.119143046438692 1.0787352174520481
leaf_count=55 11 28 12 14 103 9
internal_value=0 0.00581516 0.00982816 0.0122045 -0.00493608 -0.0084069
internal_weight=31.3433 17.8476 14.4196 12.4546 13.4956 11.1979
internal_count=232 109 81 69 123 112
is_linear=0
shrinkage=0.03


Tree=124
num_leaves=7
num_cat=0
split_feature=58 0 62 56 21 22
split_gain=1.92927 2.05174 1.06592 0.393632 0.190919 0.437986
threshold=0.011799999978393318 0.83333334326744091 0.55140000581741344 -0.54589617252349842 0.26361444592475897 0.030558655038475994
decision_type=2 2 2 2 2 2
left_child=1 4 -2 -3 -1 -6
right_child=2 3 -4 -5 5 -7
leaf_value=0.00082997995932565906 -0.0096495382993632486 0 0 0.013734481819288057 0 -0.0055184266460622635
leaf_weight=2.0397033691406312 6.4258638732135287 1.3044859468936909 1.2138268575072286 8.0093272849917394 2.0307559818029395 8.3141265287995321
leaf_count=11 75 9 8 47 10 66
internal_value=0.000875837 0.00614349 -0.0056852 0.012552 0 -0.00283514
internal_weight=29.3381 21.6984 7.63969 9.31381 12.3846 10.3449
internal_count=226 143 83 56 87 76
is_linear=0
shrinkage=0.03


Tree=125
num_leaves=7
num_cat=0
split_feature=58 35 56 62 61 40
split_gain=3.33984 1.85433 1.27709 1.07698 0.290486 0.15437
threshold=0.005799999926239253 0.36522072553634649 -0.55636668205261219 0.55140000581741344 0.044200001284480102 0.059048738330602653
decision_type=2 2 2 2 2 2
left_child=1 5 -3 4 -2 -1
right_child=3 2 -4 -5 -6 -7
leaf_value=0.001086929775700152 -0.010907371472199875 0 0.015431265669571217 0 0 -0.002751510066381432
leaf_weight=2.424418933689596 7.3377743922173959 1.8143686167895783 11.71977076679468 1.6695712879300106 0.93279667943716038 6.4123265519738197
leaf_count=13 86 15 74 11 6 41
internal_value=0.00206159 0.00852707 0.0130739 -0.00645937 -0.00992913 0
internal_weight=32.311 22.3709 13.5341 9.94014 8.27057 8.83675
internal_count=246 143 89 103 92 54
is_linear=0
shrinkage=0.03


Tree=126
num_leaves=7
num_cat=0
split_feature=12 60 68 19 33 59
split_gain=2.10424 1.96601 1.55451 0.860286 0.537667 0.198959
threshold=0.36666667461395269 0.31399999558925634 1.0000000180025095e-35 0.43198791146278387 0.23355001211166385 0.19579999893903735
decision_type=2 2 10 2 2 2
left_child=3 2 -2 -1 -5 -4
right_child=1 -3 5 4 -6 -7
leaf_value=0 0 -0.0025693446905212295 0.015286440262778882 0 -0.0110455705194679 0
leaf_weight=4.5983769297599819 4.3115053921937969 2.8046086281538001 8.4111055657267553 0.84017367660999109 7.3170551359653473 3.1742881312966338
leaf_count=46 24 18 48 7 80 19
internal_value=0 0.00601727 0.0102562 -0.00612827 -0.00947147 0.0138209
internal_weight=31.4571 18.7015 15.8969 12.7556 8.15723 11.5854
internal_count=242 109 91 133 87 67
is_linear=0
shrinkage=0.03


Tree=127
num_leaves=7
num_cat=0
split_feature=1 54 68 58 14 46
split_gain=2.16105 2.38222 1.57207 0.991142 0.649541 0.494355
threshold=0.83333334326744091 0.069159060716629042 262.56336975097662 0.01480000000447035 13.604084968566896 0.20967218279838565
decision_type=2 2 8 2 2 2
left_child=1 -1 5 4 -2 -3
right_child=3 2 -4 -5 -6 -7
leaf_value=0.005263107479740143 0.013001063373777211 -0.002910212013779064 -0.013355045039360304 0 0 0.0050430912832514609
leaf_weight=2.9089425057172837 7.5892689228057844 2.4894543662667301 10.464513290673493 1.6531702503561962 1.8131185993552206 3.334846206009388
leaf_count=13 46 17 111 21 10 18
internal_value=7.56603e-05 -0.00392021 -0.00922075 0.00843041 0.0110952 0
internal_weight=30.2533 19.1978 16.2888 11.0556 9.40239 5.8243
internal_count=236 159 146 77 56 35
is_linear=0
shrinkage=0.03


Tree=128
num_leaves=7
num_cat=0
split_feature=58 19 62 68 29 39
split_gain=3.17278 1.97052 1.37166 0.507964 0.134412 0.149503
threshold=1.0000000180025095e-35 0.47075448930263525 0.83859997987747203 505.51928710937506 0.86611023545265209 0.20223893225193026
decision_type=2 2 2 10 2 2
left_child=1 3 -2 -1 5 -3
right_child=2 4 -4 -5 -6 -7
leaf_value=0.012228658955031297 -0.012920695891646053 -0.0047881646355855088 0 0 0 0
leaf_weight=8.9493544846773201 10.610915828496216 3.8228471390902987 1.2790408059954632 2.6318096816539756 0.96809237450361241 1.1379655748605726
leaf_count=54 112 32 8 17 7 7
internal_value=-0.000623571 0.00491451 -0.0100396 0.0104938 -0.0019631 -0.00349127
internal_weight=29.4 17.5101 11.89 11.5812 5.92891 4.96081
internal_count=237 117 120 71 46 39
is_linear=0
shrinkage=0.03


Tree=129
num_leaves=7
num_cat=0
split_feature=58 28 60 62 39 68
split_gain=2.21514 2.27327 1.56062 0.841186 0.589381 0.334396
threshold=0.011799999978393318 0.520310938358307 0.10199999809265138 0.55140000581741344 0.20223893225193026 171.88907623291018
decision_type=2 2 2 2 2 10
left_child=1 2 4 -2 -1 -3
right_child=3 5 -4 -5 -6 -7
leaf_value=0.015523108790085232 -0.0092440126732171602 -0.0049441517606327061 0 0 0 0
leaf_weight=11.653566248714933 7.3870161175727826 4.3931891769170752 2.7499329745769492 1.1080914586782453 2.2801726683974257 2.1763465031981468
leaf_count=67 88 41 19 8 13 17
internal_value=0.000738754 0.00622294 0.0110917 -0.00627684 0.0139945 -0.00175234
internal_weight=31.7483 23.2532 16.6837 8.49511 13.9337 6.56954
internal_count=253 157 99 96 80 58
is_linear=0
shrinkage=0.03


Tree=130
num_leaves=7
num_cat=0
split_feature=62 30 33 58 55 43
split_gain=1.49227 1.6948 1.1941 0.287292 0.248411 0.1116
threshold=0.0010000000183936211 0.13510000705718997 0.72082129120826732 0.020399999804794792 0.14797452092170718 0.34567125141620642
decision_type=2 2 2 2 2 2
left_child=1 3 5 -1 -4 -2
right_child=2 -3 4 -5 -6 -7
leaf_value=0.004650499472786492 0.00044213301901340515 -0.010464587686234867 0.011495216229490743 0 0 -0.0024249340181818628
leaf_weight=3.6360079497098949 2.2404401116073149 8.079270735383032 6.2740696966648084 1.1726725250482557 1.8246385753154752 6.6738676428794861
leaf_count=18 16 94 41 11 10 45
internal_value=0 -0.00463093 0.00561674 0.00156663 0.0103182 0
internal_weight=29.901 12.888 17.013 4.80868 8.09871 8.91431
internal_count=235 123 112 29 51 61
is_linear=0
shrinkage=0.03


Tree=131
num_leaves=7
num_cat=0
split_feature=0 51 26 19 51 32
split_gain=2.49399 1.67023 0.647602 0.613845 0.18264 0.331029
threshold=1.8333333134651186 -0.43886667490005488 0.12377285212278367 0.57748931646347057 -0.38059848546981806 0.17417489737272265
decision_type=2 2 2 2 2 2
left_child=1 2 -1 -2 5 -3
right_child=3 4 -4 -5 -6 -7
leaf_value=0 0.0106532450782405 0 -0.011624737881893455 0 0 0.0062147145547071193
leaf_weight=3.8475458882749107 7.931647874414919 1.7789454385638235 10.872529719024895 1.975210942327976 1.9431345686316515 2.6795087456703186
leaf_count=24 52 10 119 12 12 17
internal_value=0 -0.00494806 -0.00951441 0.00863009 0.00129285 0.00364211
internal_weight=31.0285 21.1217 14.7201 9.90686 6.40159 4.45845
internal_count=246 182 143 64 39 27
is_linear=0
shrinkage=0.03


Tree=132
num_leaves=7
num_cat=0
split_feature=47 22 25 19 35 4
split_gain=1.81895 2.05999 0.758035 0.547892 0.313558 0.174018
threshold=0.13558906316757205 0.33983196318149572 0.93361341953277599 0.82340154051780712 0.39378409087657934 0.013420058880001308
decision_type=2 2 2 2 2 10
left_child=3 4 5 -1 -2 -3
right_child=1 2 -4 -5 -6 -7
leaf_value=0.0094003336826661617 0 -0.012941228501086534 0 0 0.0051254918529505195 0
leaf_weight=8.5579868704080599 6.2804864794015902 8.6119955815374833 1.18782054260373 1.7212471216917027 3.2562980279326439 1.0598001927137364
leaf_count=52 46 96 10 10 21 9
internal_value=0 -0.00401608 -0.0104506 0.00751999 0.00183869 -0.0122675
internal_weight=30.6756 20.3964 10.8596 10.2792 9.53678 9.6718
internal_count=244 182 115 62 67 105
is_linear=0
shrinkage=0.03


Tree=133
num_leaves=6
num_cat=0
split_feature=0 54 68 4 46
split_gain=1.64256 1.55032 1.29374 1.14863 0.250875
threshold=3.1666666269302373 0.069159060716629042 376.21420288085943 0.0050959466025233277 0.20967218279838565
decision_type=2 2 8 8 2
left_child=1 -1 4 -4 -3
right_child=-2 2 3 -5 -6
leaf_value=0.005263242788640406 0.0096048902671801283 -0.0010110841753495257 0 -0.012685682116808051 0.0038607635461096025
leaf_weight=3.3351458609104219 5.52457471191883 3.9222570359706896 1.3502944298088522 10.539724692702293 4.1930822432041168
leaf_count=15 37 26 13 113 25
internal_value=0.000952647 -0.00156228 -0.00607469 -0.010187 0
internal_weight=28.8651 23.3405 20.0054 11.89 8.11534
internal_count=229 192 177 126 51
is_linear=0
shrinkage=0.03


Tree=134
num_leaves=7
num_cat=0
split_feature=12 59 52 26 61 57
split_gain=3.21215 1.14564 0.620426 0.636116 0.27243 0.0512741
threshold=0.50757575035095226 0.19579999893903735 -0.38562110066413874 0.14372427761554721 0.0022000001044943933 1.0000000180025095e-35
decision_type=2 2 2 2 2 2
left_child=2 -2 3 -1 -5 -4
right_child=1 -3 5 4 -6 -7
leaf_value=0 0.012653136278929018 0 0.0020213941253500543 -0.010412123957541491 0 0
leaf_weight=1.8824083246290673 11.73904415220022 3.6757014617323884 1.2937658652663242 8.0011069960892183 1.392211265861987 1.2305722050368784
leaf_count=12 68 24 10 102 10 11
internal_value=0.00184803 0.00981716 -0.00491724 -0.00730022 -0.00938013 0
internal_weight=29.2148 15.4147 13.8001 11.2757 9.39332 2.52434
internal_count=237 92 145 124 112 21
is_linear=0
shrinkage=0.03


Tree=135
num_leaves=7
num_cat=0
split_feature=0 56 47 54 53 68
split_gain=1.86116 1.32178 1.21131 0.971311 0.359709 0.078695
threshold=0.83333334326744091 -0.53247612714767445 0.085297085344791426 0.72662216424942028 -0.22608545422554013 313.60475158691412
decision_type=2 2 2 2 2 8
left_child=2 -2 -1 4 -4 -5
right_child=1 -3 3 5 -6 -7
leaf_value=0.0018286400729382495 0 0.011604934610829089 -0.011340375131995234 0.0024943853436151064 0 0
leaf_weight=3.2090787440538469 3.6120420135557643 8.4844337776303274 10.377798177301885 1.3831535875797265 1.0330685339868022 1.5158869586884973
leaf_count=16 35 57 100 7 6 17
internal_value=0.000193116 0.00766961 -0.00370003 -0.0076502 -0.0103575 0
internal_weight=29.6155 12.0965 17.519 14.3099 11.4109 2.89904
internal_count=238 92 146 130 106 24
is_linear=0
shrinkage=0.03


Tree=136
num_leaves=7
num_cat=0
split_feature=68 51 24 11 59 43
split_gain=2.19406 1.51639 1.00604 0.607455 0.403862 0.314605
threshold=505.51928710937506 -0.40207976102828974 0.60883086919784557 6.5000000000000009 0.28880000114440924 0.15714317560195926
decision_type=8 2 2 2 2 2
left_child=2 3 4 5 -1 -2
right_child=1 -3 -4 -5 -6 -7
leaf_value=0.012162048581259017 0 0.0013226672770457026 0 0 0 -0.012216302489231159
leaf_weight=7.7939822524786013 1.1867661848664273 4.1484516859054557 2.9413050636649123 1.2978999167680729 2.1411207541823387 8.6374849043786508
leaf_count=47 8 25 24 8 15 103
internal_value=0 -0.00491942 0.00771913 -0.0096122 0.0106675 -0.0112259
internal_weight=28.147 15.2706 12.8764 11.1222 9.9351 9.82425
internal_count=230 144 86 119 62 111
is_linear=0
shrinkage=0.03


Tree=137
num_leaves=7
num_cat=0
split_feature=68 60 11 6 4 26
split_gain=2.27717 2.00033 1.27097 1.16173 0.586347 0.106469
threshold=752.01473999023449 0.077600002288818373 5.6070852279663095 192.00000000000003 0.0050959466025233277 0.043026529252529151
decision_type=8 2 2 2 8 2
left_child=1 3 4 -1 -2 -6
right_child=2 -3 -4 -5 5 -7
leaf_value=0.014387548053823501 0 -0.00061868003285894173 0.00066038581315677693 0 0 -0.011690020927816014
leaf_weight=10.221797958016401 1.1131520047783823 5.3811692222952834 2.0824917219579211 1.2331214249134053 1.1932915374636657 8.0459967330098134
leaf_count=65 12 38 13 9 7 90
internal_value=0.000111585 0.00708204 -0.00560163 0.0120984 -0.00951489 -0.0110996
internal_weight=29.271 16.8361 12.4349 11.4549 10.3524 9.23929
internal_count=234 112 122 74 109 97
is_linear=0
shrinkage=0.03


Tree=138
num_leaves=7
num_cat=0
split_feature=68 60 45 6 57 32
split_gain=1.83626 1.37559 1.04003 0.851033 0.418872 0.20902
threshold=529.38558959960949 0.31399999558925634 0.071773942559957518 185.75000000000003 0.99900001287460338 0.84624272584915172
decision_type=8 2 2 2 2 2
left_child=1 3 -2 -1 5 -4
right_child=2 -3 4 -5 -6 -7
leaf_value=0.013023568448668792 0.00070164823271960447 0 -0.010164162593517847 0 0 0
leaf_weight=9.7615266367793101 3.8787640668451777 2.8491828367114058 7.6581972688436473 1.2705118805170048 1.5198439247906215 0.73249254003167141
leaf_count=62 22 22 90 8 10 11
internal_value=0.000817942 0.00751267 -0.00372434 0.0110883 -0.00795244 -0.0094322
internal_weight=27.6705 13.8812 13.7893 11.032 9.91053 8.39069
internal_count=225 92 133 70 111 101
is_linear=0
shrinkage=0.03


Tree=139
num_leaves=7
num_cat=0
split_feature=68 60 11 47 6 60
split_gain=2.14955 1.6134 1.124 0.714274 0.60832 0.205066
threshold=697.16046142578136 0.0061999999452382335 5.6070852279663095 0.070282794535160079 185.75000000000003 0.72759997844696056
decision_type=8 2 2 2 2 2
left_child=1 4 3 -2 -1 -5
right_child=2 -3 -4 5 -6 -7
leaf_value=0.013499841142674152 0 0 0.00015116957139861586 -0.011632143436584277 0 0
leaf_weight=8.0289052166044765 1.1112341582775105 6.861118607223033 2.5102271325886241 8.3827886059880221 1.4050429463386525 0.78370862454176027
leaf_count=50 5 49 18 90 9 10
internal_value=5.95296e-05 0.0069937 -0.00533498 -0.00904758 0.01187 -0.0109611
internal_weight=29.083 16.2951 12.788 10.2777 9.43395 9.1665
internal_count=231 108 123 105 59 100
is_linear=0
shrinkage=0.03


Tree=140
num_leaves=7
num_cat=0
split_feature=68 60 0 47 36 7
split_gain=2.12341 2.49098 1.28268 1.03429 0.189226 0.158489
threshold=752.01473999023449 0.0030000000260770325 3.1666666269302373 0.073408186435699477 0.18061843514442447 294.50000000000006
decision_type=8 2 2 2 2 2
left_child=1 5 3 -2 -3 -1
right_child=2 4 -4 -5 -6 -7
leaf_value=0.013616845763044481 0 0 0.00019776836075816373 -0.012397363262144965 -0.0038497416390699947 0
leaf_weight=8.145764455199247 0.92849132418632407 1.9049283415079106 2.1535328626632682 9.3172439746558648 4.6532820537686348 1.5941116288304318
leaf_count=50 4 12 11 110 36 11
internal_value=0 0.0062489 -0.00628274 -0.0100333 -0.00168237 0.0127757
internal_weight=28.6974 16.2981 12.3993 10.2457 6.55821 9.73988
internal_count=234 109 125 114 48 61
is_linear=0
shrinkage=0.03


Tree=141
num_leaves=7
num_cat=0
split_feature=1 54 54 58 19 56
split_gain=1.66907 1.48231 1.10464 0.951713 0.426424 0.35132
threshold=0.83333334326744091 0.069159060716629042 0.66878628730773937 0.009599999990314247 0.69315171241760265 -0.29210740327835077
decision_type=2 2 2 2 2 2
left_child=1 -1 5 4 -2 -3
right_child=3 2 -4 -5 -6 -7
leaf_value=0.003125029701555431 0.011818775645466448 -0.011940279148728628 0 0 0 0
leaf_weight=2.1865172833204332 6.5287775546312314 10.755507990717893 4.993114221841096 1.9662794359028328 2.0076236426830292 1.0502788946032477
leaf_count=10 42 105 41 24 11 6
internal_value=0 -0.00386811 -0.00784368 0.00721899 0.0101907 -0.0110092
internal_weight=29.4881 18.9854 16.7989 10.5027 8.5364 11.8058
internal_count=239 162 152 77 53 111
is_linear=0
shrinkage=0.03


Tree=142
num_leaves=7
num_cat=0
split_feature=58 28 60 55 43 19
split_gain=2.12592 2.01989 1.52482 0.952306 0.46128 0.177745
threshold=0.011799999978393318 0.520310938358307 0.10199999809265138 0.14269554615020755 0.495358556509018 0.82340154051780712
decision_type=2 2 2 2 2 2
left_child=1 2 3 -1 5 -2
right_child=4 -3 -4 -5 -6 -7
leaf_value=0.015834847298460641 -0.0089009112850965688 -0.0014265823376667368 0 0 0 0
leaf_weight=10.973108790814882 5.9587808176875106 5.4654206074774256 2.385991793125867 2.277843013405799 0.77039000391960133 0.70729769766330708
leaf_count=63 74 51 18 13 5 10
internal_value=0.000700509 0.00632178 0.0108704 0.0137592 -0.00628714 -0.00814035
internal_weight=28.5388 21.1024 15.6369 13.251 7.43647 6.66608
internal_count=234 145 94 76 89 84
is_linear=0
shrinkage=0.03


Tree=143
num_leaves=7
num_cat=0
split_feature=68 60 6 11 47 4
split_gain=1.37814 1.51926 1.02028 0.829358 0.52097 0.579582
threshold=697.16046142578136 0.31399999558925634 195.87500000000003 5.6070852279663095 0.070282794535160079 0.0050959466025233277
decision_type=8 2 2 2 2 8
left_child=1 2 -1 4 -2 -6
right_child=3 -3 -4 -5 5 -7
leaf_value=0.012124863919460537 0 -0.00086685678186666673 0 0.00062490091796725707 0 -0.010218090798459957
leaf_weight=12.372444972395902 1.1109522581100453 3.3055607080459586 1.2910172939300526 2.583993721753358 1.0067367888987035 8.9575491026043892
leaf_count=79 5 24 9 18 10 102
internal_value=0.000709456 0.00613006 0.0100093 -0.00323331 -0.00684981 -0.00854497
internal_weight=30.6283 16.969 13.6635 13.6592 11.0752 9.96429
internal_count=247 112 88 135 117 112
is_linear=0
shrinkage=0.03


Tree=144
num_leaves=7
num_cat=0
split_feature=58 0 14 68 60 51
split_gain=1.54889 2.05574 0.627873 0.373635 0.369297 0.322251
threshold=0.011799999978393318 0.83333334326744091 13.255040168762209 752.01473999023449 0.026600000448524955 -0.40721872448921198
decision_type=2 2 2 8 2 2
left_child=1 3 -3 4 -1 -2
right_child=5 2 -4 -5 -6 -7
leaf_value=0.0049060742764672838 -0.0074772536590541287 0.013565636777998569 0 -0.0048617036019408628 -0.00056626992611640546 0
leaf_weight=3.6307331919670149 6.2832924090325832 7.2976761832833272 2.1419449187815189 4.4664683677256116 3.3507606238126755 1.0370237678289402
leaf_count=18 82 49 14 43 23 7
internal_value=0 0.00500468 0.0116052 -0.000513728 0 -0.00598473
internal_weight=28.2079 20.8876 9.43962 11.448 6.98149 7.32032
internal_count=236 147 63 84 41 89
is_linear=0
shrinkage=0.03


Tree=145
num_leaves=7
num_cat=0
split_feature=68 6 3 9 44 41
split_gain=1.57099 1.11747 0.820083 0.607368 0.697081 0.428839
threshold=697.16046142578136 192.00000000000003 0.5000000149011613 5.1666667461395273 0.062766630202531828 0.49817629158496862
decision_type=8 2 2 2 2 2
left_child=1 2 -1 4 -2 -6
right_child=3 -3 -4 -5 5 -7
leaf_value=0 0 0 0.012815733209765593 0 -0.0097806362991298898 0
leaf_weight=7.3912302665412479 1.0595110207796086 1.9112822003662575 7.2889430597424507 1.273776426911353 9.7753057219088042 0.93388953804969865
leaf_count=47 6 14 50 7 111 6
internal_value=0.000587034 0.00641936 0.00922767 -0.00379446 -0.00635226 -0.00852702
internal_weight=29.6339 16.5915 14.6802 13.0425 11.7687 10.7092
internal_count=241 111 97 130 123 117
is_linear=0
shrinkage=0.03


Tree=146
num_leaves=7
num_cat=0
split_feature=1 47 53 58 55 55
split_gain=1.35074 1.07897 1.11705 0.887662 0.645254 0.550877
threshold=0.83333334326744091 0.085297085344791426 -0.22608545422554013 0.01480000000447035 -0.15479367971420285 0.14269554615020755
decision_type=2 2 2 2 2 2
left_child=1 -1 4 5 -3 -2
right_child=3 2 -4 -5 -6 -7
leaf_value=0.002610341998105524 0.012100462570657914 0 0 0 -0.011631888622981819 0
leaf_weight=3.2243884801864686 6.0963188931345922 3.8434034921228912 1.9878913275897456 1.6432661861181257 9.4226313978433591 1.8974573090672491
leaf_count=16 41 33 11 22 94 10
internal_value=0.000439137 -0.00237668 -0.00642292 0.00735455 -0.00938028 0.0101699
internal_weight=28.1154 18.4783 15.2539 9.63704 13.266 7.99378
internal_count=227 154 138 73 127 51
is_linear=0
shrinkage=0.03


Tree=147
num_leaves=7
num_cat=0
split_feature=58 19 28 47 62 21
split_gain=1.6842 1.03067 0.752163 0.667768 0.311317 0.175526
threshold=0.011799999978393318 0.69315171241760265 0.013348476495593788 0.8404977321624757 0.55140000581741344 0.85722720623016369
decision_type=2 2 2 2 2 2
left_child=1 2 -1 -4 5 -2
right_child=4 -3 3 -5 -6 -7
leaf_value=0 -0.0084778182331816405 0 0.011173197428630065 0 0 0
leaf_weight=1.3300979435443974 5.6797156222164622 4.4025477766990653 14.291208468377588 1.4569886252284039 0.81677778810262669 0.68391380086541165
leaf_count=8 71 35 92 14 7 9
internal_value=0 0.00512538 0.00804964 0.00971777 -0.00633182 -0.00769516
internal_weight=28.6613 21.4808 17.0783 15.7482 7.18041 6.36363
internal_count=236 149 114 106 87 80
is_linear=0
shrinkage=0.03


Tree=148
num_leaves=7
num_cat=0
split_feature=51 28 68 59 0 48
split_gain=1.53983 1.05572 1.02098 0.828125 0.538742 0.495352
threshold=-0.51844158768653859 0.81790655851364147 313.60475158691412 0.23020000010728839 2.1666666269302373 0.13498388230800631
decision_type=2 2 8 2 2 2
left_child=2 3 -1 5 -4 -2
right_child=1 -3 4 -5 -6 -7
leaf_value=0.0010919817393173791 0.013601669900524914 0 -0.0094948023808567785 0 0 0
leaf_weight=6.2794551476836213 8.6991524659097177 2.1141879148781291 7.0287871062755585 1.4863261841237534 1.2816858217120168 1.5933374911546696
leaf_count=40 53 21 92 12 7 10
internal_value=0.00146994 0.00742763 -0.00247665 0.0102055 -0.00757368 0.0121864
internal_weight=28.4829 13.893 14.5899 11.7788 8.31047 10.2925
internal_count=235 96 139 75 99 63
is_linear=0
shrinkage=0.03


Tree=149
num_leaves=7
num_cat=0
split_feature=68 60 11 58 59 52
split_gain=1.1485 2.65989 0.782231 0.626846 0.411216 0.274239
threshold=752.01473999023449 0.077600002288818373 5.6070852279663095 0.025799999944865707 0.27939999103546148 -0.38562110066413874
decision_type=8 2 2 2 2 2
left_child=1 3 5 4 -1 -2
right_child=2 -3 -4 -5 -6 -7
leaf_value=0.014587616145425274 -0.0087942544177913914 -0.0035569220678909651 0 0 0 0
leaf_weight=7.9579888880252891 6.7991124615073213 5.1731865406036368 2.2562156468629828 1.6671104915440071 1.8803644925355909 2.7374048419296715
leaf_count=47 82 39 17 15 14 22
internal_value=0 0.00506806 -0.00399838 0.0115868 0.0131899 -0.00733954
internal_weight=28.4714 16.6787 11.7927 11.5055 9.83835 9.53652
internal_count=236 115 121 76 61 104
is_linear=0
shrinkage=0.03


Tree=150
num_leaves=7
num_cat=0
split_feature=30 60 53 11 19 4
split_gain=1.64734 1.19234 1.04498 0.389724 0.406625 0.359597
threshold=0.3682753741741181 0.0022000001044943933 -0.49601510167121882 7.5000000000000009 0.92837941646575939 0.011484991759061815
decision_type=2 2 2 2 2 10
left_child=1 2 -1 4 -2 -3
right_child=3 5 -4 -5 -6 -7
leaf_value=0 -0.0087224792957630408 -0.0046793673724803368 0.012310612720687078 0 0 0.0011658877550681972
leaf_weight=2.9976768009364632 7.9830843061208689 4.0411519259214392 8.7707650139927882 0.88507331162691194 1.0339079685509203 1.9070976711809633
leaf_count=24 97 29 53 6 10 13
internal_value=0 0.00547603 0.00935294 -0.00572134 -0.00725957 0
internal_weight=27.6188 17.7167 11.7684 9.90207 9.01699 5.94825
internal_count=232 119 77 113 107 42
is_linear=0
shrinkage=0.03


Tree=151
num_leaves=7
num_cat=0
split_feature=19 58 39 15 48 36
split_gain=1.38794 0.928149 0.703244 0.469158 0.354548 0.289472
threshold=0.44250741600990301 1.0000000180025095e-35 0.16563768684864047 4.655360460281373 0.12237955629825593 0.055899698287248618
decision_type=2 2 2 2 2 2
left_child=1 4 3 -2 5 -1
right_child=2 -3 -4 -5 -6 -7
leaf_value=0 -0.0087329154641726924 0 0 0 0 0.011642797076913481
leaf_weight=1.4608782082796157 6.78819392621517 5.7018907479941836 2.8201817348599434 0.99127787351608265 1.6314399801194657 8.3442159071564657
leaf_count=8 84 50 17 6 10 57
internal_value=0.00112445 0.0062841 -0.00330617 -0.00694715 0.00943194 0.010602
internal_weight=27.7381 17.1384 10.5997 7.77947 11.4365 9.80509
internal_count=232 125 107 90 75 65
is_linear=0
shrinkage=0.03


Tree=152
num_leaves=7
num_cat=0
split_feature=68 60 11 30 47 32
split_gain=1.38417 2.18832 0.974813 0.467215 0.199506 0.191466
threshold=752.01473999023449 0.0030000000260770325 5.6070852279663095 0.04593904688954354 0.1530069634318352 0.82274550199508678
decision_type=8 2 2 2 2 2
left_child=1 -1 3 -2 -3 -5
right_child=2 4 -4 5 -6 -7
leaf_value=0.012402803083692718 0 0 0.00098294861874630309 -0.0097347021190801204 -0.0035883482917212937 0
leaf_weight=9.0153515972197074 1.3705963492393483 1.5291600823402394 2.7003713324666014 8.3473774939775431 5.3111553490161896 0.74840071424841959
leaf_count=59 9 10 19 97 41 12
internal_value=0.000460614 0.00613521 -0.00348153 -0.0074825 -0.00102217 -0.00905685
internal_weight=29.0224 15.8557 13.1667 10.4664 6.84032 9.09578
internal_count=247 110 137 118 51 109
is_linear=0
shrinkage=0.03


Tree=153
num_leaves=7
num_cat=0
split_feature=58 0 62 19 54 47
split_gain=1.43273 1.53593 0.52823 0.266953 0.196441 0.459653
threshold=0.011799999978393318 0.83333334326744091 0.55140000581741344 0.69315171241760265 0.069159060716629042 0.74526971578598034
decision_type=2 2 2 2 2 2
left_child=1 4 -2 -3 -1 -6
right_child=2 3 -4 -5 5 -7
leaf_value=0.0017744392252141679 -0.0067571362705629622 0.012351723237648521 0 0 -0.0058094039831914921 0
leaf_weight=2.6400245875120225 5.8283992633223525 8.3189098089933378 0.78952184319496144 1.5955945812165726 6.3170023858547193 3.749288696795702
leaf_count=12 76 58 5 10 52 28
internal_value=0.00182069 0.00599458 -0.00385766 0.0113259 0 -0.00261291
internal_weight=29.2387 22.6208 6.61792 9.9145 12.7063 10.0663
internal_count=241 160 81 68 92 80
is_linear=0
shrinkage=0.03


Tree=154
num_leaves=7
num_cat=0
split_feature=58 17 62 48 36 38
split_gain=1.289 1.14686 0.84435 0.494592 0.383684 0.354636
threshold=1.0000000180025095e-35 0.51415646076202404 0.89659997820854198 0.12663277238607409 0.055899698287248618 0.86325907707214367
decision_type=2 2 2 2 2 2
left_child=1 3 5 4 -1 -2
right_child=2 -3 -4 -5 -6 -7
leaf_value=0 -0.0085421772671621168 0 0.00071190096386088662 0 0.012006653771901247 0
leaf_weight=1.088308721780783 8.2402690164744836 6.1893087141215792 1.355857528746127 2.0362615287303916 9.0347394421696645 1.7636089585721482
leaf_count=6 88 50 8 13 63 21
internal_value=0.000690963 0.00570115 -0.00347302 0.00938943 0.010918 -0.00711197
internal_weight=29.7084 18.3486 11.3597 12.1593 10.123 10.0039
internal_count=249 132 117 82 69 109
is_linear=0
shrinkage=0.03


Tree=155
num_leaves=7
num_cat=0
split_feature=30 58 44 2 59 2
split_gain=1.2342 1.1307 1.06684 0.521026 0.183518 0.171259
threshold=0.3257004469633103 0.045199999585747726 0.5454806685447694 1.4670542478561404 0.28880000114440924 1.9959999918937685
decision_type=2 2 2 2 2 2
left_child=1 3 5 4 -1 -2
right_child=2 -3 -4 -5 -6 -7
leaf_value=0.011129742899979892 -0.0096167017892101903 -0.00079031338336404977 0.0001638100902444371 0 0 0
leaf_weight=8.2920824363827723 7.3339177072048169 2.0310445278882971 3.1023522652685633 3.0041172951459876 2.0088163912296286 1.7658316045999525
leaf_count=49 89 23 18 20 14 22
internal_value=0 0.00495344 -0.00469366 0.00836768 0.0101724 -0.00870982
internal_weight=27.5382 15.3361 12.2021 13.305 10.3009 9.09975
internal_count=235 106 129 83 63 111
is_linear=0
shrinkage=0.03


Tree=156
num_leaves=7
num_cat=0
split_feature=58 60 68 20 50 11
split_gain=1.94258 1.40881 1.49275 0.278894 0.172622 0.124268
threshold=0.011799999978393318 0.25939999520778662 1.0000000180025095e-35 0.17261876165866855 0.24566179513931277 3.8500000238418584
decision_type=2 2 10 2 2 2
left_child=1 2 5 -2 -5 -1
right_child=3 -3 -4 4 -6 -7
leaf_value=-0.0023713344902760421 0 0 0.014326406230164103 -0.007076864230133928 0 0.0015845630314186684
leaf_weight=4.4977939985692599 1.4930725209414948 3.5223898887634268 10.488288119435309 4.9640520066022873 0.61501424387097348 2.0744691789150238
leaf_count=36 13 30 68 68 9 11
internal_value=0.00223725 0.00721885 0.0102835 -0.00448275 -0.00617516 0
internal_weight=27.6551 20.5829 17.0606 7.07214 5.57907 6.57226
internal_count=235 145 115 90 77 47
is_linear=0
shrinkage=0.03


Tree=157
num_leaves=7
num_cat=0
split_feature=68 54 0 58 7 55
split_gain=1.38167 0.818555 0.744579 0.687411 0.53971 0.259058
threshold=529.38558959960949 0.069159060716629042 3.1666666269302373 0.045199999585747726 431.00000000000006 0.14431183785200122
decision_type=8 2 2 2 2 2
left_child=3 -2 4 5 -3 -1
right_child=1 2 -4 -5 -6 -7
leaf_value=0.009409204779064333 4.7094671782422157e-05 -0.010981146270495245 0 0 0 0
leaf_weight=9.2338213250041026 2.1143725216388694 8.9494302347302419 1.5037691742181767 1.850637912750243 1.7037682943046082 1.5805990993976582
leaf_count=62 10 107 8 16 16 10
internal_value=0 -0.00402134 -0.00713878 0.00612757 -0.00933376 0.00840289
internal_weight=26.9364 14.2713 12.157 12.6651 10.6532 10.8144
internal_count=229 141 131 88 123 72
is_linear=0
shrinkage=0.03


Tree=158
num_leaves=7
num_cat=0
split_feature=58 28 60 19 50 44
split_gain=1.62871 1.84514 0.878863 0.766821 0.20548 0.166783
threshold=0.011799999978393318 0.520310938358307 0.31399999558925634 0.83544328808784496 0.23901679366827014 0.61688560247421276
decision_type=2 2 2 2 2 2
left_child=1 2 3 -1 -2 -3
right_child=4 5 -4 -5 -6 -7
leaf_value=0.013045960805094393 -0.0078732749489261612 -0.0040442903604255452 0 0 0 0
leaf_weight=12.096840303391224 5.4004326649010173 3.887830112129449 2.081318072974681 1.7152485921978939 0.59762986004352558 1.7771868407726286
leaf_count=74 74 41 15 9 9 11
internal_value=0 0.00469662 0.00938306 0.0113558 -0.00693636 -0.00221777
internal_weight=27.5565 21.5584 15.8934 13.8121 5.99806 5.66502
internal_count=233 150 98 83 83 52
is_linear=0
shrinkage=0.03


Tree=159
num_leaves=7
num_cat=0
split_feature=30 60 29 55 60 17
split_gain=1.27621 1.13796 0.40308 0.499941 0.368932 0.393263
threshold=0.35304744541645056 0.31399999558925634 0.25688150525093084 0.14797452092170718 0.8384000062942506 0.83876022696495067
decision_type=2 2 2 2 2 2
left_child=1 2 -1 -4 5 -2
right_child=4 -3 3 -5 -6 -7
leaf_value=0 -0.0082739788255453434 -0.00060566604485462656 0.01113824351371802 0 0 0
leaf_weight=2.1224982626736226 7.0617735609412158 2.7158766426146022 10.141431700438259 1.7277192920446385 0.95766758173704225 1.796784922480583
leaf_count=15 84 19 72 11 10 19
internal_value=0 0.00499568 0.00838308 0.00967909 -0.00493215 -0.00657025
internal_weight=26.5238 16.7075 13.9916 11.8692 9.81623 8.85856
internal_count=230 117 98 83 113 103
is_linear=0
shrinkage=0.03


Tree=160
num_leaves=7
num_cat=0
split_feature=51 28 26 59 29 48
split_gain=1.86851 0.996008 0.755018 0.809467 0.251222 0.0840555
threshold=-0.51844158768653859 0.10189286246895791 0.81814831495285045 0.19579999893903735 0.2463038116693497 0.13498388230800631
decision_type=2 2 2 2 2 2
left_child=1 -1 3 5 -3 -2
right_child=2 4 -4 -5 -6 -7
leaf_value=0.00060831968512453497 0.012443345430137216 0 0 0 -0.0087839511441032171 0
leaf_weight=3.6590796113014248 8.6279339715838415 1.1257128939032544 1.7560400292277325 1.807265631854533 8.5801561139523965 1.4562798365950573
leaf_count=25 55 14 18 14 96 9
internal_value=0.000973844 -0.00367846 0.007696 0.0097478 -0.00782792 0.0118255
internal_weight=27.0125 13.3649 13.6475 11.8915 9.70587 10.0842
internal_count=231 135 96 78 110 64
is_linear=0
shrinkage=0.03


Tree=161
num_leaves=7
num_cat=0
split_feature=33 54 34 31 48 53
split_gain=1.43721 1.31177 0.90693 0.720628 0.501756 0.619103
threshold=0.63803189992904674 0.069159060716629042 0.76888278126716625 0.12636836245656016 0.12663277238607409 -0.48418669402599329
decision_type=2 2 2 2 2 2
left_child=1 -1 4 -3 5 -2
right_child=2 3 -4 -5 -6 -7
leaf_value=0.0030245341477866039 0 0 0 -0.010309699800431355 0 0.013025145178569069
leaf_weight=2.4707828462123897 1.9016817957162828 3.9053746052086336 1.8389087691903103 7.9179895669221878 1.3034781888127316 7.4249624423682699
leaf_count=11 19 23 20 94 9 53
internal_value=0.00085929 -0.00279234 0.00709545 -0.00758618 0.00971588 0.0111414
internal_weight=26.7632 14.2941 12.469 11.8234 10.6301 9.32664
internal_count=229 128 101 117 81 72
is_linear=0
shrinkage=0.03


Tree=162
num_leaves=7
num_cat=0
split_feature=51 28 50 20 29 23
split_gain=1.38862 0.986892 0.728208 0.610689 0.515718 0.357393
threshold=-0.51844158768653859 0.10189286246895791 0.15126202255487445 0.081036541610956206 0.2463038116693497 0.92635458707809459
decision_type=2 2 2 2 2 2
left_child=1 -1 3 -2 -3 -6
right_child=2 4 -4 -5 5 -7
leaf_value=0.00072300924854870998 0 0 0 0.011586172293738258 -0.010578618299928485 0
leaf_weight=4.2195009700953987 1.6306058317422847 1.3841927684843529 5.1886007785797119 6.3112350106239319 7.2902159020304662 0.99688440188765515
leaf_count=27 10 16 39 43 84 11
internal_value=0.000292945 -0.00335135 0.00652437 0.00956064 -0.00764297 -0.00939243
internal_weight=27.0212 13.8908 13.1304 7.94184 9.67129 8.2871
internal_count=230 138 92 53 111 95
is_linear=0
shrinkage=0.03


Tree=163
num_leaves=7
num_cat=0
split_feature=58 55 60 53 41 19
split_gain=1.2709 0.838881 0.684824 0.690573 0.547638 0.197111
threshold=0.011799999978393318 0.13980117440223697 0.16399999707937243 -0.51319414377212513 0.38890534639358526 0.82340154051780712
decision_type=2 2 2 2 2 2
left_child=1 2 3 -1 5 -2
right_child=4 -3 -4 -5 -6 -7
leaf_value=0 -0.0080128523875054296 0 0 0.011625879585649007 0 0
leaf_weight=2.5942151211202207 5.5023878701031199 3.9973307885229579 3.5213097296655169 10.946937907487156 0.76496748626232136 0.61674239486455906
leaf_count=21 76 26 31 70 4 9
internal_value=0.000719025 0.00519537 0.00767313 0.00968841 -0.00438782 -0.00712346
internal_weight=27.9439 21.0598 17.0625 13.5412 6.8841 6.11913
internal_count=237 148 122 91 89 85
is_linear=0
shrinkage=0.03


Tree=164
num_leaves=7
num_cat=0
split_feature=68 60 54 0 6 68
split_gain=1.20804 0.75711 0.636787 0.611327 0.850926 0.182427
threshold=505.51928710937506 0.31399999558925634 0.069159060716629042 3.1666666269302373 264.00000762939459 50.487812042236335
decision_type=8 2 2 2 2 10
left_child=1 5 -2 4 -4 -1
right_child=2 -3 3 -5 -6 -7
leaf_value=0 0.00080105592562071252 0 -0.010247004165270012 0 0 0.010036950467204918
leaf_weight=2.107431128621104 2.3803446888923636 2.298986602574586 8.9644900001585466 1.6008844822645176 1.3428224809467781 8.554247707128523
leaf_count=15 11 19 113 9 15 59
internal_value=0.00111657 0.0066768 -0.00212909 -0.0055518 -0.00776825 0.00908399
internal_weight=27.2492 12.9607 14.2885 11.9082 10.3073 10.6617
internal_count=241 93 148 137 128 74
is_linear=0
shrinkage=0.03


Tree=165
num_leaves=7
num_cat=0
split_feature=68 47 55 57 34 3
split_gain=0.920463 0.849005 0.656255 0.486725 0.315118 0.196567
threshold=529.38558959960949 0.085297085344791426 0.16169135272502902 0.9641999900341035 0.078262127935886397 3.5000000000000004
decision_type=8 2 2 2 2 2
left_child=2 -2 4 5 -1 -3
right_child=1 3 -4 -5 -6 -7
leaf_value=0 0.00029016023834981734 -0.0099496161439353945 0 0 0.0085039598979944619 0
leaf_weight=1.5634803399443651 3.3002784028649321 6.6145686246454698 1.4946450553834427 2.1181583441793919 9.8547574654221517 0.84405931830406178
leaf_count=9 18 90 11 17 71 6
internal_value=0 -0.00341508 0.00495081 -0.00725278 0.00733464 -0.00916928
internal_weight=25.7899 12.8771 12.9129 9.57679 11.4182 7.45863
internal_count=222 131 91 113 80 96
is_linear=0
shrinkage=0.03


Tree=166
num_leaves=7
num_cat=0
split_feature=68 60 0 46 14 6
split_gain=1.07847 1.08019 0.818347 0.746563 0.493541 0.438233
threshold=505.51928710937506 0.34340000152587896 2.1666666269302373 0.061190232634544379 15.311172962188722 174.37500000000003
decision_type=8 2 2 2 2 2
left_child=1 5 3 -2 -5 -1
right_child=2 -3 -4 4 -6 -7
leaf_value=0.010990502525706285 0 0 0.0013202092557784437 -0.010294318858418344 0 0
leaf_weight=8.6236926838755625 0.72175435721874137 2.1566603183746329 3.2719428837299338 8.3141688592731917 0.9608015641570099 1.3774099647998799
leaf_count=61 3 17 18 108 7 9
internal_value=0.000817972 0.00631271 -0.0021874 -0.00642203 -0.00881169 0.00963085
internal_weight=25.4264 12.1578 13.2687 9.99672 9.27497 10.0011
internal_count=223 87 136 118 115 70
is_linear=0
shrinkage=0.03


Tree=167
num_leaves=7
num_cat=0
split_feature=68 60 6 26 31 68
split_gain=1.19252 1.54161 1.182 0.940195 0.571431 0.401942
threshold=36.717102050781257 0.31399999558925634 192.00000000000003 0.16030008345842364 0.75880935788154613 752.01473999023449
decision_type=10 2 2 2 2 10
left_child=3 2 5 -1 -5 -2
right_child=1 -3 -4 4 -6 -7
leaf_value=0 0.013652338741211805 -0.0014655150728496941 0 -0.010227020632830234 0 0
leaf_weight=4.3949797116220024 8.897226504981516 3.0778641998767844 1.5144678987562645 6.2196570634841901 2.0195108912885189 1.7600677795708168
leaf_count=28 62 29 14 69 22 17
internal_value=0 0.00540368 0.00972438 -0.00385279 -0.00805073 0.0123691
internal_weight=27.8838 15.2496 12.1718 12.6341 8.23917 10.6573
internal_count=241 122 93 119 91 79
is_linear=0
shrinkage=0.03


Tree=168
num_leaves=7
num_cat=0
split_feature=37 47 29 56 38 36
split_gain=1.11126 1.37363 0.672245 0.744463 0.634073 0.475858
threshold=0.667617827653885 0.096516769379377379 0.2463038116693497 -0.60224470496177662 0.4512446820735932 0.75758782029151928
decision_type=2 2 2 2 2 2
left_child=1 -1 -3 -4 -2 -6
right_child=4 2 3 -5 5 -7
leaf_value=0.0012780862652457222 0 0 0 -0.012694051442722558 0.0089190445415289824 0
leaf_weight=3.5293374583125141 1.6349936164915551 1.8263095915317524 1.0298195071518392 8.9608246013522148 8.0132798962295038 1.4191871285438526
leaf_count=20 12 19 7 94 64 16
internal_value=0 -0.00472607 -0.00903334 -0.0109234 0.00453881 0.00719032
internal_weight=26.4138 15.3463 11.817 9.99064 11.0675 9.43247
internal_count=232 140 120 101 92 80
is_linear=0
shrinkage=0.03


Tree=169
num_leaves=7
num_cat=0
split_feature=68 54 60 11 7 57
split_gain=1.21915 1.54208 0.943451 0.767567 0.616258 0.243677
threshold=385.15440368652349 0.069159060716629042 0.34340000152587896 5.6070852279663095 388.00000000000006 0.99900001287460338
decision_type=8 2 2 2 2 2
left_child=2 -2 4 5 -1 -3
right_child=1 3 -4 -5 -6 -7
leaf_value=0.011648798027297215 0.0046238184357324016 -0.010496252725043387 0 0 0 0
leaf_weight=8.1486203595995921 2.4325991272926322 9.261481106281277 1.8126326501369465 2.0792922116816035 1.4081735461950291 1.0457837581634528
leaf_count=55 12 112 14 17 10 7
internal_value=0.00119372 -0.00190295 0.00703942 -0.00735779 0.00987744 -0.00967978
internal_weight=26.1886 14.8192 11.3694 12.3866 9.55679 10.3073
internal_count=227 148 79 136 65 119
is_linear=0
shrinkage=0.03


Tree=170
num_leaves=7
num_cat=0
split_feature=51 30 34 59 18 68
split_gain=1.07503 0.989163 0.949481 0.789894 0.257801 0.0465649
threshold=-0.51844158768653859 0.098100043833255782 0.74843773245811474 0.19579999893903735 0.023692030459642414 414.06513977050787
decision_type=2 2 2 2 2 8
left_child=1 5 3 -2 -3 -1
right_child=2 4 -4 -5 -6 -7
leaf_value=0.001958411770923936 0.01096318279898136 0 0 0 -0.0087865773351818045 0
leaf_weight=2.346502147614959 8.7872853614389879 0.62840420380234618 2.1452351398766032 1.8190876990556706 8.0264900699257833 1.3808458447456358
leaf_count=16 58 4 20 14 99 11
internal_value=0 -0.00350454 0.00551754 0.00866498 -0.00788453 0.000629809
internal_weight=25.1339 12.3822 12.7516 10.6064 8.65489 3.72735
internal_count=222 130 92 72 103 27
is_linear=0
shrinkage=0.03


Tree=171
num_leaves=7
num_cat=0
split_feature=12 60 47 55 58 25
split_gain=1.09971 0.977218 0.959755 0.826398 0.483841 0.33381
threshold=0.30952382087707525 0.31399999558925634 0.13558906316757205 0.14269554615020755 0.018600000068545345 0.15188997983932498
decision_type=2 2 2 2 2 2
left_child=2 3 -1 4 -2 -4
right_child=1 -3 5 -5 -6 -7
leaf_value=0 0.011205810360374234 -0.0007152316563125671 0 0 0 -0.0096558654006586291
leaf_weight=1.4443185105919862 10.356192901730539 2.4987661167979232 1.0308788157999496 3.5030281245708457 1.8528129868209351 7.6985154747962952
leaf_count=10 65 18 13 21 16 105
internal_value=0 0.00422598 -0.00490786 0.00731788 0.00977175 -0.00848902
internal_weight=28.3845 18.2108 10.1737 15.712 12.209 8.72939
internal_count=248 120 128 102 81 118
is_linear=0
shrinkage=0.03


Tree=172
num_leaves=7
num_cat=0
split_feature=32 60 51 58 4 44
split_gain=1.12551 1.19608 0.777976 0.586371 0.320469 0.254229
threshold=0.27426053583621984 0.0022000001044943933 -0.4306392222642898 0.01060000015422702 0.011484991759061815 0.56456956267356884
decision_type=2 2 2 2 10 2
left_child=1 3 5 -1 -3 -2
right_child=2 4 -4 -5 -6 -7
leaf_value=0.011595964190039335 -0.0080004133976801731 -0.0046001918797579809 0.00010014587998978528 0 0.00087630041930681463 0
leaf_weight=8.0757554732263106 7.5303376875817758 3.2017908059060565 4.56730081886053 1.4363481737673272 1.7839980460703371 0.80715608969330777
leaf_count=50 104 23 32 16 12 6
internal_value=0.000421301 0.00580798 -0.00290443 0.00987529 0 -0.00697938
internal_weight=27.4027 14.4979 12.9048 9.5121 4.98579 8.33749
internal_count=243 101 142 66 35 110
is_linear=0
shrinkage=0.03


Tree=173
num_leaves=7
num_cat=0
split_feature=58 24 0 2 56 35
split_gain=1.22388 1.00164 0.879644 0.639557 0.294682 0.184471
threshold=1.0000000180025095e-35 0.53175202012062084 4.1666667461395273 1.313725531101227 -0.35178464651107783 0.1045847423374653
decision_type=2 2 2 2 2 2
left_child=1 3 4 5 -2 -1
right_child=2 -3 -4 -5 -6 -7
leaf_value=0 -0.010179516242160553 -0.00047694235856906062 0 0 0 0.010795660926682674
leaf_weight=2.2093293666839617 6.693398091942071 3.6710049808025351 1.3607526719570149 2.3426296003162852 1.4936044141650189 7.7488859854638577
leaf_count=12 90 35 11 20 10 50
internal_value=0 0.0040622 -0.00586723 0.00771375 -0.00897385 0.00976352
internal_weight=25.5196 15.9718 9.54776 12.3008 8.187 9.95822
internal_count=228 117 111 82 100 62
is_linear=0
shrinkage=0.03


Tree=174
num_leaves=7
num_cat=0
split_feature=68 0 60 54 4 7
split_gain=1.22293 1.24466 0.944864 0.876391 1.05653 0.482984
threshold=385.15440368652349 2.1666666269302373 0.34340000152587896 0.066835202276706709 0.0050959466025233277 388.00000000000006
decision_type=8 2 2 2 8 2
left_child=2 3 5 -2 -5 -1
right_child=1 -3 -4 4 -6 -7
leaf_value=0.01071558697658999 0 0.0025766629585227238 0 0 -0.012330179942894568 0
leaf_weight=9.0337007939815539 1.3427682667970646 3.2044493183493605 1.8130674213170994 1.3649007193744154 9.5661769211292267 1.3223891556262959
leaf_count=62 6 20 13 15 120 10
internal_value=0.000251023 -0.00281958 0.0063732 -0.00744647 -0.00983313 0.00927418
internal_weight=27.6475 15.4783 12.1692 12.2738 10.9311 10.3561
internal_count=246 161 85 141 135 72
is_linear=0
shrinkage=0.03


Tree=175
num_leaves=7
num_cat=0
split_feature=0 58 54 40 19 17
split_gain=1.84195 1.29732 0.650478 0.882809 0.648066 0.160416
threshold=0.83333334326744091 0.009599999990314247 0.069159060716629042 0.062682796269655242 0.81449943780899059 0.021675205789506439
decision_type=2 2 2 2 2 2
left_child=2 4 -1 -4 -2 -5
right_child=1 -3 3 5 -6 -7
leaf_value=0 0.012290403790224329 0 0 0 0 -0.011350170876037579
leaf_weight=2.0852769166231182 7.1615904457867128 2.6611539535224429 4.0215306691825381 0.9545634351670732 1.4189185239374635 8.168668953701852
leaf_count=10 50 38 34 6 9 86
internal_value=0 0.00629402 -0.00568798 -0.00778218 0.0103984 -0.0107166
internal_weight=26.4717 11.2417 15.23 13.1448 8.58051 9.12323
internal_count=233 97 136 126 59 92
is_linear=0
shrinkage=0.03


Tree=176
num_leaves=6
num_cat=0
split_feature=0 54 31 57 22
split_gain=1.61043 2.13737 1.4029 0.109748 0.0428769
threshold=3.5000000000000004 0.069159060716629042 0.14182729274034503 0.32060000300407415 0.053483285009860999
decision_type=2 2 2 2 2
left_child=1 -1 3 -3 -4
right_child=-2 2 4 -5 -6
leaf_value=0.0040110728226449817 0.0070366521929219848 -0.00045600560383696952 0 0.0027597323430974992 -0.012949909985552288
leaf_weight=3.3601109236478868 5.3722815290093413 2.8893369659781483 1.0748465731739987 2.6170386932790279 12.051961528137324
leaf_count=16 44 20 8 16 140
internal_value=0 -0.00463808 -0.00914938 0 -0.0125792
internal_weight=27.3656 21.9933 18.6332 5.50638 13.1268
internal_count=244 200 184 36 148
is_linear=0
shrinkage=0.03


Tree=177
num_leaves=7
num_cat=0
split_feature=60 28 4 45 4 30
split_gain=1.3342 1.02032 0.823846 1.02246 0.782428 0.428812
threshold=0.0030000000260770325 0.82930251955986034 0.0079052620567381399 0.53441932797431957 0.012527989223599436 0.80952170491218578
decision_type=2 2 8 2 10 2
left_child=1 2 -1 -4 5 -2
right_child=4 -3 3 -5 -6 -7
leaf_value=0 -0.0096870953800864915 -0.00029556743787349338 0.012247608294440627 0 0 0
leaf_weight=2.6040512099862196 5.8038997650146467 1.8192546181380738 12.588696219027041 2.0366270504891864 1.6203293688595293 1.2160943709313867
leaf_count=25 58 22 92 20 14 12
internal_value=0.000205913 0.0052788 0.00796328 0.0100115 -0.00459118 -0.00802868
internal_weight=27.689 19.0486 17.2294 14.6253 8.64032 7.01999
internal_count=243 159 137 112 84 70
is_linear=0
shrinkage=0.03


Tree=178
num_leaves=7
num_cat=0
split_feature=30 54 0 58 5 38
split_gain=0.871432 1.61275 0.891168 0.796335 0.403136 0.377037
threshold=0.15509434044361117 0.070939652621746077 4.8333332538604745 0.018600000068545345 0.044748857617378242 0.11142597720026971
decision_type=2 2 2 2 2 2
left_child=3 -2 5 4 -1 -3
right_child=1 2 -4 -5 -6 -7
leaf_value=0 0.0029585986892486323 0 0 0 0.0099188703804879482 -0.011911800216866242
leaf_weight=3.0811660736799258 3.1666773036122313 1.3100515156984318 1.010391280055045 1.5069918073713768 5.314603865146637 9.9780489858239871
leaf_count=17 18 12 8 14 36 124
internal_value=0 -0.00374474 -0.00871429 0.0046329 0.00788557 -0.0108268
internal_weight=25.3679 15.4652 12.2985 9.90276 8.39577 11.2881
internal_count=229 162 144 67 53 136
is_linear=0
shrinkage=0.03


Tree=179
num_leaves=7
num_cat=0
split_feature=51 28 50 37 59 0
split_gain=1.35484 1.04316 0.625831 0.373533 0.100305 0.0190843
threshold=-0.51844158768653859 0.10189286246895791 0.15126202255487445 0.15748468786478045 0.1176000013947487 0.83333334326744091
decision_type=2 2 2 2 2 2
left_child=1 5 4 -3 -2 -1
right_child=2 3 -4 -5 -6 -7
leaf_value=0 0.0092197801400953801 0 0 -0.0098709223777357358 0 0.0011941186701599404
leaf_weight=2.0888210982084301 6.917444206774233 0.95621944963931849 4.9776661507785311 7.5485522709786892 1.3931352682411668 2.0477059409022331
leaf_count=14 44 12 40 93 12 15
internal_value=0 -0.00438235 0.00580413 -0.00861586 0.00857944 1.50339e-05
internal_weight=25.9295 12.6413 13.2882 8.50477 8.31058 4.13653
internal_count=230 134 96 105 56 29
is_linear=0
shrinkage=0.03


Tree=180
num_leaves=7
num_cat=0
split_feature=46 32 4 51 38 51
split_gain=1.14851 1.22976 0.413278 0.34771 0.206584 0.262341
threshold=0.081586226820945754 0.19966991245746615 0.0055944493506103763 -0.4306392222642898 0.13522090017795566 -0.65429282188415516
decision_type=2 2 10 2 2 2
left_child=3 2 -2 -1 -3 -6
right_child=1 4 -4 -5 5 -7
leaf_value=0 -0.0002560901371040017 0 0.0050837029408698758 0.0078561007628696854 0 -0.010146931598958011
leaf_weight=1.5312552154064176 3.7580212466418761 1.0876539349555958 4.5980207398533821 6.2160229012370136 0.6183691583573826 8.1464960537850821
leaf_count=10 26 12 32 40 8 104
internal_value=0 -0.00350112 0.000582299 0.00622576 -0.00853545 -0.00932657
internal_weight=25.9558 18.2086 8.35604 7.74728 9.85252 8.76487
internal_count=232 182 58 50 124 112
is_linear=0
shrinkage=0.03


Tree=181
num_leaves=7
num_cat=0
split_feature=68 60 47 4 48 6
split_gain=1.18612 1.40164 0.584743 0.879153 0.380942 0.266979
threshold=697.16046142578136 0.0030000000260770325 0.073408186435699477 0.0050959466025233277 0.14886464178562167 152.69999694824222
decision_type=8 2 2 8 2 2
left_child=1 5 -2 -4 -5 -1
right_child=2 -3 3 4 -6 -7
leaf_value=0.011545667491737547 0 0 0 -0.010308166806337504 0 0
leaf_weight=7.2147024273872393 2.0352023690938941 6.6988501250743857 0.99297118559479436 8.2120979353785497 0.81340695917606431 1.2768194377422331
leaf_count=52 10 52 10 104 10 8
internal_value=9.35387e-05 0.00561074 -0.00353015 -0.00632599 -0.0091485 0.0105406
internal_weight=27.2441 15.1904 12.0537 10.0185 9.0255 8.49152
internal_count=246 112 134 124 114 60
is_linear=0
shrinkage=0.03


Tree=182
num_leaves=7
num_cat=0
split_feature=58 19 62 35 48 50
split_gain=0.901331 0.832757 0.619321 0.574249 0.230799 0.221816
threshold=1.0000000180025095e-35 0.47075448930263525 0.89659997820854198 0.36522072553634649 0.12663277238607409 0.25274411588907247
decision_type=2 2 2 2 2 2
left_child=1 3 5 -1 -5 -2
right_child=2 -3 -4 4 -6 -7
leaf_value=0 -0.0073873528416561075 0 0 0.01156662415411964 0 0
leaf_weight=4.7166277281940037 8.8008737452328187 5.3916204981505862 1.0613612607121456 5.0704362019896507 1.4347834065556524 1.2170557416975487
leaf_count=31 103 48 7 39 9 12
internal_value=0 0.00451366 -0.00357228 0.00780165 0.0104677 -0.00642513
internal_weight=27.6928 16.6135 11.0793 11.2218 6.50522 10.0179
internal_count=249 127 122 79 48 115
is_linear=0
shrinkage=0.03


Tree=183
num_leaves=7
num_cat=0
split_feature=68 6 11 60 68 24
split_gain=1.56155 0.959602 0.852295 0.827616 0.250534 0.243195
threshold=752.01473999023449 192.00000000000003 5.6070852279663095 0.31399999558925634 50.487812042236335 0.12352829426527025
decision_type=8 2 2 2 10 2
left_child=1 3 5 4 -1 -2
right_child=2 -3 -4 -5 -6 -7
leaf_value=0 0 0 0 0 0.012418589512476996 -0.0088584184286466059
leaf_weight=2.0750087797641781 1.4741245433688144 1.3144421689212311 2.0922941640019408 2.1388579457998267 8.506288714706896 7.489135479554534
leaf_count=15 12 11 17 17 60 94
internal_value=0.000181657 0.00651479 -0.00428419 0.0091055 0.0113012 -0.00779932
internal_weight=25.0902 14.0346 11.0556 12.7202 10.5813 8.96326
internal_count=226 103 123 92 75 106
is_linear=0
shrinkage=0.03


Tree=184
num_leaves=7
num_cat=0
split_feature=0 47 48 58 17 68
split_gain=1.22928 1.02638 0.833121 0.715055 0.414676 0.0264293
threshold=1.1666666865348818 0.085297085344791426 -0.23816646635532376 0.01480000000447035 0.78189149498939525 313.60475158691412
decision_type=2 2 2 2 2 8
left_child=1 -1 5 4 -2 -3
right_child=3 2 -4 -5 -6 -7
leaf_value=0.0011826328436165018 0.01034393454514191 0.0013758124683885785 -0.010130398183724078 0 0 0
leaf_weight=3.813018321990973 6.6688495427370054 2.5663825348019627 9.4282221626490301 1.5234504267573354 1.211351480334997 2.4023356437683105
leaf_count=20 49 14 107 21 9 30
internal_value=0 -0.00346959 -0.00714076 0.00628619 0.00888118 0
internal_weight=27.6136 18.21 14.3969 9.40365 7.8802 4.96872
internal_count=250 171 151 79 58 44
is_linear=0
shrinkage=0.03


Tree=185
num_leaves=7
num_cat=0
split_feature=54 1 54 58 20 46
split_gain=1.00248 1.24916 1.40719 0.434235 0.145233 0.0879494
threshold=0.069159060716629042 0.83333334326744091 0.66878628730773937 0.009599999990314247 0.71316125988960277 0.82327511906623851
decision_type=2 2 2 2 2 2
left_child=-1 2 -2 4 -3 -4
right_child=1 3 5 -5 -6 -7
leaf_value=0.0071974196314833726 -0.010848824837471788 0.0067206608623342889 0.0024786065264228892 0 0 0
leaf_weight=4.6923349797725704 10.655054692178966 3.7781269624829283 2.8842859417200084 2.0171798169612885 1.6888705790042875 1.0656337551772592
leaf_count=27 110 26 23 29 12 12
internal_value=0 -0.00209712 -0.00687973 0.00240107 0.00563777 0
internal_weight=26.7815 22.0892 14.605 7.48418 5.467 3.94992
internal_count=239 212 145 67 38 35
is_linear=0
shrinkage=0.03


Tree=186
num_leaves=7
num_cat=0
split_feature=58 17 0 26 68 62
split_gain=0.681768 0.743711 0.512888 0.29712 0.439448 0.270077
threshold=1.0000000180025095e-35 0.51415646076202404 4.1666667461395273 0.55874142050743114 447.37623596191412 0.55140000581741344
decision_type=2 2 2 2 10 2
left_child=1 3 5 4 -1 -2
right_child=2 -3 -4 -5 -6 -7
leaf_value=0.0099087799747518256 -0.0076364721128765346 0 0 0 0 0
leaf_weight=7.0316517166793364 6.7755094766616804 5.2529920525848857 1.2027470767498005 1.7382096387445916 1.5366755574941633 1.3184825628995893
leaf_count=46 92 47 10 17 12 9
internal_value=0 0.00364714 -0.00376549 0.00705013 0.00829208 -0.00637437
internal_weight=24.8563 15.5595 9.29674 10.3065 8.56833 8.09399
internal_count=233 122 111 75 58 101
is_linear=0
shrinkage=0.03


Tree=187
num_leaves=7
num_cat=0
split_feature=58 60 68 44 6 23
split_gain=0.993419 0.862117 0.787682 0.303561 0.293789 0.169362
threshold=0.011799999978393318 0.16399999707937243 752.01473999023449 0.48754350841045385 174.37500000000003 0.86594930291175853
decision_type=2 2 8 2 2 2
left_child=1 2 4 5 -1 -2
right_child=3 -3 -4 -5 -6 -7
leaf_value=0.011988758524169783 -0.0064386813700306579 0 0 0 0 0
leaf_weight=7.3465557247400319 4.6784153189510098 3.5817692056298247 7.053469955921174 0.60999083518981922 1.3873154297471044 0.55582150816917408
leaf_count=51 76 34 55 4 8 7
internal_value=0.00096523 0.00503315 0.00767723 -0.00339747 0.0109075 -0.00547162
internal_weight=25.2133 19.3691 15.7873 5.84423 8.73387 5.23424
internal_count=235 148 114 87 59 83
is_linear=0
shrinkage=0.03


Tree=188
num_leaves=6
num_cat=0
split_feature=0 43 40 52 14
split_gain=1.40516 1.1481 0.71981 0.620753 0.283707
threshold=1.5000000000000002 0.15180068463087085 0.32110944390296942 -0.29937788844108576 8.2942690849304217
decision_type=2 2 2 2 2
left_child=1 -1 3 -3 -2
right_child=4 2 -4 -5 -6
leaf_value=0.00031647202001296035 0.0063927021346955239 -0.012038429980434411 0 0 0
leaf_weight=1.4936256408691466 4.5389102920889846 11.919843200594189 1.6934391781687725 0.94499355554580233 2.5867964625358582
leaf_count=8 39 140 10 5 22
internal_value=-0.000607443 -0.00600063 -0.00895687 -0.0107005 0.00444796
internal_weight=23.1776 16.0519 14.5583 12.8648 7.12571
internal_count=224 163 155 145 61
is_linear=0
shrinkage=0.03


Tree=189
num_leaves=7
num_cat=0
split_feature=33 47 14 21 29 56
split_gain=0.923698 0.792152 0.653153 0.58336 0.471738 0.345304
threshold=0.63803189992904674 0.096516769379377379 13.089718341827394 0.15470241755247119 0.87975242733955394 -0.5934043526649474
decision_type=2 2 2 2 2 2
left_child=1 -1 4 -3 -2 -5
right_child=2 3 -4 5 -6 -7
leaf_value=0 0.0087603581572047937 0 0 0 0 -0.0111846197181434
leaf_weight=3.2235342636704472 5.9150686115026456 1.6804328151047219 3.7772504705935708 1.0131826344877453 2.3187688104808331 7.3553477786481389
leaf_count=20 49 18 39 9 19 84
internal_value=0 -0.00517124 0.0030813 -0.00816095 0.0066106 -0.0100636
internal_weight=25.2836 13.2725 12.0111 10.049 8.23384 8.36853
internal_count=238 131 107 111 68 93
is_linear=0
shrinkage=0.03


Tree=190
num_leaves=7
num_cat=0
split_feature=68 60 54 0 43 7
split_gain=0.847115 0.857975 0.584035 0.411438 0.396591 0.0933059
threshold=667.86233520507824 0.077600002288818373 0.069159060716629042 3.1666666269302373 0.14653412997722629 388.00000000000006
decision_type=8 2 2 2 2 2
left_child=1 5 -2 4 -4 -1
right_child=2 -3 3 -5 -6 -7
leaf_value=0.0088660940760346002 0 0 0 0 -0.0091513448260488635 0
leaf_weight=8.1749056950211543 2.4725605621933928 4.3904918506741515 0.94980015605687906 1.4069954901933659 7.227202732115984 1.1827712208032597
leaf_count=58 12 35 6 8 107 9
internal_value=0 0.00491004 -0.00293399 -0.00604442 -0.00772882 0.00833466
internal_weight=25.8047 13.7482 12.0566 9.584 8.177 9.35768
internal_count=235 102 133 121 113 67
is_linear=0
shrinkage=0.03


Tree=191
num_leaves=6
num_cat=0
split_feature=32 60 68 43 56
split_gain=1.56269 0.711304 0.721785 0.651707 0.108911
threshold=0.27426053583621984 0.077600002288818373 697.16046142578136 0.70417925715446483 -0.29210740327835077
decision_type=2 2 8 2 2
left_child=1 2 -1 4 -2
right_child=3 -3 -4 -5 -6
leaf_value=0.010110797500882982 -0.009363266809045416 0 0 0 0
leaf_weight=6.9721430614590654 8.7716865669935924 2.8025859221816054 3.7946797478944072 1.5190746560692776 0.89387036859989066
leaf_count=49 115 19 33 9 5
internal_value=0 0.00434639 0.00722961 -0.00673581 -0.00887139
internal_weight=24.754 13.5694 10.7668 11.1846 9.66556
internal_count=230 101 82 129 120
is_linear=0
shrinkage=0.03


Tree=192
num_leaves=7
num_cat=0
split_feature=51 32 4 9 38 24
split_gain=0.738603 1.37416 0.433152 0.393132 0.372739 0.322953
threshold=-0.4306392222642898 0.17417489737272265 0.0042826749850064525 4.1666667461395273 0.11142597720026971 0.14184418320655826
decision_type=2 2 10 2 2 2
left_child=1 2 -1 4 -3 -2
right_child=5 3 -4 -5 -6 -7
leaf_value=0 0 0 0.005879307101284573 0 -0.010217801027726858 0.0072669125879832146
leaf_weight=2.3038921877741876 1.814971961081026 0.82929753139614693 5.3880966156721115 0.72911246865987855 7.6098374184221029 7.1050300523638725
leaf_count=16 11 9 38 6 105 51
internal_value=0.000262001 -0.0014254 0.00283378 -0.0077431 -0.00902856 0.00569032
internal_weight=25.7802 16.8602 7.69199 9.16825 8.43913 8.92
internal_count=236 174 54 120 114 62
is_linear=0
shrinkage=0.03


Tree=193
num_leaves=7
num_cat=0
split_feature=1 54 14 47 49 68
split_gain=1.37038 1.29626 0.760778 0.604106 0.476051 0.00708619
threshold=0.83333334326744091 0.069159060716629042 13.221588611602785 0.79380273818969738 0.16620416194200519 353.45547485351568
decision_type=2 2 2 2 2 10
left_child=1 -1 -2 4 -3 -4
right_child=2 3 5 -5 -6 -7
leaf_value=0.0004264485184826616 0.007951706899264107 -0.012956842088837883 -0.00073644383637069561 0 0 0
leaf_weight=2.4801552891731289 5.8161845579743368 8.2424276079982501 1.7591503690928223 3.4972662776708594 1.0669585205614556 0.99562822282314289
leaf_count=12 49 89 23 31 12 9
internal_value=-0.000487232 -0.00605152 0.00412079 -0.00957377 -0.0116797 0
internal_weight=23.8578 15.2868 8.57096 12.8067 9.30939 2.75478
internal_count=225 144 81 132 101 32
is_linear=0
shrinkage=0.03


Tree=194
num_leaves=7
num_cat=0
split_feature=32 46 55 60 25 53
split_gain=0.840744 1.30402 0.435994 0.434068 0.258563 0.171041
threshold=0.19966991245746615 0.081586226820945754 0.14431183785200122 0.16399999707937243 0.89278802275657665 -0.49311269819736475
decision_type=2 2 2 2 2 2
left_child=2 -2 3 5 -3 -1
right_child=1 4 -4 -5 -6 -7
leaf_value=0 0.0010406468899500439 -0.0099806611613587112 0 0 0 0.0091544600679925991
leaf_weight=1.8157518208026875 4.6228981278836718 7.6496650204062444 2.1290795691311351 1.522854760289192 0.62711776047945011 5.8226961195468929
leaf_count=14 31 106 14 11 10 39
internal_value=0 -0.00400688 0.00427456 0.00638597 -0.00913582 0.00815167
internal_weight=24.1901 12.8997 11.2904 9.1613 8.27678 7.63845
internal_count=225 147 78 64 116 53
is_linear=0
shrinkage=0.03


Tree=195
num_leaves=7
num_cat=0
split_feature=68 11 51 60 7 15
split_gain=0.609874 0.90984 0.600394 0.551173 0.495508 0.357836
threshold=385.15440368652349 5.6070852279663095 -0.3978706151247024 0.34340000152587896 388.00000000000006 5.3150601387023935
decision_type=8 2 2 2 2 2
left_child=3 2 5 4 -1 -2
right_child=1 -3 -4 -5 -6 -7
leaf_value=0.0082845576011892109 -0.010843344562975778 0.00045462068636949432 0 0 0 0
leaf_weight=6.3763263672590274 7.3975634165108186 2.6728734597563735 2.8266446441411963 1.9044512547552583 1.2784336507320402 1.5306925028562544
leaf_count=46 100 22 19 15 10 13
internal_value=0 -0.00387569 -0.0073747 0.00305007 0.0061971 -0.0095423
internal_weight=23.987 14.4278 11.7549 9.55921 7.65476 8.92826
internal_count=225 154 132 71 56 113
is_linear=0
shrinkage=0.03


Tree=196
num_leaves=7
num_cat=0
split_feature=33 45 34 35 57 53
split_gain=1.14153 0.650418 0.627685 0.714901 0.430324 0.226225
threshold=0.63803189992904674 0.065303474664688124 0.76888278126716625 0.49016706645488745 0.78940001130104076 -0.47694244980812067
decision_type=2 2 2 2 2 2
left_child=1 -1 3 -2 -3 -5
right_child=2 4 -4 5 -6 -7
leaf_value=0 0 -0.0083434413190535579 0 0 0 0.011733019037200131
leaf_weight=3.2332930527627495 2.6119402982294542 7.7114149220287782 1.3834691029041994 1.4759259968996037 2.4999935571104288 5.8286304287612447
leaf_count=18 23 90 15 15 22 49
internal_value=0 -0.00333193 0.00600117 0.00817802 -0.00646841 0.0106844
internal_weight=24.7447 13.4447 11.3 9.9165 10.2114 7.30456
internal_count=232 130 102 87 112 64
is_linear=0
shrinkage=0.03


Tree=197
num_leaves=7
num_cat=0
split_feature=60 68 1 14 46 4
split_gain=0.749712 1.71807 0.618375 0.371899 0.212537 0.0975929
threshold=0.0030000000260770325 984.45333862304699 0.83333334326744091 12.331385612487795 0.80203181505203258 0.004733734531328083
decision_type=2 8 2 2 2 8
left_child=1 4 -2 -3 -1 -5
right_child=2 3 -4 5 -6 -7
leaf_value=0.01087035640666038 -0.0072240427833585689 0 0 0 0 -0.0058044671770678341
leaf_weight=7.5162597727030569 6.395803237333892 3.4704266637563697 1.6722368150949476 0.5995255447924136 1.31066657602787 3.8289512526243925
leaf_count=58 69 22 15 6 8 56
internal_value=0 0.00374901 -0.00406872 -0.0015568 0.00998891 -0.00511902
internal_weight=24.7939 16.7258 8.06804 7.8989 8.82693 4.42848
internal_count=234 150 84 84 66 62
is_linear=0
shrinkage=0.03


Tree=198
num_leaves=7
num_cat=0
split_feature=68 60 47 7 0 4
split_gain=0.760811 0.705106 0.501393 0.345299 0.245602 0.260585
threshold=697.16046142578136 0.026600000448524955 0.085297085344791426 388.00000000000006 2.5000000000000004 0.004733734531328083
decision_type=8 2 2 2 2 8
left_child=1 3 -2 -1 5 -4
right_child=2 -3 4 -5 -6 -7
leaf_value=0.00863524677626786 0 0 0 0 0 -0.0087830461259986638
leaf_weight=7.5300912559032458 2.6598976254463178 4.5605430267751208 0.44978113099932659 1.3190824575722215 0.70717419683933247 5.9413001649081707
leaf_count=58 15 37 4 10 5 97
internal_value=0 0.00393136 -0.00404272 0.00727063 -0.00672889 -0.0077921
internal_weight=23.1679 13.4097 9.75815 8.84917 7.09826 6.39108
internal_count=226 105 121 68 106 101
is_linear=0
shrinkage=0.03


Tree=199
num_leaves=7
num_cat=0
split_feature=62 30 36 60 14 61
split_gain=0.817802 0.493271 0.464909 0.516623 0.566688 0.164125
threshold=0.0010000000183936211 0.13510000705718997 0.81128785014152538 0.31399999558925634 13.089718341827394 0.0014000000082887711
decision_type=2 2 2 2 2 2
left_child=1 -1 3 4 -2 -3
right_child=2 5 -4 -5 -6 -7
leaf_value=0 0.010503861668575528 -0.0069075472045778174 0 0 0 0
leaf_weight=3.2101906873285788 8.0557319521903974 5.3235060945153236 1.5394084788858879 3.0533675998449317 1.9262905083596695 1.3253446966409681
leaf_count=22 59 91 14 27 17 10
internal_value=0.000251653 -0.00265031 0.00493587 0.00664493 0.00861227 -0.00591977
internal_weight=24.4338 9.85904 14.5748 13.0354 9.98202 6.64885
internal_count=240 123 117 103 76 101
is_linear=0
shrinkage=0.03


Tree=200
num_leaves=7
num_cat=0
split_feature=1 47 54 58 30 61
split_gain=0.642516 0.747287 0.974464 0.618942 0.312986 0.0259047
threshold=0.83333334326744091 0.085297085344791426 0.72662216424942028 0.009599999990314247 0.80952170491218578 0.0018000000272877517
decision_type=2 2 2 2 2 2
left_child=1 -1 4 -2 -3 -4
right_child=3 2 5 -5 -6 -7
leaf_value=0.00026476139232699361 0.0073974767691307288 -0.010476166671950612 0 0 0 0.0014340872733233428
leaf_weight=3.2356566339731279 5.8187314346432677 9.1344316694885475 1.2957510575652116 1.7404047604650257 1.5341680571436871 1.3362774848937986
leaf_count=17 47 97 17 27 20 7
internal_value=0 -0.00318783 -0.00635595 0.00419221 -0.00937949 0
internal_weight=24.0954 16.5363 13.3006 7.55914 10.6686 2.63203
internal_count=232 158 141 74 117 24
is_linear=0
shrinkage=0.03


Tree=201
num_leaves=7
num_cat=0
split_feature=62 55 26 7 61 29
split_gain=0.933817 0.68827 0.681283 0.278971 0.0907799 0.048289
threshold=0.0010000000183936211 0.14269554615020755 0.14372427761554721 357.50000000000006 0.003400000045076013 0.25961717963218695
decision_type=2 2 2 2 2 2
left_child=2 3 -1 5 -4 -2
right_child=1 -3 4 -5 -6 -7
leaf_value=0 0 0 -0.0083063454280872494 0 0 0.0088601309351265898
leaf_weight=3.0534505620598811 3.1187563985586149 3.1930996365845195 5.7585057150572538 1.3064459264278401 0.7583060935139655 7.3499684855341911
leaf_count=22 22 24 99 9 6 62
internal_value=0 0.00423603 -0.00447786 0.0070016 -0.00780264 0.00802606
internal_weight=24.5385 14.9683 9.57026 11.7752 6.51681 10.4687
internal_count=244 117 127 93 105 84
is_linear=0
shrinkage=0.03


Tree=202
num_leaves=7
num_cat=0
split_feature=68 47 0 60 30 36
split_gain=0.803518 0.701176 0.65353 0.517564 0.199448 0.15131
threshold=529.38558959960949 0.073408186435699477 3.1666666269302373 0.31399999558925634 0.84136217832565319 0.81128785014152538
decision_type=8 2 2 2 2 2
left_child=3 -2 4 5 -3 -1
right_child=1 2 -4 -5 -6 -7
leaf_value=0.0076209276521556641 0 -0.0097538037231221404 0 0 0 0
leaf_weight=7.6610241904854792 2.0318729579448691 7.8497434351593238 1.6478948816657055 2.2802854515612117 0.75040329247713078 1.2987938597798345
leaf_count=59 10 104 10 19 16 8
internal_value=0 -0.00366597 -0.00677896 0.00446654 -0.00903592 0.00684964
internal_weight=23.52 12.2799 10.248 11.2401 8.60015 8.95982
internal_count=226 140 130 86 120 67
is_linear=0
shrinkage=0.03


Tree=203
num_leaves=7
num_cat=0
split_feature=68 60 11 4 4 30
split_gain=0.715738 1.82758 0.464777 0.40958 0.390638 0.300953
threshold=865.87020874023449 0.0030000000260770325 7.5000000000000009 0.0050959466025233277 0.011484991759061815 0.80952170491218578
decision_type=8 2 2 8 10 2
left_child=1 -1 3 -2 5 -3
right_child=2 4 -4 -5 -6 -7
leaf_value=0.010785351142772896 0 -0.0067863408393061221 0 -0.0073467216137665676 0 0
leaf_weight=8.4400255251675862 0.92209709063172152 4.1867303829640141 1.6102650649845598 6.7163359634578228 1.5989816822111604 1.116902634501457
leaf_count=63 11 36 11 86 12 11
internal_value=0.000257316 0.00457796 -0.00244778 -0.00550035 -0.00135273 -0.00499943
internal_weight=24.5913 15.3426 9.2487 7.63843 6.90261 5.30363
internal_count=230 122 108 97 59 47
is_linear=0
shrinkage=0.03


Tree=204
num_leaves=7
num_cat=0
split_feature=14 60 30 53 54 34
split_gain=0.490355 0.823128 0.775462 0.655998 0.155609 0.149883
threshold=13.058030128479006 0.31399999558925634 0.15509434044361117 -0.44541835784912104 0.069159060716629042 0.078262127935886397
decision_type=2 2 2 2 2 2
left_child=1 3 -2 -1 -4 -5
right_child=2 -3 4 5 -6 -7
leaf_value=0 0.00065962166098834716 -0.00024071321757552767 0 0 -0.0077338718430011661 0.0097818465427973022
leaf_weight=2.3241696786135426 2.6584930941462499 3.4794843047857276 1.055248975753784 1.3602310419082666 6.0259830914437771 8.6084889955818635
leaf_count=25 17 32 5 7 85 66
internal_value=0 0.00349726 -0.0025275 0.0068801 -0.00692233 0.00907807
internal_weight=25.5121 15.7724 9.73973 12.2929 7.08123 9.96872
internal_count=237 130 107 98 90 73
is_linear=0
shrinkage=0.03


Tree=205
num_leaves=7
num_cat=0
split_feature=58 19 39 62 21 17
split_gain=0.711516 0.650372 0.592216 0.370029 0.171347 0.198986
threshold=1.0000000180025095e-35 0.44250741600990301 0.17409796267747882 0.83859997987747203 0.88802599906921398 0.11143004521727563
decision_type=2 2 2 2 2 2
left_child=1 2 -1 4 5 -2
right_child=3 -3 -4 -5 -6 -7
leaf_value=0.0099466757395075614 0 0 0 0 0 -0.0067278085161095553
leaf_weight=7.8656006120145339 1.9956599250435809 5.0822999104857436 1.6967387013137338 1.1545488610863675 0.91313613206148136 5.5366071313619614
leaf_count=60 17 47 12 8 13 77
internal_value=0.00115618 0.0051326 0.00794413 -0.00137235 -0.00447839 -0.00546777
internal_weight=24.2446 14.6446 9.56234 9.59995 8.4454 7.53227
internal_count=234 119 72 115 107 94
is_linear=0
shrinkage=0.03


Tree=206
num_leaves=7
num_cat=0
split_feature=47 28 54 50 9 52
split_gain=1.22484 1.09142 0.25637 0.179866 0.133111 0.0939993
threshold=0.090125467628240599 0.21729622781276706 0.073367144912481322 0.24566179513931277 0.83333334326744091 -0.38562110066413874
decision_type=2 2 2 2 2 2
left_child=5 4 -3 -4 -2 -1
right_child=1 2 3 -5 -6 -7
leaf_value=0 0 0 -0.010458542173567112 0 0.0029460632964803946 0.006300082422385893
leaf_weight=2.2315253168344498 4.2816073819994944 0.50785230100154777 8.2572908755391818 1.0656630285084236 3.8029761500656605 4.2310602776706245
leaf_count=14 34 3 112 11 34 28
internal_value=0 -0.00472075 -0.00899466 -0.00974532 0 0.00540111
internal_weight=24.378 17.9154 9.83081 9.32295 8.08458 6.46259
internal_count=236 194 126 123 68 42
is_linear=0
shrinkage=0.03


Tree=207
num_leaves=7
num_cat=0
split_feature=1 47 61 58 55 54
split_gain=0.793869 0.822103 0.983991 0.663262 0.281574 0.114403
threshold=0.83333334326744091 0.085297085344791426 0.0014000000082887711 0.035399999469518668 0.036864625290036208 0.074491981416940703
decision_type=2 2 2 2 2 2
left_child=1 -1 5 -2 -4 -3
right_child=3 2 4 -5 -6 -7
leaf_value=0.0010950964109669545 0.0081851812362327605 0 0.0041308177726410563 0 -0.001578802945726552 -0.010403672550948925
leaf_weight=3.4475409984588685 6.7186396010220042 0.70415258407592585 3.0905769020318976 1.228315060958266 2.0528198033571243 7.5877696126699448
leaf_count=18 55 4 17 22 16 109
internal_value=0 -0.00266771 -0.00624877 0.00539914 0 -0.00992174
internal_weight=24.8298 16.8829 13.4353 7.94695 5.1434 8.29192
internal_count=241 164 146 77 33 113
is_linear=0
shrinkage=0.03


Tree=208
num_leaves=7
num_cat=0
split_feature=51 28 35 26 59 25
split_gain=0.857818 0.716128 0.414232 0.365166 0.524651 0.250556
threshold=-0.51844158768653859 0.10189286246895791 0.1045847423374653 0.81814831495285045 0.19579999893903735 0.95008096098899852
decision_type=2 2 2 2 2 2
left_child=1 -1 -2 4 -4 -3
right_child=2 5 3 -5 -6 -7
leaf_value=0 0 -0.0081777407940225189 0.0096134312686251971 0 0 0
leaf_weight=4.0793077647686031 1.3924407921731461 7.6215424053370935 7.7156661786138994 1.337346214801072 1.4547950103878973 0.70867561176419247
leaf_count=32 9 105 55 13 13 8
internal_value=0 -0.00370992 0.00460096 0.00638632 0.00779576 -0.00721026
internal_weight=24.3098 12.4095 11.9002 10.5078 9.17046 8.33022
internal_count=235 145 90 81 68 113
is_linear=0
shrinkage=0.03


Tree=209
num_leaves=7
num_cat=0
split_feature=32 47 58 42 54 31
split_gain=0.482474 0.742936 0.46697 0.343187 0.19461 0.178629
threshold=0.19966991245746615 0.16693903505802157 0.045199999585747726 0.31249549984931951 0.76592186093330394 0.72432744503021251
decision_type=2 2 2 2 2 2
left_child=2 5 3 -1 -3 -2
right_child=1 4 -4 -5 -6 -7
leaf_value=0.0083796222680390022 0 -0.0076089319028246876 0 0 0 0.0037262671284971315
leaf_weight=5.7891415655612963 3.9174126721918565 5.2897798903286457 1.0659893751144398 3.695541825145483 2.0004160162061453 2.5334923900663853
leaf_count=38 28 86 11 27 23 21
internal_value=0 -0.0015177 0.00429751 0.0064069 -0.0064084 0.000897862
internal_weight=24.2918 13.7411 10.5507 9.48468 7.2902 6.45091
internal_count=234 158 76 65 109 49
is_linear=0
shrinkage=0.03


Tree=210
num_leaves=7
num_cat=0
split_feature=68 6 47 11 6 60
split_gain=0.657658 0.568241 0.435748 0.439492 0.384595 0.336316
threshold=505.51928710937506 174.37500000000003 0.073408186435699477 6.5000000000000009 264.00000762939459 0.21280000358819964
decision_type=8 2 2 2 2 2
left_child=1 5 -2 4 -4 -1
right_child=2 -3 3 -5 -6 -7
leaf_value=0.0084551814711987475 0 0 -0.00840180795833473 0 0 0
leaf_weight=8.1848734840750712 1.8036856353282917 1.3714058697223652 7.5633958876132947 1.6651229001581658 1.1508414298295973 1.7930175177752961
leaf_count=65 9 10 103 13 16 17
internal_value=0 0.00477088 -0.0021855 -0.00494396 -0.00691039 0.00706561
internal_weight=23.5323 11.3493 12.183 10.3794 8.71424 9.97789
internal_count=233 92 141 132 119 82
is_linear=0
shrinkage=0.03


Tree=211
num_leaves=7
num_cat=0
split_feature=58 35 34 17 62 50
split_gain=0.712689 1.05357 0.790147 0.858555 0.420363 0.410893
threshold=0.00059999998484272521 0.32889331877231603 0.80959230661392223 0.80976635217666637 0.89659997820854198 0.25274411588907247
decision_type=2 2 2 2 2 2
left_child=1 -1 3 -3 5 -2
right_child=4 2 -4 -5 -6 -7
leaf_value=0 -0.0070961345739366443 0.01316705805615356 0 0 0 0
leaf_weight=5.8398517221212449 6.6331743933260423 7.293603450059889 2.4257281310856333 1.2806024625897405 0.99507978558540333 1.0162486303597686
leaf_count=42 95 56 22 11 6 12
internal_value=0.000632303 0.00459287 0.00849198 0.0109461 -0.00219018 -0.0051481
internal_weight=25.4843 16.8398 10.9999 8.57421 8.6445 7.64942
internal_count=244 131 89 67 113 107
is_linear=0
shrinkage=0.03


Tree=212
num_leaves=7
num_cat=0
split_feature=24 35 56 55 49 68
split_gain=0.713526 0.776707 0.562929 0.28584 0.281764 0.0542214
threshold=0.60883086919784557 0.36522072553634649 -0.55636668205261219 0.14797452092170718 0.15206046402454379 376.21420288085943
decision_type=2 2 2 2 2 8
left_child=1 5 -3 -4 -2 -1
right_child=4 2 3 -5 -6 -7
leaf_value=0 -0.0051138807087767971 0 0.010642941099570069 0 0 -0.0018005189289433956
leaf_weight=4.2675359323620841 4.4871123731136313 1.2566486336290861 7.5910842362791247 1.3214094731956718 0.88905330933630455 5.0528280213475236
leaf_count=26 60 14 65 10 13 52
internal_value=0.000604821 0.00423801 0.00780508 0.00957891 -0.00285437 0
internal_weight=24.8657 19.4895 10.1691 8.91249 5.37617 9.32036
internal_count=240 167 89 75 73 78
is_linear=0
shrinkage=0.03


Tree=213
num_leaves=6
num_cat=0
split_feature=62 30 7 31 45
split_gain=1.29898 0.885514 0.623986 0.475206 0.392655
threshold=0.0010000000183936211 0.13510000705718997 376.00000000000006 0.073563203215599074 0.053456643596291549
decision_type=2 2 2 2 2
left_child=1 -1 3 -2 -5
right_child=2 -3 -4 4 -6
leaf_value=0.00010959729638109495 0 -0.0080239595809839404 0 0 0.010986181031047405
leaf_weight=3.2739052250981349 1.8251315057277668 5.9551973529160023 1.4514871463179577 1.8866763524711121 9.0662985593080503
leaf_count=21 12 98 11 16 72
internal_value=0.000772017 -0.00346189 0.00628982 0.0081693 0.0096417
internal_weight=23.4587 9.2291 14.2296 12.7781 10.953
internal_count=230 119 111 100 88
is_linear=0
shrinkage=0.03


Tree=214
num_leaves=7
num_cat=0
split_feature=51 61 34 34 11 54
split_gain=0.669586 0.662129 0.650605 0.637599 0.384949 0.251021
threshold=-0.51844158768653859 0.0018000000272877517 0.79708495736122142 0.088966429233551039 6.5000000000000009 0.27700889110565191
decision_type=2 2 2 2 2 2
left_child=1 4 3 -2 -1 -3
right_child=2 5 -4 -5 -6 -7
leaf_value=-0.0078471906539974018 0 0 0 0.0094546426625192071 0 0.0043258718886342133
leaf_weight=6.1337853595614451 1.3771290779113758 1.2259650528430941 1.9231014866381873 9.1284097097814065 1.2754797637462614 2.5163485556840897
leaf_count=94 9 10 18 68 11 17
internal_value=0.000466487 -0.00167615 0.00495429 0.00744327 -0.00609642 0.000777239
internal_weight=23.5802 11.1516 12.4286 10.5055 7.40927 3.74231
internal_count=227 132 95 77 105 27
is_linear=0
shrinkage=0.03


Tree=215
num_leaves=7
num_cat=0
split_feature=19 51 30 4 23 0
split_gain=0.644793 0.7728 0.45763 0.351881 0.259254 0.0413195
threshold=0.23182993382215503 -0.4306392222642898 0.056518919765949256 0.004733734531328083 0.92635458707809459 0.83333334326744091
decision_type=2 2 2 10 2 2
left_child=3 2 -2 -1 -4 -5
right_child=1 -3 4 5 -6 -7
leaf_value=0 0 0 -0.009926883646657161 0 0 0.0063669480321306635
leaf_weight=5.0958142038434762 0.88377223908901115 4.6485994569957247 7.5336725115776044 1.2626379430294035 0.81725705042481411 3.4957097917795181
leaf_count=39 7 37 100 7 11 32
internal_value=0 -0.00402594 -0.00750233 0.00311952 -0.00902439 0.00587793
internal_weight=23.7375 13.8833 9.2347 9.85416 8.35093 4.75835
internal_count=233 155 118 78 111 39
is_linear=0
shrinkage=0.03


Tree=216
num_leaves=7
num_cat=0
split_feature=51 32 61 58 11 30
split_gain=0.651528 0.594884 0.421553 0.27883 0.244059 0.151236
threshold=-0.4306392222642898 0.17417489737272265 0.0014000000082887711 0.018600000068545345 5.6070852279663095 0.16601154953241351
decision_type=2 2 2 2 2 2
left_child=1 3 4 -1 -3 -2
right_child=5 2 -4 -5 -6 -7
leaf_value=0.0043687746757693283 0 -0.0083743467724735204 0 0 0 0.0071198159374195134
leaf_weight=5.9418374970555332 1.6280749961733807 5.4235478769987804 2.3752569407224655 1.4976377859711645 0.57750523090362538 5.1884242482483387
leaf_count=42 13 92 17 14 6 40
internal_value=0.00121238 -0.00014246 -0.00512464 0.00174858 -0.0073397 0.00613923
internal_weight=22.6323 15.8158 8.37631 7.43948 6.00105 6.8165
internal_count=224 171 115 56 98 53
is_linear=0
shrinkage=0.03


Tree=217
num_leaves=7
num_cat=0
split_feature=68 4 60 11 47 60
split_gain=0.884169 0.843566 0.831234 0.565974 0.235634 0.224356
threshold=752.01473999023449 0.0054832310415804395 0.31399999558925634 5.6070852279663095 0.070282794535160079 0.833600014448166
decision_type=8 8 2 2 2 2
left_child=1 -1 -3 4 -2 -6
right_child=3 2 -4 -5 5 -7
leaf_value=0 0 0.010460549829694696 0 0 -0.0083356638187016118 0
leaf_weight=1.4207930788397796 0.89678999781608393 9.0356492549180967 2.2687778584659108 2.0654467679560184 6.4571933001279831 0.58671560138463963
leaf_count=12 4 71 20 18 93 9
internal_value=0 0.00503285 0.00791549 -0.00331711 -0.00637669 -0.00743265
internal_weight=22.7314 12.7252 11.3044 10.0061 7.9407 7.04391
internal_count=227 103 91 124 106 102
is_linear=0
shrinkage=0.03


Tree=218
num_leaves=7
num_cat=0
split_feature=0 51 48 11 14 14
split_gain=0.656588 0.368817 0.726069 0.536116 0.281916 0.199953
threshold=1.8333333134651186 -0.4306392222642898 -0.19895818084478376 2.8611940145492558 13.560840129852297 1.3885855674743655
decision_type=2 2 2 2 2 2
left_child=1 2 -1 -3 -2 -4
right_child=4 3 5 -5 -6 -7
leaf_value=0 0.0075753313189987227 0.0059720039440703723 0 -0.00065672472579486119 0 -0.0085977436577916767
leaf_weight=6.1497282292693889 5.1013889014720908 3.769114889204503 0.61188779771327961 1.7246321961283682 1.2700690701603887 5.6331300884485245
leaf_count=57 47 21 4 13 11 83
internal_value=0.000868453 -0.000373461 -0.00379306 0.000937756 0.00611848 -0.00774978
internal_weight=24.26 17.8885 12.3947 5.49375 6.37146 6.24502
internal_count=236 178 144 34 58 87
is_linear=0
shrinkage=0.03


Tree=219
num_leaves=7
num_cat=0
split_feature=68 60 26 6 9 60
split_gain=0.618989 0.876375 0.429706 0.361472 0.221484 0.192733
threshold=752.01473999023449 0.31399999558925634 0.16030008345842364 185.75000000000003 4.6666667461395273 0.46799999475479132
decision_type=8 2 2 2 2 2
left_child=1 3 -2 -1 5 -4
right_child=2 -3 4 -5 -6 -7
leaf_value=0.0090208340676976445 0 0 -0.0074916852456977491 0 0 0
leaf_weight=9.568045776337387 3.3021968081593496 2.9956001527607432 4.9631691910326481 1.2465487271547306 0.72176356613636006 0.60880646295845497
leaf_count=74 24 28 74 9 4 12
internal_value=0.000211113 0.00448195 -0.00202408 0.00780207 -0.00535373 -0.00654154
internal_weight=23.4061 13.8102 9.59594 10.8146 6.29374 5.57198
internal_count=225 111 114 83 90 86
is_linear=0
shrinkage=0.03


Tree=220
num_leaves=7
num_cat=0
split_feature=58 17 34 47 38 17
split_gain=1.17707 0.719817 0.84892 0.404586 0.301701 0.226983
threshold=1.0000000180025095e-35 0.8604593575000764 0.79708495736122142 0.8404977321624757 0.86325907707214367 0.11143004521727563
decision_type=2 2 2 2 2 2
left_child=1 2 3 -1 5 -2
right_child=4 -3 -4 -5 -6 -7
leaf_value=0.011575076495464603 0 0 0 0 0 -0.0065532692774647105
leaf_weight=9.8298403955996054 2.3973519634455425 1.6712794117629517 1.5078673530369986 1.3523698821663845 1.5360687468200911 5.6480100080370903
leaf_count=76 18 15 16 13 20 77
internal_value=0.000722003 0.00601316 0.0082081 0.0104038 -0.00316534 -0.00509111
internal_weight=23.9428 14.3614 12.6901 11.1822 9.58143 8.04536
internal_count=235 120 105 89 115 95
is_linear=0
shrinkage=0.03


Tree=221
num_leaves=7
num_cat=0
split_feature=68 11 47 4 32 36
split_gain=1.05737 0.813897 0.534142 0.401814 0.0278424 1.65767e-07
threshold=752.01473999023449 7.5000000000000009 0.070282794535160079 0.0079052620567381399 0.27426053583621984 0.73881620168685924
decision_type=8 2 2 10 2 2
left_child=3 2 -2 5 -5 -1
right_child=1 -3 -4 4 -6 -7
leaf_value=-3.06263331204476e-06 0 0 -0.010439591827325862 0.0067641793411735924 0 0
leaf_weight=5.905591672286393 1.0896210670471171 1.4518480636179436 7.5345289316028357 4.000032238662242 1.0787819996476171 2.4001181796193123
leaf_count=47 5 11 112 34 10 19
internal_value=0 -0.00589545 -0.00876338 0.00329489 0.00638897 0
internal_weight=23.4605 10.076 8.62415 13.3845 5.07881 8.30571
internal_count=238 128 117 110 44 66
is_linear=0
shrinkage=0.03


Tree=222
num_leaves=7
num_cat=0
split_feature=19 58 36 32 51 46
split_gain=0.508281 0.577927 0.371416 0.318856 0.266922 0.153369
threshold=0.44250741600990301 1.0000000180025095e-35 0.055899698287248618 0.15498365461826327 -0.39158758521080012 0.069816820323467269
decision_type=2 2 2 2 2 2
left_child=1 2 -1 -2 5 -5
right_child=3 -3 -4 4 -6 -7
leaf_value=0 0 0 0.0074318947073107426 0 0 -0.0080543111667496312
leaf_weight=1.5535552948713318 1.6963847316801528 5.5403473880141965 7.9602135792374611 0.60043739527463813 1.5775708630681045 5.185254467651248
leaf_count=9 14 55 62 4 14 81
internal_value=0 0.00234343 0.00580565 -0.00409662 -0.0059118 -0.00732532
internal_weight=24.1138 15.0541 9.51377 9.05965 7.36326 5.78569
internal_count=239 126 71 113 99 85
is_linear=0
shrinkage=0.03


Tree=223
num_leaves=7
num_cat=0
split_feature=33 7 47 33 53 62
split_gain=0.524339 0.465448 0.46125 0.606691 0.502222 0.153526
threshold=0.63803189992904674 373.50000000000006 0.096516769379377379 0.23355001211166385 -0.22608545422554013 0.0010000000183936211
decision_type=2 2 2 2 2 2
left_child=2 5 -1 -4 -5 -2
right_child=1 -3 3 4 -6 -7
leaf_value=0.00061828826241037364 0 0 0 -0.009112907102759275 0 0.0081575398096448513
leaf_weight=3.6296582445502308 2.2892200574278814 2.1657527983188629 1.6099764630198468 7.2599024176597577 0.92326919361948956 5.1209172047674656
leaf_count=21 26 23 17 91 7 46
internal_value=0.000283962 0.00479 -0.00104164 -0.00468977 -0.00734644 0.0070611
internal_weight=22.9987 9.57589 13.4228 9.79315 8.18317 7.41014
internal_count=231 95 136 115 98 72
is_linear=0
shrinkage=0.03


Tree=224
num_leaves=7
num_cat=0
split_feature=45 34 38 30 61 55
split_gain=0.553407 0.661493 0.584275 0.517387 0.226174 0.0238865
threshold=0.16063331067562106 0.77916738390922557 0.46866282820701605 0.10655157268047334 0.003400000045076013 0.063907686620950713
decision_type=2 2 2 2 2 2
left_child=1 2 5 -2 -5 -1
right_child=3 -3 -4 4 -6 -7
leaf_value=0.0007257689449614742 0 0 0.010068555084756221 -0.0070046238535167119 0 -0.0010370212292352813
leaf_weight=1.8907720409333721 2.2994888313114625 1.9710788261145342 5.3253197055310011 4.9979315213859081 0.88170939683914173 4.1661801934242249
leaf_count=12 22 20 47 86 6 30
internal_value=0.000180104 0.00430309 0.00693299 -0.00191497 -0.0057898 0
internal_weight=21.5325 13.3534 11.3823 8.17913 5.87964 6.05695
internal_count=223 109 89 114 92 42
is_linear=0
shrinkage=0.03


Tree=225
num_leaves=7
num_cat=0
split_feature=58 35 26 62 15 30
split_gain=0.758266 0.842548 0.670845 0.337271 0.235289 0.051075
threshold=0.011799999978393318 0.32889331877231603 0.81814831495285045 0.55140000581741344 6.4500236511230478 0.3257004469633103
decision_type=2 2 2 2 2 2
left_child=1 5 4 -2 -3 -1
right_child=3 2 -4 -5 -6 -7
leaf_value=0 -0.0057441696800027654 0.010822948495025164 0 0 0 -0.0019463262525721693
leaf_weight=3.6014999076724115 4.3089845292270175 7.8359257224947196 1.5921823941171158 0.65028333850204934 1.5130717456340788 2.1344408728182316
leaf_count=22 77 67 17 5 12 19
internal_value=0.000222552 0.00439552 0.00779893 -0.00335706 0.00985048 0
internal_weight=21.6364 16.6771 10.9412 4.95927 9.349 5.73594
internal_count=219 137 96 82 79 41
is_linear=0
shrinkage=0.03


Tree=226
num_leaves=7
num_cat=0
split_feature=19 68 28 3 14 58
split_gain=0.816649 0.771452 0.519486 0.295555 0.213539 0.203584
threshold=0.23182993382215503 247.4860534667969 0.013348476495593788 5.1666667461395273 14.164558887481691 0.005799999926239253
decision_type=2 10 2 2 2 2
left_child=2 3 -1 4 -2 -3
right_child=1 5 -4 -5 -6 -7
leaf_value=0 -0.0087849386250069238 0.003553217208702478 0.0076293813626449759 0 0 0
leaf_weight=1.2672374546527878 7.1308357119560224 4.5430729053914538 7.7391736824065447 0.96680891513824452 0.81239493191242207 1.6457823161035774
leaf_count=9 85 38 67 9 7 24
internal_value=0 -0.0026023 0.0054523 -0.00675901 -0.00793538 0.000154317
internal_weight=24.1053 15.0989 9.00641 8.91004 7.94323 6.18886
internal_count=239 163 76 101 92 62
is_linear=0
shrinkage=0.03


Tree=227
num_leaves=7
num_cat=0
split_feature=60 68 1 53 51 11
split_gain=0.662468 1.40563 0.597847 0.715409 0.1529 0.312011
threshold=0.0030000000260770325 752.01473999023449 0.83333334326744091 -0.22608545422554013 -0.3978706151247024 3.1000000238418584
decision_type=2 8 2 2 2 2
left_child=1 -1 3 -2 5 -3
right_child=2 4 -4 -5 -6 -7
leaf_value=0.009917841145227195 -0.0091013109102545797 -0.0055445202685463404 0 0 0 0
leaf_weight=7.6400252673774967 5.776749974116683 3.6535735223442307 1.9805701747536657 0.98509325832128336 2.2863112054765233 2.1253709942102432
leaf_count=60 70 50 18 6 14 25
internal_value=4.90913e-05 0.0042823 -0.00258167 -0.00628912 -0.000269757 -0.00296722
internal_weight=24.4477 15.7053 8.74241 6.76184 8.06526 5.77894
internal_count=243 149 94 76 89 75
is_linear=0
shrinkage=0.03


Tree=228
num_leaves=7
num_cat=0
split_feature=1 58 53 14 39 55
split_gain=0.816524 0.63288 0.507089 0.464228 0.464629 0.00674002
threshold=0.83333334326744091 0.01480000000447035 -0.22608545422554013 14.235917091369631 0.20778678357601169 0.14269554615020755
decision_type=2 2 2 2 2 2
left_child=2 5 3 4 -1 -2
right_child=1 -3 -4 -5 -6 -7
leaf_value=-0.0083558086478354374 0.0088314246375091002 0 0 0 0 0
leaf_weight=10.548763200640677 4.9777484461665145 1.4604445509612558 2.0492677018046388 1.4603607580065734 1.248085606843232 1.2640765458345411
leaf_count=118 46 27 12 11 8 8
internal_value=0 0.00578543 -0.00237175 -0.00507386 -0.00682913 0.00845875
internal_weight=23.0087 7.70227 15.3065 13.2572 11.7968 6.24182
internal_count=230 81 149 137 126 54
is_linear=0
shrinkage=0.03


Tree=229
num_leaves=7
num_cat=0
split_feature=68 54 4 60 0 49
split_gain=0.866005 0.73915 0.590006 0.489181 0.445774 0.0208502
threshold=505.51928710937506 0.069159060716629042 0.0050959466025233277 0.0030000000260770325 3.1666666269302373 0.048165421932935722
decision_type=8 2 8 2 2 2
left_child=3 -2 -3 -1 -4 -5
right_child=1 2 4 5 -6 -7
leaf_value=0.0070432611112844871 0 0 -0.010858105597088821 0 0 -0.0011926771547661518
leaf_weight=6.0458419248461741 2.0693291053175917 0.88467869162559232 7.1428016610443592 1.3896205164492128 1.2244258373975752 3.1918952725827694
leaf_count=49 10 11 110 10 8 29
internal_value=0 -0.00445768 -0.00752071 0.00415278 -0.00939127 0
internal_weight=21.9486 11.3212 9.25191 10.6274 8.36723 4.58152
internal_count=227 139 129 88 118 39
is_linear=0
shrinkage=0.03


Tree=230
num_leaves=7
num_cat=0
split_feature=0 58 68 47 55 60
split_gain=0.418786 0.953627 0.431236 0.377856 0.336827 0.071864
threshold=0.83333334326744091 0.009599999990314247 376.21420288085943 0.085297085344791426 0.14269554615020755 0.34340000152587896
decision_type=2 2 8 2 2 2
left_child=2 4 5 -4 -2 -1
right_child=1 -3 3 -5 -6 -7
leaf_value=0.0020764108836259071 0.0095967735971361958 -0.000405667839701367 0 -0.0073488511099114567 0 0
leaf_weight=5.0012476071715364 5.7473936006426793 2.1504995319992304 1.8486919030547149 5.0760946404188871 1.2147747762501238 1.3481631204485891
leaf_count=31 51 39 11 81 8 13
internal_value=0 0.00390129 -0.00192238 -0.00529278 0.00822378 0
internal_weight=22.3869 9.11267 13.2742 6.92479 6.96217 6.34941
internal_count=234 98 136 92 59 44
is_linear=0
shrinkage=0.03


Tree=231
num_leaves=7
num_cat=0
split_feature=58 19 39 51 3 14
split_gain=0.495325 0.752011 0.661852 0.425133 0.112274 0.0889886
threshold=1.0000000180025095e-35 0.44250741600990301 0.17409796267747882 -0.41610644757747645 4.1666667461395273 13.928503513336183
decision_type=2 2 2 2 2 2
left_child=1 2 -1 4 5 -2
right_child=3 -3 -4 -5 -6 -7
leaf_value=0.0096448450409661584 -0.0068138703019333851 0 0 0 0 0
leaf_weight=7.2019351087510604 4.6858900468796492 4.7165881451219311 1.8524529375135896 1.7529195174574832 0.74858946353197087 0.89721766114234913
leaf_count=58 80 47 14 13 7 11
internal_value=0 0.00371291 0.00726072 -0.00255539 -0.00553705 -0.00621419
internal_weight=21.8556 13.771 9.05439 8.08462 6.3317 5.58311
internal_count=230 119 72 111 98 91
is_linear=0
shrinkage=0.03


Tree=232
num_leaves=7
num_cat=0
split_feature=68 60 6 26 9 31
split_gain=0.87702 0.971036 0.743757 0.603935 0.318551 0.251272
threshold=36.717102050781257 0.31399999558925634 181.37500000000003 0.10526142641901971 4.1666667461395273 0.75880935788154613
decision_type=10 2 2 2 2 2
left_child=3 2 -2 -1 5 -5
right_child=1 -3 -4 4 -6 -7
leaf_value=0 0.010816379936209475 0 0 -0.0087686428430976335 0 0
leaf_weight=2.1395503357052821 8.9816432837396842 2.3668103199452153 1.3934016041457642 5.2941356413066387 0.69265705347061146 1.4416608512401579
leaf_count=15 82 26 14 69 6 22
internal_value=0.000487462 0.00545781 0.00872583 -0.00247193 -0.00616828 -0.00753346
internal_weight=22.3099 12.7419 10.375 9.568 7.42845 6.7358
internal_count=234 122 96 112 97 91
is_linear=0
shrinkage=0.03


Tree=233
num_leaves=7
num_cat=0
split_feature=68 28 41 6 26 31
split_gain=0.661494 0.572889 0.508408 0.43816 0.470092 0.171537
threshold=50.487812042236335 0.11622244492173196 0.49817629158496862 192.00000000000003 0.012223247904330494 0.75880935788154613
decision_type=10 2 2 2 2 2
left_child=1 -1 5 4 -2 -3
right_child=3 2 -4 -5 -6 -7
leaf_value=0 0 -0.0094161460001594421 0 0 0.0077213986763829366 0
leaf_weight=2.604458827525379 1.1320712417364109 5.7539778612554073 0.96548284217715252 1.402488138526677 9.1800287645310146 0.96514441817998875
leaf_count=20 8 69 5 16 87 18
internal_value=0 -0.00364294 -0.00666189 0.00387517 0.00595551 -0.00862042
internal_weight=22.0037 10.2891 7.68461 11.7146 10.3121 6.71912
internal_count=223 112 92 111 95 87
is_linear=0
shrinkage=0.03


Tree=234
num_leaves=7
num_cat=0
split_feature=68 6 60 26 51 23
split_gain=0.561389 0.768385 0.672818 0.295802 0.354311 0.0600204
threshold=529.38558959960949 192.00000000000003 0.31399999558925634 0.16030008345842364 -0.40207976102828974 0.14871529489755633
decision_type=8 2 2 2 2 2
left_child=1 2 -1 5 -5 -2
right_child=3 -3 -4 4 -6 -7
leaf_value=0.010066717201298519 0 0 0 -0.0063251546886378095 0 0.0020782698583680995
leaf_weight=8.3818497657775897 1.7501657232642154 1.2644817307591427 2.0664304643869391 4.6423557866364717 2.7971515581011772 2.6431085672229528
leaf_count=66 13 10 18 92 20 18
internal_value=0.00135682 0.00510435 0.00784122 -0.00024341 -0.00391226 0.000202427
internal_weight=23.5455 11.7128 10.4483 11.8328 7.43951 4.39327
internal_count=237 94 84 143 112 31
is_linear=0
shrinkage=0.03


Tree=235
num_leaves=7
num_cat=0
split_feature=68 60 3 7 5 55
split_gain=0.816245 1.02641 0.512429 0.346528 0.262771 0.191856
threshold=752.01473999023449 0.036400001496076591 3.5000000000000004 388.00000000000006 0.70273971557617199 0.16169135272502902
decision_type=8 2 2 2 2 2
left_child=1 3 4 -1 5 -2
right_child=2 -3 -4 -5 -6 -7
leaf_value=0.0091218599952383166 -0.0092777567998281602 -0.00099195006692832043 0 0 0 0
leaf_weight=7.3462484553456324 6.0714672170579416 4.1045517809689036 2.5604566261172295 1.1899857968091963 0.61249492689967144 0.67327816039323796
leaf_count=58 98 37 17 9 7 10
internal_value=0 0.00312846 -0.00507518 0.0078129 -0.00749182 -0.00850317
internal_weight=22.5585 12.6408 9.9177 8.53623 7.35724 6.74475
internal_count=236 104 132 67 115 108
is_linear=0
shrinkage=0.03


Tree=236
num_leaves=7
num_cat=0
split_feature=51 50 61 11 23 60
split_gain=0.724398 0.616753 0.400997 0.348386 0.111841 0.046562
threshold=-0.51844158768653859 0.15126202255487445 1.0000000180025095e-35 6.5000000000000009 0.09255587682127954 0.036400001496076591
decision_type=2 2 2 2 2 2
left_child=2 4 3 -1 -2 -4
right_child=1 -3 5 -5 -6 -7
leaf_value=-0.007031650884674309 0 0 0.0018488350820860574 0 0.0086458223483572207 0
leaf_weight=5.1625740211457032 1.185798741877077 4.4568307362496853 2.2596348710358147 1.1209363527595995 6.5879388805478811 1.1312043145298956
leaf_count=89 8 41 16 11 51 9
internal_value=0.000485326 0.0051264 -0.00195577 -0.00517541 0.00800624 0
internal_weight=21.9049 12.2306 9.67435 6.28351 7.77374 3.39084
internal_count=225 100 125 100 59 25
is_linear=0
shrinkage=0.03


Tree=237
num_leaves=7
num_cat=0
split_feature=51 34 28 34 61 55
split_gain=0.773386 0.506444 0.617342 0.489421 0.276863 0.256156
threshold=-0.51844158768653859 0.24904713034629825 0.81790655851364147 0.16196272522211078 0.0054000001400709161 -0.25077556073665613
decision_type=2 2 2 2 2 2
left_child=3 -2 4 -1 -3 -5
right_child=1 2 -4 5 -6 -7
leaf_value=0 0 0.010783967511800756 0 0 0 -0.0073292753293630348
leaf_weight=3.6442674212157744 4.1408668346703044 5.2825129777193052 1.590822849422693 1.2684577107429502 1.1312973983585832 5.8305015936493874
leaf_count=28 29 39 19 15 11 89
internal_value=0 0.00483023 0.00734933 -0.00294059 0.00964871 -0.00602085
internal_weight=22.8887 12.1455 8.00463 10.7432 6.41381 7.09896
internal_count=230 98 69 132 50 104
is_linear=0
shrinkage=0.03


Tree=238
num_leaves=7
num_cat=0
split_feature=19 47 30 54 59 51
split_gain=0.654885 0.375822 0.358202 0.256718 0.12695 0.131418
threshold=0.23182993382215503 0.12863736599683764 0.10655157268047334 0.76592186093330394 0.28880000114440924 -0.39158758521080012
decision_type=2 2 2 2 2 2
left_child=4 -2 -3 -4 5 -1
right_child=1 2 3 -5 -6 -7
leaf_value=0.0076432809205218381 0.0012798634660492209 0 -0.0074261801863672013 0 0 0
leaf_weight=5.7692461572587481 4.6873111315071574 1.5545043125748614 5.7323358487337828 1.2948051709681747 1.35763543844223 1.7919894829392458
leaf_count=49 35 13 92 13 14 11
internal_value=0.0017565 0 -0.00411195 -0.00611434 0.00603349 0.00676191
internal_weight=22.1878 13.269 8.58165 7.02714 8.91887 7.56124
internal_count=227 153 118 105 74 60
is_linear=0
shrinkage=0.03


Tree=239
num_leaves=7
num_cat=0
split_feature=51 24 34 19 32 17
split_gain=0.699055 0.671773 0.645434 0.463514 0.465852 0.0103862
threshold=-0.51844158768653859 0.20718764513731006 0.79708495736122142 0.82340154051780712 0.033457165583968169 0.10218383744359018
decision_type=2 2 2 2 2 2
left_child=1 -1 3 4 -2 -3
right_child=2 5 -4 -5 -6 -7
leaf_value=0 0 0 0 0 0.010669348212202586 -0.007014443479238153
leaf_weight=4.6966160293668526 1.1230847798287849 0.59910673648118962 1.9365326017141331 1.1413235589861859 6.8898232858628035 4.994414433836937
leaf_count=40 9 6 20 8 57 82
internal_value=0 -0.0024703 0.00489488 0.00753056 0.00913573 -0.00683466
internal_weight=21.3809 10.2901 11.0908 9.15423 8.01291 5.59352
internal_count=222 128 94 74 66 88
is_linear=0
shrinkage=0.03


Tree=240
num_leaves=7
num_cat=0
split_feature=0 56 54 49 49 61
split_gain=0.452233 0.563804 0.537972 0.587886 0.272051 0.0790428
threshold=0.83333334326744091 -0.52962470054626454 0.069159060716629042 0.0070755204651504764 0.16620416194200519 1.0000000180025095e-35
decision_type=2 2 2 2 2 2
left_child=2 -2 -1 5 -5 -4
right_child=1 -3 3 4 -6 -7
leaf_value=0.00048177900797595681 0 0.0071752826456281966 -0.00025250123244680814 -0.0092362599991867265 0 0.0024297023521571148
leaf_weight=2.4844454526901272 2.5025243572890759 6.2454056702554208 2.6554895620793086 5.6287406776100397 1.0716214273124931 1.9136480689048765
leaf_count=12 35 60 37 63 14 10
internal_value=0 0.00418889 -0.00181259 -0.00512804 -0.008073 0
internal_weight=22.5019 8.74793 13.7539 11.2695 6.70036 4.56914
internal_count=231 95 136 124 77 47
is_linear=0
shrinkage=0.03


Tree=241
num_leaves=7
num_cat=0
split_feature=19 14 58 38 1 51
split_gain=0.55415 0.576842 0.568442 0.670629 0.273662 0.0481513
threshold=0.44250741600990301 14.235917091369631 1.0000000180025095e-35 0.26062692701816564 1.8333333134651186 -0.41610644757747645
decision_type=2 2 2 2 2 2
left_child=2 4 3 -1 -2 -4
right_child=1 -3 5 -5 -6 -7
leaf_value=0 -0.0084080144688191329 0 -0.0017725884139252266 0.0091698439992803187 0 0
leaf_weight=4.6055060587823409 6.0892379004508239 2.2347642257809639 3.7922438010573387 4.7697290517389774 0.72383701056241978 1.2820509448647488
leaf_count=32 89 12 45 45 8 7
internal_value=0 -0.00441907 0.002277 0.00573998 -0.00728025 0
internal_weight=23.4974 9.04784 14.4495 9.37524 6.81307 5.07429
internal_count=238 109 129 77 97 52
is_linear=0
shrinkage=0.03


Tree=242
num_leaves=7
num_cat=0
split_feature=26 52 68 60 58 38
split_gain=0.538888 0.637381 0.444693 0.387337 0.0627291 0.0626751
threshold=0.16030008345842364 -0.38562110066413874 206.68585205078128 0.16399999707937243 0.00059999998484272521 0.46866282820701605
decision_type=2 2 10 2 2 2
left_child=3 2 -2 4 -1 -3
right_child=1 5 -4 -5 -6 -7
leaf_value=0.0060047239392514397 -0.0091051325771332493 0 0 0 0 0.0020779304070417774
leaf_weight=5.8504607975482958 5.5893402714282256 1.7556098587810982 3.7676362320780754 1.6170714721083639 1.3685536608099935 3.063970660790801
leaf_count=39 82 12 45 12 14 31
internal_value=0 -0.00362983 -0.00678905 0.00297272 0.00546921 0
internal_weight=23.0126 14.1766 9.35698 8.83609 7.21901 4.81958
internal_count=235 170 127 65 53 43
is_linear=0
shrinkage=0.03


Tree=243
num_leaves=7
num_cat=0
split_feature=58 19 47 38 60 59
split_gain=0.640252 0.701659 0.302628 0.307237 0.195582 0.11616
threshold=1.0000000180025095e-35 0.44250741600990301 0.090125467628240599 0.86325907707214367 0.31399999558925634 1.0000000180025095e-35
decision_type=2 2 2 2 2 2
left_child=1 4 -2 5 -1 -4
right_child=2 -3 3 -5 -6 -7
leaf_value=0.008503047955480415 0 0 0 0 0 -0.0067360843506078794
leaf_weight=7.6092455051839369 0.74048162251710792 4.9449476115405551 0.68114855326711943 1.0721201710402963 1.8106568232178686 6.8372474517673254
leaf_count=56 5 48 11 17 16 89
internal_value=8.46933e-06 0.00437174 -0.00239157 -0.00453852 0.00751642 -0.00613538
internal_weight=23.6958 14.3648 9.331 8.59052 9.4199 7.5184
internal_count=242 120 122 117 72 100
is_linear=0
shrinkage=0.03


Tree=244
num_leaves=6
num_cat=0
split_feature=54 57 9 16 32
split_gain=0.427692 0.892431 1.28076 0.503622 0.11195
threshold=0.070939652621746077 0.65219998359680187 4.1666667461395273 0.95688855648040783 0.35494966804981237
decision_type=2 2 2 2 2
left_child=-1 2 3 -2 -3
right_child=1 4 -4 -5 -6
leaf_value=0.0040142502213233342 -0.011398827303524581 0.0029703184512541092 0.00029006029796798657 0 0
leaf_weight=4.4342598281800774 9.5126031711697596 4.2679072525352231 1.8502061329781998 1.5667991824448098 1.5214487574994562
leaf_count=29 108 28 20 20 26
internal_value=0 -0.00230305 -0.00636991 -0.00993846 0.00126151
internal_weight=23.1532 18.719 12.9296 11.0794 5.78936
internal_count=231 202 148 128 54
is_linear=0
shrinkage=0.03


Tree=245
num_leaves=7
num_cat=0
split_feature=68 47 4 60 6 30
split_gain=0.458247 0.535008 0.515802 0.482712 0.422734 0.241931
threshold=752.01473999023449 0.073408186435699477 0.0050959466025233277 0.31399999558925634 192.00000000000003 0.37630313634872442
decision_type=8 2 8 2 2 2
left_child=3 -2 -3 4 5 -1
right_child=1 2 -4 -5 -6 -7
leaf_value=0.0083104312131221918 0 0 -0.0087450803302771725 -1.5791444559285318e-05 0 0
leaf_weight=5.9378575570881384 1.7135427817702273 0.75507297553122033 6.8688166979700327 2.9795335195958605 1.1312878169119347 2.6327127330005169
leaf_count=47 9 11 104 26 10 23
internal_value=0 -0.00421981 -0.00684539 0.00173256 0.00505038 0.00689546
internal_weight=22.0188 9.33743 7.62389 12.6814 9.70186 8.57057
internal_count=230 124 115 106 80 70
is_linear=0
shrinkage=0.03


Tree=246
num_leaves=7
num_cat=0
split_feature=58 34 19 34 17 23
split_gain=0.911824 0.745073 0.548427 0.580073 0.152189 0.222722
threshold=1.0000000180025095e-35 0.77916738390922557 0.82340154051780712 0.078262127935886397 0.11143004521727563 0.92635458707809459
decision_type=2 2 2 2 2 2
left_child=1 2 3 -1 -2 -6
right_child=4 -3 -4 -5 5 -7
leaf_value=0 0 0 0 0.011644965664119249 -0.0049738714322534912 0
leaf_weight=1.690452598035338 2.3910727165639383 2.6624756325036278 1.4422550387680519 9.0431884638965112 5.2792552597820759 0.58289558254182328
leaf_count=10 19 27 12 77 86 9
internal_value=0.00187291 0.00600657 0.0084053 0.00996842 -0.00149102 -0.00334564
internal_weight=23.0916 14.8384 12.1759 10.7336 8.25322 5.86215
internal_count=240 126 99 87 114 95
is_linear=0
shrinkage=0.03


Tree=247
num_leaves=7
num_cat=0
split_feature=51 31 34 68 0 17
split_gain=0.519241 0.367968 0.501119 0.241154 0.289714 0.176071
threshold=-0.51844158768653859 0.026976145803928379 0.81861272454261791 313.60475158691412 1.8333333134651186 0.82969683408737194
decision_type=2 2 2 8 2 2
left_child=3 -2 5 -1 -5 -3
right_child=1 2 -4 4 -6 -7
leaf_value=0 0 0.009022920152367565 0 -0.0059363405783310038 0 0
leaf_weight=4.8529346212744722 1.1365152001380909 7.000024722889064 1.4576618801802386 4.3683066125959167 1.4032770060002802 1.3441491499543188
leaf_count=38 8 58 14 83 14 10
internal_value=0.000382788 0.00460169 0.00625422 -0.00117675 -0.00394616 0.00817369
internal_weight=21.5629 10.9384 9.80184 10.6245 5.77158 8.34417
internal_count=225 90 82 135 97 68
is_linear=0
shrinkage=0.03


Tree=248
num_leaves=7
num_cat=0
split_feature=32 60 68 9 44 19
split_gain=0.847259 0.563698 0.558033 0.156596 0.0768753 0.00300657
threshold=0.37618413567543035 0.31399999558925634 1.0000000180025095e-35 2.8333333730697636 0.093806218355894103 0.24221903830766681
decision_type=2 2 10 2 2 2
left_child=1 2 5 4 -2 -1
right_child=3 -3 -4 -5 -6 -7
leaf_value=0 0 0 0.0087064259597330329 0 -0.0067985181175872419 -0.00048133936511206938
leaf_weight=2.4711061045527476 0.75987419113516708 2.1443494297564021 6.6007071733474731 0.8429322987794875 5.6610352862626314 1.6791286803781984
leaf_count=17 12 18 53 7 89 22
internal_value=0 0.00329654 0.00603644 -0.00545503 -0.00631408 0
internal_weight=20.1591 12.8953 10.7509 7.26384 6.42091 4.15023
internal_count=218 110 92 108 101 39
is_linear=0
shrinkage=0.03


Tree=249
num_leaves=7
num_cat=0
split_feature=51 61 34 28 0 55
split_gain=0.509265 0.610665 0.445751 0.558115 0.333613 0.218197
threshold=-0.51844158768653859 0.0014000000082887711 0.088966429233551039 0.81790655851364147 3.1666666269302373 0.07656854018568994
decision_type=2 2 2 2 2 2
left_child=1 4 -2 -4 -1 -3
right_child=2 5 3 -5 -6 -7
leaf_value=-0.0077714700422769492 0 0.0039394029811393207 0.0083833394132074423 0 0 0
leaf_weight=5.9971593115478772 1.5430530980229367 2.6540782786905766 7.72199056483805 1.6540250312536953 0.69046759605407704 1.5252516008913515
leaf_count=104 10 16 63 20 6 12
internal_value=0 -0.0023609 0.00404353 0.0061933 -0.00631699 0
internal_weight=21.786 10.867 10.9191 9.37602 6.68763 4.17933
internal_count=231 138 93 83 110 28
is_linear=0
shrinkage=0.03


Tree=250
num_leaves=7
num_cat=0
split_feature=19 54 7 28 57 24
split_gain=0.608227 0.706532 0.39106 0.371831 0.280699 0.118204
threshold=0.24221903830766681 0.078619293868541731 373.50000000000006 0.013348476495593788 0.87619999051094066 0.23973467200994494
decision_type=2 2 2 2 2 2
left_child=2 -2 3 -1 5 -3
right_child=1 4 -4 -5 -6 -7
leaf_value=0 6.9950346200078323e-05 0 0 0.0079823700753739006 0 -0.0086133156136718701
leaf_weight=0.93157081305980849 3.7213068939745417 1.1284979842603187 1.241934737190604 6.4978856556117535 2.3716939520090818 5.8731261119246483
leaf_count=7 27 14 13 57 23 88
internal_value=0 -0.00281333 0.00441905 0.0064119 -0.00650032 -0.00793773
internal_weight=21.766 13.0946 8.67139 7.42946 9.37332 7.00162
internal_count=229 152 77 64 125 102
is_linear=0
shrinkage=0.03


Tree=251
num_leaves=7
num_cat=0
split_feature=58 28 35 3 34 57
split_gain=0.679535 0.458922 0.379978 0.234926 0.145132 0.157107
threshold=1.0000000180025095e-35 0.520310938358307 0.36522072553634649 5.1666667461395273 0.16196272522211078 0.78940001130104076
decision_type=2 2 2 2 2 2
left_child=1 2 -1 4 -2 -6
right_child=3 -3 -4 -5 5 -7
leaf_value=0 0 0 0.0081823171813127874 0 -0.0073118987339849924 0
leaf_weight=4.8333967849612254 1.4598594736307839 3.6246740929782382 5.7339888848364353 0.76259551197290409 4.900636313483119 0.97911000438034523
leaf_count=34 14 41 48 8 71 15
internal_value=0 0.00351198 0.00588128 -0.00415951 -0.00550056 -0.00642364
internal_weight=22.2943 14.1921 10.5674 8.1022 7.33961 5.87975
internal_count=231 123 82 108 100 86
is_linear=0
shrinkage=0.03


Tree=252
num_leaves=7
num_cat=0
split_feature=60 68 0 47 24 31
split_gain=0.45644 1.08395 0.341061 0.325926 0.172697 0.113004
threshold=0.0030000000260770325 752.01473999023449 4.1666667461395273 0.13558906316757205 0.12352829426527025 0.75880935788154613
decision_type=2 8 2 2 2 2
left_child=1 -1 3 -2 -3 -6
right_child=2 4 -4 -5 5 -7
leaf_value=0.0083215231441906498 0 0 0 -0.0072829921538509314 -0.0042519998388935764 0
leaf_weight=6.8511060215532789 1.0867516845464695 1.8818218670785434 0.87939252704381932 5.3392893262207508 4.5601940900087357 1.3757469244301317
leaf_count=57 9 14 9 69 57 20
internal_value=0 0.00282919 -0.0035111 -0.00562805 -0.000585594 -0.00318381
internal_weight=21.9743 14.6689 7.30543 6.42604 7.81776 5.93594
internal_count=235 148 87 78 91 77
is_linear=0
shrinkage=0.03


Tree=253
num_leaves=7
num_cat=0
split_feature=58 19 62 35 59 57
split_gain=0.310853 0.513586 0.443556 0.314584 0.163341 0.289364
threshold=1.0000000180025095e-35 0.47075448930263525 0.89659997820854198 0.36522072553634649 1.0000000180025095e-35 0.78940001130104076
decision_type=2 2 2 2 2 2
left_child=1 3 4 -1 -2 -6
right_child=2 -3 -4 -5 5 -7
leaf_value=0 0 0 0 0.00780110643962326 -0.0076747543640027765 0
leaf_weight=3.9039242155849951 0.70924293808638861 5.4394518155604592 0.97756867855787266 4.5473719835281372 6.0681282468140125 0.83299717493355263
leaf_count=30 12 51 7 41 87 10
internal_value=0 0.0024204 -0.00274252 0.00571284 -0.0055324 -0.00637102
internal_weight=22.4787 13.8907 8.58794 8.4513 7.61037 6.90113
internal_count=238 122 116 71 109 97
is_linear=0
shrinkage=0.03


Tree=254
num_leaves=7
num_cat=0
split_feature=54 48 0 42 28 68
split_gain=0.439041 1.07808 1.44027 0.302768 0.105657 0.0613871
threshold=0.069159060716629042 -0.19895818084478376 4.8333332538604745 0.33001783490180975 0.87690535187721264 317.87802124023443
decision_type=2 2 2 2 2 8
left_child=-1 3 4 5 -3 -2
right_child=1 2 -4 -5 -6 -7
leaf_value=0.0038559491238329513 0.0053788501162774756 -0.011458081227989365 0.00028245863915565318 0 0 0
leaf_weight=3.9328656643629101 2.5641023442149224 9.1401741821318794 1.8481348901987065 1.4361558910459278 0.88569154962897378 2.1892300955951214
leaf_count=22 16 110 20 17 12 28
internal_value=0 -0.00258811 -0.0071635 0.00148633 -0.0109878 0.004571
internal_weight=21.9964 18.0635 11.874 6.18949 10.0259 4.75333
internal_count=225 203 142 61 122 44
is_linear=0
shrinkage=0.03


Tree=255
num_leaves=7
num_cat=0
split_feature=1 51 58 68 55 21
split_gain=0.520662 0.608513 0.391819 0.378996 0.377256 0.267642
threshold=0.83333334326744091 -0.4306392222642898 0.009599999990314247 118.10935974121095 0.14797452092170718 0.21817453950643542
decision_type=2 2 2 8 2 2
left_child=1 3 4 -1 -2 -5
right_child=2 -3 -4 5 -6 -7
leaf_value=0 0.0079231497827007037 0 0 0 0 -0.0091141847343491553
leaf_weight=1.8449768871068943 4.7007743380963793 4.5685160178691158 1.1807500850409267 0.94826463423669416 1.1044342480599878 6.4628110583871603
leaf_count=13 44 31 27 15 7 89
internal_value=0 -0.00316 0.0036853 -0.00638715 0.00607515 -0.00804422
internal_weight=20.8105 13.8246 6.98596 9.25605 5.80521 7.41108
internal_count=226 148 78 117 51 104
is_linear=0
shrinkage=0.03


Tree=256
num_leaves=6
num_cat=0
split_feature=54 0 48 49 26
split_gain=0.667837 0.469632 0.521087 0.244287 0.0120573
threshold=0.069159060716629042 3.5000000000000004 -0.2499921843409538 0.16620416194200519 0.52387118339538585
decision_type=2 2 2 2 2
left_child=-1 2 4 -4 -2
right_child=1 -3 3 -5 -6
leaf_value=0.0064597499665589517 0.00089858847140858109 0.0012510885161333225 -0.007670667908598286 0 0
leaf_weight=3.6416387893259552 3.439140876755121 2.1822588108479968 9.1071420814841968 1.4254813753068436 1.2316637821495531
leaf_count=23 24 26 106 24 23
internal_value=0 -0.00107775 -0.00415642 -0.00663675 0
internal_weight=21.0273 17.3857 15.2034 10.5326 4.6708
internal_count=226 203 177 130 47
is_linear=0
shrinkage=0.03


Tree=257
num_leaves=7
num_cat=0
split_feature=51 30 25 37 46 34
split_gain=0.357889 0.743439 0.24272 0.20947 0.190309 0.185782
threshold=-0.43886667490005488 0.15509434044361117 0.89278802275657665 0.25891791284084326 0.07509393617510797 0.81861272454261791
decision_type=2 2 2 2 2 2
left_child=1 3 4 -1 -3 -2
right_child=5 2 -4 -5 -6 -7
leaf_value=0 0.0051508330602044305 0 0 0.0037231817054699371 -0.0081649688302628445 0
leaf_weight=1.5259514898061768 6.3790064342319948 0.75825444236397732 0.65784596465528 4.7530674077570438 6.4638005569577217 1.7444755025207994
leaf_count=12 51 5 13 41 110 12
internal_value=0 -0.00150543 -0.00629204 0.000990939 -0.00733391 0.00384077
internal_weight=22.2824 14.1589 7.8799 6.27902 7.22205 8.12348
internal_count=244 181 128 53 115 63
is_linear=0
shrinkage=0.03


Tree=258
num_leaves=7
num_cat=0
split_feature=58 19 44 47 51 57
split_gain=0.191266 0.463596 0.520609 0.267772 0.201276 0.188668
threshold=1.0000000180025095e-35 0.47075448930263525 0.351733148097992 0.090125467628240599 -0.6166270077228545 0.78940001130104076
decision_type=2 2 2 2 2 2
left_child=1 2 -1 -2 -5 -6
right_child=3 -3 -4 4 5 -7
leaf_value=0.0080589738524258769 0 0 0 0 -0.0066895927974426105 0
leaf_weight=5.3812129460275191 0.75970567017793555 5.1933370213955632 2.9314647875726223 1.2684124261140821 4.5451052282005548 0.83208228461444367
leaf_count=44 5 50 25 21 67 10
internal_value=0 0.0021943 0.00538186 -0.00184048 -0.00424499 -0.00559345
internal_weight=20.9113 13.506 8.31268 7.40531 6.6456 5.37719
internal_count=222 119 69 103 98 77
is_linear=0
shrinkage=0.03


Tree=259
num_leaves=7
num_cat=0
split_feature=58 26 35 2 62 51
split_gain=0.522501 0.628731 0.648801 0.549342 0.184699 0.157783
threshold=0.005799999926239253 0.78245297074317943 0.1045847423374653 1.9959999918937685 0.55140000581741344 -0.64645934104919422
decision_type=2 2 2 2 2 2
left_child=1 2 -1 -4 5 -2
right_child=4 -3 3 -5 -6 -7
leaf_value=0 0 0 0.01003795857991642 0 0 -0.0053006302133503337
leaf_weight=2.4456160143017831 0.69950991496443737 2.052521336823701 10.071974184364079 1.7864510975778092 0.74601667188107956 4.2476910129189482
leaf_count=15 10 23 84 19 7 81
internal_value=5.73184e-05 0.00378844 0.00623272 0.00836104 -0.00242228 -0.00415708
internal_weight=22.0498 16.3566 14.304 11.8584 5.69322 4.9472
internal_count=239 141 118 103 98 91
is_linear=0
shrinkage=0.03


Tree=260
num_leaves=7
num_cat=0
split_feature=68 6 48 11 52 34
split_gain=0.356559 0.432927 0.397993 0.20983 0.235837 0.118099
threshold=752.01473999023449 192.00000000000003 -0.32985320687294001 7.5000000000000009 -0.38562110066413874 0.90182524919509899
decision_type=8 2 2 2 2 2
left_child=1 2 -1 4 -2 -4
right_child=3 -3 5 -5 -6 -7
leaf_value=0 -0.0053460922445728188 0 0.0079693816261329434 0 0 0
leaf_weight=1.5874414034187783 4.725988131016492 1.1056983992457379 8.1920618452131766 1.5971498973667619 2.6351323425769797 1.1888795979320992
leaf_count=13 83 11 70 13 22 10
internal_value=7.0462e-05 0.0036944 0.00574023 -0.00102139 -0.00346653 0.00735737
internal_weight=21.0324 12.0741 10.9684 8.95827 7.36112 9.38094
internal_count=222 104 93 118 105 80
is_linear=0
shrinkage=0.03


Tree=261
num_leaves=7
num_cat=0
split_feature=58 36 19 36 0 21
split_gain=0.44503 0.52258 0.44809 0.407788 0.262728 0.245052
threshold=1.0000000180025095e-35 0.81128785014152538 0.82340154051780712 0.055899698287248618 4.1666667461395273 0.88802599906921398
decision_type=2 2 2 2 2 2
left_child=1 2 3 -1 5 -2
right_child=4 -3 -4 -5 -6 -7
leaf_value=0 -0.0061934206940161612 0 0 0.0088167420021996543 0 0
leaf_weight=1.380189143121245 5.8289053961634627 1.8715631309896696 1.7836521416902531 9.1801478900015336 0.85111516714096058 0.8905890118330716
leaf_count=8 88 20 16 81 9 14
internal_value=0 0.00321538 0.00567924 0.00739367 -0.00292347 -0.00480877
internal_weight=21.7862 14.2156 12.344 10.5603 7.57061 6.71949
internal_count=236 125 105 89 111 102
is_linear=0
shrinkage=0.03


Tree=262
num_leaves=7
num_cat=0
split_feature=60 68 56 0 14 43
split_gain=0.591849 1.0506 0.481749 0.501374 0.0599552 0.0648605
threshold=0.0030000000260770325 752.01473999023449 -0.31618131697177881 4.1666667461395273 12.331385612487795 0.15180068463087085
decision_type=2 8 2 2 2 2
left_child=1 -1 3 -2 -3 -6
right_child=2 4 -4 -5 5 -7
leaf_value=0.0090081588359444392 -0.007892611269882284 0 0 0 0 -0.0029113400328513901
leaf_weight=6.9784966651350269 5.8165473230183125 2.8536300249397764 0.94559325277805228 0.82547869160771359 0.47048902511596713 3.2533573880791664
leaf_count=58 71 23 7 7 4 55
internal_value=0 0.00428348 -0.00238991 -0.00566473 0 -0.00198288
internal_weight=21.1436 13.556 7.58762 6.64203 6.57748 3.72385
internal_count=225 140 85 78 82 59
is_linear=0
shrinkage=0.03


Tree=263
num_leaves=7
num_cat=0
split_feature=1 47 42 56 56 58
split_gain=0.37102 0.499721 0.569081 0.41081 0.119567 0.0994587
threshold=0.83333334326744091 0.096516769379377379 0.23753813654184344 -0.54589617252349842 -0.5934043526649474 0.005799999926239253
decision_type=2 2 2 2 2 2
left_child=1 -1 -3 -2 -4 -5
right_child=3 2 4 5 -6 -7
leaf_value=0.00089905214793146483 0 0 0 0.0072582122321015932 -0.0079418295731003025 0
leaf_weight=3.9383398443460491 1.3884708266705272 3.2139059863984567 0.64360201358795155 4.5148705057799807 7.230241859331727 0.87397575192153443
leaf_count=24 20 39 5 43 87 16
internal_value=0 -0.00106701 -0.00470578 0.00426669 -0.00740142 0.00662367
internal_weight=21.8034 15.0261 11.0877 6.77732 7.87384 5.38885
internal_count=234 155 131 79 92 59
is_linear=0
shrinkage=0.03


Tree=264
num_leaves=7
num_cat=0
split_feature=60 68 1 7 11 27
split_gain=0.349726 0.977568 0.47327 0.358921 0.214893 0.0651496
threshold=0.0030000000260770325 11.441227912902834 0.83333334326744091 379.50000000000006 3.8500000238418584 0.10850219428539278
decision_type=2 10 2 2 2 2
left_child=1 4 -2 -3 5 -1
right_child=2 3 -4 -5 -6 -7
leaf_value=0 -0.0055605181695106585 0.0092921071305420103 0 0 0 -0.0042101817821289488
leaf_weight=0.86193093657493847 5.9064408093690863 6.808330759406088 1.8845733087509868 1.2940554320812223 2.5988078825175762 4.2433318607509136
leaf_count=6 72 59 18 15 29 50
internal_value=0 0.00310549 -0.00192423 0.00789471 -0.000156537 -0.00358224
internal_weight=23.5975 15.8065 7.79101 8.10239 7.70407 5.10526
internal_count=249 159 90 74 85 56
is_linear=0
shrinkage=0.03


Tree=265
num_leaves=7
num_cat=0
split_feature=68 51 11 6 29 3
split_gain=0.42151 0.656273 0.577699 0.500517 0.188755 0.109092
threshold=385.15440368652349 -0.40207976102828974 6.5000000000000009 192.00000000000003 0.93259644508361828 0.5000000149011613
decision_type=8 2 2 2 2 2
left_child=3 2 4 5 -2 -1
right_child=1 -3 -4 -5 -6 -7
leaf_value=0 -0.0091044725580339582 0.00020748638254085912 0 0 0 0.0074818477903469006
leaf_weight=4.2047876380383986 7.0432730764150602 3.5067497156560412 1.5089876390993593 1.1236417330801476 0.60207240469753731 4.2044882141053677
leaf_count=32 117 27 13 9 8 40
internal_value=0 -0.00242142 -0.00614349 0.00355236 -0.00839259 0.00615297
internal_weight=22.194 12.6611 9.15433 9.53292 7.64535 8.40928
internal_count=246 165 138 81 125 72
is_linear=0
shrinkage=0.03


Tree=266
num_leaves=7
num_cat=0
split_feature=0 58 54 68 19 30
split_gain=0.353247 0.504015 0.481278 0.585967 0.247209 0.147384
threshold=0.83333334326744091 0.009599999990314247 0.069159060716629042 262.56336975097662 0.69315171241760265 0.86111384630203258
decision_type=2 2 2 8 2 2
left_child=2 4 -1 -4 -2 -5
right_child=1 -3 3 5 -6 -7
leaf_value=0 0.0076882655120667351 0 0 -0.0086219086957263838 0 0
leaf_weight=2.0421175807714489 5.0595287717878801 1.8126814290881155 4.2170857898890945 6.1026952378451833 1.4186333641409872 0.76078514009714115
leaf_count=10 46 35 29 84 12 15
internal_value=0 0.00342097 -0.0021194 -0.00504722 0.00636542 -0.00794467
internal_weight=21.4135 8.29084 13.1227 11.0806 6.47816 6.86348
internal_count=231 93 138 128 58 99
is_linear=0
shrinkage=0.03


Tree=267
num_leaves=7
num_cat=0
split_feature=17 58 68 44 32 54
split_gain=0.419081 0.339775 0.223591 0.392924 0.189537 0.294678
threshold=0.51415646076202404 1.0000000180025095e-35 505.51928710937506 0.351733148097992 0.15498365461826327 0.070939652621746077
decision_type=2 2 10 2 2 2
left_child=1 2 3 -1 -2 -6
right_child=4 -3 -4 -5 5 -7
leaf_value=0.0082062037795902626 0 0 0 0 0 -0.0068320748527400839
leaf_weight=4.6905030980706233 1.6614277288317669 4.8926055356860152 1.6716491058468816 2.7896998040378094 0.65852686762809742 4.6611531674861908
leaf_count=39 14 61 14 22 5 74
internal_value=0 0.00231288 0.00476267 0.00603027 -0.00382581 -0.00523059
internal_weight=21.0256 14.0445 9.15185 7.4802 6.98111 5.31968
internal_count=229 136 75 61 93 79
is_linear=0
shrinkage=0.03


Tree=268
num_leaves=7
num_cat=0
split_feature=60 68 1 53 11 6
split_gain=0.372929 1.2894 0.45399 0.682839 0.288287 0.174966
threshold=0.0030000000260770325 752.01473999023449 0.83333334326744091 -0.22608545422554013 5.6070852279663095 174.37500000000003
decision_type=2 8 2 2 2 2
left_child=1 5 3 -2 -3 -1
right_child=2 4 -4 -5 -6 -7
leaf_value=0.0097369223148771038 -0.0085555713031242406 -0.0043432731798402182 0 0 0 0
leaf_weight=6.0219860486686239 5.4877064470201731 5.0286487825214872 1.7953019905835388 0.86308310925960352 1.5053503923118112 1.1787738464772699
leaf_count=54 67 69 19 5 13 8
internal_value=0 0.00307972 -0.0024679 -0.00563457 -0.00120587 0.00889695
internal_weight=21.8809 13.7348 8.14609 6.35079 6.534 7.20076
internal_count=235 144 91 72 82 62
is_linear=0
shrinkage=0.03


Tree=269
num_leaves=7
num_cat=0
split_feature=1 42 14 17 58 42
split_gain=0.348362 0.442245 0.494936 0.34297 0.427956 0.205181
threshold=0.83333334326744091 0.23753813654184344 14.235917091369631 0.83876022696495067 0.01480000000447035 0.46639330685138708
decision_type=2 2 2 2 2 2
left_child=1 -1 5 4 -2 -3
right_child=3 2 -4 -5 -6 -7
leaf_value=0 0.0075556342329294521 -0.0079705084082905813 0 0 0 0
leaf_weight=3.3448820933699634 5.604369454085826 8.0180489812046272 1.0579961352050293 0.84045034274458874 1.1589095685631035 2.6398015767335883
leaf_count=36 53 91 7 6 25 19
internal_value=0 -0.00215648 -0.00486778 0.00334512 0.00549222 -0.00681702
internal_weight=22.6645 15.0607 11.7158 7.60373 6.76328 10.6579
internal_count=237 153 117 84 78 110
is_linear=0
shrinkage=0.03


Tree=270
num_leaves=7
num_cat=0
split_feature=19 59 36 68 26 24
split_gain=0.437158 0.348838 0.341627 0.304081 0.301127 0.132285
threshold=0.24221903830766681 0.27939999103546148 0.055899698287248618 102.1502151489258 0.13431811332702639 0.86818572878837597
decision_type=2 2 2 10 2 2
left_child=1 2 -1 4 -2 -6
right_child=3 -3 -4 -5 5 -7
leaf_value=0 0 0 0.0073778323153878929 0 -0.0072567424552245586 0
leaf_weight=1.1092583015561119 0.61762942001223375 2.0372995492070913 6.5251893233507872 6.2876906860619783 4.7948105502873659 0.73766450956463803
leaf_count=7 6 20 58 71 61 15
internal_value=0 0.00375984 0.00579422 -0.0022674 -0.00490798 -0.00651877
internal_weight=22.1095 9.67175 7.63445 12.4378 6.1501 5.53248
internal_count=238 85 65 153 82 76
is_linear=0
shrinkage=0.03


Tree=271
num_leaves=7
num_cat=0
split_feature=68 60 7 15 46 44
split_gain=0.443389 0.641203 0.437829 0.214903 0.445057 0.155412
threshold=529.38558959960949 0.31399999558925634 388.00000000000006 0.5424981713294984 0.061190232634544379 0.65886381268501293
decision_type=8 2 2 2 2 2
left_child=1 2 -1 4 -2 -6
right_child=3 -3 -4 -5 5 -7
leaf_value=0.0088693237508615849 0 0 0 0 -0.0070817103682797649 0
leaf_weight=7.4111221879720706 0.79859715700149347 2.4530679844319812 1.139372758567333 4.2425689678639174 4.831093380227685 0.59332278370857228
leaf_count=64 4 21 11 40 86 5
internal_value=0.000547085 0.00435588 0.007252 -0.000697402 -0.00354058 -0.00625727
internal_weight=21.4691 11.0036 8.55049 10.4656 6.22301 5.42442
internal_count=231 96 75 135 95 91
is_linear=0
shrinkage=0.03


Tree=272
num_leaves=7
num_cat=0
split_feature=54 35 4 57 34 55
split_gain=0.490738 0.367124 0.465656 0.444576 0.202984 0.325911
threshold=0.069159060716629042 0.61007177829742443 0.016200970858335498 0.65219998359680187 0.76888278126716625 0.13327334821224215
decision_type=2 2 10 2 2 2
left_child=-1 2 3 -2 5 -3
right_child=1 4 -4 -5 -6 -7
leaf_value=0.0054909638155358417 -0.0081096562922360789 0.0058648467809173498 0 0 0 0
leaf_weight=3.8688792772591141 7.8368959501385707 3.8404917772859317 1.9671883471310128 1.8322307169437406 3.3406864814460278 0.99283350631594647
leaf_count=25 89 41 18 17 48 11
internal_value=0 -0.000888016 -0.00404413 -0.00626879 5.65641e-05 0.00350996
internal_weight=23.6792 19.8103 11.6363 9.66913 8.17401 4.83333
internal_count=249 224 124 106 100 52
is_linear=0
shrinkage=0.03


Tree=273
num_leaves=7
num_cat=0
split_feature=60 28 53 44 4 53
split_gain=0.335426 0.564491 0.454402 0.456996 0.29946 0.287169
threshold=0.0030000000260770325 0.82930251955986034 -0.4992534071207046 0.66384327411651622 0.011484991759061815 -0.22608545422554013
decision_type=2 2 2 2 10 2
left_child=1 2 -1 -4 5 -2
right_child=4 -3 3 -5 -6 -7
leaf_value=0 -0.0062126153350884113 0 0.0092119111568279583 0 0 0
leaf_weight=2.8810701556503764 5.2643073592334986 1.5634138099849213 8.4894117359071988 1.6134390011429776 1.5563829652965067 0.87696665525436301
leaf_count=36 65 24 79 9 16 5
internal_value=0 0.00313137 0.0057076 0.00758874 -0.00185936 -0.00452634
internal_weight=22.245 14.5473 12.9839 10.1029 7.69766 6.14127
internal_count=234 148 124 88 86 70
is_linear=0
shrinkage=0.03


Tree=274
num_leaves=7
num_cat=0
split_feature=60 68 4 48 1 56
split_gain=0.457151 0.883149 0.547541 0.217294 0.190541 0.128179
threshold=0.0030000000260770325 752.01473999023449 0.0075805915985256442 -0.32985320687294001 0.83333334326744091 -0.3232800811529159
decision_type=2 8 8 2 2 2
left_child=1 2 -1 -4 5 -2
right_child=4 -3 3 -5 -6 -7
leaf_value=0 -0.0045513248282266772 0 0 0.010993943801122685 0 0
leaf_weight=0.83403849601745683 4.5174892293289304 7.3526774495840082 0.93720498681068409 5.7516635991632938 1.4245786648243663 0.82769800536334415
leaf_count=7 62 87 7 47 14 6
internal_value=0.000854515 0.00411228 0.00832865 0.0101174 -0.000909614 -0.00347556
internal_weight=21.6454 14.8756 7.52291 6.68887 6.76977 5.34519
internal_count=230 148 61 54 82 68
is_linear=0
shrinkage=0.03


Tree=275
num_leaves=7
num_cat=0
split_feature=19 9 14 6 31 2
split_gain=0.448768 0.447047 0.451523 0.294893 0.324791 0.258192
threshold=0.2999271303415299 5.1666667461395273 14.235917091369631 327.00000000000006 0.060891930013895042 1.2859477400779726
decision_type=2 2 2 2 2 2
left_child=3 2 -2 4 -1 -6
right_child=1 -3 -4 -5 5 -7
leaf_value=0 -0.0078704099765435041 0 0 0 0.007473545999589876 0
leaf_weight=1.6838042065501211 7.9185985922813398 1.0991484634578217 1.8063255436718462 0.96749562956392843 5.9837532043457031 1.2644575797021387
leaf_count=13 115 12 10 10 51 16
internal_value=0 -0.00380332 -0.00597235 0.0022714 0.00440927 0.00618765
internal_weight=20.7236 10.8241 9.72492 9.89951 8.93201 7.24821
internal_count=227 137 125 90 80 67
is_linear=0
shrinkage=0.03


Tree=276
num_leaves=7
num_cat=0
split_feature=54 0 53 39 24 29
split_gain=0.3825 0.696166 0.390185 0.415776 0.10872 0.0832142
threshold=0.069159060716629042 0.83333334326744091 -0.22608545422554013 0.20778678357601169 0.39175197482109075 0.8965841829776765
decision_type=2 2 2 2 2 2
left_child=-1 2 3 -2 5 -3
right_child=1 4 -4 -5 -6 -7
leaf_value=0.003317732477612541 -0.0090153426507613137 0.0035773966046553302 0 0 0 0
leaf_weight=3.312184493988755 9.0662102410569787 3.4977142773568621 1.1943329535424698 0.95741441845893938 2.6837558317929506 0.80626418441534031
leaf_count=21 112 39 8 8 39 8
internal_value=0 -0.00264762 -0.00623279 -0.00766175 0 0.00261545
internal_weight=21.5179 18.2057 11.218 10.0236 6.98773 4.30398
internal_count=235 214 128 120 86 47
is_linear=0
shrinkage=0.03


Tree=277
num_leaves=7
num_cat=0
split_feature=58 17 49 26 16 34
split_gain=0.135358 0.426604 0.33317 0.241382 0.117644 0.10706
threshold=1.0000000180025095e-35 0.51415646076202404 0.12677183747291568 0.012223247904330494 0.50738468766212474 0.15572452545166018
decision_type=2 2 2 2 2 2
left_child=1 2 3 -1 5 -2
right_child=4 -3 -4 -5 -6 -7
leaf_value=0 0 0 0 0.007946573299916217 0 -0.004104221543803516
leaf_weight=0.69268106669187712 0.92382800206541915 4.37432144768536 2.3782336786389351 5.882411016151309 3.0516105592250824 3.1884269900619984
leaf_count=5 7 43 20 51 47 52
internal_value=0 0.00209005 0.00506299 0.00688494 -0.0010773 -0.00298567
internal_weight=20.4915 13.3276 8.95333 6.57509 7.16387 4.11225
internal_count=225 119 76 56 106 59
is_linear=0
shrinkage=0.03


Tree=278
num_leaves=7
num_cat=0
split_feature=29 14 44 44 42 29
split_gain=0.488753 0.482383 0.343879 0.375744 0.26761 0.161749
threshold=0.59709206223487865 13.089718341827394 0.095870967954397215 0.65886381268501293 0.23753813654184344 0.87975242733955394
decision_type=2 2 2 2 2 2
left_child=2 5 -1 4 -4 -2
right_child=1 -3 3 -5 -6 -7
leaf_value=0 0.0075637117115154263 0 0 0 -0.0082761214006932017 0
leaf_weight=2.0342881716787842 3.813299607485531 2.9761169757694006 2.0913199186325038 0.81554213166236955 6.3203708957880735 1.9299938604235647
leaf_count=20 43 41 31 6 69 21
internal_value=0 0.00335365 -0.0032843 -0.00529381 -0.00690166 0.00639919
internal_weight=19.9809 8.71941 11.2615 9.22723 8.41169 5.74329
internal_count=231 105 126 106 100 64
is_linear=0
shrinkage=0.03


Tree=279
num_leaves=7
num_cat=0
split_feature=0 56 60 58 68 42
split_gain=0.450226 0.492121 0.4655 0.347683 0.271681 0.128854
threshold=0.83333334326744091 -0.55636668205261219 0.0030000000260770325 0.01480000000447035 752.01473999023449 0.18874773383140567
decision_type=2 2 2 2 8 2
left_child=2 -2 4 -3 -1 -6
right_child=1 3 -4 -5 5 -7
leaf_value=0.0039400448658887125 0 0.0082244894516629377 -0.0058905119254865869 0 0 -0.0031643074679835515
leaf_weight=4.5047592278569946 1.3486532159149645 5.8353120759129506 4.6647965693846336 0.87583332322537888 0.61768631637096483 3.5136263985186815
leaf_count=31 21 58 61 17 6 42
internal_value=0 0.00417844 -0.00196414 0.00673589 0 -0.00116991
internal_weight=21.3607 8.0598 13.3009 6.71115 8.63607 4.13131
internal_count=236 96 140 75 79 48
is_linear=0
shrinkage=0.03


Tree=280
num_leaves=7
num_cat=0
split_feature=68 11 60 47 0 36
split_gain=0.396417 0.647348 0.496682 0.378401 0.232872 0.0334124
threshold=505.51928710937506 5.6070852279663095 0.16399999707937243 0.067132897675037398 3.1666666269302373 0.79395568370819103
decision_type=8 2 2 2 2 2
left_child=2 3 5 -2 -5 -1
right_child=1 -3 -4 4 -6 -7
leaf_value=0.0062688803465431979 0 0 0 -0.0087995892060648284 0 0
leaf_weight=6.7874156385660189 0.4285244792699795 2.3853950705379239 2.5265245623886585 6.8777766237035394 1.0087426975369451 1.209288142621517
leaf_count=62 2 23 24 108 6 8
internal_value=0 -0.00290036 0.00298316 -0.00642793 -0.00783252 0.005915
internal_weight=21.2237 10.7004 10.5232 8.31504 7.88652 7.9967
internal_count=233 139 94 116 114 70
is_linear=0
shrinkage=0.03


Tree=281
num_leaves=7
num_cat=0
split_feature=68 54 43 55 7 61
split_gain=0.334257 0.416786 0.324922 0.388124 0.323559 0.136285
threshold=505.51928710937506 0.069159060716629042 0.15180068463087085 0.16589002311229709 383.50000000000006 0.14779999852180484
decision_type=8 2 2 2 2 2
left_child=4 -2 -3 -4 5 -1
right_child=1 2 3 -5 -6 -7
leaf_value=0.0061013756734902462 0 0 -0.00797833016782349 0 0 0
leaf_weight=7.6377453468740004 2.6339678615331641 1.2817664407193641 6.8873393023386598 0.84171094745397557 1.2698690816760052 1.3632792793214319
leaf_count=64 14 9 111 13 12 13
internal_value=0 -0.00163828 -0.00477358 -0.00639757 0.00346044 0.005301
internal_weight=21.9157 11.6448 9.01082 7.72905 10.2709 9.00102
internal_count=236 147 133 124 89 77
is_linear=0
shrinkage=0.03


Tree=282
num_leaves=7
num_cat=0
split_feature=68 4 48 11 4 30
split_gain=0.482649 0.469805 0.332558 0.304952 0.362182 0.225407
threshold=752.01473999023449 0.0075805915985256442 -0.35934472084045405 5.6070852279663095 0.0050959466025233277 0.84136217832565319
decision_type=8 8 2 2 8 2
left_child=1 -1 -3 4 -2 -4
right_child=3 2 5 -5 -6 -7
leaf_value=0 0 0 0.0081128250501257774 0 -0.0064045507702577215 0
leaf_weight=1.2881835177540786 0.84018748626112749 1.1156436316668976 9.5782777927815896 1.8408953901380298 6.3633422553539276 1.0961401090025908
leaf_count=11 10 10 81 19 95 11
internal_value=0 0.00396932 0.00600761 -0.00192778 -0.00447968 0.00724678
internal_weight=22.1227 13.0782 11.7901 9.04443 7.20353 10.6744
internal_count=237 113 102 124 105 92
is_linear=0
shrinkage=0.03


Tree=283
num_leaves=7
num_cat=0
split_feature=9 48 54 30 42 11
split_gain=0.380251 0.607252 1.17773 0.425937 0.098269 0.144883
threshold=4.1666667461395273 -0.19895818084478376 0.069159060716629042 0.84942904114723217 0.33001783490180975 1.8333333134651186
decision_type=2 2 2 2 2 2
left_child=1 4 -3 -4 5 -1
right_child=-2 2 3 -5 -6 -7
leaf_value=0 0.0030130287868607411 4.8046006932858192e-05 -0.010888307897625739 0 0 0.0039655466567735959
leaf_weight=1.1850183643400729 2.9087512120604506 2.2174632772803298 8.6818505469709617 1.3868093509227026 1.3097400330007074 3.915985869243741
leaf_count=13 37 12 110 20 16 36
internal_value=0 -0.00280033 -0.00588394 -0.00955307 0 0.00242006
internal_weight=21.6056 18.6969 12.2861 10.0687 6.41074 5.101
internal_count=244 207 142 130 65 49
is_linear=0
shrinkage=0.03


Tree=284
num_leaves=7
num_cat=0
split_feature=68 6 49 46 0 44
split_gain=0.319551 0.467186 0.259121 0.201661 0.257384 0.279278
threshold=752.01473999023449 203.50000000000003 0.15371701866388324 0.061190232634544379 3.1666666269302373 0.65886381268501293
decision_type=8 2 2 2 2 2
left_child=1 2 -1 -2 5 -5
right_child=3 -3 -4 4 -6 -7
leaf_value=0.0068212222375757438 0 0 0 -0.0067508475485934848 0 0
leaf_weight=9.179629338905217 0.69235943257808497 1.4195611719042052 1.4996029585599888 5.6526462519541383 1.4344802200794218 0.88075406476855267
leaf_count=80 4 12 14 100 10 7
internal_value=0 0.00328679 0.00564601 -0.00161819 -0.00358057 -0.00528617
internal_weight=20.759 12.0988 10.6792 8.66024 7.96788 6.5334
internal_count=227 106 94 121 117 107
is_linear=0
shrinkage=0.03


Tree=285
num_leaves=7
num_cat=0
split_feature=68 60 26 55 11 56
split_gain=0.45257 0.854579 0.298969 0.254357 0.223912 0.155993
threshold=752.01473999023449 0.0030000000260770325 0.14372427761554721 0.16589002311229709 7.5000000000000009 -0.57330232858657826
decision_type=8 2 2 2 2 2
left_child=1 5 -2 4 -4 -1
right_child=2 -3 3 -5 -6 -7
leaf_value=0 0 0 -0.0071013890364900103 0 0 0.0088870747857003243
leaf_weight=1.1416522003710268 3.1844260822981578 5.6340123657137156 4.7891028728336096 0.61093215458095063 0.81277023442089547 6.0870292037725466
leaf_count=9 25 50 84 12 7 52
internal_value=2.74738e-05 0.00397387 -0.00154492 -0.00441042 -0.00590645 0.00809924
internal_weight=22.2599 12.8627 9.39723 6.21281 5.60187 7.22868
internal_count=239 111 128 103 91 61
is_linear=0
shrinkage=0.03


Tree=286
num_leaves=7
num_cat=0
split_feature=51 17 28 28 23 54
split_gain=0.674192 0.463822 0.346264 0.344609 0.302042 0.197868
threshold=-0.51844158768653859 0.89189520478248607 0.10189286246895791 0.81790655851364147 0.064208354800939574 0.76592186093330394
decision_type=2 2 2 2 2 2
left_child=2 3 -1 4 -2 -4
right_child=1 -3 5 -5 -6 -7
leaf_value=0 0 0 -0.005998688568151102 0 0.0095239220545078936 0
leaf_weight=3.3453187718987483 1.2889910191297511 1.3512013517320145 5.0609993785619736 1.2550426516681898 7.2291143890470266 1.7852231226861475
leaf_count=29 10 11 84 15 63 21
internal_value=0.000530417 0.0051641 -0.00160849 0.00704285 0.00834936 -0.00464757
internal_weight=21.3159 11.1243 10.1915 9.77315 8.51811 6.84622
internal_count=233 99 134 88 73 105
is_linear=0
shrinkage=0.03


Tree=287
num_leaves=7
num_cat=0
split_feature=51 34 34 26 24 25
split_gain=0.427034 0.463593 0.619462 0.247469 0.236378 0.158677
threshold=-0.51844158768653859 0.79708495736122142 0.088966429233551039 0.035662459209561355 0.15194876492023471 0.92418843507766735
decision_type=2 2 2 2 2 2
left_child=4 2 -2 -4 -1 -6
right_child=1 -3 3 -5 5 -7
leaf_value=0 0 0 0 0.0093093949662063618 -0.0049874876345507727 0
leaf_weight=4.3131212517619151 1.4700283259153355 1.7960555311292399 0.67117516696452995 8.0262108407914621 5.1721622534096241 0.56351132690906514
leaf_count=39 10 22 5 70 89 8
internal_value=0.000267805 0.00407528 0.006227 0.00846416 -0.00104417 -0.00386118
internal_weight=22.0123 11.9635 10.1674 8.69739 10.0488 5.73567
internal_count=243 107 85 75 136 97
is_linear=0
shrinkage=0.03


Tree=288
num_leaves=7
num_cat=0
split_feature=68 60 48 7 19 48
split_gain=0.250951 0.566054 0.264974 0.208053 0.185208 0.0916498
threshold=50.487812042236335 0.31399999558925634 -0.30998553335666651 373.50000000000006 0.2999271303415299 0.14886464178562167
decision_type=10 2 2 2 2 2
left_child=4 2 -2 -4 -1 -6
right_child=1 -3 3 -5 5 -7
leaf_value=0 0 0 0.0082830085867872123 0 -0.0043073001471069169 0
leaf_weight=4.3023962043225783 1.117425825446843 2.2437490299344054 6.8288125945255151 1.0946089830249546 3.7772028148174286 0.60227909497916687
leaf_count=37 10 26 64 13 58 10
internal_value=0 0.00321076 0.00618703 0.0073465 -0.000586846 -0.00346979
internal_weight=19.9665 11.2846 9.04085 7.92342 8.68188 4.37948
internal_count=218 113 87 77 105 68
is_linear=0
shrinkage=0.03


Tree=289
num_leaves=7
num_cat=0
split_feature=60 1 28 16 46 4
split_gain=0.343065 0.575262 0.401823 0.455931 0.160019 2.39383e-05
threshold=0.0030000000260770325 0.83333334326744091 0.82930251955986034 0.87490642070770275 0.80203181505203258 0.01759916823357344
decision_type=2 2 2 2 2 10
left_child=2 -2 3 4 -1 -5
right_child=1 -3 -4 5 -6 -7
leaf_value=0.0075162765158140309 -0.0067190952738734443 0 0 -4.2540563047468176e-05 0 0
leaf_weight=8.8626969400793314 4.9924567621201268 1.7444624379277227 1.3618419282138337 1.9050203412771218 0.96609784290194589 0.97613538429141034
leaf_count=82 64 17 20 21 9 13
internal_value=0 -0.00308334 0.00249328 0.00474484 0.00681754 0
internal_weight=20.8087 6.73692 14.0718 12.71 9.82879 2.88116
internal_count=226 81 145 125 91 34
is_linear=0
shrinkage=0.03


Tree=290
num_leaves=7
num_cat=0
split_feature=33 53 47 33 34 53
split_gain=0.379856 0.34107 0.376818 0.367786 0.307368 0.243745
threshold=0.63803189992904674 -0.22608545422554013 0.087287481874227538 0.23355001211166385 0.76888278126716625 -0.48418669402599329
decision_type=2 2 2 2 2 2
left_child=1 2 -1 -4 5 -2
right_child=4 -3 3 -5 -6 -7
leaf_value=0 0 0 0 -0.0076026953289226751 0 0.0069181951342814334
leaf_weight=1.5942195430397976 1.5350875332951535 1.4410845134407306 1.1294468846172074 7.2633758429437876 1.207925610244273 7.0730110350996247
leaf_count=10 20 10 17 97 18 65
internal_value=0 -0.000983677 -0.00404913 -0.00602122 0.00402566 0.00566781
internal_weight=21.2442 11.4281 9.98704 8.39282 9.81602 8.6081
internal_count=237 134 124 114 103 85
is_linear=0
shrinkage=0.03


Tree=291
num_leaves=7
num_cat=0
split_feature=60 28 58 56 0 56
split_gain=0.208994 0.502592 0.469614 0.350951 0.313339 0.16833
threshold=0.0030000000260770325 0.82930251955986034 0.025799999944865707 -0.2745461761951446 0.83333334326744091 -0.55636668205261219
decision_type=2 2 2 2 2 2
left_child=1 2 5 4 -2 -1
right_child=3 -3 -4 -5 -6 -7
leaf_value=0 -0.0065812092095417288 0 0 0 0 0.0079575361283960831
leaf_weight=1.3921560868620861 4.4833016423508525 1.5622478388249863 1.7685704175382841 0.72747555375099082 1.4218345116823909 8.7158443406224269
leaf_count=14 63 24 35 5 18 74
internal_value=0 0.00260167 0.00528475 -0.00133052 -0.0046594 0.00716967
internal_weight=20.0714 13.4388 11.8766 6.63261 5.90514 10.108
internal_count=233 147 123 86 81 88
is_linear=0
shrinkage=0.03


Tree=292
num_leaves=7
num_cat=0
split_feature=68 51 6 60 11 42
split_gain=0.659053 0.426261 0.361242 0.340606 0.259474 0.191702
threshold=697.16046142578136 -0.32645046710968012 185.75000000000003 0.31399999558925634 7.5000000000000009 0.18874773383140567
decision_type=8 2 2 2 2 2
left_child=2 4 3 -1 5 -2
right_child=1 -3 -4 -5 -6 -7
leaf_value=0.0065247052577157303 0 0 0 0 0 -0.0087366317881102037
leaf_weight=8.5246568173170107 0.59156944602727879 0.85115696117281725 1.3341855369508255 1.9297456555068482 0.84493164531886567 6.0604749033227563
leaf_count=71 12 6 12 18 8 97
internal_value=0 -0.00487572 0.00268402 0.00485475 -0.00684506 -0.00795337
internal_weight=20.1367 8.34813 11.7886 10.4544 7.49698 6.65204
internal_count=224 123 101 89 117 109
is_linear=0
shrinkage=0.03


Tree=293
num_leaves=7
num_cat=0
split_feature=51 31 34 11 30 0
split_gain=0.444939 0.357927 0.381808 0.489472 0.251301 0.149421
threshold=-0.51844158768653859 0.026976145803928379 0.79708495736122142 1.4166666865348818 0.038227004930377013 2.1666666269302373
decision_type=2 2 2 2 2 2
left_child=4 -2 3 -3 -1 -6
right_child=1 2 -4 -5 5 -7
leaf_value=0 0 0 0 0.0091315135709352912 -0.0050933854487992701 0
leaf_weight=1.5749780759215379 0.88408051431178947 1.0634702444076518 1.8963760416954745 7.0634086895734072 7.136181212961672 1.4858440011739729
leaf_count=15 7 8 20 63 111 14
internal_value=0 0.00389102 0.0056477 0.0073614 -0.00203824 -0.00408058
internal_weight=21.1043 10.9073 10.0233 8.12688 10.197 8.62203
internal_count=238 98 91 71 140 125
is_linear=0
shrinkage=0.03


Tree=294
num_leaves=7
num_cat=0
split_feature=47 30 31 17 7 53
split_gain=0.580171 0.457518 0.383782 0.166158 0.0976516 0.0500809
threshold=0.087287481874227538 0.13510000705718997 0.69415679574012767 0.026326828636229042 1.5000000000000002 -0.49311269819736475
decision_type=2 2 2 2 2 2
left_child=-1 4 3 -3 -2 -6
right_child=1 2 -4 -5 5 -7
leaf_value=0.005479656507968088 0 0 0 -0.0077332789940679787 0 0.0032035855747336267
leaf_weight=4.1698984019458321 1.8460118062794233 0.5014539770781975 2.9410010874271393 6.7780938474461436 1.1200803220272058 2.9552508480846886
leaf_count=30 15 4 46 105 11 25
internal_value=0 -0.00192308 -0.00501448 -0.0070295 0 0.0024988
internal_weight=20.3118 16.1419 10.2205 7.27955 5.92134 4.07533
internal_count=236 206 155 109 51 36
is_linear=0
shrinkage=0.03


Tree=295
num_leaves=7
num_cat=0
split_feature=60 1 6 50 30 54
split_gain=0.344524 0.585211 0.365862 0.367411 0.0519484 0.0765679
threshold=0.0030000000260770325 0.83333334326744091 31.467741012573246 -0.023702638223767277 0.13510000705718997 0.070939652621746077
decision_type=2 2 2 2 2 2
left_child=2 -2 3 -1 -4 -6
right_child=1 -3 4 -5 5 -7
leaf_value=0 -0.0065164758559580257 0 0 0.00707240465860036 0 -0.0030437690977212404
leaf_weight=1.1443859990686176 4.9540578601881853 1.3856600914150474 2.0505352243781081 7.227312810719015 0.69541253894567523 2.4846709426492453
leaf_count=14 69 16 17 75 5 36
internal_value=0 -0.00257481 0.00292364 0.00537627 0 -0.00188342
internal_weight=19.942 6.33972 13.6023 8.3717 5.23062 3.18008
internal_count=232 85 147 89 58 41
is_linear=0
shrinkage=0.03


Tree=296
num_leaves=7
num_cat=0
split_feature=37 34 54 17 29 58
split_gain=0.669117 0.586781 0.397019 0.456446 0.428153 0.174856
threshold=0.667617827653885 0.76888278126716625 0.069159060716629042 0.021675205789506439 0.2463038116693497 0.005799999926239253
decision_type=2 2 2 2 2 2
left_child=2 5 -1 -4 -5 -2
right_child=1 -3 3 4 -6 -7
leaf_value=0.00040475296907755987 0.0090261842546314995 0 0 0 -0.0080708440187613195 0
leaf_weight=2.0721647739410427 5.6611956097185594 1.4545786604285238 1.704400960355996 1.0191151686012734 8.0667112972587329 1.4800230953842399
leaf_count=10 56 25 12 15 103 18
internal_value=0.000658274 0.005635 -0.00105322 -0.00427919 -0.00643977 0.00807816
internal_weight=21.4582 8.5958 12.8624 10.7902 9.08583 7.14122
internal_count=239 99 140 130 118 74
is_linear=0
shrinkage=0.03


Tree=297
num_leaves=7
num_cat=0
split_feature=0 55 30 54 56 48
split_gain=0.278765 0.28761 0.342175 0.358815 0.106579 0.0970018
threshold=1.5000000000000002 0.058814126998186118 0.84942904114723217 0.069159060716629042 -0.55636668205261219 -0.3183924257755279
decision_type=2 2 2 2 2 2
left_child=1 5 3 -3 -2 -1
right_child=4 2 -4 -5 -6 -7
leaf_value=0 0 0 0 -0.0076870748447525113 0.0048792663423283499 0.0023235250851551142
leaf_weight=2.2472105491906404 0.82326806522905815 1.7464918866753558 1.5242120679467914 5.1371712321415544 4.368610216304659 6.1706592179834896
leaf_count=24 12 10 16 64 54 65
internal_value=0 -0.000420042 -0.00378404 -0.00581821 0.00402531 0
internal_weight=22.0176 16.8257 8.40788 6.88366 5.19188 8.41787
internal_count=245 179 90 74 66 89
is_linear=0
shrinkage=0.03


Tree=298
num_leaves=7
num_cat=0
split_feature=68 60 6 26 42 19
split_gain=0.467726 0.790749 0.395433 0.367161 0.110822 0.104609
threshold=36.717102050781257 0.31399999558925634 181.37500000000003 0.14372427761554721 0.56863743066787731 0.23182993382215503
decision_type=10 2 2 2 2 2
left_child=3 2 -2 -1 5 -5
right_child=1 -3 -4 4 -6 -7
leaf_value=0 0.0087202941267707189 0 0 0 0 -0.006445653348912124
leaf_weight=3.2746996507048625 8.6971587724983674 2.4818574134260407 1.0710285361856211 0.79236058332025994 0.68241542577743519 4.226312380284071
leaf_count=24 83 33 12 13 4 66
internal_value=0 0.00399006 0.00734305 -0.0018751 -0.00502945 -0.00575202
internal_weight=21.2258 12.25 9.76819 8.97579 5.70109 5.01867
internal_count=235 128 95 107 83 79
is_linear=0
shrinkage=0.03


Tree=299
num_leaves=7
num_cat=0
split_feature=58 19 34 26 62 50
split_gain=0.425256 0.695028 0.764239 0.353827 0.164462 0.142536
threshold=1.0000000180025095e-35 0.81449943780899059 0.79708495736122142 0.016218227334320549 0.89659997820854198 0.25274411588907247
decision_type=2 2 2 2 2 2
left_child=1 2 3 -1 5 -2
right_child=4 -3 -4 -5 -6 -7
leaf_value=0 -0.0041503573045082428 0 0 0.01056535677497838 0 0
leaf_weight=1.0264023169875169 6.2459868425503355 2.0506408140063277 1.585846535861491 8.2442205324769002 0.94518369808793057 1.0816210545599458
leaf_count=7 97 20 19 77 7 11
internal_value=0.000905704 0.00420352 0.00702843 0.00944227 -0.000440591 -0.00295751
internal_weight=21.1799 12.9071 10.8565 9.27062 8.27279 7.32761
internal_count=238 123 103 84 115 108
is_linear=0
shrinkage=0.03


end of trees

feature_importances:
Column_68=146
Column_60=140
Column_58=122
Column_0=106
Column_54=86
Column_47=71
Column_30=61
Column_51=59
Column_11=44
Column_19=43
Column_4=41
Column_62=41
Column_55=38
Column_14=37
Column_32=33
Column_26=32
Column_6=31
Column_12=30
Column_28=30
Column_56=30
Column_34=29
Column_17=28
Column_1=26
Column_48=26
Column_53=25
Column_61=25
Column_7=22
Column_43=21
Column_31=20
Column_42=17
Column_44=17
Column_57=17
Column_46=16
Column_9=15
Column_29=15
Column_36=15
Column_52=15
Column_59=14
Column_35=13
Column_38=13
Column_3=12
Column_24=12
Column_33=12
Column_50=12
Column_2=11
Column_39=11
Column_49=10
Column_25=9
Column_22=8
Column_23=8
Column_37=7
Column_40=7
Column_5=6
Column_15=6
Column_21=6
Column_20=5
Column_45=5
Column_18=4
Column_16=3
Column_41=3
Column_27=1

parameters:
[boosting: gbdt]
[objective: binary]
[metric: binary_logloss]
[tree_learner: serial]
[device_type: cpu]
[data_sample_strategy: bagging]
[data: ]
[valid: ]
[num_iterations: 300]
[learning_rate: 0.03]
[num_leaves: 7]
[num_threads: -1]
[seed: 50375]
[deterministic: 0]
[force_col_wise: 1]
[force_row_wise: 0]
[histogram_pool_size: -1]
[max_depth: 4]
[min_data_in_leaf: 10]
[min_sum_hessian_in_leaf: 0.001]
[bagging_fraction: 0.8]
[pos_bagging_fraction: 1]
[neg_bagging_fraction: 1]
[bagging_freq: 1]
[bagging_seed: 50375]
[bagging_by_query: 0]
[feature_fraction: 0.8]
[feature_fraction_bynode: 1]
[feature_fraction_seed: 50375]
[extra_trees: 0]
[extra_seed: 398]
[early_stopping_round: 0]
[early_stopping_min_delta: 0]
[first_metric_only: 0]
[max_delta_step: 0]
[lambda_l1: 2]
[lambda_l2: 10]
[linear_lambda: 0]
[min_gain_to_split: 0]
[drop_rate: 0.1]
[max_drop: 50]
[skip_drop: 0.5]
[xgboost_dart_mode: 0]
[uniform_drop: 0]
[drop_seed: 21291]
[top_rate: 0.2]
[other_rate: 0.1]
[min_data_per_group: 100]
[max_cat_threshold: 32]
[cat_l2: 10]
[cat_smooth: 10]
[max_cat_to_onehot: 4]
[top_k: 20]
[monotone_constraints: ]
[monotone_constraints_method: basic]
[monotone_penalty: 0]
[feature_contri: ]
[forcedsplits_filename: ]
[refit_decay_rate: 0.9]
[cegb_tradeoff: 1]
[cegb_penalty_split: 0]
[cegb_penalty_feature_lazy: ]
[cegb_penalty_feature_coupled: ]
[path_smooth: 0]
[interaction_constraints: ]
[verbosity: -1]
[saved_feature_importance_type: 0]
[use_quantized_grad: 0]
[num_grad_quant_bins: 4]
[quant_train_renew_leaf: 0]
[stochastic_rounding: 1]
[linear_tree: 0]
[max_bin: 63]
[max_bin_by_feature: ]
[min_data_in_bin: 3]
[bin_construct_sample_cnt: 200000]
[data_random_seed: 50375]
[is_enable_sparse: 1]
[enable_bundle: 1]
[use_missing: 1]
[zero_as_missing: 0]
[feature_pre_filter: 1]
[pre_partition: 0]
[two_round: 0]
[header: 0]
[label_column: ]
[weight_column: ]
[group_column: ]
[ignore_column: ]
[categorical_feature: ]
[forcedbins_filename: ]
[precise_float_parser: 0]
[parser_config_file: ]
[objective_seed: 3365]
[num_class: 1]
[is_unbalance: 0]
[scale_pos_weight: 1]
[sigmoid: 1]
[boost_from_average: 1]
[reg_sqrt: 0]
[alpha: 0.9]
[fair_c: 1]
[poisson_max_delta_step: 0.7]
[tweedie_variance_power: 1.5]
[lambdarank_truncation_level: 30]
[lambdarank_norm: 1]
[label_gain: ]
[lambdarank_position_bias_regularization: 0]
[eval_at: ]
[multi_error_top_k: 1]
[auc_mu_weights: ]
[num_machines: 1]
[local_listen_port: 12400]
[time_out: 120]
[machine_list_filename: ]
[machines: ]
[gpu_platform_id: -1]
[gpu_device_id: -1]
[gpu_use_dp: 0]
[num_gpu: 1]

end of parameters

pandas_categorical:null
